{
  "arabic": " الفاتحة",
  "latin": "Al-Fātiḥah ",
  "transliteration": "Al-Fatihah",
  "translation": "Pembuka",
  "num_ayah": 7,
  "location": "Makkiyah",
  "ayah": [
    {
      "ayah": 1,
      "quarter_hizb": null,
      "juz": 1,
      "manzil": 1,
      "arabic": "بِسْمِ اللّٰهِ الرَّحْمٰنِ الرَّحِيْمِ",
      "latin": "Bismillāhir-raḥmānir-raḥīm(i). ",
      "translation": "Dengan nama Allah Yang Maha Pengasih lagi Maha Penyayang.",
      "footnotes": null
    },
    {
      "ayah": 2,
      "quarter_hizb": null,
      "juz": 1,
      "manzil": 1,
      "arabic": "اَلْحَمْدُ لِلّٰهِ رَبِّ الْعٰلَمِيْنَۙ",
      "latin": "Al-ḥamdu lillāhi rabbil-‘ālamīn(a). ",
      "translation": "Segala puji bagi Allah, Tuhan1) semesta alam",
      "footnotes": "1) Allah Swt. disebut rabb (Tuhan) seluruh alam karena Dialah yang telah menciptakan, memelihara, mendidik, mengatur, mengurus, memberi rezeki, dan sebagainya kepada semua makhluk-Nya. "
    },
    {
      "ayah": 3,
      "quarter_hizb": null,
      "juz": 1,
      "manzil": 1,
      "arabic": "الرَّحْمٰنِ الرَّحِيْمِۙ",
      "latin": "Ar-raḥmānir-raḥīm(i). ",
      "translation": "Yang Maha Pengasih lagi Maha Penyayang,",
      "footnotes": null
    },
    {
      "ayah": 4,
      "quarter_hizb": null,
      "juz": 1,
      "manzil": 1,
      "arabic": "مٰلِكِ يَوْمِ الدِّيْنِۗ",
      "latin": "Māliki yaumid-dīn(i). ",
      "translation": "Pemilik hari Pembalasan.2)",
      "footnotes": "2) Yaumid-dīn (hari Pembalasan) adalah hari ketika kelak manusia menerima balasan atas amal-amalnya yang baik dan yang buruk. Hari itu disebut juga yaumul-qiyāmah (hari Kiamat), yaumul-ḥisāb (hari Penghitungan), dan sebagainya."
    },
    {
      "ayah": 5,
      "quarter_hizb": null,
      "juz": 1,
      "manzil": 1,
      "arabic": "اِيَّاكَ نَعْبُدُ وَاِيَّاكَ نَسْتَعِيْنُۗ",
      "latin": "Iyyāka na‘budu wa iyyāka nasta‘īn(u), ",
      "translation": "Hanya kepada Engkaulah kami menyembah dan hanya kepada Engkaulah kami memohon pertolongan.",
      "footnotes": null
    },
    {
      "ayah": 6,
      "quarter_hizb": null,
      "juz": 1,
      "manzil": 1,
      "arabic": "اِهْدِنَا الصِّرَاطَ الْمُسْتَقِيْمَۙ",
      "latin": "Ihdinaṣ-ṣirāṭal-mustaqīm(a). ",
      "translation": "Bimbinglah kami ke jalan yang lurus,3)",
      "footnotes": "3) Jalan yang lurus adalah jalan hidup yang benar dan sesuai dengan ajaran Islam yang terkandung dalam Al-Qur’an dan hadis."
    },
    {
      "ayah": 7,
      "quarter_hizb": null,
      "juz": 1,
      "manzil": 1,
      "arabic": "صِرَاطَ الَّذِيْنَ اَنْعَمْتَ عَلَيْهِمْ ەۙ غَيْرِ الْمَغْضُوْبِ عَلَيْهِمْ وَلَا الضَّاۤلِّيْنَ ࣖ",
      "latin": "Ṣirāṭal-lażīna an‘amta ‘alaihim, gairil-magḍūbi ‘alaihim wa laḍ-ḍāllīn(a). ",
      "translation": "(yaitu) jalan orang-orang yang telah Engkau beri nikmat, bukan (jalan) mereka yang dimurkai dan bukan (pula jalan) orang-orang yang sesat.",
      "footnotes": null
    }
  ]
}