{
  "arabic": " العٰديٰت",
  "latin": "Al-‘Ādiyāt",
  "transliteration": "Al-‘Adiyat",
  "translation": "Kuda Perang Yang Berlari Kencang",
  "num_ayah": 11,
  "location": "Makkiyah",
  "ayah": [
    {
      "ayah": 1,
      "quarter_hizb": 60.5,
      "juz": 30,
      "manzil": 7,
      "arabic": "وَالْعٰدِيٰتِ ضَبْحًاۙ ",
      "latin": "Wal-‘ādiyāti ḍabḥā(n). ",
      "translation": "Demi kuda-kuda perang yang berlari kencang terengah-engah,",
      "footnotes": null
    },
    {
      "ayah": 2,
      "quarter_hizb": 60.5,
      "juz": 30,
      "manzil": 7,
      "arabic": "فَالْمُوْرِيٰتِ قَدْحًاۙ",
      "latin": "Fal-mūriyāti qadḥā(n).",
      "translation": "yang memercikkan bunga api (dengan entakan kakinya),",
      "footnotes": null
    },
    {
      "ayah": 3,
      "quarter_hizb": 60.5,
      "juz": 30,
      "manzil": 7,
      "arabic": "فَالْمُغِيْرٰتِ صُبْحًاۙ",
      "latin": "Fal-mugīrāti ṣubḥā(n).",
      "translation": "yang menyerang (dengan tiba-tiba) pada waktu pagi",
      "footnotes": null
    },
    {
      "ayah": 4,
      "quarter_hizb": 60.5,
      "juz": 30,
      "manzil": 7,
      "arabic": "فَاَثَرْنَ بِهٖ نَقْعًاۙ",
      "latin": "Fa'aṡarna bihī naq‘ā(n).",
      "translation": "sehingga menerbangkan debu,",
      "footnotes": null
    },
    {
      "ayah": 5,
      "quarter_hizb": 60.5,
      "juz": 30,
      "manzil": 7,
      "arabic": "فَوَسَطْنَ بِهٖ جَمْعًاۙ",
      "latin": "Fawasaṭna bihī jam‘ā(n).",
      "translation": "lalu menyerbu ke tengah-tengah kumpulan musuh,",
      "footnotes": null
    },
    {
      "ayah": 6,
      "quarter_hizb": 60.5,
      "juz": 30,
      "manzil": 7,
      "arabic": "اِنَّ الْاِنْسَانَ لِرَبِّهٖ لَكَنُوْدٌ ۚ",
      "latin": "Innal-insāna lirabbihī lakanūd(un).",
      "translation": "sesungguhnya manusia itu sangatlah ingkar kepada Tuhannya. ",
      "footnotes": null
    },
    {
      "ayah": 7,
      "quarter_hizb": 60.5,
      "juz": 30,
      "manzil": 7,
      "arabic": "وَاِنَّهٗ عَلٰى ذٰلِكَ لَشَهِيْدٌۚ",
      "latin": "Wa innahū ‘alā żālika lasyahīd(un).",
      "translation": "Sesungguhnya dia benar-benar menjadi saksi atas hal itu (keingkarannya).",
      "footnotes": null
    },
    {
      "ayah": 8,
      "quarter_hizb": 60.5,
      "juz": 30,
      "manzil": 7,
      "arabic": "وَاِنَّهٗ لِحُبِّ الْخَيْرِ لَشَدِيْدٌ ۗ",
      "latin": "Wa innahū liḥubbil-khairi lasyadīd(un).",
      "translation": "Sesungguhnya cintanya pada harta benar-benar berlebihan.",
      "footnotes": null
    },
    {
      "ayah": 9,
      "quarter_hizb": 60.75,
      "juz": 30,
      "manzil": 7,
      "arabic": "۞ اَفَلَا يَعْلَمُ اِذَا بُعْثِرَ مَا فِى الْقُبُوْرِۙ",
      "latin": "Afalā ya‘lamu iżā bu‘ṡira mā fil-qubūr(i).",
      "translation": "Maka, tidakkah dia mengetahui (apa yang akan dialaminya) apabila dikeluarkan apa yang ada di dalam kubur",
      "footnotes": null
    },
    {
      "ayah": 10,
      "quarter_hizb": 60.75,
      "juz": 30,
      "manzil": 7,
      "arabic": "وَحُصِّلَ مَا فِى الصُّدُوْرِۙ",
      "latin": "Wa ḥuṣṣila mā fiṣ-ṣudūr(i).",
      "translation": "dan ditampakkan apa yang tersimpan di dalam dada?",
      "footnotes": null
    },
    {
      "ayah": 11,
      "quarter_hizb": 60.75,
      "juz": 30,
      "manzil": 7,
      "arabic": "اِنَّ رَبَّهُمْ بِهِمْ يَوْمَىِٕذٍ لَّخَبِيْرٌ ࣖ",
      "latin": "Inna rabbahum bihim yauma'iżil lakhabīr(un).",
      "translation": "Sesungguhnya Tuhan mereka pada hari itu benar-benar Maha Teliti terhadap (keadaan) mereka.",
      "footnotes": null
    }
  ]
}