{
  "arabic": " القارعة",
  "latin": "Al-Qāri‘ah",
  "transliteration": "Al-Qari‘ah",
  "translation": "Al-Qāri‘ah",
  "num_ayah": 11,
  "location": "Makkiyah",
  "ayah": [
    {
      "ayah": 1,
      "quarter_hizb": 60.75,
      "juz": 30,
      "manzil": 7,
      "arabic": "اَلْقَارِعَةُۙ",
      "latin": "Al-qāri‘ah(tu).",
      "translation": "Al-Qāri‘ah (hari Kiamat yang menggetarkan).",
      "footnotes": null
    },
    {
      "ayah": 2,
      "quarter_hizb": 60.75,
      "juz": 30,
      "manzil": 7,
      "arabic": "مَا الْقَارِعَةُ ۚ",
      "latin": "Mal-qāri‘ah(tu).",
      "translation": "Apakah al-Qāri‘ah itu?",
      "footnotes": null
    },
    {
      "ayah": 3,
      "quarter_hizb": 60.75,
      "juz": 30,
      "manzil": 7,
      "arabic": "وَمَآ اَدْرٰىكَ مَا الْقَارِعَةُ ۗ",
      "latin": "Wa mā adrāka mal-qāri‘ah(tu).",
      "translation": "Tahukah kamu apakah al-Qāri‘ah itu?",
      "footnotes": null
    },
    {
      "ayah": 4,
      "quarter_hizb": 60.75,
      "juz": 30,
      "manzil": 7,
      "arabic": "يَوْمَ يَكُوْنُ النَّاسُ كَالْفَرَاشِ الْمَبْثُوْثِۙ",
      "latin": "Yauma yakūnun-nāsu kal-farāsyil-mabṡūṡ(i).",
      "translation": "Pada hari itu manusia seperti laron yang beterbangan",
      "footnotes": null
    },
    {
      "ayah": 5,
      "quarter_hizb": 60.75,
      "juz": 30,
      "manzil": 7,
      "arabic": "وَتَكُوْنُ الْجِبَالُ كَالْعِهْنِ الْمَنْفُوْشِۗ",
      "latin": "Wa takūnul-jibālu kal-‘ihnil-manfūsy(i).",
      "translation": "dan gunung-gunung seperti bulu yang berhamburan.",
      "footnotes": null
    },
    {
      "ayah": 6,
      "quarter_hizb": 60.75,
      "juz": 30,
      "manzil": 7,
      "arabic": "فَاَمَّا مَنْ ثَقُلَتْ مَوَازِيْنُهٗۙ ",
      "latin": "Fa ammā man ṡaqulat mawāzīnuh(ū).",
      "translation": "Siapa yang berat timbangan (kebaikan)-nya,",
      "footnotes": null
    },
    {
      "ayah": 7,
      "quarter_hizb": 60.75,
      "juz": 30,
      "manzil": 7,
      "arabic": "فَهُوَ فِيْ عِيْشَةٍ رَّاضِيَةٍۗ",
      "latin": "Fa huwa fī ‘īsyatir rāḍiyah(tin).",
      "translation": "dia berada dalam kehidupan yang menyenangkan.",
      "footnotes": null
    },
    {
      "ayah": 8,
      "quarter_hizb": 60.75,
      "juz": 30,
      "manzil": 7,
      "arabic": "وَاَمَّا مَنْ خَفَّتْ مَوَازِيْنُهٗۙ",
      "latin": "Wa ammā man khaffat mawāzīnuh(ū).",
      "translation": "Adapun orang yang ringan timbangan (kebaikan)-nya,",
      "footnotes": null
    },
    {
      "ayah": 9,
      "quarter_hizb": 60.75,
      "juz": 30,
      "manzil": 7,
      "arabic": "فَاُمُّهٗ هَاوِيَةٌ  ۗ",
      "latin": "Fa ummuhū hāwiyah(tun).",
      "translation": "tempat kembalinya adalah (neraka) Hawiyah.",
      "footnotes": null
    },
    {
      "ayah": 10,
      "quarter_hizb": 60.75,
      "juz": 30,
      "manzil": 7,
      "arabic": "وَمَآ اَدْرٰىكَ مَا هِيَهْۗ",
      "latin": "Wa mā adrāka mā hiyah.",
      "translation": "Tahukah kamu apakah (neraka Hawiyah) itu?",
      "footnotes": null
    },
    {
      "ayah": 11,
      "quarter_hizb": 60.75,
      "juz": 30,
      "manzil": 7,
      "arabic": "نَارٌ حَامِيَةٌ ࣖ",
      "latin": "Nārun ḥāmiyah(tun).",
      "translation": "(Ia adalah) api yang sangat panas.",
      "footnotes": null
    }
  ]
}