{
  "arabic": "التّكاثر",
  "latin": "At-Takāṡur",
  "transliteration": "At-Takasur",
  "translation": "Berbangga-Bangga Dalam Memperbanyak Dunia",
  "num_ayah": 8,
  "location": "Makkiyah",
  "ayah": [
    {
      "ayah": 1,
      "quarter_hizb": 60.75,
      "juz": 30,
      "manzil": 7,
      "arabic": "اَلْهٰىكُمُ التَّكَاثُرُۙ",
      "latin": "Alhākumut-takāṡur(u). ",
      "translation": "Berbangga-bangga dalam memperbanyak (dunia) telah melalaikanmu760)",
      "footnotes": "760) Maksudnya adalah bersaing memperbanyak anak, harta, pengikut, kemuliaan, dan sebagainya telah melalaikan manusia dari ketaatan kepada Allah Swt."
    },
    {
      "ayah": 2,
      "quarter_hizb": 60.75,
      "juz": 30,
      "manzil": 7,
      "arabic": "حَتّٰى زُرْتُمُ الْمَقَابِرَۗ",
      "latin": "Ḥattā zurtumul-maqābir(a).",
      "translation": "sampai kamu masuk ke dalam kubur.",
      "footnotes": null
    },
    {
      "ayah": 3,
      "quarter_hizb": 60.75,
      "juz": 30,
      "manzil": 7,
      "arabic": "كَلَّا سَوْفَ تَعْلَمُوْنَۙ",
      "latin": "Kallā saufa ta‘lamūn(a).",
      "translation": "Sekali-kali tidak! Kelak kamu akan mengetahui (akibat perbuatanmu itu).",
      "footnotes": null
    },
    {
      "ayah": 4,
      "quarter_hizb": 60.75,
      "juz": 30,
      "manzil": 7,
      "arabic": "ثُمَّ كَلَّا سَوْفَ تَعْلَمُوْنَ ",
      "latin": "Ṡumma kallā saufa ta‘lamūn(a).",
      "translation": "Sekali-kali tidak (jangan melakukan itu)! Kelak kamu akan mengetahui (akibatnya).",
      "footnotes": null
    },
    {
      "ayah": 5,
      "quarter_hizb": 60.75,
      "juz": 30,
      "manzil": 7,
      "arabic": "كَلَّا لَوْ تَعْلَمُوْنَ عِلْمَ الْيَقِيْنِۗ",
      "latin": "Kallā lau ta‘lamūna ‘ilmal-yaqīn(i).",
      "translation": "Sekali-kali tidak (jangan melakukan itu)! Sekiranya kamu mengetahui dengan pasti, (niscaya kamu tidak akan melakukannya).",
      "footnotes": null
    },
    {
      "ayah": 6,
      "quarter_hizb": 60.75,
      "juz": 30,
      "manzil": 7,
      "arabic": "لَتَرَوُنَّ الْجَحِيْمَۙ",
      "latin": "Latarawunnal-jaḥīm(a).",
      "translation": "Pasti kamu benar-benar akan melihat (neraka) Jahim.",
      "footnotes": null
    },
    {
      "ayah": 7,
      "quarter_hizb": 60.75,
      "juz": 30,
      "manzil": 7,
      "arabic": "ثُمَّ لَتَرَوُنَّهَا عَيْنَ الْيَقِيْنِۙ",
      "latin": "Ṡumma latarawunnahā ‘ainal-yaqīn(i).",
      "translation": "Kemudian, kamu pasti benar-benar akan melihatnya dengan ainulyakin.",
      "footnotes": null
    },
    {
      "ayah": 8,
      "quarter_hizb": 60.75,
      "juz": 30,
      "manzil": 7,
      "arabic": "ثُمَّ لَتُسْـَٔلُنَّ يَوْمَىِٕذٍ عَنِ النَّعِيْمِ ࣖ",
      "latin": "Ṡumma latus'alunna yauma'iżin ‘anin-na‘īm(i).",
      "translation": "Kemudian, kamu pasti benar-benar akan ditanya pada hari itu tentang kenikmatan (yang megah di dunia itu).",
      "footnotes": null
    }
  ]
}