{
  "arabic": " الهمزة",
  "latin": "Al-Humazah",
  "transliteration": "Al-Humazah",
  "translation": "Pengumpat",
  "num_ayah": 9,
  "location": "Makkiyah",
  "ayah": [
    {
      "ayah": 1,
      "quarter_hizb": 60.75,
      "juz": 30,
      "manzil": 7,
      "arabic": "وَيْلٌ لِّكُلِّ هُمَزَةٍ لُّمَزَةٍۙ",
      "latin": "Wailul likulli humazatil-lumazah(tin).",
      "translation": "Celakalah setiap pengumpat lagi pencela",
      "footnotes": null
    },
    {
      "ayah": 2,
      "quarter_hizb": 60.75,
      "juz": 30,
      "manzil": 7,
      "arabic": " ۨالَّذِيْ جَمَعَ مَالًا وَّعَدَّدَهٗۙ",
      "latin": "Allażī jama‘a mālaw wa ‘addadah(ū).",
      "translation": "yang mengumpulkan harta dan menghitung-hitungnya.",
      "footnotes": null
    },
    {
      "ayah": 3,
      "quarter_hizb": 60.75,
      "juz": 30,
      "manzil": 7,
      "arabic": "يَحْسَبُ اَنَّ مَالَهٗٓ اَخْلَدَهٗۚ",
      "latin": "Yaḥsabu anna mālahū akhladah(ū).",
      "translation": "Dia (manusia) mengira bahwa hartanya dapat mengekalkannya.",
      "footnotes": null
    },
    {
      "ayah": 4,
      "quarter_hizb": 60.75,
      "juz": 30,
      "manzil": 7,
      "arabic": "كَلَّا لَيُنْۢبَذَنَّ فِى الْحُطَمَةِۖ",
      "latin": "Kallā layumbażanna fil-ḥuṭamah(ti).",
      "translation": "Sekali-kali tidak! Pasti dia akan dilemparkan ke dalam (neraka) Hutamah.",
      "footnotes": null
    },
    {
      "ayah": 5,
      "quarter_hizb": 60.75,
      "juz": 30,
      "manzil": 7,
      "arabic": "وَمَآ اَدْرٰىكَ مَا الْحُطَمَةُ ۗ",
      "latin": "Wa mā adrāka mal-ḥuṭamah(tu).",
      "translation": "Tahukah kamu apakah (neraka) Hutamah?",
      "footnotes": null
    },
    {
      "ayah": 6,
      "quarter_hizb": 60.75,
      "juz": 30,
      "manzil": 7,
      "arabic": "نَارُ اللّٰهِ الْمُوْقَدَةُۙ",
      "latin": "Nārullāhil-mūqadah(tu).",
      "translation": "(Ia adalah) api (azab) Allah yang dinyalakan",
      "footnotes": null
    },
    {
      "ayah": 7,
      "quarter_hizb": 60.75,
      "juz": 30,
      "manzil": 7,
      "arabic": "الَّتِيْ تَطَّلِعُ عَلَى الْاَفْـِٕدَةِۗ",
      "latin": "Allatī taṭṭali‘u ‘alal-af'idah(ti).",
      "translation": "yang (membakar) naik sampai ke hati.",
      "footnotes": null
    },
    {
      "ayah": 8,
      "quarter_hizb": 60.75,
      "juz": 30,
      "manzil": 7,
      "arabic": "اِنَّهَا عَلَيْهِمْ مُّؤْصَدَةٌۙ",
      "latin": "Innahā ‘alaihim mu'ṣadah(tun).",
      "translation": "Sesungguhnya dia (api itu) tertutup rapat (sebagai hukuman) atas mereka,",
      "footnotes": null
    },
    {
      "ayah": 9,
      "quarter_hizb": 60.75,
      "juz": 30,
      "manzil": 7,
      "arabic": "فِيْ عَمَدٍ مُّمَدَّدَةٍ ࣖ",
      "latin": "Fī ‘amadim mumaddadah(tin).",
      "translation": "(sedangkan mereka) diikat pada tiang-tiang yang panjang.",
      "footnotes": null
    }
  ]
}