{
  "arabic": " الفيل",
  "latin": "Al-Fīl",
  "transliteration": "Al-Fil",
  "translation": "Gajah",
  "num_ayah": 5,
  "location": "Makkiyah",
  "ayah": [
    {
      "ayah": 1,
      "quarter_hizb": 60.75,
      "juz": 30,
      "manzil": 7,
      "arabic": "اَلَمْ تَرَ كَيْفَ فَعَلَ رَبُّكَ بِاَصْحٰبِ الْفِيْلِۗ",
      "latin": "Alam tara kaifa fa‘ala rabbuka bi'aṣḥābil-fīl(i).",
      "translation": "Tidakkah engkau (Nabi Muhammad) memperhatikan bagaimana Tuhanmu telah bertindak terhadap pasukan bergajah?",
      "footnotes": null
    },
    {
      "ayah": 2,
      "quarter_hizb": 60.75,
      "juz": 30,
      "manzil": 7,
      "arabic": "اَلَمْ يَجْعَلْ كَيْدَهُمْ فِيْ تَضْلِيْلٍۙ",
      "latin": "Alam yaj‘al kaidahum fī taḍlīl(in).",
      "translation": "Bukankah Dia telah menjadikan tipu daya mereka itu sia-sia?",
      "footnotes": null
    },
    {
      "ayah": 3,
      "quarter_hizb": 60.75,
      "juz": 30,
      "manzil": 7,
      "arabic": "وَّاَرْسَلَ عَلَيْهِمْ طَيْرًا اَبَابِيْلَۙ",
      "latin": "Wa arsala ‘alaihim ṭairan abābīl(a).",
      "translation": "Dia mengirimkan kepada mereka burung yang berbondong-bondong",
      "footnotes": null
    },
    {
      "ayah": 4,
      "quarter_hizb": 60.75,
      "juz": 30,
      "manzil": 7,
      "arabic": "تَرْمِيْهِمْ بِحِجَارَةٍ مِّنْ سِجِّيْلٍۙ",
      "latin": "Tarmīhim biḥijāratim min sijjīl(in).",
      "translation": "yang melempari mereka dengan batu dari tanah liat yang dibakar,",
      "footnotes": null
    },
    {
      "ayah": 5,
      "quarter_hizb": 60.75,
      "juz": 30,
      "manzil": 7,
      "arabic": "فَجَعَلَهُمْ كَعَصْفٍ مَّأْكُوْلٍ ࣖ ",
      "latin": "Fa ja‘alahum ka‘aṣfim ma'kūl(in).",
      "translation": "sehingga Dia menjadikan mereka seperti daun-daun yang dimakan (ulat).",
      "footnotes": null
    }
  ]
}