{
  "arabic": " الماعون",
  "latin": "Al-Mā‘ūn",
  "transliteration": "Al-Ma‘un",
  "translation": "Bantuan",
  "num_ayah": 7,
  "location": "Makkiyah",
  "ayah": [
    {
      "ayah": 1,
      "quarter_hizb": 60.75,
      "juz": 30,
      "manzil": 7,
      "arabic": "اَرَءَيْتَ الَّذِيْ يُكَذِّبُ بِالدِّيْنِۗ",
      "latin": "Ara'aital-lażī yukażżibu bid-dīn(i).",
      "translation": "Tahukah kamu (orang) yang mendustakan agama?",
      "footnotes": null
    },
    {
      "ayah": 2,
      "quarter_hizb": 60.75,
      "juz": 30,
      "manzil": 7,
      "arabic": "فَذٰلِكَ الَّذِيْ يَدُعُّ الْيَتِيْمَۙ",
      "latin": "Fa żālikal-lażī yadu‘‘ul-yatīm(a).",
      "translation": "Itulah orang yang menghardik anak yatim",
      "footnotes": null
    },
    {
      "ayah": 3,
      "quarter_hizb": 60.75,
      "juz": 30,
      "manzil": 7,
      "arabic": "وَلَا يَحُضُّ عَلٰى طَعَامِ الْمِسْكِيْنِۗ",
      "latin": "Wa lā yaḥuḍḍu ‘alā ṭa‘āmil-miskīn(i).",
      "translation": "dan tidak menganjurkan untuk memberi makan orang miskin.",
      "footnotes": null
    },
    {
      "ayah": 4,
      "quarter_hizb": 60.75,
      "juz": 30,
      "manzil": 7,
      "arabic": "فَوَيْلٌ لِّلْمُصَلِّيْنَۙ",
      "latin": "Fawailul lil-muṣallīn(a).",
      "translation": "Celakalah orang-orang yang melaksanakan salat,",
      "footnotes": null
    },
    {
      "ayah": 5,
      "quarter_hizb": 60.75,
      "juz": 30,
      "manzil": 7,
      "arabic": "الَّذِيْنَ هُمْ عَنْ صَلَاتِهِمْ سَاهُوْنَۙ",
      "latin": "Allażīna hum ‘an ṣalātihim sāhūn(a).",
      "translation": "(yaitu) yang lalai terhadap salatnya,761)",
      "footnotes": "761) Melalaikan salat mencakup lalai akan waktu dan tujuan salat serta bermalasan dalam mengerjakannya."
    },
    {
      "ayah": 6,
      "quarter_hizb": 60.75,
      "juz": 30,
      "manzil": 7,
      "arabic": "الَّذِيْنَ هُمْ يُرَاۤءُوْنَۙ",
      "latin": "Allażīna hum yurā'ūn(a).",
      "translation": "yang berbuat riya,762)",
      "footnotes": "762) Riya adalah melakukan sesuatu perbuatan tidak untuk mencari keridaan Allah, tetapi untuk mencari pujian atau kemasyhuran di masyarakat."
    },
    {
      "ayah": 7,
      "quarter_hizb": 60.75,
      "juz": 30,
      "manzil": 7,
      "arabic": "وَيَمْنَعُوْنَ الْمَاعُوْنَ ࣖ",
      "latin": "Wa yamna‘ūnal-mā‘ūn(a).",
      "translation": "dan enggan (memberi) bantuan.",
      "footnotes": null
    }
  ]
}