{
  "arabic": " الكوثر",
  "latin": "Al-Kauṡar",
  "transliteration": "Al-Kausar",
  "translation": "Nikmat Yang Banyak",
  "num_ayah": 3,
  "location": "Makkiyah",
  "ayah": [
    {
      "ayah": 1,
      "quarter_hizb": 60.75,
      "juz": 30,
      "manzil": 7,
      "arabic": "اِنَّآ اَعْطَيْنٰكَ الْكَوْثَرَۗ",
      "latin": "Innā a‘ṭainākal-kauṡar(a).",
      "translation": "Sesungguhnya Kami telah memberimu (Nabi Muhammad) nikmat yang banyak.",
      "footnotes": null
    },
    {
      "ayah": 2,
      "quarter_hizb": 60.75,
      "juz": 30,
      "manzil": 7,
      "arabic": "فَصَلِّ لِرَبِّكَ وَانْحَرْۗ",
      "latin": "Faṣalli lirabbika wanḥar.",
      "translation": "Maka, laksanakanlah salat karena Tuhanmu dan berkurbanlah!",
      "footnotes": null
    },
    {
      "ayah": 3,
      "quarter_hizb": 60.75,
      "juz": 30,
      "manzil": 7,
      "arabic": "اِنَّ شَانِئَكَ هُوَ الْاَبْتَرُ ࣖ",
      "latin": "Inna syāni'aka huwal-abtar(u).",
      "translation": "Sesungguhnya orang yang membencimu, dialah yang terputus (dari rahmat Allah).",
      "footnotes": null
    }
  ]
}