{
  "arabic": "اللّهب",
  "latin": "Al-Lahab",
  "transliteration": "Al-Lahab",
  "translation": "Gejolak Api",
  "num_ayah": 5,
  "location": "Makkiyah",
  "ayah": [
    {
      "ayah": 1,
      "quarter_hizb": 60.75,
      "juz": 30,
      "manzil": 7,
      "arabic": "تَبَّتْ يَدَآ اَبِيْ لَهَبٍ وَّتَبَّۗ",
      "latin": "Tabbat yadā abī lahabiw wa tabb(a).",
      "translation": "Binasalah kedua tangan Abu Lahab dan benar-benar binasa dia.763)",
      "footnotes": "763) Yang dimaksud dengan kedua tangan Abu Lahab adalah Abu Lahab itu sendiri."
    },
    {
      "ayah": 2,
      "quarter_hizb": 60.75,
      "juz": 30,
      "manzil": 7,
      "arabic": "مَآ اَغْنٰى عَنْهُ مَالُهٗ وَمَا كَسَبَۗ",
      "latin": "Mā agnā ‘anhu māluhū wa mā kasab(a).",
      "translation": "Tidaklah berguna baginya hartanya dan apa yang dia usahakan.",
      "footnotes": null
    },
    {
      "ayah": 3,
      "quarter_hizb": 60.75,
      "juz": 30,
      "manzil": 7,
      "arabic": "سَيَصْلٰى نَارًا ذَاتَ لَهَبٍۙ",
      "latin": "Sayaṣlā nāran żāta lahab(in).",
      "translation": "Kelak dia akan memasuki api yang bergejolak (neraka),",
      "footnotes": null
    },
    {
      "ayah": 4,
      "quarter_hizb": 60.75,
      "juz": 30,
      "manzil": 7,
      "arabic": "وَّامْرَاَتُهٗ ۗحَمَّالَةَ الْحَطَبِۚ",
      "latin": "Wamra'atuh(ū), ḥammālatal-ḥaṭab(i).",
      "translation": "(begitu pula) istrinya, pembawa kayu bakar (penyebar fitnah). ",
      "footnotes": null
    },
    {
      "ayah": 5,
      "quarter_hizb": 60.75,
      "juz": 30,
      "manzil": 7,
      "arabic": "فِيْ جِيْدِهَا حَبْلٌ مِّنْ مَّسَدٍ ࣖ",
      "latin": "Fī jīdihā ḥablum mim masad(in).",
      "translation": "Di lehernya ada tali dari sabut yang dipintal.",
      "footnotes": null
    }
  ]
}