{
  "arabic": " الاخلاص",
  "latin": "Al-Ikhlāṣ",
  "transliteration": "Al-Ikhlas",
  "translation": "Ikhlas",
  "num_ayah": 4,
  "location": "Makkiyah",
  "ayah": [
    {
      "ayah": 1,
      "quarter_hizb": 60.75,
      "juz": 30,
      "manzil": 7,
      "arabic": "قُلْ هُوَ اللّٰهُ اَحَدٌۚ",
      "latin": "Qul huwallāhu aḥad(un).",
      "translation": "Katakanlah (Nabi Muhammad), “Dialah Allah Yang Maha Esa.",
      "footnotes": null
    },
    {
      "ayah": 2,
      "quarter_hizb": 60.75,
      "juz": 30,
      "manzil": 7,
      "arabic": "اَللّٰهُ الصَّمَدُۚ",
      "latin": "Allāhuṣ-ṣamad(u).",
      "translation": "Allah tempat meminta segala sesuatu.",
      "footnotes": null
    },
    {
      "ayah": 3,
      "quarter_hizb": 60.75,
      "juz": 30,
      "manzil": 7,
      "arabic": "لَمْ يَلِدْ وَلَمْ يُوْلَدْۙ",
      "latin": "Lam yalid wa lam yūlad.",
      "translation": "Dia tidak beranak dan tidak pula diperanakkan",
      "footnotes": null
    },
    {
      "ayah": 4,
      "quarter_hizb": 60.75,
      "juz": 30,
      "manzil": 7,
      "arabic": "وَلَمْ يَكُنْ لَّهٗ كُفُوًا اَحَدٌ ࣖ",
      "latin": "Wa lam yakul lahū kufuwan aḥad(un).",
      "translation": "serta tidak ada sesuatu pun yang setara dengan-Nya.”",
      "footnotes": null
    }
  ]
}