{
  "arabic": " يوسف",
  "latin": "Yūsuf",
  "transliteration": "Yusuf",
  "translation": "Yusuf",
  "num_ayah": 111,
  "location": "Makkiyah",
  "ayah": [
    {
      "ayah": 1,
      "quarter_hizb": 24.25,
      "juz": 12,
      "manzil": 3,
      "arabic": "الۤرٰ ۗ تِلْكَ اٰيٰتُ الْكِتٰبِ الْمُبِيْنِۗ  ",
      "latin": "Alif lām rā, tilka āyātul-kitābil-mubīn(i). ",
      "translation": "Alif Lām Rā. Itulah ayat-ayat Kitab (Al-Qur’an) yang jelas (arti dan petunjuknya).",
      "footnotes": null
    },
    {
      "ayah": 2,
      "quarter_hizb": 24.25,
      "juz": 12,
      "manzil": 3,
      "arabic": "اِنَّآ اَنْزَلْنٰهُ قُرْاٰنًا عَرَبِيًّا لَّعَلَّكُمْ تَعْقِلُوْنَ",
      "latin": "Innā anzalnāhu qur'ānan ‘arabiyyal la‘allakum ta‘qilūn(a). ",
      "translation": "Sesungguhnya Kami menurunkannya (Kitab Suci) berupa Al-Qur’an berbahasa Arab agar kamu mengerti.",
      "footnotes": null
    },
    {
      "ayah": 3,
      "quarter_hizb": 24.25,
      "juz": 12,
      "manzil": 3,
      "arabic": "نَحْنُ نَقُصُّ عَلَيْكَ اَحْسَنَ الْقَصَصِ بِمَآ اَوْحَيْنَآ اِلَيْكَ هٰذَا الْقُرْاٰنَۖ وَاِنْ كُنْتَ مِنْ قَبْلِهٖ لَمِنَ الْغٰفِلِيْنَ",
      "latin": "Naḥnu naquṣṣu ‘alaika aḥsanal-qaṣaṣi bimā auḥainā ilaika hāżal-qur'ān(a), wa in kunta min qablihī laminal-gāfilīn(a). ",
      "translation": "Kami menceritakan kepadamu (Nabi Muhammad) kisah yang paling baik dengan mewahyukan Al-Qur’an ini kepadamu. Sesungguhnya engkau sebelum itu termasuk orang-orang yang tidak mengetahui.",
      "footnotes": null
    },
    {
      "ayah": 4,
      "quarter_hizb": 24.25,
      "juz": 12,
      "manzil": 3,
      "arabic": "اِذْ قَالَ يُوْسُفُ لِاَبِيْهِ يٰٓاَبَتِ اِنِّيْ رَاَيْتُ اَحَدَ عَشَرَ كَوْكَبًا وَّالشَّمْسَ وَالْقَمَرَ رَاَيْتُهُمْ لِيْ سٰجِدِيْنَ",
      "latin": "Iż qāla yūsufu li'abīhi yā abati innī ra'aitu aḥada ‘asyara kaukabaw wasy-syamsa wal-qamara ra'aituhum lī sājidīn(a). ",
      "translation": "(Ingatlah) ketika Yusuf berkata kepada ayahnya (Ya‘qub), “Wahai ayahku, sesungguhnya aku telah (bermimpi) melihat sebelas bintang, matahari, dan bulan. Aku melihat semuanya sujud kepadaku.”",
      "footnotes": null
    },
    {
      "ayah": 5,
      "quarter_hizb": 24.25,
      "juz": 12,
      "manzil": 3,
      "arabic": "قَالَ يٰبُنَيَّ لَا تَقْصُصْ رُءْيَاكَ عَلٰٓى اِخْوَتِكَ فَيَكِيْدُوْا لَكَ كَيْدًا ۗاِنَّ الشَّيْطٰنَ لِلْاِنْسَانِ عَدُوٌّ مُّبِيْنٌ",
      "latin": "Qāla yā bunayya lā taqṣuṣ ru'yāka ‘alā ikhwatika fa yakīdū laka kaidā(n), innasy-syaiṭāna lil-insāni ‘aduwwum mubīn(un). ",
      "translation": "Dia (ayahnya) berkata, “Wahai anakku, janganlah engkau ceritakan mimpimu kepada saudara-saudaramu karena mereka akan membuat tipu daya yang sungguh-sungguh kepadamu. Sesungguhnya setan adalah musuh yang jelas bagi manusia.”",
      "footnotes": null
    },
    {
      "ayah": 6,
      "quarter_hizb": 24.25,
      "juz": 12,
      "manzil": 3,
      "arabic": "وَكَذٰلِكَ يَجْتَبِيْكَ رَبُّكَ وَيُعَلِّمُكَ مِنْ تَأْوِيْلِ الْاَحَادِيْثِ وَيُتِمُّ نِعْمَتَهٗ عَلَيْكَ وَعَلٰٓى اٰلِ يَعْقُوْبَ كَمَآ اَتَمَّهَا عَلٰٓى اَبَوَيْكَ مِنْ قَبْلُ اِبْرٰهِيْمَ وَاِسْحٰقَۗ اِنَّ رَبَّكَ عَلِيْمٌ حَكِيْمٌ ࣖ",
      "latin": "Wa każālika yajtabīka rabbuka wa yu‘allimuka min ta'wīlil-aḥādīṡi wa yutimmu ni‘matahū ‘alaika wa ‘alā āli ya‘qūba kamā atammahā ‘alā abawaika min qablu ibrāhīma wa isḥāq(a), inna rabbaka ‘alīmun ḥakīm(un). ",
      "translation": "Demikianlah, Tuhan memilihmu (untuk menjadi nabi), mengajarkan kepadamu sebagian dari takwil mimpi, serta menyempurnakan nikmat-Nya kepadamu dan kepada keluarga Ya‘qub, sebagaimana Dia telah menyempurnakannya kepada kedua kakekmu sebelumnya, (yaitu) Ibrahim dan Ishaq. Sesungguhnya Tuhanmu Maha Mengetahui lagi Maha Bijaksana.",
      "footnotes": null
    },
    {
      "ayah": 7,
      "quarter_hizb": 24.5,
      "juz": 12,
      "manzil": 3,
      "arabic": "۞ لَقَدْ كَانَ فِيْ يُوْسُفَ وَاِخْوَتِهٖٓ اٰيٰتٌ لِّلسَّاۤىِٕلِيْنَ ",
      "latin": "Laqad kāna fī yūsufa wa ikhwatihī āyātul lis-sā'ilīn(a). ",
      "translation": "Sungguh, dalam (kisah) Yusuf dan saudara-saudaranya benar-benar terdapat tanda-tanda (kekuasaan Allah) bagi para penanya. ",
      "footnotes": null
    },
    {
      "ayah": 8,
      "quarter_hizb": 24.5,
      "juz": 12,
      "manzil": 3,
      "arabic": "اِذْ قَالُوْا لَيُوْسُفُ وَاَخُوْهُ اَحَبُّ اِلٰٓى اَبِيْنَا مِنَّا وَنَحْنُ عُصْبَةٌ  ۗاِنَّ اَبَانَا لَفِيْ ضَلٰلٍ مُّبِيْنٍۙ  ",
      "latin": "Iż qālū layūsufu wa akhūhu aḥabbu ilā abīnā minnā wa naḥnu ‘uṣbah(tun), inna abānā lafī ḍalālim mubīn(in). ",
      "translation": "(Ingatlah) ketika mereka berkata, “Sesungguhnya Yusuf dan saudara (kandung)-nya365) lebih dicintai Ayah daripada kita, padahal kita adalah kumpulan (yang banyak). Sesungguhnya ayah kita dalam kekeliruan yang nyata.",
      "footnotes": "365) Yang dimaksud saudara kandung Yusuf a.s. adalah Bunyamin."
    },
    {
      "ayah": 9,
      "quarter_hizb": 24.5,
      "juz": 12,
      "manzil": 3,
      "arabic": " ۨاقْتُلُوْا يُوْسُفَ اَوِ اطْرَحُوْهُ اَرْضًا يَّخْلُ لَكُمْ وَجْهُ اَبِيْكُمْ وَتَكُوْنُوْا مِنْۢ بَعْدِهٖ قَوْمًا صٰلِحِيْنَ",
      "latin": "Uqtulū yūsufa awiṭraḥūhu arḍay yakhlu lakum wajhu abīkum wa takūnū mim ba‘dihī qauman  ṣāliḥīn(a). ",
      "translation": "Bunuhlah Yusuf atau buanglah dia ke suatu tempat agar perhatian Ayah tertumpah kepadamu dan setelah itu (bertobatlah sehingga) kamu akan menjadi kaum yang saleh.”",
      "footnotes": null
    },
    {
      "ayah": 10,
      "quarter_hizb": 24.5,
      "juz": 12,
      "manzil": 3,
      "arabic": "قَالَ قَاۤىِٕلٌ مِّنْهُمْ لَا تَقْتُلُوْا يُوْسُفَ وَاَلْقُوْهُ فِيْ غَيٰبَتِ الْجُبِّ يَلْتَقِطْهُ بَعْضُ السَّيَّارَةِ اِنْ كُنْتُمْ فٰعِلِيْنَ",
      "latin": "Qāla qā'ilum minhum lā taqtulū yūsufa wa alqūhu fī gayābatil-jubbi yaltaqiṭhu ba‘ḍus-sayyārati in kuntum fā‘ilīn(a). ",
      "translation": "Salah seorang di antara mereka berkata, “Janganlah kamu membunuh Yusuf, tetapi masukkan saja dia ke dasar sumur agar dia dipungut oleh sebagian musafir jika kamu hendak berbuat.”",
      "footnotes": null
    },
    {
      "ayah": 11,
      "quarter_hizb": 24.5,
      "juz": 12,
      "manzil": 3,
      "arabic": "قَالُوْا يٰٓاَبَانَا مَا لَكَ لَا تَأْمَنَّ۫ا عَلٰى يُوْسُفَ وَاِنَّا لَهٗ لَنٰصِحُوْنَ",
      "latin": "Qālū yā abānā mā laka lā ta'mannā ‘alā yūsufa wa innā lahū lanāṣiḥūn(a). ",
      "translation": "Mereka berkata, “Wahai ayah kami, mengapa engkau tidak memercayai kami atas Yusuf, padahal sesungguhnya kami benar-benar menginginkan kebaikan baginya?",
      "footnotes": null
    },
    {
      "ayah": 12,
      "quarter_hizb": 24.5,
      "juz": 12,
      "manzil": 3,
      "arabic": "اَرْسِلْهُ مَعَنَا غَدًا يَّرْتَعْ وَيَلْعَبْ وَاِنَّا لَهٗ لَحٰفِظُوْنَ",
      "latin": "Arsilhu ma‘anā gaday yarta‘ wa yal‘ab wa innā lahū laḥāfiẓūn(a). ",
      "translation": "Biarkanlah dia pergi bersama kami besok pagi agar dia bersenang-senang dan bermain-main. Sesungguhnya kami benar-benar akan menjaganya.”",
      "footnotes": null
    },
    {
      "ayah": 13,
      "quarter_hizb": 24.5,
      "juz": 12,
      "manzil": 3,
      "arabic": "قَالَ اِنِّيْ لَيَحْزُنُنِيْٓ اَنْ تَذْهَبُوْا بِهٖ وَاَخَافُ اَنْ يَّأْكُلَهُ الذِّئْبُ وَاَنْتُمْ عَنْهُ غٰفِلُوْنَ ",
      "latin": "Qāla innī layaḥzununī an tażhabū bihī wa akhāfu ay ya'kulahuż-żi'bu wa antum ‘anhu gāfilūn(a). ",
      "translation": "Dia (Ya‘qub) berkata, “Sesungguhnya kepergian kamu bersama dia (Yusuf) sangat menyedihkanku dan aku khawatir serigala akan memangsanya, sedangkan kamu lengah darinya.”",
      "footnotes": null
    },
    {
      "ayah": 14,
      "quarter_hizb": 24.5,
      "juz": 12,
      "manzil": 3,
      "arabic": "قَالُوْا لَىِٕنْ اَكَلَهُ الذِّئْبُ وَنَحْنُ عُصْبَةٌ اِنَّآ اِذًا لَّخٰسِرُوْنَ",
      "latin": "Qālū la'in akalahuż-żi'bu wa naḥnu ‘uṣbatun innā iżal lakhāsirūn(a). ",
      "translation": "Mereka berkata, “Sungguh, jika serigala memangsanya, padahal kami kelompok (yang kuat), kami benar-benar orang-orang yang merugi.”366)",
      "footnotes": "366) Maksudnya adalah menjadi orang pengecut yang hidupnya tidak ada artinya."
    },
    {
      "ayah": 15,
      "quarter_hizb": 24.5,
      "juz": 12,
      "manzil": 3,
      "arabic": "فَلَمَّا ذَهَبُوْا بِهٖ وَاَجْمَعُوْٓا اَنْ يَّجْعَلُوْهُ فِيْ غَيٰبَتِ الْجُبِّۚ وَاَوْحَيْنَآ اِلَيْهِ لَتُنَبِّئَنَّهُمْ بِاَمْرِهِمْ هٰذَا وَهُمْ لَا يَشْعُرُوْنَ",
      "latin": "Falammā żahabū bihī wa ajma‘ū ay yaj‘alūhu fī gayābatil-jubb(i), wa auḥainā ilaihi latunabbi'annahum bi'amrihim hāżā wa hum lā yasy‘urūn(a). ",
      "translation": "Maka, ketika mereka membawanya serta sepakat memasukkannya ke dasar sumur, (mereka pun melaksanakan kesepakatan itu). Kami wahyukan kepadanya, “Engkau kelak pasti akan menceritakan perbuatan mereka ini kepada mereka, sedangkan mereka tidak menyadari.” ",
      "footnotes": null
    },
    {
      "ayah": 16,
      "quarter_hizb": 24.5,
      "juz": 12,
      "manzil": 3,
      "arabic": "وَجَاۤءُوْٓ اَبَاهُمْ عِشَاۤءً يَّبْكُوْنَۗ",
      "latin": "Wa jā'ū abāhum ‘isyā'ay yabkūn(a). ",
      "translation": "(Kemudian,) mereka datang kepada ayahnya pada petang hari sambil menangis.",
      "footnotes": null
    },
    {
      "ayah": 17,
      "quarter_hizb": 24.5,
      "juz": 12,
      "manzil": 3,
      "arabic": "قَالُوْا يٰٓاَبَانَآ اِنَّا ذَهَبْنَا نَسْتَبِقُ وَتَرَكْنَا يُوْسُفَ عِنْدَ مَتَاعِنَا فَاَكَلَهُ الذِّئْبُۚ وَمَآ اَنْتَ بِمُؤْمِنٍ لَّنَا وَلَوْ كُنَّا صٰدِقِيْنَ",
      "latin": "Qālū yā abānā innā żahabnā nastabiqu wa taraknā yūsufa ‘inda matā‘inā fa akalahuż-żi'b(u), wa mā anta bimu'minil lanā wa lau kunnā ṣādiqīn(a). ",
      "translation": "Mereka berkata, “Wahai ayah kami, sesungguhnya kami pergi berlomba dan kami tinggalkan Yusuf di dekat barang-barang kami, lalu serigala memangsanya. Engkau tentu tidak akan percaya kepada kami, sekalipun kami berkata benar.”",
      "footnotes": null
    },
    {
      "ayah": 18,
      "quarter_hizb": 24.5,
      "juz": 12,
      "manzil": 3,
      "arabic": "وَجَاۤءُوْ عَلٰى قَمِيْصِهٖ بِدَمٍ كَذِبٍۗ قَالَ بَلْ سَوَّلَتْ لَكُمْ اَنْفُسُكُمْ اَمْرًاۗ فَصَبْرٌ جَمِيْلٌ  ۗوَاللّٰهُ الْمُسْتَعَانُ عَلٰى مَا تَصِفُوْنَ",
      "latin": "Wa jā'ū ‘alā qamīṣihī bidamin każib(in), qāla bal sawwalat lakum anfusukum amrā(n), fa ṣabrun jamīl(un), wallāhul musta‘ānu ‘alā mā taṣifūn(a). ",
      "translation": "Mereka datang membawa bajunya (yang dilumuri) darah palsu. Dia (Ya‘qub) berkata, “Justru hanya dirimu sendirilah yang memandang baik urusan (yang buruk) itu, maka hanya bersabar itulah yang terbaik (bagiku). Allah sajalah Zat yang dimohonkan pertolongan terhadap apa yang kamu ceritakan.”",
      "footnotes": null
    },
    {
      "ayah": 19,
      "quarter_hizb": 24.5,
      "juz": 12,
      "manzil": 3,
      "arabic": "وَجَاۤءَتْ سَيَّارَةٌ فَاَرْسَلُوْا وَارِدَهُمْ فَاَدْلٰى دَلْوَهٗ ۗقَالَ يٰبُشْرٰى هٰذَا غُلٰمٌ ۗوَاَسَرُّوْهُ بِضَاعَةً ۗوَاللّٰهُ عَلِيْمٌ ۢبِمَا يَعْمَلُوْنَ",
      "latin": "Wa jā'at sayyāratun fa arsalū wāridahum fa adlā dalwah(ū), qāla yā busyrā hāżā gulām(un), wa asarrūhu biḍā‘ah(tan), wallāhu ‘alīmum bimā ya‘malūn(a). ",
      "translation": "Datanglah sekelompok musafir. Mereka menyuruh seorang pengambil air, lalu dia menurunkan timbanya. Dia berkata, “Oh, senangnya! Ini ada seorang anak muda.” Kemudian mereka menyembunyikannya sebagai barang dagangan. Allah Maha Mengetahui apa yang mereka kerjakan.",
      "footnotes": null
    },
    {
      "ayah": 20,
      "quarter_hizb": 24.5,
      "juz": 12,
      "manzil": 3,
      "arabic": "وَشَرَوْهُ بِثَمَنٍۢ بَخْسٍ دَرَاهِمَ مَعْدُوْدَةٍ ۚوَكَانُوْا فِيْهِ مِنَ الزّٰهِدِيْنَ ࣖ ",
      "latin": "Wa syarauhu biṡamanim bakhsin darāhima ma‘dūdah(tin), wa kānū fīhi minaz-zāhidīn(a). ",
      "translation": "Mereka menjualnya (Yusuf) dengan harga murah, (yaitu) beberapa dirham saja sebab mereka tidak tertarik kepadanya.367)",
      "footnotes": "367) Mereka khawatir Yusuf a.s. akan ditemukan oleh keluarganya sehingga akan langsung diambil kembali dan mereka tidak mendapatkan apa-apa. Oleh karena itu, mereka cepat-cepat menjualnya walaupun dengan harga murah."
    },
    {
      "ayah": 21,
      "quarter_hizb": 24.5,
      "juz": 12,
      "manzil": 3,
      "arabic": "وَقَالَ الَّذِى اشْتَرٰىهُ مِنْ مِّصْرَ لِامْرَاَتِهٖٓ اَكْرِمِيْ مَثْوٰىهُ عَسٰىٓ اَنْ يَّنْفَعَنَآ اَوْ نَتَّخِذَهٗ وَلَدًا ۗوَكَذٰلِكَ مَكَّنَّا لِيُوْسُفَ فِى الْاَرْضِۖ وَلِنُعَلِّمَهٗ مِنْ تَأْوِيْلِ الْاَحَادِيْثِۗ وَاللّٰهُ غَالِبٌ عَلٰٓى اَمْرِهٖ وَلٰكِنَّ اَكْثَرَ النَّاسِ لَا يَعْلَمُوْنَ",
      "latin": "Wa qālal-lażisytarāhu mim miṣra limra'atihī akrimī maṡwāhu ‘asā ay yanfa‘anā au nattakhiżahū waladā(n), wa każālika makkannā liyūsufa fil-arḍ(i), wa linu‘allimahū min ta'wīlil-aḥādīṡ(i), wallāhu gālibun ‘alā amrihī wa lākinna akṡaran-nāsi lā ya‘lamūn(a). ",
      "translation": "Orang Mesir yang membelinya berkata kepada istrinya,368) “Berikanlah kepadanya tempat (dan layanan) yang baik. Mudah-mudahan dia bermanfaat bagi kita atau kita pungut dia sebagai anak.” Demikianlah, (kelak setelah dewasa,) Kami memberikan kedudukan yang baik kepada Yusuf di negeri (Mesir) dan agar Kami mengajarkan kepadanya takwil mimpi. Allah berkuasa terhadap urusan-Nya, tetapi kebanyakan manusia tidak mengerti.",
      "footnotes": "368) Orang dari Mesir yang membeli Yusuf a.s. itu adalah seorang pembesar Mesir yang dikenal dengan nama Qitfir al-Aziz. Sebagian kitab tafsir juga menyebut nama istrinya, yaitu Rail. Ada juga yang menyebutnya Zulaikha atau Zalikha. Namun, riwayat yang menyebutkan nama-nama tersebut tidak dapat dipertanggungjawabkan."
    },
    {
      "ayah": 22,
      "quarter_hizb": 24.5,
      "juz": 12,
      "manzil": 3,
      "arabic": "وَلَمَّا بَلَغَ اَشُدَّهٗٓ اٰتَيْنٰهُ حُكْمًا وَّعِلْمًا ۗوَكَذٰلِكَ نَجْزِى الْمُحْسِنِيْنَ",
      "latin": "Wa lammā balaga asyuddahū ātaināhu ḥukmaw wa ‘ilmā(n), wa każālika najzil-muḥsinīn(a). ",
      "translation": "Ketika dia telah cukup dewasa, Kami berikan kepadanya kearifan dan ilmu. Demikianlah, Kami memberi balasan kepada orang-orang yang berbuat baik.",
      "footnotes": null
    },
    {
      "ayah": 23,
      "quarter_hizb": 24.5,
      "juz": 12,
      "manzil": 3,
      "arabic": "وَرَاوَدَتْهُ الَّتِيْ هُوَ فِيْ بَيْتِهَا عَنْ نَّفْسِهٖ وَغَلَّقَتِ الْاَبْوَابَ وَقَالَتْ هَيْتَ لَكَ ۗقَالَ مَعَاذَ اللّٰهِ اِنَّهٗ رَبِّيْٓ اَحْسَنَ مَثْوَايَۗ اِنَّهٗ لَا يُفْلِحُ الظّٰلِمُوْنَ",
      "latin": "Wa rāwadathul-latī huwa fī baitihā ‘an nafsihī wa gallaqatil-abwāba wa qālat haita lak(a), qāla ma‘āżallāhi innahū rabbī aḥsana maṡwāy(a), innahū lā yuflihuẓ-ẓālimūn(a). ",
      "translation": "Perempuan, yang dia (Yusuf) tinggal di rumahnya, menggodanya. Dia menutup rapat semua pintu, lalu berkata, “Marilah mendekat kepadaku.” Yusuf berkata, “Aku berlindung kepada Allah. Sesungguhnya dia (suamimu) adalah tuanku. Dia telah memperlakukanku dengan baik. Sesungguhnya orang-orang zalim tidak akan beruntung.”",
      "footnotes": null
    },
    {
      "ayah": 24,
      "quarter_hizb": 24.5,
      "juz": 12,
      "manzil": 3,
      "arabic": "وَلَقَدْ هَمَّتْ بِهٖۙ وَهَمَّ بِهَا ۚ لَوْلَآ اَنْ رَّاٰ بُرْهَانَ رَبِّهٖۗ  كَذٰلِكَ لِنَصْرِفَ عَنْهُ السُّوْۤءَ وَالْفَحْشَاۤءَۗ اِنَّهٗ مِنْ عِبَادِنَا الْمُخْلَصِيْنَ ",
      "latin": "Wa laqad hammat bihī wa hamma bihā lau lā ar ra'ā burhāna rabbih(ī), każālika linaṣrifa ‘anhus-sū'a wal-faḥsyā'(a), innahū min ‘ibādinal-mukhlaṣīn(a). ",
      "translation": "Sungguh, perempuan itu benar-benar telah berkehendak kepadanya (Yusuf). Yusuf pun berkehendak kepadanya sekiranya dia tidak melihat tanda (dari) Tuhannya.369) Demikianlah, Kami memalingkan darinya keburukan dan kekejian. Sesungguhnya dia (Yusuf) termasuk hamba-hamba Kami yang terpilih.",
      "footnotes": "369) Ayat ini tidak menunjukkan bahwa Nabi Yusuf a.s. mempunyai keinginan yang buruk terhadap perempuan itu, tetapi godaan itu demikian besarnya sehingga sekiranya dia tidak dikuatkan dengan keimanan kepada Allah Swt., tentu dia jatuh ke dalam kemaksiatan."
    },
    {
      "ayah": 25,
      "quarter_hizb": 24.5,
      "juz": 12,
      "manzil": 3,
      "arabic": "وَاسْتَبَقَا الْبَابَ وَقَدَّتْ قَمِيْصَهٗ مِنْ دُبُرٍ وَّاَلْفَيَا سَيِّدَهَا لَدَا الْبَابِۗ قَالَتْ مَا جَزَاۤءُ مَنْ اَرَادَ بِاَهْلِكَ سُوْۤءًا اِلَّآ اَنْ يُّسْجَنَ اَوْ عَذَابٌ اَلِيْمٌ ",
      "latin": "Wastabaqal-bāba wa qaddat qamīṣahū min duburiw wa alfayā sayyidahā ladal-bāb(i), qālat mā jazā'u man arāda bi'ahlika sū'an illā ay yusjana au ‘ażābun alīm(un). ",
      "translation": "Keduanya berlomba menuju pintu dan perempuan itu menarik bajunya (Yusuf) dari belakang hingga koyak dan keduanya mendapati suami perempuan itu di depan pintu. Dia (perempuan itu) berkata, “Apakah balasan terhadap orang yang bermaksud buruk terhadap istrimu selain dipenjarakan atau (dihukum dengan) siksa yang pedih?”",
      "footnotes": null
    },
    {
      "ayah": 26,
      "quarter_hizb": 24.5,
      "juz": 12,
      "manzil": 3,
      "arabic": "قَالَ هِيَ رَاوَدَتْنِيْ عَنْ نَّفْسِيْ وَشَهِدَ شَاهِدٌ مِّنْ اَهْلِهَاۚ اِنْ كَانَ قَمِيْصُهٗ قُدَّ مِنْ قُبُلٍ فَصَدَقَتْ وَهُوَ مِنَ الْكٰذِبِيْنَ ",
      "latin": "Qāla hiya rāwadatnī ‘an nafsī wa syahida syāhidum min ahlihā, in kāna qamīṣuhū qudda min qubulin fa ṣadaqat wa huwa minal-kāżibīn(a). ",
      "translation": "Dia (Yusuf) berkata, “Dia yang menggoda diriku.” Seorang saksi dari keluarga perempuan itu memberikan kesaksian, “Jika bajunya koyak di bagian depan, perempuan itu benar dan dia (Yusuf) termasuk orang-orang yang berdusta.",
      "footnotes": null
    },
    {
      "ayah": 27,
      "quarter_hizb": 24.5,
      "juz": 12,
      "manzil": 3,
      "arabic": "وَاِنْ كَانَ قَمِيْصُهٗ قُدَّ مِنْ دُبُرٍ فَكَذَبَتْ وَهُوَ مِنَ الصّٰدِقِيْنَ ",
      "latin": "Wa in kāna qamīṣuhū qudda min duburin fa każabat wa huwa minaṣ-ṣādiqīn(a). ",
      "translation": "Jika bajunya koyak di bagian belakang, perempuan itulah yang berdusta dan dia (Yusuf) termasuk orang-orang yang jujur.”",
      "footnotes": null
    },
    {
      "ayah": 28,
      "quarter_hizb": 24.5,
      "juz": 12,
      "manzil": 3,
      "arabic": "فَلَمَّا رَاٰ قَمِيْصَهٗ قُدَّ مِنْ دُبُرٍ قَالَ اِنَّهٗ مِنْ كَيْدِكُنَّ ۗاِنَّ كَيْدَكُنَّ عَظِيْمٌ ",
      "latin": "Falammā ra'ā qamīṣahū qudda min duburin qāla innahū min kaidikunn(a), inna kaidakunna ‘aẓīm(un). ",
      "translation": "Maka, ketika melihat bajunya (Yusuf) koyak di bagian belakang, dia (suami perempuan itu) berkata, “Sesungguhnya ini adalah tipu dayamu (hai kaum wanita). Tipu dayamu benar-benar hebat.",
      "footnotes": null
    },
    {
      "ayah": 29,
      "quarter_hizb": 24.5,
      "juz": 12,
      "manzil": 3,
      "arabic": "يُوْسُفُ اَعْرِضْ عَنْ هٰذَا وَاسْتَغْفِرِيْ لِذَنْۢبِكِۖ اِنَّكِ كُنْتِ مِنَ الْخٰطِـِٕيْنَ ࣖ ",
      "latin": "Yūsufu a‘riḍ ‘an hāżā wastagfirī liżambik(i), innaki kunti  minal-khāṭi'īn(a). ",
      "translation": "Wahai Yusuf, lupakanlah ini dan (wahai istriku,) mohonlah ampunan atas dosamu karena sesungguhnya engkau termasuk orang-orang yang bersalah.”",
      "footnotes": null
    },
    {
      "ayah": 30,
      "quarter_hizb": 24.75,
      "juz": 12,
      "manzil": 3,
      "arabic": "۞ وَقَالَ نِسْوَةٌ فِى الْمَدِيْنَةِ امْرَاَتُ الْعَزِيْزِ تُرَاوِدُ فَتٰىهَا عَنْ نَّفْسِهٖۚ قَدْ شَغَفَهَا حُبًّاۗ اِنَّا لَنَرٰىهَا فِيْ ضَلٰلٍ مُّبِيْنٍ ",
      "latin": "Wa qāla niswatun fil-madīnatimra'atul-‘azīzi turāwidu fatāhā ‘an nafsih(ī), qad syagafahā ḥubbā(n), innā lanarāhā fī ḍalālim mubīn(in). ",
      "translation": "Para wanita di kota itu berkata, “Istri al-Aziz menggoda pelayannya untuk menaklukkannya. Pelayannya benar-benar membuatnya mabuk cinta. Kami benar-benar memandangnya dalam kesesatan yang nyata.”",
      "footnotes": null
    },
    {
      "ayah": 31,
      "quarter_hizb": 24.75,
      "juz": 12,
      "manzil": 3,
      "arabic": "فَلَمَّا سَمِعَتْ بِمَكْرِهِنَّ اَرْسَلَتْ اِلَيْهِنَّ وَاَعْتَدَتْ لَهُنَّ مُتَّكَاً وَّاٰتَتْ كُلَّ وَاحِدَةٍ مِّنْهُنَّ سِكِّيْنًا وَّقَالَتِ اخْرُجْ عَلَيْهِنَّ ۚ فَلَمَّا رَاَيْنَهٗٓ اَكْبَرْنَهٗ وَقَطَّعْنَ اَيْدِيَهُنَّۖ وَقُلْنَ حَاشَ لِلّٰهِ مَا هٰذَا بَشَرًاۗ اِنْ هٰذَآ اِلَّا مَلَكٌ كَرِيْمٌ ",
      "latin": "Falammā sami‘at bimakrihinna arsalat ilaihinna wa a‘tadat lahunna muttaka'aw wa ātat kulla wāḥidim minhunna sikkīnaw wa qālatikhruj ‘alaihinn(a), falammā ra'ainahū akbarnahū wa qaṭṭa‘na aidiyahunn(a), wa qulna ḥāsya lillāhi mā hāżā illā basyarā(n), in hāżā illā malakun karīm(un). ",
      "translation": "Maka, ketika dia (istri al-Aziz) mendengar cercaan mereka, dia mengundang wanita-wanita itu dan menyediakan tempat duduk bagi mereka. Dia memberikan sebuah pisau kepada setiap wanita (untuk memotong-motong makanan). Dia berkata (kepada Yusuf), “Keluarlah (tampakkanlah dirimu) kepada mereka.” Ketika wanita-wanita itu melihatnya, mereka sangat terpesona (dengan ketampanannya) dan mereka (tanpa sadar) melukai tangannya sendiri seraya berkata, “Maha Sempurna Allah. Ini bukanlah manusia. Ini benar-benar seorang malaikat yang mulia.”",
      "footnotes": null
    },
    {
      "ayah": 32,
      "quarter_hizb": 24.75,
      "juz": 12,
      "manzil": 3,
      "arabic": "قَالَتْ فَذٰلِكُنَّ الَّذِيْ لُمْتُنَّنِيْ فِيْهِ ۗوَلَقَدْ رَاوَدْتُّهٗ عَنْ نَّفْسِهٖ فَاسْتَعْصَمَ ۗوَلَىِٕنْ لَّمْ يَفْعَلْ مَآ اٰمُرُهٗ لَيُسْجَنَنَّ وَلَيَكُوْنًا مِّنَ الصّٰغِرِيْنَ ",
      "latin": "Qālat fa żālikunnal-lażī lumtunnanī fīh(i), wa laqad rāwattuhū ‘an nafsihī fasta‘ṣam(a), wa la'il lam yaf‘al mā āmuruhū layusjananna wa layakūnam minaṣ-ṣāgirīn(a). ",
      "translation": "Dia (istri al-Aziz) berkata, “Itulah orangnya yang menyebabkan kamu mencela aku karena (aku tertarik) kepadanya. Sungguh, aku benar-benar telah menggoda untuk menaklukkan dirinya, tetapi dia menolak. Jika tidak melakukan apa yang aku perintahkan kepadanya, niscaya dia akan dipenjarakan dan benar-benar akan termasuk orang yang hina.”",
      "footnotes": null
    },
    {
      "ayah": 33,
      "quarter_hizb": 24.75,
      "juz": 12,
      "manzil": 3,
      "arabic": "قَالَ رَبِّ السِّجْنُ اَحَبُّ اِلَيَّ مِمَّا يَدْعُوْنَنِيْٓ اِلَيْهِ ۚوَاِلَّا تَصْرِفْ عَنِّيْ كَيْدَهُنَّ اَصْبُ اِلَيْهِنَّ وَاَكُنْ مِّنَ الْجٰهِلِيْنَ ",
      "latin": "Qāla rabbis-sijnu aḥabbu ilayya mimmā yad‘ūnanī ilaih(i), wa illā taṣrif ‘annī kaidahunna aṣbu ilaihinna wa akum minal-jāhilīn(a). ",
      "translation": "(Yusuf) berkata, “Wahai Tuhanku, penjara lebih aku sukai daripada memenuhi ajakan mereka. Jika Engkau tidak menghindarkan tipu daya mereka dariku, niscaya aku akan cenderung untuk (memenuhi keinginan mereka) dan tentu aku termasuk orang-orang yang bodoh.”",
      "footnotes": null
    },
    {
      "ayah": 34,
      "quarter_hizb": 24.75,
      "juz": 12,
      "manzil": 3,
      "arabic": "فَاسْتَجَابَ لَهٗ رَبُّهٗ فَصَرَفَ عَنْهُ كَيْدَهُنَّ ۗاِنَّهٗ هُوَ السَّمِيْعُ الْعَلِيْمُ ",
      "latin": "Fastajāba lahū rabbuhū fa ṣarafa ‘anhu kaidahunn(a), innahū huwas-samī‘ul-‘alīm(u). ",
      "translation": "Maka, Tuhannya memperkenankan (doa)-nya dan menghindarkannya dari tipu daya mereka. Sesungguhnya Dialah yang Maha Mendengar lagi Maha Mengetahui.",
      "footnotes": null
    },
    {
      "ayah": 35,
      "quarter_hizb": 24.75,
      "juz": 12,
      "manzil": 3,
      "arabic": "ثُمَّ بَدَا لَهُمْ مِّنْۢ بَعْدِ مَا رَاَوُا الْاٰيٰتِ لَيَسْجُنُنَّهٗ حَتّٰى حِيْنٍ ࣖ ",
      "latin": "Ṡumma badā lahum mim ba‘di mā ra'awul-āyāti layasjununnahū ḥattā ḥīn(in). ",
      "translation": "Kemudian timbul pikiran pada mereka setelah melihat tanda-tanda (kebenaran Yusuf) bahwa mereka harus memenjarakannya sampai waktu tertentu.",
      "footnotes": null
    },
    {
      "ayah": 36,
      "quarter_hizb": 24.75,
      "juz": 12,
      "manzil": 3,
      "arabic": "وَدَخَلَ مَعَهُ السِّجْنَ فَتَيٰنِ ۗقَالَ اَحَدُهُمَآ اِنِّيْٓ اَرٰىنِيْٓ اَعْصِرُ خَمْرًا ۚوَقَالَ الْاٰخَرُ اِنِّيْٓ اَرٰىنِيْٓ اَحْمِلُ فَوْقَ رَأْسِيْ خُبْزًا تَأْكُلُ الطَّيْرُ مِنْهُ ۗنَبِّئْنَا بِتَأْوِيْلِهٖ ۚاِنَّا نَرٰىكَ مِنَ الْمُحْسِنِيْنَ",
      "latin": "Wa dakhala ma‘ahus-sijna fatayān(i), qāla aḥaduhumā innī arānī a‘ṣiru khamrā(n), wa qālal-ākharu innī arānī aḥmilu fauqa ra'sī khubzan ta'kuluṭ-ṭairu minh(u), nabbi'nā bita'wīlih(ī), innā narāka minal-muḥsinīn(a). ",
      "translation": "Bersama dia (Yusuf) masuk pula dua orang pemuda ke dalam penjara.370) Salah satunya berkata, “Sesungguhnya aku bermimpi memeras anggur,” dan yang lainnya berkata, “Aku bermimpi membawa roti di atas kepalaku. Sebagiannya dimakan burung.” (Keduanya berkata,) “Jelaskanlah kepada kami takwilnya! Sesungguhnya kami memandangmu termasuk orang-orang yang berbuat baik.”",
      "footnotes": "370) Menurut suatu riwayat, dua pemuda itu adalah pelayan-pelayan raja."
    },
    {
      "ayah": 37,
      "quarter_hizb": 24.75,
      "juz": 12,
      "manzil": 3,
      "arabic": "قَالَ لَا يَأْتِيْكُمَا طَعَامٌ تُرْزَقٰنِهٖٓ اِلَّا نَبَّأْتُكُمَا بِتَأْوِيْلِهٖ قَبْلَ اَنْ يَّأْتِيَكُمَا ۗذٰلِكُمَا مِمَّا عَلَّمَنِيْ رَبِّيْۗ اِنِّيْ تَرَكْتُ مِلَّةَ قَوْمٍ لَّا يُؤْمِنُوْنَ بِاللّٰهِ وَهُمْ بِالْاٰخِرَةِ هُمْ كٰفِرُوْنَۙ ",
      "latin": "Qāla lā ya'tīkumā ṭa‘āmun turzaqānihī illā nabba'tukumā bita'wīlihī qabla ay ya'tiyakumā, żālikumā mimmā ‘allamanī rabbī, innī taraktu millata qaumil lā yu'minūna billāhi wa hum bil-ākhirati hum kāfirūn(a). ",
      "translation": "(Yusuf) berkata, “Tidak ada makanan apa pun yang akan diberikan kepadamu berdua, kecuali aku telah menjelaskan takwilnya sebelum (makanan) itu sampai kepadamu. Itu sebagian dari yang diajarkan Tuhan kepadaku. Sesungguhnya aku telah meninggalkan agama kaum yang tidak beriman kepada Allah, bahkan kepada akhirat pun mereka ingkar.",
      "footnotes": null
    },
    {
      "ayah": 38,
      "quarter_hizb": 24.75,
      "juz": 12,
      "manzil": 3,
      "arabic": "وَاتَّبَعْتُ مِلَّةَ اٰبَاۤءِيْٓ اِبْرٰهِيْمَ وَاِسْحٰقَ وَيَعْقُوْبَۗ مَا كَانَ لَنَآ اَنْ نُّشْرِكَ بِاللّٰهِ مِنْ شَيْءٍۗ ذٰلِكَ مِنْ فَضْلِ اللّٰهِ عَلَيْنَا وَعَلَى النَّاسِ وَلٰكِنَّ اَكْثَرَ النَّاسِ لَا يَشْكُرُوْنَ",
      "latin": "Wattaba‘tu millata ābā'ī ibrāhīma wa isḥāqa wa ya‘qūb(a), mā kāna lanā an nusyrika  billāhi min syai'(in), żālika min faḍlillāhi ‘alainā wa ‘alan-nāsi wa lākinna akṡaran-nāsi lā yasykurūn(a). ",
      "translation": "Aku mengikuti agama nenek moyangku, (yaitu) Ibrahim, Ishaq, dan Ya‘qub. Tidak pantas bagi kami mempersekutukan suatu apa pun dengan Allah. Itu adalah bagian dari karunia Allah kepada kami dan kepada manusia (semuanya), tetapi kebanyakan manusia tidak bersyukur. ",
      "footnotes": null
    },
    {
      "ayah": 39,
      "quarter_hizb": 24.75,
      "juz": 12,
      "manzil": 3,
      "arabic": "يٰصَاحِبَيِ السِّجْنِ ءَاَرْبَابٌ مُّتَفَرِّقُوْنَ خَيْرٌ اَمِ اللّٰهُ الْوَاحِدُ الْقَهَّارُۗ  ",
      "latin": "Yā ṣāḥibayis-sijni a'arbābum mutafarriqūna khairun amillāhul-wāḥidul-qahhār(u). ",
      "translation": "Wahai dua penghuni penjara, manakah yang lebih baik, tuhan-tuhan yang bermacam-macam itu ataukah Allah Yang Maha Esa lagi Maha Perkasa?",
      "footnotes": null
    },
    {
      "ayah": 40,
      "quarter_hizb": 24.75,
      "juz": 12,
      "manzil": 3,
      "arabic": "مَا تَعْبُدُوْنَ مِنْ دُوْنِهٖٓ اِلَّآ اَسْمَاۤءً سَمَّيْتُمُوْهَآ اَنْتُمْ وَاٰبَاۤؤُكُمْ مَّآ اَنْزَلَ اللّٰهُ بِهَا مِنْ سُلْطٰنٍۗ اِنِ الْحُكْمُ اِلَّا لِلّٰهِ ۗاَمَرَ اَلَّا تَعْبُدُوْٓا اِلَّآ اِيَّاهُ ۗذٰلِكَ الدِّيْنُ الْقَيِّمُ وَلٰكِنَّ اَكْثَرَ النَّاسِ لَا يَعْلَمُوْنَ ",
      "latin": "Mā ta‘budūna min dūnihī illā asmā'an sammaitumūhā antum wa ābā'ukum mā anzalallāhu bihā min sulṭān(in), inil-ḥukmu illā lillāh(i), amara allā ta‘budū illā iyyāh(u), żālikad-dīnul-qayyimu wa lākinna akṡaran-nāsi lā ya‘lamūn(a). ",
      "translation": "Apa yang kamu sembah selain Dia hanyalah nama-nama (berhala) yang kamu dan nenek moyangmu buat sendiri. Allah tidak menurunkan suatu keterangan apa pun yang pasti tentang hal (nama-nama) itu. Ketetapan (yang pasti benar) itu hanyalah milik Allah. Dia telah memerintahkan agar kamu tidak menyembah selain Dia. Itulah agama yang lurus, tetapi kebanyakan manusia tidak mengetahui.",
      "footnotes": null
    },
    {
      "ayah": 41,
      "quarter_hizb": 24.75,
      "juz": 12,
      "manzil": 3,
      "arabic": "يٰصَاحِبَيِ السِّجْنِ اَمَّآ اَحَدُكُمَا فَيَسْقِيْ رَبَّهٗ خَمْرًا ۗوَاَمَّا الْاٰخَرُ فَيُصْلَبُ فَتَأْكُلُ الطَّيْرُ مِنْ رَّأْسِهٖ ۗ قُضِيَ الْاَمْرُ الَّذِيْ فِيْهِ تَسْتَفْتِيٰنِۗ ",
      "latin": "Yā ṣāḥibayis-sijni ammā aḥadukumā fa yasqī rabbahū khamrā(n), wa ammal-ākharu fa yuṣlabu fa ta'kuluṭ-ṭairu mir ra'sih(ī), quḍiyal-amrul-lażī fīhi tastaftiyān(i). ",
      "translation": "Wahai dua penghuni penjara, salah seorang di antara kamu akan bertugas menyediakan minuman khamar bagi tuannya, sedangkan yang lain akan disalib. Lalu, burung akan memakan sebagian kepalanya. Telah terjawab perkara yang kamu berdua tanyakan (kepadaku).”",
      "footnotes": null
    },
    {
      "ayah": 42,
      "quarter_hizb": 24.75,
      "juz": 12,
      "manzil": 3,
      "arabic": "وَقَالَ لِلَّذِيْ ظَنَّ اَنَّهٗ نَاجٍ مِّنْهُمَا اذْكُرْنِيْ عِنْدَ رَبِّكَۖ فَاَنْسٰىهُ الشَّيْطٰنُ ذِكْرَ رَبِّهٖ فَلَبِثَ فِى السِّجْنِ بِضْعَ سِنِيْنَ ࣖ ",
      "latin": "Wa qāla lil-lażī ẓanna annahū nājim minhumażkurnī ‘inda rabbik(a), fa ansāhusy-syaiṭānu żikra rabbihī fa labiṡa fis-sijni biḍ‘a sinīn(a). ",
      "translation": "Dia (Yusuf) berkata kepada orang yang diketahuinya akan selamat di antara mereka berdua, “Jelaskanlah keadaanku kepada tuanmu.” Kemudian, setan menjadikan dia lupa untuk menjelaskan (keadaan Yusuf) kepada tuannya. Karena itu, dia (Yusuf) tetap dalam penjara beberapa tahun lamanya.",
      "footnotes": null
    },
    {
      "ayah": 43,
      "quarter_hizb": 24.75,
      "juz": 12,
      "manzil": 3,
      "arabic": "وَقَالَ الْمَلِكُ اِنِّيْٓ اَرٰى سَبْعَ بَقَرٰتٍ سِمَانٍ يَّأْكُلُهُنَّ سَبْعٌ عِجَافٌ وَّسَبْعَ سُنْۢبُلٰتٍ خُضْرٍ وَّاُخَرَ يٰبِسٰتٍۗ  يٰٓاَيُّهَا الْمَلَاُ اَفْتُوْنِيْ فِيْ رُءْيَايَ اِنْ كُنْتُمْ لِلرُّءْيَا تَعْبُرُوْنَ",
      "latin": "Wa qālal-maliku innī arā sab‘a baqarātin simāniy ya'kuluhunna sab‘un ‘ijāfuw wa sab‘a sumbulātin khuḍriw wa ukhara yābisāt(in), yā ayyuhal-mala'u aftūnī fī ru'yāya in kuntum lir-ru'yā ta‘burūn(a). ",
      "translation": "Raja berkata (kepada para pemuka kaumnya), “Sesungguhnya aku bermimpi melihat tujuh ekor sapi yang gemuk dimakan oleh tujuh ekor sapi yang kurus serta tujuh tangkai (gandum) yang hijau (dan tujuh tangkai) lainnya yang kering. Wahai para pemuka kaum, jelaskanlah kepadaku tentang mimpiku itu jika kamu dapat menakwilkannya!”",
      "footnotes": null
    },
    {
      "ayah": 44,
      "quarter_hizb": 24.75,
      "juz": 12,
      "manzil": 3,
      "arabic": "قَالُوْٓا اَضْغَاثُ اَحْلَامٍ ۚوَمَا نَحْنُ بِتَأْوِيْلِ الْاَحْلَامِ بِعٰلِمِيْنَ ",
      "latin": "Qālū aḍgāṡu aḥlām(in), wa mā naḥnu bita'wīlil-aḥlāmi bi‘ālimīn(a). ",
      "translation": "Mereka menjawab, “(Itu) mimpi-mimpi yang kosong dan kami sekali-kali tidak mampu menakwilkan mimpi itu.”",
      "footnotes": null
    },
    {
      "ayah": 45,
      "quarter_hizb": 24.75,
      "juz": 12,
      "manzil": 3,
      "arabic": "وَقَالَ الَّذِيْ نَجَا مِنْهُمَا وَادَّكَرَ بَعْدَ اُمَّةٍ اَنَا۠ اُنَبِّئُكُمْ بِتَأْوِيْلِهٖ فَاَرْسِلُوْنِ ",
      "latin": "Wa qālal-lażī najā minhumā waddakara  ba‘da ummatin ana unabbi'ukum bita'wīlihī fa arsilūn(i). ",
      "translation": "Orang yang selamat di antara mereka berdua berkata dan teringat (perihal Yusuf) setelah beberapa waktu lamanya, “Aku akan memberitahukan kepadamu tentang (orang yang pandai) menakwilkan mimpi itu. Maka, utuslah aku (kepadanya).”",
      "footnotes": null
    },
    {
      "ayah": 46,
      "quarter_hizb": 24.75,
      "juz": 12,
      "manzil": 3,
      "arabic": "يُوْسُفُ اَيُّهَا الصِّدِّيْقُ اَفْتِنَا فِيْ سَبْعِ بَقَرٰتٍ سِمَانٍ يَّأْكُلُهُنَّ سَبْعٌ عِجَافٌ وَّسَبْعِ سُنْۢبُلٰتٍ خُضْرٍ وَّاُخَرَ يٰبِسٰتٍۙ  لَّعَلِّيْٓ اَرْجِعُ اِلَى النَّاسِ لَعَلَّهُمْ يَعْلَمُوْنَ ",
      "latin": "Yūsufu ayyuhaṣ-ṣiddīqu aftinā fī sab‘i baqarātin simāniy ya'kuluhunna sab‘un ‘ijāfuw wa sab‘i sumbulātin khuḍriw wa ukhara yābisāt(in), la‘allī arji‘u ilan-nāsi la‘allahum ya‘lamūn(a). ",
      "translation": "(Dia berkata,) “Wahai Yusuf, orang yang sangat dipercaya, jelaskanlah kepada kami (takwil mimpiku) tentang tujuh ekor sapi gemuk yang dimakan oleh tujuh (ekor sapi) kurus dan tujuh tangkai (gandum) hijau yang (meliputi tujuh tangkai) lainnya yang kering agar aku kembali kepada orang-orang itu supaya mereka mengetahuinya.”",
      "footnotes": null
    },
    {
      "ayah": 47,
      "quarter_hizb": 24.75,
      "juz": 12,
      "manzil": 3,
      "arabic": "قَالَ تَزْرَعُوْنَ سَبْعَ سِنِيْنَ دَاَبًاۚ فَمَا حَصَدْتُّمْ فَذَرُوْهُ فِيْ سُنْۢبُلِهٖٓ اِلَّا قَلِيْلًا مِّمَّا تَأْكُلُوْنَ ",
      "latin": "Qāla tazra‘ūna sab‘a sinīna da'abā(n), famā ḥaṣattum fa żarūhu fī sumbulihī illā qalīlam mimmā ta'kulūn(a). ",
      "translation": "(Yusuf) berkata, “Bercocoktanamlah kamu tujuh tahun berturut-turut! Kemudian apa yang kamu tuai, biarkanlah di tangkainya, kecuali sedikit untuk kamu makan.",
      "footnotes": null
    },
    {
      "ayah": 48,
      "quarter_hizb": 24.75,
      "juz": 12,
      "manzil": 3,
      "arabic": "ثُمَّ يَأْتِيْ مِنْۢ بَعْدِ ذٰلِكَ سَبْعٌ شِدَادٌ يَّأْكُلْنَ مَا قَدَّمْتُمْ لَهُنَّ اِلَّا قَلِيْلًا مِّمَّا تُحْصِنُوْنَ",
      "latin": "Ṡumma ya'tī mim ba‘di żālika sab‘un syidāduy ya'kulna mā qaddamtum lahunna illā qalīlam mimmā tuḥṣinūn(a). ",
      "translation": "Kemudian, sesudah itu akan datang tujuh (tahun) yang sangat sulit (paceklik) yang menghabiskan apa yang kamu simpan untuk menghadapinya, kecuali sedikit dari apa (bibit gandum) yang kamu simpan.",
      "footnotes": null
    },
    {
      "ayah": 49,
      "quarter_hizb": 24.75,
      "juz": 12,
      "manzil": 3,
      "arabic": "ثُمَّ يَأْتِيْ مِنْۢ بَعْدِ ذٰلِكَ عَامٌ فِيْهِ يُغَاثُ النَّاسُ وَفِيْهِ يَعْصِرُوْنَ ࣖ",
      "latin": "Ṡumma ya'tī mim ba‘di żālika ‘āmun fīhi yugāṡun-nāsu wa fīhi ya‘ṣirūn(a). ",
      "translation": "Setelah itu akan datang tahun, ketika manusia diberi hujan (dengan cukup) dan pada masa itu mereka memeras (anggur).”",
      "footnotes": null
    },
    {
      "ayah": 50,
      "quarter_hizb": 24.75,
      "juz": 12,
      "manzil": 3,
      "arabic": "وَقَالَ الْمَلِكُ ائْتُوْنِيْ بِهٖ ۚفَلَمَّا جَاۤءَهُ الرَّسُوْلُ قَالَ ارْجِعْ اِلٰى رَبِّكَ فَسْـَٔلْهُ مَا بَالُ النِّسْوَةِ الّٰتِيْ قَطَّعْنَ اَيْدِيَهُنَّ ۗاِنَّ رَبِّيْ بِكَيْدِهِنَّ عَلِيْمٌ ",
      "latin": "Wa qālal-maliku'tūnī bih(ī), falammā jā'ahur-rasūlu qālarji‘ ilā rabbika fas'alhu mā bālun-niswatil-lātī qaṭṭa‘na aidiyahunn(a), inna rabbī bikaidihinna ‘alīm(un). ",
      "translation": "Raja berkata, “Bawalah dia kepadaku!” Ketika utusan itu datang kepadanya, dia (Yusuf) berkata, “Kembalilah kepada tuanmu dan tanyakan kepadanya bagaimana perihal wanita-wanita yang telah melukai tangannya. Sesungguhnya Tuhanku Maha Mengetahui tipu daya mereka.”",
      "footnotes": null
    },
    {
      "ayah": 51,
      "quarter_hizb": 24.75,
      "juz": 12,
      "manzil": 3,
      "arabic": "قَالَ مَا خَطْبُكُنَّ اِذْ رَاوَدْتُّنَّ يُوْسُفَ عَنْ نَّفْسِهٖۗ  قُلْنَ حَاشَ لِلّٰهِ مَا عَلِمْنَا عَلَيْهِ مِنْ سُوْۤءٍ ۗقَالَتِ امْرَاَتُ الْعَزِيْزِ الْـٰٔنَ حَصْحَصَ الْحَقُّۖ اَنَا۠ رَاوَدْتُّهٗ عَنْ نَّفْسِهٖ وَاِنَّهٗ لَمِنَ الصّٰدِقِيْنَ ",
      "latin": "Qāla mā khaṭbukunna iż rāwattunna yūsufa ‘an nafsih(ī), qulna ḥāsya lillāhi mā ‘alimnā ‘alaihi min sū'(in), qālatimra'atul-‘azīzil-āna ḥaṣḥaṣal-ḥaqq(u), ana rāwattuhū ‘an nafsihī wa innahū laminaṣ-ṣādiqīn(a). ",
      "translation": "Dia (raja) berkata (kepada wanita-wanita itu), “Bagaimana keadaanmu ketika kamu menggoda Yusuf untuk menundukkan dirinya?”371) Mereka berkata, “Maha Sempurna Allah. Kami tidak mengetahui sesuatu keburukan darinya.” Istri al-Aziz berkata, “Sekarang jelaslah kebenaran itu. Akulah yang menggodanya dan sesungguhnya dia termasuk orang-orang yang benar.”",
      "footnotes": "371) Yang dimaksud dengan keadaan di sini ialah pendapat perempuan-perempuan itu tentang Nabi Yusuf a.s., apakah dia terpengaruh godaan itu atau tidak."
    },
    {
      "ayah": 52,
      "quarter_hizb": 24.75,
      "juz": 12,
      "manzil": 3,
      "arabic": "ذٰلِكَ لِيَعْلَمَ اَنِّيْ لَمْ اَخُنْهُ بِالْغَيْبِ وَاَنَّ اللّٰهَ لَا يَهْدِيْ كَيْدَ الْخَاۤىِٕنِيْنَ  ۔",
      "latin": "Żālika liya‘lama annī lam akhunhu bil-gaibi wa annallāha lā yahdī kaidal-khā'inīn(a).",
      "translation": "(Yusuf berkata,) “Yang demikian itu agar dia (al-Aziz) mengetahui bahwa aku benar-benar tidak mengkhianatinya ketika dia tidak ada (di rumah) dan bahwa sesungguhnya Allah tidak meridai tipu daya orang-orang yang berkhianat.",
      "footnotes": null
    },
    {
      "ayah": 53,
      "quarter_hizb": 25,
      "juz": 13,
      "manzil": 3,
      "arabic": "۞ وَمَآ اُبَرِّئُ نَفْسِيْۚ اِنَّ النَّفْسَ لَاَمَّارَةٌ ۢ بِالسُّوْۤءِ اِلَّا مَا رَحِمَ رَبِّيْۗ اِنَّ رَبِّيْ غَفُوْرٌ رَّحِيْمٌ",
      "latin": "Wa mā ubarri'u nafsī, innan-nafsa la'ammāratum bis-sū'i illā mā raḥima rabbī, inna rabbī gafūrur raḥīm(un).",
      "translation": "Aku tidak (menyatakan) diriku bebas (dari kesalahan) karena sesungguhnya nafsu itu selalu mendorong kepada kejahatan, kecuali (nafsu) yang diberi rahmat oleh Tuhanku. Sesungguhnya Tuhanku Maha Pengampun lagi Maha Penyayang.”",
      "footnotes": null
    },
    {
      "ayah": 54,
      "quarter_hizb": 25,
      "juz": 13,
      "manzil": 3,
      "arabic": "وَقَالَ الْمَلِكُ ائْتُوْنِيْ بِهٖٓ اَسْتَخْلِصْهُ لِنَفْسِيْۚ فَلَمَّا كَلَّمَهٗ قَالَ اِنَّكَ الْيَوْمَ لَدَيْنَا مَكِيْنٌ اَمِيْنٌ",
      "latin": "Wa qālal-maliku'tūnī bihī astakhliṣhu linafsī, falammā kallamahū qāla innakal-yauma ladainā makīnun amīn(un).",
      "translation": "Raja berkata, “Bawalah dia (Yusuf) kepadaku agar aku memilih dia (sebagai orang yang dekat) kepadaku.” Ketika dia (raja) telah berbicara kepadanya, dia (raja) berkata, “Sesungguhnya (mulai) hari ini engkau menjadi seorang yang berkedudukan tinggi di lingkungan kami lagi sangat dipercaya.”",
      "footnotes": null
    },
    {
      "ayah": 55,
      "quarter_hizb": 25,
      "juz": 13,
      "manzil": 3,
      "arabic": "قَالَ اجْعَلْنِيْ عَلٰى خَزَاۤىِٕنِ الْاَرْضِۚ اِنِّيْ حَفِيْظٌ عَلِيْمٌ",
      "latin": "Qālaj‘alnī ‘alā khazā'inil-arḍ(i), innī ḥafīẓun ‘alīm(un).",
      "translation": "Dia (Yusuf) berkata, “Jadikanlah aku pengelola perbendaharaan negeri (Mesir). Sesungguhnya aku adalah orang yang pandai menjaga (amanah) lagi sangat berpengetahuan.”",
      "footnotes": null
    },
    {
      "ayah": 56,
      "quarter_hizb": 25,
      "juz": 13,
      "manzil": 3,
      "arabic": "وَكَذٰلِكَ مَكَّنَّا لِيُوْسُفَ فِى الْاَرْضِ يَتَبَوَّاُ مِنْهَا حَيْثُ يَشَاۤءُۗ نُصِيْبُ بِرَحْمَتِنَا مَنْ نَّشَاۤءُ وَلَا نُضِيْعُ اَجْرَ الْمُحْسِنِيْنَ",
      "latin": "Wa każālika makkannā liyūsufa  fil-arḍi yatabawwa'u minhā ḥaiṡu yasyā'(u), nuṣību biraḥmatinā man nasyā'u wa lā nuḍī‘u ajral-muḥsinīn(a).",
      "translation": "Demikianlah Kami memberi kedudukan kepada Yusuf di negeri ini (Mesir) untuk tinggal di mana saja yang dia kehendaki. Kami melimpahkan rahmat Kami kepada siapa yang Kami kehendaki dan Kami tidak menyia-nyiakan pahala orang-orang yang berbuat baik.",
      "footnotes": null
    },
    {
      "ayah": 57,
      "quarter_hizb": 25,
      "juz": 13,
      "manzil": 3,
      "arabic": "وَلَاَجْرُ الْاٰخِرَةِ خَيْرٌ لِّلَّذِيْنَ اٰمَنُوْا وَكَانُوْا يَتَّقُوْنَ ࣖ",
      "latin": "Wa la'ajrul-ākhirati khairul lil-lażīna āmanū wa kānū yattaqūn(a).",
      "translation": "Sungguh, pahala akhirat itu (pasti) lebih baik bagi orang-orang yang beriman dan selalu bertakwa.",
      "footnotes": null
    },
    {
      "ayah": 58,
      "quarter_hizb": 25,
      "juz": 13,
      "manzil": 3,
      "arabic": "وَجَاۤءَ اِخْوَةُ يُوْسُفَ فَدَخَلُوْا عَلَيْهِ فَعَرَفَهُمْ وَهُمْ لَهٗ مُنْكِرُوْنَ",
      "latin": "Wa jā'a ikhwatu yūsufa fa dakhalū ‘alaihi fa ‘arafahum wa hum lahū munkirūn(a).",
      "translation": "Saudara-saudara Yusuf datang (ke Mesir), lalu mereka masuk ke (tempat)-nya. Maka, dia (Yusuf) mengenali mereka, sedangkan mereka benar-benar tidak mengenalinya.372)",
      "footnotes": "372) Menurut catatan sejarah, telah terjadi musim paceklik di Mesir dan sekitarnya. Maka, atas anjuran Nabi Ya‘qub a.s., saudara-saudara Nabi Yusuf a.s. datang dari Kan‘an ke Mesir untuk menghadap pembesar-pembesar Mesir demi mendapatkan bahan makanan."
    },
    {
      "ayah": 59,
      "quarter_hizb": 25,
      "juz": 13,
      "manzil": 3,
      "arabic": "وَلَمَّا جَهَّزَهُمْ بِجَهَازِهِمْ قَالَ ائْتُوْنِيْ بِاَخٍ لَّكُمْ مِّنْ اَبِيْكُمْ ۚ اَلَا تَرَوْنَ اَنِّيْٓ اُوْفِى الْكَيْلَ وَاَنَا۠ خَيْرُ الْمُنْزِلِيْنَ ",
      "latin": "Wa lammā jahhazahum bijahāzihim qāla'tūnī bi'akhil lakum min abīkum, alā tarauna annī ūfil-kaila wa ana khairul-munzilīn(a).",
      "translation": "Ketika dia (Yusuf) menyiapkan perbekalan (bahan makanan) untuk mereka, dia berkata, “Bawalah kepadaku saudaramu yang seayah denganmu (Bunyamin). Tidakkah kamu melihat bahwa aku menyempurnakan takaran (gandum) dan aku adalah sebaik-baiknya penerima tamu?",
      "footnotes": null
    },
    {
      "ayah": 60,
      "quarter_hizb": 25,
      "juz": 13,
      "manzil": 3,
      "arabic": "فَاِنْ لَّمْ تَأْتُوْنِيْ بِهٖ فَلَا كَيْلَ لَكُمْ عِنْدِيْ وَلَا تَقْرَبُوْنِ",
      "latin": "Fa illam ta'tūnī bihī falā kaila lakum ‘indī wa lā taqrabūn(i).",
      "translation": "Jika kamu tidak membawanya kepadaku, kamu tidak akan mendapat jatah (gandum) lagi dariku dan jangan kamu mendekatiku.”",
      "footnotes": null
    },
    {
      "ayah": 61,
      "quarter_hizb": 25,
      "juz": 13,
      "manzil": 3,
      "arabic": "قَالُوْا سَنُرَاوِدُ عَنْهُ اَبَاهُ وَاِنَّا لَفٰعِلُوْنَ",
      "latin": "Qālū sanurāwidu ‘anhu abāhu wa innā lafā‘ilūn(a).",
      "translation": "Mereka berkata, “Kami akan membujuk ayahnya agar mengizinkan kami membawanya dan sesungguhnya kami benar-benar akan melaksanakannya.”",
      "footnotes": null
    },
    {
      "ayah": 62,
      "quarter_hizb": 25,
      "juz": 13,
      "manzil": 3,
      "arabic": "وَقَالَ لِفِتْيٰنِهِ اجْعَلُوْا بِضَاعَتَهُمْ فِيْ رِحَالِهِمْ لَعَلَّهُمْ يَعْرِفُوْنَهَآ اِذَا انْقَلَبُوْٓا اِلٰٓى اَهْلِهِمْ لَعَلَّهُمْ يَرْجِعُوْنَ",
      "latin": "Wa qāla lifityānihij‘alū biḍā‘atahum fī riḥālihim la‘allahum ya‘rifūnahā iżanqalabū ilā ahlihim la‘allahum yarji‘ūn(a).",
      "translation": "Dia (Yusuf) berkata kepada para pembantunya, “Masukkanlah (kembali) barang-barang mereka (yang mereka jadikan alat tukar)373) ke dalam karung-karung mereka. (Hal itu dilakukan) agar mereka mengetahuinya apabila telah kembali kepada keluarga mereka. Mudah-mudahan mereka kembali lagi.”374)",
      "footnotes": "373) Menurut kebanyakan mufasir, barang-barang saudara-saudara Nabi Yusuf a.s. yang digunakan sebagai alat penukar bahan makanan itu ialah kulit atau terompah.\n374) Tindakan ini diambil sebagai siasat dengan cara menanam budi kepada mereka agar mereka nantinya bersedia kembali lagi ke Mesir dengan membawa Bunyamin."
    },
    {
      "ayah": 63,
      "quarter_hizb": 25,
      "juz": 13,
      "manzil": 3,
      "arabic": "فَلَمَّا رَجَعُوْٓا اِلٰٓى اَبِيْهِمْ قَالُوْا يٰٓاَبَانَا مُنِعَ مِنَّا الْكَيْلُ فَاَرْسِلْ مَعَنَآ اَخَانَا نَكْتَلْ وَاِنَّا لَهٗ لَحٰفِظُوْنَ",
      "latin": "Falammā raja‘ū ilā abīhim qālū yā abānā muni‘a minnal-kailu fa arsil ma‘anā akhānā naktal wa innā lahū laḥāfiẓūn(a).",
      "translation": "Maka, ketika mereka telah kembali kepada ayah mereka (Ya‘qub), mereka berkata, “Wahai ayah kami, kita tidak akan mendapat jatah (gandum) lagi (jika tidak membawa saudara kami). Oleh karena itu, biarkanlah saudara kami pergi bersama kami agar kami mendapat jatah. Sesungguhnya kami benar-benar akan menjaganya.”",
      "footnotes": null
    },
    {
      "ayah": 64,
      "quarter_hizb": 25,
      "juz": 13,
      "manzil": 3,
      "arabic": "قَالَ هَلْ اٰمَنُكُمْ عَلَيْهِ اِلَّا كَمَآ اَمِنْتُكُمْ عَلٰٓى اَخِيْهِ مِنْ قَبْلُۗ فَاللّٰهُ خَيْرٌ حٰفِظًا وَّهُوَ اَرْحَمُ الرّٰحِمِيْنَ",
      "latin": "Qāla hal āmanukum ‘alaihi illā kamā amintukum ‘alā akhīhi min qabl(u), fallāhu khairun ḥāfiẓaw wa huwa arḥamur-rāḥimīn(a).",
      "translation": "Dia (Ya‘qub) berkata, “Bagaimana aku akan memercayakannya (Bunyamin) kepadamu, seperti halnya dahulu aku telah memercayakan saudaranya (Yusuf) kepada kamu? Allah adalah penjaga yang terbaik dan Dia Maha Penyayang di antara para penyayang.”",
      "footnotes": null
    },
    {
      "ayah": 65,
      "quarter_hizb": 25,
      "juz": 13,
      "manzil": 3,
      "arabic": "وَلَمَّا فَتَحُوْا مَتَاعَهُمْ وَجَدُوْا بِضَاعَتَهُمْ رُدَّتْ اِلَيْهِمْۗ قَالُوْا يٰٓاَبَانَا مَا نَبْغِيْۗ هٰذِهٖ بِضَاعَتُنَا رُدَّتْ اِلَيْنَا وَنَمِيْرُ اَهْلَنَا وَنَحْفَظُ اَخَانَا وَنَزْدَادُ كَيْلَ بَعِيْرٍۗ ذٰلِكَ كَيْلٌ يَّسِيْرٌ",
      "latin": "Wa lammā fataḥū matā‘ahum wajadū biḍā‘atahum ruddat ilaihim, qālū yā abānā mā nabgī, hāżihī biḍā‘atunā ruddat ilainā wa namīru ahlanā wa naḥfaẓu akhānā wa nazdādu kaila ba‘īr(in), żālika kailuy yasīr(un).",
      "translation": "Ketika mereka membuka barang-barang mereka, mereka menemukan barang-barang (penukar) mereka dikembalikan kepada mereka. Mereka berkata, “Wahai ayah kami, apa (lagi) yang kita inginkan? Ini barang-barang kita dikembalikan kepada kita, kita akan dapat mendatangkan bahan makanan untuk keluarga kita, dan kami akan menjaga saudara kami, serta kita akan mendapat tambahan jatah (gandum) seberat beban seekor unta. Itu adalah suatu (tambahan) jatah yang mudah (bagi raja Mesir).”",
      "footnotes": null
    },
    {
      "ayah": 66,
      "quarter_hizb": 25,
      "juz": 13,
      "manzil": 3,
      "arabic": "قَالَ لَنْ اُرْسِلَهٗ مَعَكُمْ حَتّٰى تُؤْتُوْنِ مَوْثِقًا مِّنَ اللّٰهِ لَتَأْتُنَّنِيْ بِهٖٓ اِلَّآ اَنْ يُّحَاطَ بِكُمْۚ فَلَمَّآ اٰتَوْهُ مَوْثِقَهُمْ قَالَ اللّٰهُ عَلٰى مَا نَقُوْلُ وَكِيْلٌ",
      "latin": "Qāla lan ursilahū ma‘akum ḥattā tu'tūni mauṡiqam minallāhi lata'tunnanī bihī illā ayyuḥāṭa bikum, falammā ātauhu mauṡiqahum qālallāhu ‘alā mā naqūlu wakīl(un).",
      "translation": "Dia (Ya‘qub) berkata, “Aku tidak akan melepaskannya (pergi) bersama kamu, sebelum kamu bersumpah kepadaku atas (nama) Allah, bahwa kamu pasti akan membawanya kembali kepadaku, kecuali jika kamu dikepung (oleh musuh).” Setelah mereka memberikan janji kepadanya, dia (Ya‘qub) berkata, “Allah adalah saksi terhadap apa yang kita ucapkan.”",
      "footnotes": null
    },
    {
      "ayah": 67,
      "quarter_hizb": 25,
      "juz": 13,
      "manzil": 3,
      "arabic": "وَقَالَ يٰبَنِيَّ لَا تَدْخُلُوْا مِنْۢ بَابٍ وَّاحِدٍ وَّادْخُلُوْا مِنْ اَبْوَابٍ مُّتَفَرِّقَةٍۗ وَمَآ اُغْنِيْ عَنْكُمْ مِّنَ اللّٰهِ مِنْ شَيْءٍۗ اِنِ الْحُكْمُ اِلَّا لِلّٰهِ ۗعَلَيْهِ تَوَكَّلْتُ وَعَلَيْهِ فَلْيَتَوَكَّلِ الْمُتَوَكِّلُوْنَ",
      "latin": "Wa qāla yā baniyya lā tadkhulū mim bābiw wāḥidiw wadkhulū min abwābim mutafarriqah(tin), wa mā ugnī ‘ankum minallāhi min syai'(in), inil-ḥukmu illā lillāh(i), ‘alaihi tawakkaltu wa ‘alaihi  falyatawakkalil-mutawakkilūn(a).",
      "translation": "Dia (Ya‘qub) berkata, “Wahai anak-anakku, janganlah kamu masuk dari satu pintu gerbang, dan masuklah dari pintu-pintu gerbang yang berbeda-beda. (Namun,) aku tidak dapat mencegah (takdir) Allah dari kamu sedikit pun. (Penetapan) hukum itu hanyalah hak Allah. Kepada-Nyalah aku bertawakal dan hendaklah kepada-Nya (saja) orang-orang yang bertawakal (meningkatkan) tawakal(-nya).”",
      "footnotes": null
    },
    {
      "ayah": 68,
      "quarter_hizb": 25,
      "juz": 13,
      "manzil": 3,
      "arabic": "وَلَمَّا دَخَلُوْا مِنْ حَيْثُ اَمَرَهُمْ اَبُوْهُمْۗ مَا كَانَ يُغْنِيْ عَنْهُمْ مِّنَ اللّٰهِ مِنْ شَيْءٍ اِلَّا حَاجَةً فِيْ نَفْسِ يَعْقُوْبَ قَضٰىهَاۗ وَاِنَّهٗ لَذُوْ عِلْمٍ لِّمَا عَلَّمْنٰهُ وَلٰكِنَّ اَكْثَرَ النَّاسِ لَا يَعْلَمُوْنَ ࣖ",
      "latin": "Wa lammā dakhalū min ḥaiṡu amarahum abūhum, mā kāna yugnī ‘anhum minallāhi min syai'in illā ḥājatan fī nafsi ya‘qūba qaḍāhā, wa innahū lażū ‘ilmil limā ‘allamnāhu wa lākinna akṡaran-nāsi lā ya‘lamūn(a).",
      "translation": "Ketika mereka masuk dari arah yang sesuai dengan perintah ayahnya, (hal itu) tidak dapat mencegah sedikit pun keputusan Allah, tetapi (itu) hanya suatu keinginan pada diri Ya‘qub (yaitu kasih sayang kepada anak-anaknya) yang telah dipenuhinya. Sesungguhnya dia benar-benar mempunyai pengetahuan karena Kami telah mengajarkan kepadanya, tetapi kebanyakan manusia tidak mengetahui.",
      "footnotes": null
    },
    {
      "ayah": 69,
      "quarter_hizb": 25,
      "juz": 13,
      "manzil": 3,
      "arabic": "وَلَمَّا دَخَلُوْا عَلٰى يُوْسُفَ اٰوٰٓى اِلَيْهِ اَخَاهُ قَالَ اِنِّيْٓ اَنَا۠ اَخُوْكَ فَلَا تَبْتَىِٕسْ بِمَا كَانُوْا يَعْمَلُوْنَ",
      "latin": "Wa lammā dakhalū ‘alā yūsufa  āwā ilaihi akhāhu qāla innī akhūka falā tabta'is bimā kānū ya‘malūn(a).",
      "translation": "Ketika mereka masuk ke (tempat) Yusuf, dia menempatkan saudaranya (Bunyamin) di tempatnya, dia (Yusuf) berkata, “Sesungguhnya aku adalah saudaramu, jangan engkau bersedih terhadap apa yang selalu mereka kerjakan.”",
      "footnotes": null
    },
    {
      "ayah": 70,
      "quarter_hizb": 25,
      "juz": 13,
      "manzil": 3,
      "arabic": "فَلَمَّا جَهَّزَهُمْ بِجَهَازِهِمْ جَعَلَ السِّقَايَةَ فِيْ رَحْلِ اَخِيْهِ ثُمَّ اَذَّنَ مُؤَذِّنٌ اَيَّتُهَا الْعِيْرُ اِنَّكُمْ لَسٰرِقُوْنَ",
      "latin": "Falammā jahhazahum bijahāzihim ja‘las-siqāyata fī raḥli akhīhi ṡumma ażżana mu'ażżinun ayyatuhal-‘īru innakum lasāriqūn(a).",
      "translation": "Maka, ketika telah disiapkan bahan makanan untuk mereka, dia (Yusuf) memasukkan cawan375) ke dalam karung saudaranya (Bunyamin). Kemudian berteriaklah seorang penyeru, “Wahai kafilah, sesungguhnya kamu benar-benar para pencuri.”",
      "footnotes": "375) Cawan yang dimaksud adalah suatu wadah yang terbuat dari emas yang digunakan untuk minum dan dapat juga digunakan untuk menakar."
    },
    {
      "ayah": 71,
      "quarter_hizb": 25,
      "juz": 13,
      "manzil": 3,
      "arabic": "قَالُوْا وَاَقْبَلُوْا عَلَيْهِمْ مَّاذَا تَفْقِدُوْنَ",
      "latin": "Qālū wa aqbalū ‘alaihim māżā tafqidūn(a).",
      "translation": "Mereka bertanya, sambil menghadap kepada mereka (yang menuduh), “Apa yang hilang darimu?”",
      "footnotes": null
    },
    {
      "ayah": 72,
      "quarter_hizb": 25,
      "juz": 13,
      "manzil": 3,
      "arabic": "قَالُوْا نَفْقِدُ صُوَاعَ الْمَلِكِ وَلِمَنْ جَاۤءَ بِهٖ حِمْلُ بَعِيْرٍ وَّاَنَا۠ بِهٖ زَعِيْمٌ",
      "latin": "Qālū nafqidu ṣuwā‘al-maliki wa liman jā'a bihī ḥimlu ba‘īriw wa ana bihī za‘īm(un).",
      "translation": "Mereka menjawab, “Kami kehilangan cawan raja, dan siapa yang dapat mengembalikannya akan memperoleh (bahan makanan seberat) beban unta dan aku jamin itu.”",
      "footnotes": null
    },
    {
      "ayah": 73,
      "quarter_hizb": 25,
      "juz": 13,
      "manzil": 3,
      "arabic": "قَالُوْا تَاللّٰهِ لَقَدْ عَلِمْتُمْ مَّا جِئْنَا لِنُفْسِدَ فِى الْاَرْضِ وَمَا كُنَّا سٰرِقِيْنَ",
      "latin": "Qālū tallāhi laqad ‘alimtum  mā ji'tanā linufsida fil-arḍi wa mā kunnā sāriqīn(a).",
      "translation": "Mereka (saudara-saudara Yusuf) menjawab, “Demi Allah, sungguh kamu mengetahui bahwa kami datang bukan untuk berbuat kerusakan di negeri ini dan kami bukanlah para pencuri.”",
      "footnotes": null
    },
    {
      "ayah": 74,
      "quarter_hizb": 25,
      "juz": 13,
      "manzil": 3,
      "arabic": "قَالُوْا فَمَا جَزَاۤؤُهٗٓ اِنْ كُنْتُمْ كٰذِبِيْنَ",
      "latin": "Qālū famā jazā'uhū in kuntum kāżibīn(a).",
      "translation": "Mereka berkata, “Kalau demikian, apa hukumannya jika kamu berdusta?”",
      "footnotes": null
    },
    {
      "ayah": 75,
      "quarter_hizb": 25,
      "juz": 13,
      "manzil": 3,
      "arabic": "قَالُوْا جَزَاۤؤُهٗ مَنْ وُّجِدَ فِيْ رَحْلِهٖ فَهُوَ جَزَاۤؤُهٗ ۗ كَذٰلِكَ نَجْزِى الظّٰلِمِيْنَ",
      "latin": "Qālū jazā'uhū maw wujida fī raḥlihī fa huwa jazā'uh(ū), każālika najziẓ-ẓālimīn(a).",
      "translation": "Mereka (saudara-saudara Yusuf) menjawab, “Hukumannya ialah siapa yang ditemukan dalam karungnya (barang yang hilang itu), maka dialah sendiri balasannya (dijadikan hamba sahaya).376) Demikianlah kami memberikan hukuman kepada orang-orang zalim.”",
      "footnotes": "376) Dalam syariat Nabi Ya‘qub a.s., hukuman bagi pencuri adalah dijadikan hamba sahaya selama satu tahun."
    },
    {
      "ayah": 76,
      "quarter_hizb": 25,
      "juz": 13,
      "manzil": 3,
      "arabic": "فَبَدَاَ بِاَوْعِيَتِهِمْ قَبْلَ وِعَاۤءِ اَخِيْهِ ثُمَّ اسْتَخْرَجَهَا مِنْ وِّعَاۤءِ اَخِيْهِۗ  كَذٰلِكَ كِدْنَا لِيُوْسُفَۗ مَا كَانَ لِيَأْخُذَ اَخَاهُ فِيْ دِيْنِ الْمَلِكِ اِلَّآ اَنْ يَّشَاۤءَ اللّٰهُ ۗنَرْفَعُ دَرَجٰتٍ مَّنْ نَّشَاۤءُۗ وَفَوْقَ كُلِّ ذِيْ عِلْمٍ عَلِيْمٌ",
      "latin": "Fa bada'a bi'au‘iyatihim qabla wi‘ā'i akhīhi ṡummastakhrajahā miw wi‘ā'i akhīh(i), każālika kidnā liyūsuf(a), mā kāna liya'khuża akhāhu fī dīnil-maliki illā ay yasyā'allāh(u), narfa‘u darajātim man nasyā'(u), wa fauqa kulli żī ‘ilmin ‘alīm(un).",
      "translation": "Maka, mulailah dia (memeriksa) karung-karung mereka sebelum (memeriksa) karung saudaranya sendiri (Bunyamin), kemudian dia mengeluarkannya (cawan raja itu) dari karung saudaranya. Demikianlah Kami mengatur (rencana) untuk Yusuf. Dia tidak dapat menghukum saudaranya menurut hukum raja, kecuali Allah menghendakinya. Kami angkat derajat orang yang Kami kehendaki; dan di atas setiap orang yang berpengetahuan ada yang lebih mengetahui.",
      "footnotes": null
    },
    {
      "ayah": 77,
      "quarter_hizb": 25.25,
      "juz": 13,
      "manzil": 3,
      "arabic": "۞ قَالُوْٓا اِنْ يَّسْرِقْ فَقَدْ سَرَقَ اَخٌ لَّهٗ مِنْ قَبْلُۚ فَاَسَرَّهَا يُوْسُفُ فِيْ نَفْسِهٖ وَلَمْ يُبْدِهَا لَهُمْۚ قَالَ اَنْتُمْ شَرٌّ مَّكَانًا ۚوَاللّٰهُ اَعْلَمُ بِمَا تَصِفُوْنَ",
      "latin": "Qālū iy yasriq faqad saraqa akhul lahū min qabl(u), fa asarrahā yūsufu fī nafsihī wa lam yubdihā lahum, qāla antum syarrum makānā(n), wallāhu a‘lamu bimā taṣifūn(a).",
      "translation": "Mereka (saudara-saudara Yusuf) berkata, “Jika dia (Bunyamin) mencuri, sungguh sebelum ini saudaranya pun (Yusuf) pernah mencuri.” Maka Yusuf menyembunyikan (kekesalan) dalam hatinya dan tidak menampakkannya kepada mereka. Dia berkata (dalam hatinya), “Kamu lebih buruk kedudukan (yakni sifat-sifat kamu). Allah Maha Mengetahui apa yang kamu terangkan.”",
      "footnotes": null
    },
    {
      "ayah": 78,
      "quarter_hizb": 25.25,
      "juz": 13,
      "manzil": 3,
      "arabic": "قَالُوْا يٰٓاَيُّهَا الْعَزِيْزُ اِنَّ لَهٗٓ اَبًا شَيْخًا كَبِيْرًا فَخُذْ اَحَدَنَا مَكَانَهٗ ۚاِنَّا نَرٰىكَ مِنَ الْمُحْسِنِيْنَ",
      "latin": "Qālū yā ayyuhal-‘azīzu inna lahū aban syaikhan kabīran fa khuż aḥadanā makānah(ū), innā narāka minal-muḥsinīn(a).",
      "translation": "Mereka berkata, “Wahai al-Aziz, sesungguhnya dia (Bunyamin) mempunyai ayah yang sudah lanjut usia karena itu ambillah salah seorang di antara kami sebagai gantinya. Sesungguhnya kami melihat engkau termasuk orang-orang yang selalu berbuat lebih baik.”",
      "footnotes": null
    },
    {
      "ayah": 79,
      "quarter_hizb": 25.25,
      "juz": 13,
      "manzil": 3,
      "arabic": "قَالَ مَعَاذَ اللّٰهِ اَنْ نَّأْخُذَ اِلَّا مَنْ وَّجَدْنَا مَتَاعَنَا عِنْدَهٗٓ  ۙاِنَّآ اِذًا لَّظٰلِمُوْنَ ࣖ",
      "latin": "Qāla ma‘āżallāhi an na'khuża illā maw wajadnā matā‘anā ‘indah(ū), innā iżal laẓālimūn(a).",
      "translation": "Dia (Yusuf) berkata, “Kami memohon pelindungan kepada Allah dari menahan (seseorang), kecuali siapa yang kami temukan harta kami padanya. Jika kami (berbuat) demikian, sesungguhnya kami benar-benar orang-orang zalim.”",
      "footnotes": null
    },
    {
      "ayah": 80,
      "quarter_hizb": 25.25,
      "juz": 13,
      "manzil": 3,
      "arabic": "فَلَمَّا اسْتَيْـَٔسُوْا مِنْهُ خَلَصُوْا نَجِيًّاۗ قَالَ كَبِيْرُهُمْ اَلَمْ تَعْلَمُوْٓا اَنَّ اَبَاكُمْ قَدْ اَخَذَ عَلَيْكُمْ مَّوْثِقًا مِّنَ اللّٰهِ وَمِنْ قَبْلُ مَا فَرَّطْتُّمْ فِيْ يُوْسُفَ فَلَنْ اَبْرَحَ الْاَرْضَ حَتّٰى يَأْذَنَ لِيْٓ اَبِيْٓ اَوْ يَحْكُمَ اللّٰهُ لِيْۚ وَهُوَ خَيْرُ الْحٰكِمِيْنَ",
      "latin": "Falammastai'asū minhu khalaṣū najiyyā(n), qāla kabīruhum alam ta‘lamū anna abākum qad akhaża ‘alaikum mauṡiqam minallāhi wa min qablu mā farrattum fī yūsufa falan abraḥal-arḍa ḥattā ya'żana lī abī au yaḥkumallāhu lī, wa huwa khairul-ḥākimīn(a).",
      "translation": "Maka, ketika mereka telah berputus asa darinya (putusan Yusuf terhadap permintaan mereka membebaskan adiknya) mereka menyendiri (sambil berunding) dengan berbisik-bisik. Yang tertua di antara mereka berkata, “Tidakkah kamu ketahui bahwa ayah kamu telah mengambil sumpah dari kamu dengan (nama) Allah dan sebelum ini kamu telah menyia-nyiakan Yusuf? Oleh karena itu, aku tidak akan meninggalkan negeri ini (Mesir) sampai ayahku mengizinkanku (untuk kembali) atau Allah memberi putusan terhadapku. Dia adalah pemberi putusan yang terbaik.",
      "footnotes": null
    },
    {
      "ayah": 81,
      "quarter_hizb": 25.25,
      "juz": 13,
      "manzil": 3,
      "arabic": "اِرْجِعُوْٓا اِلٰٓى اَبِيْكُمْ فَقُوْلُوْا يٰٓاَبَانَآ اِنَّ ابْنَكَ سَرَقَۚ وَمَا شَهِدْنَآ اِلَّا بِمَا عَلِمْنَا وَمَا كُنَّا لِلْغَيْبِ حٰفِظِيْنَ",
      "latin": "Irji‘ū ilā abīkum fa qūlū yā abānā innabnaka saraq(a), wa mā syahidnā illā bimā ‘alimnā wa mā kunnā lil-gaibi ḥāfiẓīn(a).",
      "translation": "Kembalilah kepada ayahmu, lalu katakanlah, ‘Wahai ayah kami, sesungguhnya anakmu (Bunyamin) telah mencuri dan kami tidak bersaksi kecuali apa yang kami ketahui dan kami bukanlah orang-orang yang menjaga (mengetahui) apa yang gaib (yang di balik) itu.",
      "footnotes": null
    },
    {
      "ayah": 82,
      "quarter_hizb": 25.25,
      "juz": 13,
      "manzil": 3,
      "arabic": "وَسْـَٔلِ الْقَرْيَةَ الَّتِيْ كُنَّا فِيْهَا وَالْعِيْرَ الَّتِيْٓ اَقْبَلْنَا فِيْهَاۗ وَاِنَّا لَصٰدِقُوْنَ",
      "latin": "Was'alil-qaryatal-latī kunnā fīhā wal-‘īral-latī aqbalnā fīhā, wa innā laṣādiqūn(a).",
      "translation": "Tanyalah (penduduk) negeri tempat kami berada dan kafilah yang datang bersama kami. Sesungguhnya kami betul-betul orang yang benar.’”",
      "footnotes": null
    },
    {
      "ayah": 83,
      "quarter_hizb": 25.25,
      "juz": 13,
      "manzil": 3,
      "arabic": "قَالَ بَلْ سَوَّلَتْ لَكُمْ اَنْفُسُكُمْ اَمْرًاۗ فَصَبْرٌ جَمِيْلٌ  ۗعَسَى اللّٰهُ اَنْ يَّأْتِيَنِيْ بِهِمْ جَمِيْعًاۗ اِنَّهٗ هُوَ الْعَلِيْمُ الْحَكِيْمُ",
      "latin": "Qāla bal sawwalat lakum anfusukum amrā(n), fa ṣabrun jamīl(un), ‘asallāhu ay ya'tiyanī bihim jamī‘ā(n), innahū huwal-‘alīmul-ḥakīm(u).",
      "translation": "Dia (Ya‘qub) berkata, “Sebenarnya hanya dirimu sendiri yang memandang baik urusan (yang buruk) itu. (Kesabaranku) adalah kesabaran yang baik. Mudah-mudahan Allah mendatangkan mereka semua kepadaku. Sesungguhnya hanya Dialah Yang Maha Mengetahui lagi Maha Bijaksana.”",
      "footnotes": null
    },
    {
      "ayah": 84,
      "quarter_hizb": 25.25,
      "juz": 13,
      "manzil": 3,
      "arabic": "وَتَوَلّٰى عَنْهُمْ وَقَالَ يٰٓاَسَفٰى عَلٰى يُوْسُفَ وَابْيَضَّتْ عَيْنٰهُ مِنَ الْحُزْنِ فَهُوَ كَظِيْمٌ ",
      "latin": "Wa tawallā ‘anhum wa qāla yā asafā ‘alā yūsufa wabyaḍḍat ‘aināhu minal-ḥuzni fa huwa kaẓīm(un).",
      "translation": "Dia (Ya‘qub) berpaling dari mereka (anak-anaknya) seraya berkata, “Alangkah kasihan Yusuf,” dan kedua matanya menjadi putih karena sedih. Dia adalah orang yang sungguh-sungguh menahan (amarah dan kepedihan).",
      "footnotes": null
    },
    {
      "ayah": 85,
      "quarter_hizb": 25.25,
      "juz": 13,
      "manzil": 3,
      "arabic": "قَالُوْا تَاللّٰهِ تَفْتَؤُا تَذْكُرُ يُوْسُفَ حَتّٰى تَكُوْنَ حَرَضًا اَوْ تَكُوْنَ مِنَ الْهٰلِكِيْنَ",
      "latin": "Qālū tallāhi tafta'u tażkuru yūsufa ḥattā takūna ḥaraḍan au takūna minal-hālikīn(a).",
      "translation": "Mereka berkata, “Demi Allah, engkau tidak henti-hentinya mengingat Yusuf sehingga engkau (mengidap) penyakit berat atau engkau termasuk orang-orang yang akan binasa (wafat).”",
      "footnotes": null
    },
    {
      "ayah": 86,
      "quarter_hizb": 25.25,
      "juz": 13,
      "manzil": 3,
      "arabic": "قَالَ اِنَّمَآ اَشْكُوْا بَثِّيْ وَحُزْنِيْٓ اِلَى اللّٰهِ وَاَعْلَمُ مِنَ اللّٰهِ مَا لَا تَعْلَمُوْنَ",
      "latin": "Qāla innamā asykū baṡṡī wa ḥuznī ilallāhi wa a‘lamu minallāhi mā lā ta‘lamūn(a).",
      "translation": "Dia (Ya‘qub) menjawab, “Hanya kepada Allah aku mengadukan kesusahan dan kesedihanku. Aku mengetahui dari Allah apa yang tidak kamu ketahui.",
      "footnotes": null
    },
    {
      "ayah": 87,
      "quarter_hizb": 25.25,
      "juz": 13,
      "manzil": 3,
      "arabic": "يٰبَنِيَّ اذْهَبُوْا فَتَحَسَّسُوْا مِنْ يُّوْسُفَ وَاَخِيْهِ وَلَا تَا۟يْـَٔسُوْا مِنْ رَّوْحِ اللّٰهِ ۗاِنَّهٗ لَا يَا۟يْـَٔسُ مِنْ رَّوْحِ اللّٰهِ اِلَّا الْقَوْمُ الْكٰفِرُوْنَ",
      "latin": "Yā baniyyażhabū fa taḥassasū miy yūsufa wa akhīhi wa lā tai'asū mir rauḥillāh(i), innahū lā yai'asu mir rauḥillāhi illal-qaumul-kāfirūn(a).",
      "translation": "Wahai anak-anakku, pergi dan carilah berita tentang Yusuf beserta saudaranya. Janganlah kamu berputus asa dari rahmat Allah. Sesungguhnya tidak ada yang berputus asa dari rahmat Allah, kecuali kaum yang kafir.”",
      "footnotes": null
    },
    {
      "ayah": 88,
      "quarter_hizb": 25.25,
      "juz": 13,
      "manzil": 3,
      "arabic": "فَلَمَّا دَخَلُوْا عَلَيْهِ قَالُوْا يٰٓاَيُّهَا الْعَزِيْزُ مَسَّنَا وَاَهْلَنَا الضُّرُّ وَجِئْنَا بِبِضَاعَةٍ مُّزْجٰىةٍ فَاَوْفِ لَنَا الْكَيْلَ وَتَصَدَّقْ عَلَيْنَاۗ اِنَّ اللّٰهَ يَجْزِى الْمُتَصَدِّقِيْنَ",
      "latin": "Falammā dakhalū ‘alaihi qālū yā ayyuhal-‘azīzu massanā wa ahlanaḍ-ḍurru wa ji'nā bibiḍā‘atim muzjātin fa aufi lanal-kaila wa taṣaddaq ‘alainā, innallāha yajzil-mutaṣaddiqīn(a).",
      "translation": "Ketika mereka masuk ke (tempat)-nya (Yusuf), mereka berkata, “Wahai yang mulia, kami dan keluarga kami telah ditimpa kesengsaraan dan kami datang membawa barang-barang yang tidak berharga, maka penuhilah takaran (gandum) untuk kami, dan bersedekahlah kepada kami. Sesungguhnya Allah memberi balasan kepada orang-orang yang bersedekah.”",
      "footnotes": null
    },
    {
      "ayah": 89,
      "quarter_hizb": 25.25,
      "juz": 13,
      "manzil": 3,
      "arabic": "قَالَ هَلْ عَلِمْتُمْ مَّا فَعَلْتُمْ بِيُوْسُفَ وَاَخِيْهِ اِذْ اَنْتُمْ جٰهِلُوْنَ",
      "latin": "Qāla hal ‘alimtum mā fa‘altum biyūsufa wa akhīhi iż antum jāhilūn(a).",
      "translation": "Dia (Yusuf) berkata, “Tahukah kamu (kejelekan) apa yang telah kamu perbuat terhadap Yusuf dan saudaranya karena kamu tidak mengetahui (akibat) perbuatanmu itu?”",
      "footnotes": null
    },
    {
      "ayah": 90,
      "quarter_hizb": 25.25,
      "juz": 13,
      "manzil": 3,
      "arabic": "قَالُوْٓا ءَاِنَّكَ لَاَنْتَ يُوْسُفُۗ قَالَ اَنَا۠ يُوْسُفُ وَهٰذَآ اَخِيْ قَدْ مَنَّ اللّٰهُ عَلَيْنَاۗ اِنَّهٗ مَنْ يَّتَّقِ وَيَصْبِرْ فَاِنَّ اللّٰهَ لَا يُضِيْعُ اَجْرَ الْمُحْسِنِيْنَ",
      "latin": "Qālū a'innaka la'anta yūsuf(u), qāla ana yūsufu wa hāżā akhī qad mannallāhu ‘alainā, innahū may yataqqi wa yaṣbir fa innallāha lā yuḍī‘u ajral-muḥsinīn(a).",
      "translation": "Mereka berkata, “Apakah engkau benar-benar Yusuf?” Dia (Yusuf) menjawab, “Aku Yusuf dan ini saudaraku. Sungguh, Allah telah melimpahkan karunia-Nya kepada kami. Siapa yang bertakwa dan bersabar, sesungguhnya Allah tidak menyia-nyiakan pahala orang-orang yang muhsin.”",
      "footnotes": null
    },
    {
      "ayah": 91,
      "quarter_hizb": 25.25,
      "juz": 13,
      "manzil": 3,
      "arabic": "قَالُوْا تَاللّٰهِ لَقَدْ اٰثَرَكَ اللّٰهُ عَلَيْنَا وَاِنْ كُنَّا لَخٰطِـِٕيْنَ",
      "latin": "Qālū tallāhi laqad āṡarakallāhu ‘alainā wa in kunnā lakhāṭi'īn(a).",
      "translation": "Mereka berkata, “Demi Allah, Allah benar-benar telah melebihkan engkau di atas kami dan sesungguhnya kami benar-benar orang-orang yang bersalah.”",
      "footnotes": null
    },
    {
      "ayah": 92,
      "quarter_hizb": 25.25,
      "juz": 13,
      "manzil": 3,
      "arabic": "قَالَ لَا تَثْرِيْبَ عَلَيْكُمُ الْيَوْمَۗ يَغْفِرُ اللّٰهُ لَكُمْ ۖوَهُوَ اَرْحَمُ الرّٰحِمِيْنَ",
      "latin": "Qāla lā taṡrība ‘alaikumul-yaum(a), wa yagfirullāhu lakum, wa huwa arḥamur-rāḥimīn(a).",
      "translation": "Dia (Yusuf) berkata, “Pada hari ini tidak ada cercaan terhadap kamu, mudah-mudahan Allah mengampuni kamu. Dia Maha Penyayang di antara para penyayang.",
      "footnotes": null
    },
    {
      "ayah": 93,
      "quarter_hizb": 25.25,
      "juz": 13,
      "manzil": 3,
      "arabic": "اِذْهَبُوْا بِقَمِيْصِيْ هٰذَا فَاَلْقُوْهُ عَلٰى وَجْهِ اَبِيْ يَأْتِ بَصِيْرًا ۚوَأْتُوْنِيْ بِاَهْلِكُمْ اَجْمَعِيْنَ ࣖ",
      "latin": "Iżhabū biqamīṣī hāżā fa alqūhu ‘alā wajhi abī ya'ti baṣīrā(n), wa'tūnī bi'ahlikum ajma‘īn(a).",
      "translation": "Pergilah kamu dengan membawa bajuku ini, lalu usapkan ke wajah ayahku, nanti dia akan melihat (kembali); dan bawalah seluruh keluargamu kepadaku.”",
      "footnotes": null
    },
    {
      "ayah": 94,
      "quarter_hizb": 25.25,
      "juz": 13,
      "manzil": 3,
      "arabic": "وَلَمَّا فَصَلَتِ الْعِيْرُ قَالَ اَبُوْهُمْ اِنِّيْ لَاَجِدُ رِيْحَ يُوْسُفَ لَوْلَآ اَنْ تُفَنِّدُوْنِ",
      "latin": "Wa lammā faṣalatil-‘īru qāla abūhum innī la'ajidu rīḥa yūsufa lau lā an tufannidūn(i).",
      "translation": "Ketika kafilah itu telah keluar (dari Mesir dan memasuki Palestina), ayah mereka berkata, “Sesungguhnya aku mencium bau Yusuf seandainya kamu tidak menuduhku lemah akal.”",
      "footnotes": null
    },
    {
      "ayah": 95,
      "quarter_hizb": 25.25,
      "juz": 13,
      "manzil": 3,
      "arabic": "قَالُوْا تَاللّٰهِ اِنَّكَ لَفِيْ ضَلٰلِكَ الْقَدِيْمِ",
      "latin": "Qālū tallāhi innaka lafī ḍalālikal-qadīm(i).",
      "translation": "Mereka (keluarga Yusuf) berkata, “Demi Allah, sesungguhnya engkau benar-benar masih dalam kekeliruanmu yang dahulu.”",
      "footnotes": null
    },
    {
      "ayah": 96,
      "quarter_hizb": 25.25,
      "juz": 13,
      "manzil": 3,
      "arabic": "فَلَمَّآ اَنْ جَاۤءَ الْبَشِيْرُ اَلْقٰىهُ عَلٰى وَجْهِهٖ فَارْتَدَّ بَصِيْرًاۗ قَالَ اَلَمْ اَقُلْ لَّكُمْۙ اِنِّيْٓ اَعْلَمُ مِنَ اللّٰهِ مَا لَا تَعْلَمُوْنَ",
      "latin": "Falammā an jā'al-basyīru alqāhu ‘alā wajihihī fartadda baṣīrā(n), qāla alam aqul lakum, innī a‘lamu minallāhi mā lā ta‘lamūn(a).",
      "translation": "Ketika telah tiba pembawa kabar gembira itu, diusapkannya (baju itu) ke wajahnya (Ya‘qub), lalu dia dapat melihat kembali. Dia (Ya‘qub) berkata, “Bukankah telah aku katakan kepadamu bahwa aku mengetahui dari Allah apa yang tidak kamu ketahui?”",
      "footnotes": null
    },
    {
      "ayah": 97,
      "quarter_hizb": 25.25,
      "juz": 13,
      "manzil": 3,
      "arabic": "قَالُوْا يٰٓاَبَانَا اسْتَغْفِرْ لَنَا ذُنُوْبَنَآ اِنَّا كُنَّا خٰطِـِٕيْنَ",
      "latin": "Qālū yā abānastagfir lanā żunūbanā innā kunnā khāṭi'īn(a).",
      "translation": "Mereka (anak-anak Ya‘qub) berkata, “Wahai ayah kami, mohonkanlah ampunan untuk kami atas dosa-dosa kami. Sesungguhnya kami adalah orang-orang yang bersalah.”",
      "footnotes": null
    },
    {
      "ayah": 98,
      "quarter_hizb": 25.25,
      "juz": 13,
      "manzil": 3,
      "arabic": "قَالَ سَوْفَ اَسْتَغْفِرُ لَكُمْ رَبِّيْ ۗاِنَّهٗ هُوَ الْغَفُوْرُ الرَّحِيْمُ",
      "latin": "Qāla saufa astagfiru lakum rabbī, innahū huwal-gafūrur-raḥīm(u).",
      "translation": "Dia (Ya‘qub) berkata, “Aku akan memohonkan ampunan bagimu kepada Tuhanku. Sesungguhnya Dialah Yang Maha Pengampun lagi Maha Penyayang.”",
      "footnotes": null
    },
    {
      "ayah": 99,
      "quarter_hizb": 25.25,
      "juz": 13,
      "manzil": 3,
      "arabic": "فَلَمَّا دَخَلُوْا عَلٰى يُوْسُفَ اٰوٰٓى اِلَيْهِ اَبَوَيْهِ وَقَالَ ادْخُلُوْا مِصْرَ اِنْ شَاۤءَ اللّٰهُ اٰمِنِيْنَ ۗ ",
      "latin": "Falammā dakhalū ‘alā yūsufa āwā ilaihi abawaihi wa qāladkhulū miṣra in syā'allāhu āminīn(a).",
      "translation": "Maka ketika mereka masuk ke (tempat) Yusuf, dia merangkul ibu bapaknya seraya berkata, “Masuklah ke negeri Mesir. Insyaallah dalam keadaan aman.”",
      "footnotes": null
    },
    {
      "ayah": 100,
      "quarter_hizb": 25.25,
      "juz": 13,
      "manzil": 3,
      "arabic": "وَرَفَعَ اَبَوَيْهِ عَلَى الْعَرْشِ وَخَرُّوْا لَهٗ سُجَّدًاۚ وَقَالَ يٰٓاَبَتِ هٰذَا تَأْوِيْلُ رُءْيَايَ مِنْ قَبْلُ  ۖقَدْ جَعَلَهَا رَبِّيْ حَقًّاۗ وَقَدْ اَحْسَنَ بِيْٓ اِذْ اَخْرَجَنِيْ مِنَ السِّجْنِ وَجَاۤءَ بِكُمْ مِّنَ الْبَدْوِ مِنْۢ بَعْدِ اَنْ نَّزَغَ الشَّيْطٰنُ بَيْنِيْ وَبَيْنَ اِخْوَتِيْۗ اِنَّ رَبِّيْ لَطِيْفٌ لِّمَا يَشَاۤءُ ۗاِنَّهٗ هُوَ الْعَلِيْمُ الْحَكِيْمُ",
      "latin": "Wa rafa‘a abawaihi ‘alal-‘arsyi wa kharrū lahū sujjadā(n), wa qāla yā abati hāżā ta'wīlu ru'yāya min qabl(u), qad ja‘alahā rabbī ḥaqqā(n), wa qad aḥsana bī iż akhrajanī minas-sijni wa jā'a bikum minal-badwi mim ba‘di an nazagasy-syaiṭānu bainī wa baina ikhwatī, inna rabbī laṭīful limā yasyā'(u), innahū huwal-‘alīmul-ḥakīm(u).",
      "translation": "Dia (Yusuf) menaikkan kedua ibu bapaknya ke atas singgasana. Mereka tunduk bersujud kepadanya (Yusuf). Dia (Yusuf) berkata, “Wahai ayahku, inilah takwil mimpiku yang dahulu itu. Sungguh, Tuhanku telah menjadikannya kenyataan. Sungguh, Tuhanku telah berbuat baik kepadaku, ketika Dia membebaskan aku dari penjara dan ketika membawa kamu dari dusun, setelah setan merusak (hubungan) antara aku dengan saudara-saudaraku. Sesungguhnya Tuhanku Maha Lembut terhadap apa yang Dia kehendaki. Sesungguhnya Dialah Yang Maha Mengetahui lagi Maha Bijaksana.",
      "footnotes": null
    },
    {
      "ayah": 101,
      "quarter_hizb": 25.5,
      "juz": 13,
      "manzil": 3,
      "arabic": "۞ رَبِّ قَدْ اٰتَيْتَنِيْ مِنَ الْمُلْكِ وَعَلَّمْتَنِيْ مِنْ تَأْوِيْلِ الْاَحَادِيْثِۚ فَاطِرَ السَّمٰوٰتِ وَالْاَرْضِۗ اَنْتَ وَلِيّٖ فِى الدُّنْيَا وَالْاٰخِرَةِۚ تَوَفَّنِيْ مُسْلِمًا وَّاَلْحِقْنِيْ بِالصّٰلِحِيْنَ",
      "latin": "Rabbi qad ātaitanī minal-mulki wa ‘allamtanī min ta'wīlil-aḥādīṡ(i), fāṭiras-samāwāti wal-arḍ(i), anta waliyyī fid-dun-yā wal-ākhirah(ti), tawaffanī muslimaw wa alḥiqnī biṣ-ṣāliḥīn(a).",
      "translation": "Tuhanku, sungguh Engkau telah menganugerahkan kepadaku sebagian kekuasaan dan telah mengajarkan kepadaku sebagian takwil mimpi. (Wahai Tuhan) pencipta langit dan bumi, Engkaulah pelindungku di dunia dan di akhirat. Wafatkanlah aku dalam keadaan muslim dan gabungkanlah aku dengan orang-orang saleh.”",
      "footnotes": null
    },
    {
      "ayah": 102,
      "quarter_hizb": 25.5,
      "juz": 13,
      "manzil": 3,
      "arabic": "ذٰلِكَ مِنْ اَنْۢبَاۤءِ الْغَيْبِ نُوْحِيْهِ اِلَيْكَۚ وَمَا كُنْتَ لَدَيْهِمْ اِذْ اَجْمَعُوْٓا اَمْرَهُمْ وَهُمْ يَمْكُرُوْنَ",
      "latin": "Żālika min ambā'il-gaibi nūḥīhi ilaik(a), wa mā kunta ladaihim iż ajma‘ū amrahum wa hum yamkurūn(a).",
      "translation": "Itulah sebagian berita gaib yang Kami wahyukan kepadamu (Nabi Muhammad), padahal engkau tidak berada di samping mereka ketika mereka bersepakat mengatur tipu daya (untuk memasukkan Yusuf ke dalam sumur).",
      "footnotes": null
    },
    {
      "ayah": 103,
      "quarter_hizb": 25.5,
      "juz": 13,
      "manzil": 3,
      "arabic": "وَمَآ اَكْثَرُ النَّاسِ وَلَوْ حَرَصْتَ بِمُؤْمِنِيْنَ",
      "latin": "Wa mā akṡarun-nāsi wa lau ḥaraṣta bimu'minīn(a).",
      "translation": "Kebanyakan manusia tidak akan beriman walaupun engkau (Nabi Muhammad) sangat menginginkannya.",
      "footnotes": null
    },
    {
      "ayah": 104,
      "quarter_hizb": 25.5,
      "juz": 13,
      "manzil": 3,
      "arabic": "وَمَا تَسْـَٔلُهُمْ عَلَيْهِ مِنْ اَجْرٍۗ اِنْ هُوَ اِلَّا ذِكْرٌ لِّلْعٰلَمِيْنَ ࣖ",
      "latin": "Wa mā tas'aluhum ‘alaihi min ajr(in), in huwa illā żikrul lil-‘ālamīn(a).",
      "translation": "Engkau tidak meminta imbalan apa pun kepada mereka atas hal itu (seruanmu). Ia (Al-Qur’an) tidak lain adalah pengajaran bagi semesta alam.",
      "footnotes": null
    },
    {
      "ayah": 105,
      "quarter_hizb": 25.5,
      "juz": 13,
      "manzil": 3,
      "arabic": "وَكَاَيِّنْ مِّنْ اٰيَةٍ فِى السَّمٰوٰتِ وَالْاَرْضِ يَمُرُّوْنَ عَلَيْهَا وَهُمْ عَنْهَا مُعْرِضُوْنَ",
      "latin": "Wa ka'ayyim min āyatin fis-samāwāti wal-arḍi yamurrūna ‘alaihā wa hum ‘anhā mu‘rḍūn(a).",
      "translation": "Berapa banyak tanda-tanda (kebesaran Allah) di langit dan di bumi yang mereka lalui, tetapi mereka berpaling darinya.",
      "footnotes": null
    },
    {
      "ayah": 106,
      "quarter_hizb": 25.5,
      "juz": 13,
      "manzil": 3,
      "arabic": "وَمَا يُؤْمِنُ اَكْثَرُهُمْ بِاللّٰهِ اِلَّا وَهُمْ مُّشْرِكُوْنَ",
      "latin": "Wa mā yu'minu akṡaruhum billāhi illā wa hum musyrikūn(a).",
      "translation": "Kebanyakan mereka tidak beriman kepada Allah, bahkan mereka musyrik.",
      "footnotes": null
    },
    {
      "ayah": 107,
      "quarter_hizb": 25.5,
      "juz": 13,
      "manzil": 3,
      "arabic": "اَفَاَمِنُوْٓا اَنْ تَأْتِيَهُمْ غَاشِيَةٌ مِّنْ عَذَابِ اللّٰهِ اَوْ تَأْتِيَهُمُ السَّاعَةُ بَغْتَةً وَّهُمْ لَا يَشْعُرُوْنَ",
      "latin": "Afa aminū an ta'tiyahum gāsyiyatum min ‘ażābillāhi au ta'tiyahumus-sā‘atu bagtataw wa hum lā yasy‘urūn(a).",
      "translation": "Apakah mereka merasa aman dari kedatangan siksa Allah yang meliputi mereka, atau kedatangan kiamat kepada mereka secara tiba-tiba, sedangkan mereka tidak menyadari?",
      "footnotes": null
    },
    {
      "ayah": 108,
      "quarter_hizb": 25.5,
      "juz": 13,
      "manzil": 3,
      "arabic": "قُلْ هٰذِهٖ سَبِيْلِيْٓ اَدْعُوْٓا اِلَى اللّٰهِ ۗعَلٰى بَصِيْرَةٍ اَنَا۠ وَمَنِ اتَّبَعَنِيْ ۗوَسُبْحٰنَ اللّٰهِ وَمَآ اَنَا۠ مِنَ الْمُشْرِكِيْنَ",
      "latin": "Qul hāżihī sabīlī ad‘ū ilallāh(i), ‘alā baṣīratin ana wa manittaba‘anī, wa subḥānallāhi wa mā ana minal-musyrikīn(a).",
      "translation": "Katakanlah (Nabi Muhammad), “Inilah jalanku, aku dan orang-orang yang mengikutiku mengajak (seluruh manusia) kepada Allah dengan bukti yang nyata. Maha Suci Allah dan aku tidak termasuk golongan orang-orang musyrik.”",
      "footnotes": null
    },
    {
      "ayah": 109,
      "quarter_hizb": 25.5,
      "juz": 13,
      "manzil": 3,
      "arabic": "وَمَآ اَرْسَلْنَا مِنْ قَبْلِكَ اِلَّا رِجَالًا نُّوْحِيْٓ اِلَيْهِمْ مِّنْ اَهْلِ الْقُرٰىۗ اَفَلَمْ يَسِيْرُوْا فِى الْاَرْضِ فَيَنْظُرُوْا كَيْفَ كَانَ عَاقِبَةُ الَّذِيْنَ مِنْ قَبْلِهِمْۗ وَلَدَارُ الْاٰخِرَةِ خَيْرٌ لِّلَّذِيْنَ اتَّقَوْاۗ اَفَلَا تَعْقِلُوْنَ",
      "latin": "Wa mā arsalnā min qablika illā rijālan nūḥī ilaihim min ahlil-qurā, afalam yasīrū fil-arḍi fa yanẓurū kaifa kāna ‘āqibatul-lażīna min qablihim, wa ladārul-ākhirati khairul lil-lażīnattaqau, afalā ta‘qilūn(a).",
      "translation": "Kami tidak mengutus sebelum engkau (Nabi Muhammad), kecuali laki-laki yang Kami berikan wahyu kepada mereka di antara penduduk negeri. Tidakkah mereka berjalan di bumi lalu memperhatikan bagaimana kesudahan orang-orang sebelum mereka (yang mendustakan rasul)? Sesungguhnya negeri akhirat itu lebih baik bagi orang-orang yang bertakwa. Apakah kamu tidak mengerti?",
      "footnotes": null
    },
    {
      "ayah": 110,
      "quarter_hizb": 25.5,
      "juz": 13,
      "manzil": 3,
      "arabic": "حَتّٰٓى اِذَا اسْتَيْـَٔسَ الرُّسُلُ وَظَنُّوْٓا اَنَّهُمْ قَدْ كُذِبُوْا جَاۤءَهُمْ نَصْرُنَاۙ فَنُجِّيَ مَنْ نَّشَاۤءُ ۗوَلَا يُرَدُّ بَأْسُنَا عَنِ الْقَوْمِ الْمُجْرِمِيْنَ",
      "latin": "Ḥattā iżastai'asar-rusulu wa ẓannū annahum qad kużibū jā'ahum naṣrunā, fa nujjiya man nasyā'(u), wa lā yuraddu ba'sunā ‘anil-qaumil-mujrimīn(a).",
      "translation": "Sehingga, apabila para rasul tidak memiliki harapan lagi dan meyakini bahwa mereka benar-benar telah didustakan, datanglah kepada mereka pertolongan Kami, lalu diselamatkanlah orang yang Kami kehendaki. Siksa Kami tidak dapat ditolak dari kaum pendosa.",
      "footnotes": null
    },
    {
      "ayah": 111,
      "quarter_hizb": 25.5,
      "juz": 13,
      "manzil": 3,
      "arabic": "لَقَدْ كَانَ فِيْ قَصَصِهِمْ عِبْرَةٌ لِّاُولِى الْاَلْبَابِۗ مَا كَانَ حَدِيْثًا يُّفْتَرٰى وَلٰكِنْ تَصْدِيْقَ الَّذِيْ بَيْنَ يَدَيْهِ وَتَفْصِيْلَ كُلِّ شَيْءٍ وَّهُدًى وَّرَحْمَةً لِّقَوْمٍ يُّؤْمِنُوْنَ ࣖ",
      "latin": "Laqad kāna fī qaṣaṣihim ‘ibratul li'ulil-albāb(i), mā kāna ḥadīṡay yuftarā wa lākin taṣdīqal-lażī baina yadaihi wa tafṣīla kulli syai'iw wa hudaw wa raḥmatal liqaumiy yu'minūn(a).",
      "translation": "Sungguh, pada kisah mereka benar-benar terdapat pelajaran bagi orang-orang yang berakal sehat. (Al-Qur’an) bukanlah cerita yang dibuat-buat, melainkan merupakan pembenar (kitab-kitab) yang sebelumnya, memerinci segala sesuatu, sebagai petunjuk, dan rahmat bagi kaum yang beriman.",
      "footnotes": null
    }
  ]
}