{
  "arabic": " الحجر",
  "latin": "Al-Ḥijr",
  "transliteration": "Al-Hijr",
  "translation": "Hijr",
  "num_ayah": 99,
  "location": "Makkiyah",
  "ayah": [
    {
      "ayah": 1,
      "quarter_hizb": 27,
      "juz": 13,
      "manzil": 3,
      "arabic": "الۤرٰ ۗتِلْكَ اٰيٰتُ الْكِتٰبِ وَقُرْاٰنٍ مُّبِيْنٍ  ۔",
      "latin": "Alif lām rā, tilka āyātul-kitābi wa qur'ānim mubīn(in).",
      "translation": "Alif Lām Rā. Itulah ayat-ayat Kitab, yaitu (ayat-ayat) Al-Qur’an yang memberi penjelasan.",
      "footnotes": null
    },
    {
      "ayah": 2,
      "quarter_hizb": 27,
      "juz": 14,
      "manzil": 3,
      "arabic": "رُبَمَا يَوَدُّ الَّذِيْنَ كَفَرُوْا لَوْ كَانُوْا مُسْلِمِيْنَ ",
      "latin": "Rubamā yawaddul-lażīna kafarū lau kānū muslimīn(a).",
      "translation": "Orang-orang yang kufur itu sering kali (nanti di akhirat) menginginkan, sekiranya mereka dahulu (di dunia) menjadi orang-orang muslim.",
      "footnotes": null
    },
    {
      "ayah": 3,
      "quarter_hizb": 27,
      "juz": 14,
      "manzil": 3,
      "arabic": "ذَرْهُمْ يَأْكُلُوْا وَيَتَمَتَّعُوْا وَيُلْهِهِمُ الْاَمَلُ فَسَوْفَ يَعْلَمُوْنَ ",
      "latin": "Żarhum ya'kulū wa yatamatta‘ū wa yulhihimul-amalu fa saufa ya‘lamūn(a).",
      "translation": "Biarkanlah mereka (di dunia ini) makan, bersenang-senang, dan dilalaikan oleh angan-angan (kosong). Kelak mereka akan mengetahui (akibat perbuatannya).",
      "footnotes": null
    },
    {
      "ayah": 4,
      "quarter_hizb": 27,
      "juz": 14,
      "manzil": 3,
      "arabic": "وَمَآ اَهْلَكْنَا مِنْ قَرْيَةٍ اِلَّا وَلَهَا كِتَابٌ مَّعْلُوْمٌ ",
      "latin": "Wa mā ahlaknā min qaryatin illā wa lahā kitābum ma‘lūm(un).",
      "translation": "Kami tidak membinasakan suatu negeri, kecuali sudah ada ketentuan yang ditetapkan baginya.",
      "footnotes": null
    },
    {
      "ayah": 5,
      "quarter_hizb": 27,
      "juz": 14,
      "manzil": 3,
      "arabic": "مَا تَسْبِقُ مِنْ اُمَّةٍ اَجَلَهَا وَمَا يَسْتَأْخِرُوْنَ ",
      "latin": "Mā tasbiqu min ummatin ajalahā wa mā yasta'khirūn(a).",
      "translation": "Tidak ada satu umat pun yang dapat menyegerakan ajalnya dan tidak (pula) menangguhkan(-nya).",
      "footnotes": null
    },
    {
      "ayah": 6,
      "quarter_hizb": 27,
      "juz": 14,
      "manzil": 3,
      "arabic": "وَقَالُوْا يٰٓاَيُّهَا الَّذِيْ نُزِّلَ عَلَيْهِ الذِّكْرُ اِنَّكَ لَمَجْنُوْنٌ  ۗ  ",
      "latin": "Wa qālū yā ayyuhal-lażī nuzzila ‘alaihiż-żikru innaka lamajnūn(un).",
      "translation": "Mereka berkata, “Wahai orang yang kepadanya diturunkan Al-Qur’an, sesungguhnya engkau (Nabi Muhammad) benar-benar orang gila.392)",
      "footnotes": "392) Kata-kata ini diucapkan oleh orang kafir Makkah kepada Nabi Muhammad saw. sebagai ejekan. "
    },
    {
      "ayah": 7,
      "quarter_hizb": 27,
      "juz": 14,
      "manzil": 3,
      "arabic": "لَوْمَا تَأْتِيْنَا بِالْمَلٰۤىِٕكَةِ اِنْ كُنْتَ مِنَ الصّٰدِقِيْنَ ",
      "latin": "Lau mā ta'tīnā bil-malā'ikati in kunta minaṣ-ṣādiqīn(a).",
      "translation": "Mengapa engkau tidak mendatangkan malaikat kepada kami, jika engkau termasuk orang-orang yang benar?”",
      "footnotes": null
    },
    {
      "ayah": 8,
      "quarter_hizb": 27,
      "juz": 14,
      "manzil": 3,
      "arabic": "مَا نُنَزِّلُ الْمَلٰۤىِٕكَةَ اِلَّا بِالْحَقِّ وَمَا كَانُوْٓا اِذًا مُّنْظَرِيْنَ ",
      "latin": "Mā nunazzilul-malā'ikata illā bil-ḥaqqi wa mā kānū iżam munẓarīn(a).",
      "translation": "Kami tidak menurunkan malaikat, kecuali dengan kebenaran. (Jika orang-orang kafir itu mengingkarinya,) mereka tidak diberi penangguhan (dari azab Allah).",
      "footnotes": null
    },
    {
      "ayah": 9,
      "quarter_hizb": 27,
      "juz": 14,
      "manzil": 3,
      "arabic": "اِنَّا نَحْنُ نَزَّلْنَا الذِّكْرَ وَاِنَّا لَهٗ لَحٰفِظُوْنَ ",
      "latin": "Innā naḥnu nazzalnaż-żikra wa innā lahū laḥāfiẓūn(a).",
      "translation": "Sesungguhnya Kamilah yang menurunkan Al-Qur’an dan pasti Kami (pula) yang memeliharanya.393)",
      "footnotes": "393) Ayat ini memberi jaminan tentang kesucian dan kemurnian Al-Qur’an selama-lamanya."
    },
    {
      "ayah": 10,
      "quarter_hizb": 27,
      "juz": 14,
      "manzil": 3,
      "arabic": "وَلَقَدْ اَرْسَلْنَا مِنْ قَبْلِكَ فِيْ شِيَعِ الْاَوَّلِيْنَ ",
      "latin": "Wa laqad arsalnā min qablika fī syiya‘il-awwalīn(a).",
      "translation": "Sungguh, Kami benar-benar telah mengutus (beberapa rasul) sebelum engkau (Nabi Muhammad) kepada umat-umat terdahulu.",
      "footnotes": null
    },
    {
      "ayah": 11,
      "quarter_hizb": 27,
      "juz": 14,
      "manzil": 3,
      "arabic": "وَمَا يَأْتِيْهِمْ مِّنْ رَّسُوْلٍ اِلَّا كَانُوْا بِهٖ يَسْتَهْزِءُوْنَ ",
      "latin": "Wa mā ya'tīhim mir rasūlin illā kānū bihī yastahzi'ūn(a).",
      "translation": "Tidaklah datang seorang rasul kepada mereka, kecuali selalu memperolok-olokkannya.",
      "footnotes": null
    },
    {
      "ayah": 12,
      "quarter_hizb": 27,
      "juz": 14,
      "manzil": 3,
      "arabic": "كَذٰلِكَ نَسْلُكُهٗ فِيْ قُلُوْبِ الْمُجْرِمِيْنَۙ",
      "latin": "Każālika naslukuhū fī qulūbil-mujrimīn(a).",
      "translation": "Demikianlah, Kami memasukkannya (olok-olok itu) ke dalam hati orang-orang yang berdosa.",
      "footnotes": null
    },
    {
      "ayah": 13,
      "quarter_hizb": 27,
      "juz": 14,
      "manzil": 3,
      "arabic": "لَا يُؤْمِنُوْنَ بِهٖ وَقَدْ خَلَتْ سُنَّةُ الْاَوَّلِيْنَ ",
      "latin": "Lā yu'minūna bihī wa qad khalat sunnatul-awwalīn(a).",
      "translation": "Mereka tidak beriman kepadanya (Al-Qur’an), padahal telah berlalu sunatullah394) terhadap orang-orang terdahulu.",
      "footnotes": "394) Sunatullah di sini ialah membinasakan orang yang mendustakan rasul."
    },
    {
      "ayah": 14,
      "quarter_hizb": 27,
      "juz": 14,
      "manzil": 3,
      "arabic": "وَلَوْ فَتَحْنَا عَلَيْهِمْ بَابًا مِّنَ السَّمَاۤءِ فَظَلُّوْا فِيْهِ يَعْرُجُوْنَۙ",
      "latin": "Wa lau fataḥnā ‘alaihim bābam minas-samā'i fa ẓallū fīhi ya‘rujūn(a).",
      "translation": "Kalau Kami bukakan (salah satu) pintu langit untuk mereka, lalu mereka terus menerus naik ke atasnya,",
      "footnotes": null
    },
    {
      "ayah": 15,
      "quarter_hizb": 27,
      "juz": 14,
      "manzil": 3,
      "arabic": "لَقَالُوْٓا اِنَّمَا سُكِّرَتْ اَبْصَارُنَا بَلْ نَحْنُ قَوْمٌ مَّسْحُوْرُوْنَ ࣖ ",
      "latin": "Laqālū innamā sukkirat abṣārunā bal naḥnu qaumum masḥūrūn(a).",
      "translation": "tentulah mereka berkata, “Sesungguhnya pandangan kamilah yang dikaburkan. Bahkan, kami adalah kaum yang terkena sihir.”",
      "footnotes": null
    },
    {
      "ayah": 16,
      "quarter_hizb": 27,
      "juz": 14,
      "manzil": 3,
      "arabic": "وَلَقَدْ جَعَلْنَا فِى السَّمَاۤءِ بُرُوْجًا وَّزَيَّنّٰهَا لِلنّٰظِرِيْنَۙ",
      "latin": "Wa laqad ja‘alnā fis-samā'i burūjaw wa zayyannāhā lin-nāẓirīn(a).",
      "translation": "Sungguh, Kami benar-benar telah menciptakan gugusan bintang di langit dan menjadikannya terasa indah bagi orang-orang yang memandang (langit itu).",
      "footnotes": null
    },
    {
      "ayah": 17,
      "quarter_hizb": 27,
      "juz": 14,
      "manzil": 3,
      "arabic": "وَحَفِظْنٰهَا مِنْ كُلِّ شَيْطٰنٍ رَّجِيْمٍۙ",
      "latin": "Wa ḥafiẓnāhā min kulli syaiṭānir rajīm(in).",
      "translation": "Kami menjaganya dari setiap setan yang terkutuk,",
      "footnotes": null
    },
    {
      "ayah": 18,
      "quarter_hizb": 27,
      "juz": 14,
      "manzil": 3,
      "arabic": "اِلَّا مَنِ اسْتَرَقَ السَّمْعَ فَاَتْبَعَهٗ شِهَابٌ مُّبِيْنٌ ",
      "latin": "Illā manistaraqas-sam‘a fa atba‘ahū syihābum mubīn(un).",
      "translation": "kecuali (setan) yang mencuri-curi (berita) yang dapat didengar (dari malaikat) maka dia dikejar oleh bintang-bintang (berapi) yang terang.",
      "footnotes": null
    },
    {
      "ayah": 19,
      "quarter_hizb": 27,
      "juz": 14,
      "manzil": 3,
      "arabic": "وَالْاَرْضَ مَدَدْنٰهَا وَاَلْقَيْنَا فِيْهَا رَوَاسِيَ وَاَنْۢبَتْنَا فِيْهَا مِنْ كُلِّ شَيْءٍ مَّوْزُوْنٍ",
      "latin": "Wal-arḍa madadnāhā wa alqainā fīhā rawāsiya wa ambatnā fīhā min kulli syai'im mauzūn(in).",
      "translation": "Kami telah menghamparkan bumi, memancangkan padanya gunung-gunung, dan menumbuhkan di sana segala sesuatu menurut ukuran(-nya).",
      "footnotes": null
    },
    {
      "ayah": 20,
      "quarter_hizb": 27,
      "juz": 14,
      "manzil": 3,
      "arabic": "وَجَعَلْنَا لَكُمْ فِيْهَا مَعَايِشَ وَمَنْ لَّسْتُمْ لَهٗ بِرٰزِقِيْنَ ",
      "latin": "Wa ja‘alnā lakum fīhā ma‘āyisya  wa mal lastum lahū birāziqīn(a).",
      "translation": "Kami telah menjadikan di sana sumber-sumber kehidupan untukmu dan (menjadikan pula) makhluk hidup yang bukan kamu pemberi rezekinya.",
      "footnotes": null
    },
    {
      "ayah": 21,
      "quarter_hizb": 27,
      "juz": 14,
      "manzil": 3,
      "arabic": "وَاِنْ مِّنْ شَيْءٍ اِلَّا عِنْدَنَا خَزَاۤىِٕنُهٗ وَمَا نُنَزِّلُهٗٓ اِلَّا بِقَدَرٍ مَّعْلُوْمٍ ",
      "latin": "Wa im min syai'in illā ‘indanā khazā'inuhū wa mā nunazziluhū illā biqadarim ma‘lūm(un).",
      "translation": "Tidak ada sesuatu pun melainkan di sisi Kamilah perbendaharaannya395) dan Kami tidak menurunkannya melainkan dengan ukuran tertentu.",
      "footnotes": "395) Segala sesuatu itu bersumber dari Allah Swt. "
    },
    {
      "ayah": 22,
      "quarter_hizb": 27,
      "juz": 14,
      "manzil": 3,
      "arabic": "وَاَرْسَلْنَا الرِّيٰحَ لَوَاقِحَ فَاَنْزَلْنَا مِنَ السَّمَاۤءِ مَاۤءً فَاَسْقَيْنٰكُمُوْهُۚ وَمَآ اَنْتُمْ لَهٗ بِخٰزِنِيْنَ",
      "latin": "Wa arsalnar-riyāḥa lawāqiha fa anzalnā minas-samā'i mā'an fa asqainākumūh(u), wa mā antum lahū bikhāzinīn(a).",
      "translation": "Kami telah meniupkan angin untuk mengawinkan.396) Maka, Kami menurunkan hujan dari langit lalu memberimu minum dengan (air) itu, sedangkan kamu bukanlah orang-orang yang menyimpannya.",
      "footnotes": "396) Maksudnya adalah mengawinkan awan, tanaman, dan sebagainya."
    },
    {
      "ayah": 23,
      "quarter_hizb": 27,
      "juz": 14,
      "manzil": 3,
      "arabic": "وَاِنَّا لَنَحْنُ نُحْيٖ وَنُمِيْتُ وَنَحْنُ الْوٰرِثُوْنَ ",
      "latin": "Wa innā lanaḥnu nuḥyī wa numītu wa naḥnul-wāriṡūn(a).",
      "translation": "Sesungguhnya Kamilah yang menghidupkan dan mematikan serta Kami (pulalah) yang mewarisi.",
      "footnotes": null
    },
    {
      "ayah": 24,
      "quarter_hizb": 27,
      "juz": 14,
      "manzil": 3,
      "arabic": "وَلَقَدْ عَلِمْنَا الْمُسْتَقْدِمِيْنَ مِنْكُمْ وَلَقَدْ عَلِمْنَا الْمُسْتَأْخِرِيْنَ ",
      "latin": "Wa laqad ‘alimnal-mustaqdimīna minkum wa laqad ‘alimnal-musta'khirīn(a).",
      "translation": "Sungguh, Kami benar-benar mengetahui orang-orang yang terdahulu di antara kamu dan Kami mengetahui pula orang-orang yang terkemudian.",
      "footnotes": null
    },
    {
      "ayah": 25,
      "quarter_hizb": 27,
      "juz": 14,
      "manzil": 3,
      "arabic": "وَاِنَّ رَبَّكَ هُوَ يَحْشُرُهُمْۗ اِنَّهٗ حَكِيْمٌ عَلِيْمٌ ࣖ ",
      "latin": "Wa inna rabbaka huwa yaḥsyuruhum, innahū ḥakīmun ‘alīm(un).",
      "translation": "Sesungguhnya hanya Tuhanmulah yang akan mengumpulkan mereka. Sesungguhnya Dia Maha Bijaksana lagi Maha Mengetahui.",
      "footnotes": null
    },
    {
      "ayah": 26,
      "quarter_hizb": 27,
      "juz": 14,
      "manzil": 3,
      "arabic": "وَلَقَدْ خَلَقْنَا الْاِنْسَانَ مِنْ صَلْصَالٍ مِّنْ حَمَاٍ مَّسْنُوْنٍۚ  ",
      "latin": "Wa laqad khalaqnal-insāna min ṣalṣālim min ḥama'im masnūn(in).",
      "translation": "Sungguh, Kami benar-benar telah menciptakan manusia (Adam) dari tanah liat kering dari lumpur hitam yang dibentuk.",
      "footnotes": null
    },
    {
      "ayah": 27,
      "quarter_hizb": 27,
      "juz": 14,
      "manzil": 3,
      "arabic": "وَالْجَاۤنَّ خَلَقْنٰهُ مِنْ قَبْلُ مِنْ نَّارِ السَّمُوْمِ  ",
      "latin": "Wal-jānna khalaqnāhu min qablu min nāris-samūm(i).",
      "translation": "Sebelumnya Kami telah menciptakan jin dari api yang sangat panas.",
      "footnotes": null
    },
    {
      "ayah": 28,
      "quarter_hizb": 27,
      "juz": 14,
      "manzil": 3,
      "arabic": "وَاِذْ قَالَ رَبُّكَ لِلْمَلٰۤىِٕكَةِ اِنِّيْ خَالِقٌۢ بَشَرًا مِّنْ صَلْصَالٍ مِّنْ حَمَاٍ مَّسْنُوْنٍۚ  ",
      "latin": "Wa iż qāla rabbuka lil-malā'ikati innī khāliqum basyaram min ṣalṣālim min ḥama'im masnūn(in).",
      "translation": "(Ingatlah) ketika Tuhanmu berfirman kepada malaikat, “Sesungguhnya Aku akan menciptakan seorang manusia dari tanah liat kering dari lumpur hitam yang dibentuk.",
      "footnotes": null
    },
    {
      "ayah": 29,
      "quarter_hizb": 27,
      "juz": 14,
      "manzil": 3,
      "arabic": "فَاِذَا سَوَّيْتُهٗ وَنَفَخْتُ فِيْهِ مِنْ رُّوْحِيْ فَقَعُوْا لَهٗ سٰجِدِيْنَ ",
      "latin": "Fa iżā sawwaituhū wa nafakhtu fīhi mir rūḥī fa qa‘ū lahū sājidīn(a).",
      "translation": "Maka, apabila Aku telah menyempurnakan (kejadian)-nya dan telah meniupkan roh (ciptaan)-Ku ke dalamnya, menyungkurlah kamu kepadanya dengan bersujud.”397)",
      "footnotes": "397) Sujud di sini bukan berarti menyembah, melainkan menghormat seperti sujudnya saudara-saudara Nabi Yusuf a.s. kepadanya."
    },
    {
      "ayah": 30,
      "quarter_hizb": 27,
      "juz": 14,
      "manzil": 3,
      "arabic": "فَسَجَدَ الْمَلٰۤىِٕكَةُ كُلُّهُمْ اَجْمَعُوْنَۙ",
      "latin": "Fa sajadal-malā'ikatu kulluhum  ajma‘ūn(a).",
      "translation": "Lalu, para malaikat itu bersujud semuanya bersama-sama,",
      "footnotes": null
    },
    {
      "ayah": 31,
      "quarter_hizb": 27,
      "juz": 14,
      "manzil": 3,
      "arabic": "اِلَّآ اِبْلِيْسَۗ اَبٰىٓ اَنْ يَّكُوْنَ مَعَ السّٰجِدِيْنَ ",
      "latin": "Illā iblīs(a), abā ay yakūna ma‘as-sājidīn(a).",
      "translation": "kecuali Iblis. Ia enggan ikut bersama para (malaikat) yang bersujud.",
      "footnotes": null
    },
    {
      "ayah": 32,
      "quarter_hizb": 27,
      "juz": 14,
      "manzil": 3,
      "arabic": "قَالَ يٰٓاِبْلِيْسُ مَا لَكَ اَلَّا تَكُوْنَ مَعَ السّٰجِدِيْنَ ",
      "latin": "Qāla yā iblīsu mā laka allā takūna ma‘as-sājidīn(a).",
      "translation": "Dia (Allah) berfirman, “Wahai Iblis, apa yang menyebabkanmu enggan bersama mereka yang bersujud itu?”",
      "footnotes": null
    },
    {
      "ayah": 33,
      "quarter_hizb": 27,
      "juz": 14,
      "manzil": 3,
      "arabic": "قَالَ لَمْ اَكُنْ لِّاَسْجُدَ لِبَشَرٍ خَلَقْتَهٗ مِنْ صَلْصَالٍ مِّنْ حَمَاٍ مَّسْنُوْنٍ ",
      "latin": "Qāla lam akul li'asjuda libasyarin khalaqtahū min ṣalṣālim min ḥama'im masnūn(in).",
      "translation": "Ia (Iblis) berkata, “Aku sekali-kali tidak akan bersujud kepada manusia yang Engkau ciptakan dari tanah liat kering dari lumpur hitam yang diberi bentuk.”",
      "footnotes": null
    },
    {
      "ayah": 34,
      "quarter_hizb": 27,
      "juz": 14,
      "manzil": 3,
      "arabic": "قَالَ فَاخْرُجْ مِنْهَا فَاِنَّكَ رَجِيْمٌۙ",
      "latin": "Qāla fakhruj minhā fa innaka rajīm(un).",
      "translation": "(Allah) berfirman, “Keluarlah darinya (surga) karena sesungguhnya kamu terkutuk.",
      "footnotes": null
    },
    {
      "ayah": 35,
      "quarter_hizb": 27,
      "juz": 14,
      "manzil": 3,
      "arabic": "وَّاِنَّ عَلَيْكَ اللَّعْنَةَ اِلٰى يَوْمِ الدِّيْنِ ",
      "latin": "Wa inna ‘alaikal-la‘nata ilā yaumid-dīn(i).",
      "translation": "Sesungguhnya kamu terlaknat sampai hari Kiamat.”",
      "footnotes": null
    },
    {
      "ayah": 36,
      "quarter_hizb": 27,
      "juz": 14,
      "manzil": 3,
      "arabic": "قَالَ رَبِّ فَاَنْظِرْنِيْٓ اِلٰى يَوْمِ يُبْعَثُوْنَ ",
      "latin": "Qāla rabbi fa anẓirnī ilā yaumi yub‘aṡūn(a).",
      "translation": "(Iblis) berkata, “Wahai Tuhanku, tangguhkanlah (usia)-ku sampai hari mereka (manusia) dibangkitkan.”",
      "footnotes": null
    },
    {
      "ayah": 37,
      "quarter_hizb": 27,
      "juz": 14,
      "manzil": 3,
      "arabic": "قَالَ فَاِنَّكَ مِنَ الْمُنْظَرِيْنَۙ",
      "latin": "Qāla fa innaka minal-munẓarīn(a).",
      "translation": "(Allah) berfirman, “Sesungguhnya kamu termasuk golongan yang ditangguhkan",
      "footnotes": null
    },
    {
      "ayah": 38,
      "quarter_hizb": 27,
      "juz": 14,
      "manzil": 3,
      "arabic": "اِلٰى يَوْمِ الْوَقْتِ الْمَعْلُوْمِ ",
      "latin": "Ilā yaumil-waqtil-ma‘lūm(i).",
      "translation": "sampai hari yang telah ditentukan waktunya (kiamat).”",
      "footnotes": null
    },
    {
      "ayah": 39,
      "quarter_hizb": 27,
      "juz": 14,
      "manzil": 3,
      "arabic": "قَالَ رَبِّ بِمَآ اَغْوَيْتَنِيْ لَاُزَيِّنَنَّ لَهُمْ فِى الْاَرْضِ وَلَاُغْوِيَنَّهُمْ اَجْمَعِيْنَۙ  ",
      "latin": "Qāla rabbi bimā agwaitanī la'uzayyinanna lahum fil-arḍi wa la'ugwiyannahum ajma‘īn(a).",
      "translation": "Ia (Iblis) berkata, “Tuhanku, karena Engkau telah menyesatkanku, sungguh aku akan menjadikan (kejahatan) terasa indah bagi mereka di bumi dan sungguh aku akan menyesatkan mereka semua,",
      "footnotes": null
    },
    {
      "ayah": 40,
      "quarter_hizb": 27,
      "juz": 14,
      "manzil": 3,
      "arabic": "اِلَّا عِبَادَكَ مِنْهُمُ الْمُخْلَصِيْنَ ",
      "latin": "Illā ‘ibādaka minhumul-mukhlaṣīn(a).",
      "translation": "kecuali hamba-hamba-Mu yang terpilih (karena keikhlasannya) di antara mereka.”",
      "footnotes": null
    },
    {
      "ayah": 41,
      "quarter_hizb": 27,
      "juz": 14,
      "manzil": 3,
      "arabic": "قَالَ هٰذَا صِرَاطٌ عَلَيَّ مُسْتَقِيْمٌ ",
      "latin": "Qāla hāżā ṣirāṭun ‘alayya mustaqīm(un).  ",
      "translation": "Dia (Allah) berfirman, “Ini adalah jalan lurus yang Aku jamin (ditunjukkan kepada hamba-hamba-Ku itu).",
      "footnotes": null
    },
    {
      "ayah": 42,
      "quarter_hizb": 27,
      "juz": 14,
      "manzil": 3,
      "arabic": "اِنَّ عِبَادِيْ لَيْسَ لَكَ عَلَيْهِمْ سُلْطٰنٌ اِلَّا مَنِ اتَّبَعَكَ مِنَ الْغَاوِيْنَ ",
      "latin": "Inna ‘ibādī laisa laka ‘alaihim sulṭānun illā manittaba‘aka minal-gāwīn(a).",
      "translation": "Sesungguhnya kamu (Iblis) tidak kuasa atas hamba-hamba-Ku kecuali mereka yang mengikutimu, yaitu orang-orang yang sesat.”",
      "footnotes": null
    },
    {
      "ayah": 43,
      "quarter_hizb": 27,
      "juz": 14,
      "manzil": 3,
      "arabic": "وَاِنَّ جَهَنَّمَ لَمَوْعِدُهُمْ اَجْمَعِيْنَۙ",
      "latin": "Wa inna jahannama lamau‘iduhum  ajma‘īn(a).",
      "translation": "Sesungguhnya (neraka) Jahanam benar-benar (tempat) yang telah dijanjikan untuk mereka (pengikut setan) semua.",
      "footnotes": null
    },
    {
      "ayah": 44,
      "quarter_hizb": 27,
      "juz": 14,
      "manzil": 3,
      "arabic": "لَهَا سَبْعَةُ اَبْوَابٍۗ لِكُلِّ بَابٍ مِّنْهُمْ جُزْءٌ مَّقْسُوْمٌ ࣖ  ",
      "latin": "Lahā sab‘atu abwāb(in), likulli bābim minhum juz'um maqsūm(un).",
      "translation": "Ia (Jahanam) mempunyai tujuh pintu. Setiap pintu (telah ditetapkan) untuk golongan tertentu dari mereka.",
      "footnotes": null
    },
    {
      "ayah": 45,
      "quarter_hizb": 27,
      "juz": 14,
      "manzil": 3,
      "arabic": "اِنَّ الْمُتَّقِيْنَ فِيْ جَنّٰتٍ وَّعُيُوْنٍۗ  ",
      "latin": "Innal-muttaqīna fī jannātiw wa ‘uyūn(in).",
      "translation": "Sesungguhnya orang-orang yang bertakwa berada dalam (surga yang penuh) taman-taman dan mata air.",
      "footnotes": null
    },
    {
      "ayah": 46,
      "quarter_hizb": 27,
      "juz": 14,
      "manzil": 3,
      "arabic": "اُدْخُلُوْهَا بِسَلٰمٍ اٰمِنِيْنَ ",
      "latin": "Udkhulūhā bisalāmin āminīn(a).",
      "translation": "(Allah berfirman,) “Masuklah ke dalamnya dengan sejahtera dan aman.”",
      "footnotes": null
    },
    {
      "ayah": 47,
      "quarter_hizb": 27,
      "juz": 14,
      "manzil": 3,
      "arabic": "وَنَزَعْنَا مَا فِيْ صُدُوْرِهِمْ مِّنْ غِلٍّ اِخْوَانًا عَلٰى سُرُرٍ مُّتَقٰبِلِيْنَ ",
      "latin": "Wa naza‘nā mā fī ṣudūrihim min gillin ikhwānan ‘alā sururim mutaqābilīn(a).",
      "translation": "Kami mencabut segala rasa dendam yang ada dalam hati mereka. Mereka bersaudara (dan) duduk berhadap-hadapan di atas dipan.",
      "footnotes": null
    },
    {
      "ayah": 48,
      "quarter_hizb": 27,
      "juz": 14,
      "manzil": 3,
      "arabic": "لَا يَمَسُّهُمْ فِيْهَا نَصَبٌ وَّمَا هُمْ مِّنْهَا بِمُخْرَجِيْنَ ",
      "latin": "Lā yamassuhum fīhā naṣabuw wa mā hum minhā bimukhrajīn(a).",
      "translation": "Mereka tidak merasa lelah di dalamnya dan tidak akan dikeluarkan darinya.",
      "footnotes": null
    },
    {
      "ayah": 49,
      "quarter_hizb": 27.25,
      "juz": 14,
      "manzil": 3,
      "arabic": "۞ نَبِّئْ عِبَادِيْٓ اَنِّيْٓ اَنَا الْغَفُوْرُ الرَّحِيْمُۙ",
      "latin": "Nabbi' ‘ibādī annī anal-gafūrur-raḥīm(u).",
      "translation": "Kabarkanlah kepada hamba-hamba-Ku bahwa sesungguhnya Akulah Yang Maha Pengampun lagi Maha Penyayang",
      "footnotes": null
    },
    {
      "ayah": 50,
      "quarter_hizb": 27.25,
      "juz": 14,
      "manzil": 3,
      "arabic": "وَاَنَّ عَذَابِيْ هُوَ الْعَذَابُ الْاَلِيْمُ ",
      "latin": "Wa anna ‘ażābī huwal-‘ażābul-alīm(u).",
      "translation": "dan bahwa sesungguhnya siksaan-Kulah azab yang sangat pedih.",
      "footnotes": null
    },
    {
      "ayah": 51,
      "quarter_hizb": 27.25,
      "juz": 14,
      "manzil": 3,
      "arabic": "وَنَبِّئْهُمْ عَنْ ضَيْفِ اِبْرٰهِيْمَۘ ",
      "latin": "Wa nabbi'hum ‘an ḍaifi ibrāhīm(a).",
      "translation": "Kabarkanlah (Nabi Muhammad) kepada mereka tentang tamu Ibrahim (malaikat)",
      "footnotes": null
    },
    {
      "ayah": 52,
      "quarter_hizb": 27.25,
      "juz": 14,
      "manzil": 3,
      "arabic": "اِذْ دَخَلُوْا عَلَيْهِ فَقَالُوْا سَلٰمًاۗ قَالَ اِنَّا مِنْكُمْ وَجِلُوْنَ ",
      "latin": "Iż dakhalū ‘alaihi fa qālū salāmā(n), qāla innā minkum wajilūn(a).",
      "translation": "ketika mereka berkunjung ke (kediaman)-nya, lalu mengucapkan, “Salam.” Dia (Ibrahim) berkata, “Sesungguhnya kami merasa takut kepadamu.”398)",
      "footnotes": "398) Penjelasan lebih lengkap, lihat surah aż-Żāriyāt (51): 27."
    },
    {
      "ayah": 53,
      "quarter_hizb": 27.25,
      "juz": 14,
      "manzil": 3,
      "arabic": "قَالُوْا لَا تَوْجَلْ اِنَّا نُبَشِّرُكَ بِغُلٰمٍ عَلِيْمٍ ",
      "latin": "Qālū lā taujal innā nubasysyiruka bigulāmin ‘alīm(in).",
      "translation": "(Mereka) berkata, “Janganlah merasa takut (karena) sesungguhnya kami memberi kabar gembira kepadamu dengan (kelahiran) anak laki-laki yang alim (Ishaq).”",
      "footnotes": null
    },
    {
      "ayah": 54,
      "quarter_hizb": 27.25,
      "juz": 14,
      "manzil": 3,
      "arabic": "قَالَ اَبَشَّرْتُمُوْنِيْ عَلٰٓى اَنْ مَّسَّنِيَ الْكِبَرُ فَبِمَ تُبَشِّرُوْنَ ",
      "latin": "Qāla abasysyartumūnī ‘alā am massaniyal-kibaru fa bima tubasysyirūn(a).",
      "translation": "Dia (Ibrahim) berkata, “Benarkah kamu memberi kabar gembira kepadaku, padahal usiaku telah lanjut. Maka, dengan (cara) apa kamu memberi kabar gembira?”",
      "footnotes": null
    },
    {
      "ayah": 55,
      "quarter_hizb": 27.25,
      "juz": 14,
      "manzil": 3,
      "arabic": "قَالُوْا بَشَّرْنٰكَ بِالْحَقِّ فَلَا تَكُنْ مِّنَ الْقٰنِطِيْنَ ",
      "latin": "Qālū basysyarnāka bil-ḥaqqi falā takum minal-qāniṭīn(a).",
      "translation": "Mereka menjawab, “Kami menyampaikan kabar gembira kepadamu dengan benar. Maka, janganlah engkau termasuk orang yang berputus asa.”",
      "footnotes": null
    },
    {
      "ayah": 56,
      "quarter_hizb": 27.25,
      "juz": 14,
      "manzil": 3,
      "arabic": "قَالَ وَمَنْ يَّقْنَطُ مِنْ رَّحْمَةِ رَبِّهٖٓ اِلَّا الضَّاۤلُّوْنَ ",
      "latin": "Qāla wa may yaqnaṭu mir raḥmati rabbihī illaḍ-ḍāllūn(a).",
      "translation": "Dia (Ibrahim) berkata, “Adakah orang yang berputus asa dari rahmat Tuhannya selain orang yang sesat?”",
      "footnotes": null
    },
    {
      "ayah": 57,
      "quarter_hizb": 27.25,
      "juz": 14,
      "manzil": 3,
      "arabic": "قَالَ فَمَا خَطْبُكُمْ اَيُّهَا الْمُرْسَلُوْنَ ",
      "latin": "Qāla famā khaṭbukum ayyuhal-mursalūn(a).",
      "translation": "Dia (Ibrahim) bertanya, “Apa urusan pentingmu, wahai para utusan?”",
      "footnotes": null
    },
    {
      "ayah": 58,
      "quarter_hizb": 27.25,
      "juz": 14,
      "manzil": 3,
      "arabic": "قَالُوْٓا اِنَّآ اُرْسِلْنَآ اِلٰى قَوْمٍ مُّجْرِمِيْنَۙ",
      "latin": "Qālū innā ursilnā ilā qaumim mujrimīn(a).",
      "translation": "Mereka menjawab, “Sesungguhnya kami diutus kepada kaum yang berdosa (untuk menyiksanya),",
      "footnotes": null
    },
    {
      "ayah": 59,
      "quarter_hizb": 27.25,
      "juz": 14,
      "manzil": 3,
      "arabic": "اِلَّآ اٰلَ لُوْطٍۗ اِنَّا لَمُنَجُّوْهُمْ اَجْمَعِيْنَۙ",
      "latin": "Illā āla lūṭ(in), innā lamunajjūhum ajma‘īn(a).",
      "translation": "kecuali para pengikut Lut. Sesungguhnya kami pasti menyelamatkan mereka semua,",
      "footnotes": null
    },
    {
      "ayah": 60,
      "quarter_hizb": 27.25,
      "juz": 14,
      "manzil": 3,
      "arabic": "اِلَّا امْرَاَتَهٗ قَدَّرْنَآ اِنَّهَا لَمِنَ الْغٰبِرِيْنَ ࣖ ",
      "latin": "Illamra'atahū qaddarnā innahā laminal-gābirīn(a).",
      "translation": "kecuali istrinya. Kami telah menentukan bahwa sesungguhnya dia termasuk (orang-orang kafir) yang tertinggal.”",
      "footnotes": null
    },
    {
      "ayah": 61,
      "quarter_hizb": 27.25,
      "juz": 14,
      "manzil": 3,
      "arabic": "فَلَمَّا جَاۤءَ اٰلَ لُوْطِ ِۨالْمُرْسَلُوْنَۙ",
      "latin": "Falammā jā'a āla lūṭinil-mursalūn(a).",
      "translation": "Maka, ketika para utusan itu datang kepada para pengikut Lut,",
      "footnotes": null
    },
    {
      "ayah": 62,
      "quarter_hizb": 27.25,
      "juz": 14,
      "manzil": 3,
      "arabic": "قَالَ اِنَّكُمْ قَوْمٌ مُّنْكَرُوْنَ ",
      "latin": "Qāla innakum qaumum munkarūn(a).",
      "translation": "dia berkata, “Sesungguhnya kamu orang-orang yang tidak kami kenal.”",
      "footnotes": null
    },
    {
      "ayah": 63,
      "quarter_hizb": 27.25,
      "juz": 14,
      "manzil": 3,
      "arabic": "قَالُوْا بَلْ جِئْنٰكَ بِمَا كَانُوْا فِيْهِ يَمْتَرُوْنَ ",
      "latin": "Qālū bal ji'nāka bimā kānū fīhi yamtarūn(a).",
      "translation": "Mereka (para utusan) menjawab, “Kami justru datang kepadamu membawa azab yang selalu mereka dustakan.",
      "footnotes": null
    },
    {
      "ayah": 64,
      "quarter_hizb": 27.25,
      "juz": 14,
      "manzil": 3,
      "arabic": "وَاَتَيْنٰكَ بِالْحَقِّ وَاِنَّا لَصٰدِقُوْنَ ",
      "latin": "Wa ataināka bil-ḥaqqi wa innā laṣādiqūn(a).",
      "translation": "Kami datang kepadamu membawa kebenaran. Sesungguhnya kami orang-orang yang benar.",
      "footnotes": null
    },
    {
      "ayah": 65,
      "quarter_hizb": 27.25,
      "juz": 14,
      "manzil": 3,
      "arabic": "فَاَسْرِ بِاَهْلِكَ بِقِطْعٍ مِّنَ الَّيْلِ وَاتَّبِعْ اَدْبَارَهُمْ وَلَا يَلْتَفِتْ مِنْكُمْ اَحَدٌ وَّامْضُوْا حَيْثُ تُؤْمَرُوْنَ ",
      "latin": "Fa asri bi'ahlika biqiṭ‘im minal-laili wattabi‘ adbārahum wa lā yaltafit minkum aḥaduw wamḍū ḥaiṡu tu'marūn(a).",
      "translation": "Maka, pergilah pada akhir malam beserta keluargamu dan ikutilah mereka dari belakang. Jangan seorang pun di antara kamu menoleh ke belakang dan teruskanlah perjalanan ke tempat yang diperintahkan kepadamu.”",
      "footnotes": null
    },
    {
      "ayah": 66,
      "quarter_hizb": 27.25,
      "juz": 14,
      "manzil": 3,
      "arabic": "وَقَضَيْنَآ اِلَيْهِ ذٰلِكَ الْاَمْرَ اَنَّ دَابِرَ هٰٓؤُلَاۤءِ مَقْطُوْعٌ مُّصْبِحِيْنَ ",
      "latin": "Wa qaḍainā ilaihi żālikal-amra anna dābira hā'ulā'i maqṭū‘um muṣbiḥīn(a).",
      "translation": "Telah Kami wahyukan kepadanya (Lut) keputusan itu bahwa akhirnya mereka akan ditumpas habis pada waktu subuh.",
      "footnotes": null
    },
    {
      "ayah": 67,
      "quarter_hizb": 27.25,
      "juz": 14,
      "manzil": 3,
      "arabic": "وَجَاۤءَ اَهْلُ الْمَدِيْنَةِ يَسْتَبْشِرُوْنَ ",
      "latin": "Wa jā'a ahlul-madīnati yastabsyirūn(a).",
      "translation": "Datanglah penduduk kota itu399) (ke rumah Lut) dengan gembira (karena kedatangan tamu itu).",
      "footnotes": "399) Maksudnya adalah kota Sodom yang terletak di dekat pantai Laut Tengah di sebelah timur Yordania sekarang."
    },
    {
      "ayah": 68,
      "quarter_hizb": 27.25,
      "juz": 14,
      "manzil": 3,
      "arabic": "قَالَ اِنَّ هٰٓؤُلَاۤءِ ضَيْفِيْ فَلَا تَفْضَحُوْنِۙ",
      "latin": "Qāla inna hā'ulā'i ḍaifī falā tafḍaḥūn(i).",
      "translation": "Dia (Lut) berkata, “Sesungguhnya mereka adalah tamuku. Maka, jangan mempermalukanku.",
      "footnotes": null
    },
    {
      "ayah": 69,
      "quarter_hizb": 27.25,
      "juz": 14,
      "manzil": 3,
      "arabic": "وَاتَّقُوا اللّٰهَ وَلَا تُخْزُوْنِ ",
      "latin": "Wattaqullāha wa lā tukhzūn(i).",
      "translation": "Bertakwalah kepada Allah dan jangan membuatku terhina.”",
      "footnotes": null
    },
    {
      "ayah": 70,
      "quarter_hizb": 27.25,
      "juz": 14,
      "manzil": 3,
      "arabic": "قَالُوْٓا اَوَلَمْ نَنْهَكَ عَنِ الْعٰلَمِيْنَ ",
      "latin": "Qālū awalam nanhaka ‘anil-‘ālamīn(a).",
      "translation": "Mereka berkata, “Bukankah kami telah melarangmu (menerima) manusia (para tamu)?”400)",
      "footnotes": "400) Mereka ingin melakukan tindakan homoseksual dengan tamu-tamu. Mereka memang pernah mengancam Nabi Lut a.s. agar tidak menghalangi mereka berbuat demikian."
    },
    {
      "ayah": 71,
      "quarter_hizb": 27.25,
      "juz": 14,
      "manzil": 3,
      "arabic": "قَالَ هٰٓؤُلَاۤءِ بَنٰتِيْٓ اِنْ كُنْتُمْ فٰعِلِيْنَۗ ",
      "latin": "Qāla hā'ulā'i banātī in kuntum fā‘ilīn(a).",
      "translation": "Dia (Lut) berkata, “Mereka itulah putri-putri (negeri)-ku. (Nikahilah mereka) jika kamu hendak berbuat (memenuhi nafsu syahwatmu).”",
      "footnotes": null
    },
    {
      "ayah": 72,
      "quarter_hizb": 27.25,
      "juz": 14,
      "manzil": 3,
      "arabic": "لَعَمْرُكَ اِنَّهُمْ لَفِيْ سَكْرَتِهِمْ يَعْمَهُوْنَ ",
      "latin": "La‘amruka innahum lafī sakratihim ya‘mahūn(a).",
      "translation": "(Allah berfirman,) “Demi umurmu401) (Nabi Muhammad), sungguh, mereka terombang-ambing dalam kemabukan (demi melampiaskan hawa nafsu).”",
      "footnotes": "401) Sumpah Allah yang demikian ini menunjukkan kemuliaan beliau di sisi-Nya."
    },
    {
      "ayah": 73,
      "quarter_hizb": 27.25,
      "juz": 14,
      "manzil": 3,
      "arabic": "فَاَخَذَتْهُمُ الصَّيْحَةُ مُشْرِقِيْنَۙ",
      "latin": "Fa akhażathumuṣ-ṣaiḥatu musyriqīn(a).",
      "translation": "Maka, mereka dibinasakan oleh suara keras yang mengguntur ketika matahari terbit.",
      "footnotes": null
    },
    {
      "ayah": 74,
      "quarter_hizb": 27.25,
      "juz": 14,
      "manzil": 3,
      "arabic": "فَجَعَلْنَا عَالِيَهَا سَافِلَهَا وَاَمْطَرْنَا عَلَيْهِمْ حِجَارَةً مِّنْ سِجِّيْلٍ ",
      "latin": "Fa ja‘alnā ‘āliyahā sāfilahā wa amṭarnā ‘alaihim ḥijāratam min sijjīl(in).",
      "translation": "Maka, Kami menjungkirbalikkan (negeri itu) dan Kami menghujani mereka dengan tanah yang membatu.",
      "footnotes": null
    },
    {
      "ayah": 75,
      "quarter_hizb": 27.25,
      "juz": 14,
      "manzil": 3,
      "arabic": "اِنَّ فِيْ ذٰلِكَ لَاٰيٰتٍ لِّلْمُتَوَسِّمِيْنَۙ",
      "latin": "Inna fī żālika la'āyātil lil-mutawassimīn(a).",
      "translation": "Sesungguhnya pada yang demikian itu benar-benar terdapat tanda-tanda (kekuasaan Allah) bagi orang-orang yang memperhatikan (dengan saksama) tanda-tanda (itu).",
      "footnotes": null
    },
    {
      "ayah": 76,
      "quarter_hizb": 27.25,
      "juz": 14,
      "manzil": 3,
      "arabic": "وَاِنَّهَا لَبِسَبِيْلٍ مُّقِيْمٍ ",
      "latin": "Wa innahā labisabīlim muqīm(in).",
      "translation": "Sesungguhnya (negeri) itu benar-benar terletak di jalan yang masih tetap (dilalui manusia).402)",
      "footnotes": "402) Negeri yang dimaksud adalah kota Sodom. Orang Quraisy biasa melaluinya dalam perjalanan mereka ke Syam."
    },
    {
      "ayah": 77,
      "quarter_hizb": 27.25,
      "juz": 14,
      "manzil": 3,
      "arabic": "اِنَّ فِيْ ذٰلِكَ لَاٰيَةً لِّلْمُؤْمِنِيْنَۗ  ",
      "latin": "Inna fī żālika la'āyatal lil-mu'minīn(a).",
      "translation": "Sesungguhnya pada yang demikian itu benar-benar terdapat tanda (kekuasaan Allah) bagi orang-orang mukmin.",
      "footnotes": null
    },
    {
      "ayah": 78,
      "quarter_hizb": 27.25,
      "juz": 14,
      "manzil": 3,
      "arabic": "وَاِنْ كَانَ اَصْحٰبُ الْاَيْكَةِ لَظٰلِمِيْنَۙ",
      "latin": "Wa in kāna aṣḥābul-aikati laẓālimīn(a).",
      "translation": "Sesungguhnya penduduk Aikah403) itu benar-benar orang-orang yang zalim.",
      "footnotes": "403) Penduduk Aikah adalah kaum Nabi Syuʻaib a.s. Aikah adalah kawasan yang berhutan di daerah Madyan, Yordania."
    },
    {
      "ayah": 79,
      "quarter_hizb": 27.25,
      "juz": 14,
      "manzil": 3,
      "arabic": "فَانْتَقَمْنَا مِنْهُمْۘ وَاِنَّهُمَا لَبِاِمَامٍ مُّبِيْنٍۗ  ࣖ  ",
      "latin": "Fantaqamnā minhum, wa innahumā labi'imāmim mubīn(in).",
      "translation": "Maka, Kami membinasakan mereka. Sesungguhnya kedua (negeri)404) itu terletak di satu jalur jalan raya.",
      "footnotes": "404) Kedua negeri yang dimaksud adalah kota Sodom dan Aikah."
    },
    {
      "ayah": 80,
      "quarter_hizb": 27.25,
      "juz": 14,
      "manzil": 3,
      "arabic": "وَلَقَدْ كَذَّبَ اَصْحٰبُ الْحِجْرِ الْمُرْسَلِيْنَۙ",
      "latin": "Wa laqad każżaba aṣḥābul-ḥijril-mursalīn(a).",
      "translation": "Sesungguhnya penduduk (negeri) Hijr405) benar-benar telah mendustakan para rasul (mereka),406)",
      "footnotes": "405) Penduduk negeri Hijr adalah kaum Samud, kaum Nabi Saleh a.s. Hijr merupakan nama satu tempat yang terletak di Wadi Qura antara Madinah dan Suriah.\n406) Yang dimaksud dengan rasul-rasul di sini adalah Nabi Saleh a.s. Seharusnya, di sini disebut rasul, tetapi disebut rasul-rasul (jamak) karena mendustakan seorang rasul sama dengan mendustakan semua rasul."
    },
    {
      "ayah": 81,
      "quarter_hizb": 27.25,
      "juz": 14,
      "manzil": 3,
      "arabic": "وَاٰتَيْنٰهُمْ اٰيٰتِنَا فَكَانُوْا عَنْهَا مُعْرِضِيْنَۙ",
      "latin": "Wa ātaināhum āyātinā fa kānū ‘anhā mu‘riḍīn(a).",
      "translation": "Kami telah mendatangkan kepada mereka tanda-tanda (kekuasaan) Kami, tetapi mereka selalu berpaling darinya.",
      "footnotes": null
    },
    {
      "ayah": 82,
      "quarter_hizb": 27.25,
      "juz": 14,
      "manzil": 3,
      "arabic": "وَكَانُوْا يَنْحِتُوْنَ مِنَ الْجِبَالِ بُيُوْتًا اٰمِنِيْنَ ",
      "latin": "Wa kānū yanḥitūna minal-jibāli buyūtan āminīn(a).",
      "translation": "Mereka memahat gunung-gunung (batu) menjadi rumah-rumah (yang didiami) dengan rasa aman.",
      "footnotes": null
    },
    {
      "ayah": 83,
      "quarter_hizb": 27.25,
      "juz": 14,
      "manzil": 3,
      "arabic": "فَاَخَذَتْهُمُ الصَّيْحَةُ مُصْبِحِيْنَۙ",
      "latin": "Fa akhażathumuṣ-ṣaiḥatu muṣbiḥīn(a).",
      "translation": "Kemudian mereka dibinasakan oleh suara keras yang mengguntur pada pagi hari,407)",
      "footnotes": "407) Peristiwa itu terjadi pada hari keempat setelah datangnya peringatan kepada mereka."
    },
    {
      "ayah": 84,
      "quarter_hizb": 27.25,
      "juz": 14,
      "manzil": 3,
      "arabic": "فَمَآ اَغْنٰى عَنْهُمْ مَّا كَانُوْا يَكْسِبُوْنَۗ  ",
      "latin": "Famā agnā ‘anhum mā kānū yaksibūn(a).",
      "translation": "sehingga tidak berguna bagi mereka apa yang telah mereka usahakan.",
      "footnotes": null
    },
    {
      "ayah": 85,
      "quarter_hizb": 27.25,
      "juz": 14,
      "manzil": 3,
      "arabic": "وَمَا خَلَقْنَا السَّمٰوٰتِ وَالْاَرْضَ وَمَا بَيْنَهُمَآ اِلَّا بِالْحَقِّۗ وَاِنَّ السَّاعَةَ لَاٰتِيَةٌ فَاصْفَحِ الصَّفْحَ الْجَمِيْلَ ",
      "latin": "Wa mā khalaqnas-samāwāti wal-arḍa  wa mā bainahumā illā bil-ḥaqq(i), wa innas-sā‘ata la'ātiyatun faṣfaḥiṣ-ṣafḥal-jamīl(a).",
      "translation": "Kami tidak menciptakan langit dan bumi serta apa yang ada di antara keduanya, melainkan dengan benar. Sesungguhnya kiamat pasti akan datang. Maka, maafkanlah (mereka) dengan cara yang baik.",
      "footnotes": null
    },
    {
      "ayah": 86,
      "quarter_hizb": 27.25,
      "juz": 14,
      "manzil": 3,
      "arabic": "اِنَّ رَبَّكَ هُوَ الْخَلّٰقُ الْعَلِيْمُ ",
      "latin": "Inna rabbaka huwal-khallāqul-‘alīm(u).",
      "translation": "Sesungguhnya Tuhanmulah Yang Maha Pencipta lagi Maha Mengetahui.",
      "footnotes": null
    },
    {
      "ayah": 87,
      "quarter_hizb": 27.25,
      "juz": 14,
      "manzil": 3,
      "arabic": "وَلَقَدْ اٰتَيْنٰكَ سَبْعًا مِّنَ الْمَثَانِيْ وَالْقُرْاٰنَ الْعَظِيْمَ ",
      "latin": "Wa laqad ātaināka sab‘am minal-maṡānī wal-qur'ānal-‘aẓīm(a).",
      "translation": "Sungguh, Kami benar-benar menganugerahkan kepadamu tujuh (ayat) yang (dibaca) berulang-ulang408) dan Al-Qur’an yang agung.",
      "footnotes": "408) Yang dimaksud dengan tujuh ayat yang dibaca berulang-ulang adalah surah al-Fātiḥah yang terdiri atas tujuh ayat. Sebagian mufasir mengatakan bahwa yang dimaksud adalah tujuh surah yang panjang, yaitu al-Baqarah, Āli ‘Imrān, al-Mā’idah, an-Nisā’, al-A‘rāf, al-An‘ām, dan al-Anfāl yang digabung dengan at-Taubah."
    },
    {
      "ayah": 88,
      "quarter_hizb": 27.25,
      "juz": 14,
      "manzil": 3,
      "arabic": "لَا تَمُدَّنَّ عَيْنَيْكَ اِلٰى مَا مَتَّعْنَا بِهٖٓ اَزْوَاجًا مِّنْهُمْ وَلَا تَحْزَنْ عَلَيْهِمْ وَاخْفِضْ جَنَاحَكَ لِلْمُؤْمِنِيْنَ ",
      "latin": "Lā tamuddanna ‘ainaika ilā mā matta‘nā bihī azwājam minhum wa lā taḥzan ‘alaihim wakhfiḍ janāḥaka lil-mu'minīn(a).",
      "translation": "Jangan sekali-kali engkau (Nabi Muhammad) menujukan pandanganmu (tergiur) pada kenikmatan hidup yang telah Kami berikan kepada beberapa golongan di antara mereka (orang kafir). Jangan engkau bersedih hati atas (kesesatan) mereka dan berendahhatilah engkau terhadap orang-orang mukmin.",
      "footnotes": null
    },
    {
      "ayah": 89,
      "quarter_hizb": 27.25,
      "juz": 14,
      "manzil": 3,
      "arabic": "وَقُلْ اِنِّيْٓ اَنَا النَّذِيْرُ الْمُبِيْنُۚ  ",
      "latin": "Wa qul innī anan-nażīrul-mubīn(u).",
      "translation": "Katakanlah (Nabi Muhammad), “Sesungguhnya aku adalah pemberi peringatan yang jelas.”",
      "footnotes": null
    },
    {
      "ayah": 90,
      "quarter_hizb": 27.25,
      "juz": 14,
      "manzil": 3,
      "arabic": "كَمَآ اَنْزَلْنَا عَلَى الْمُقْتَسِمِيْنَۙ",
      "latin": "Kamā anzalnā ‘alal-muqtasimīn(a).",
      "translation": "Sebagaimana (Kami telah memberi peringatan), Kami (juga) telah menurunkan (azab) kepada orang yang memilah-milah (Kitab Allah),409)",
      "footnotes": "409) Mereka adalah orang-orang yang menerima sebagian isi Kitab dan menolak sebagian yang lain."
    },
    {
      "ayah": 91,
      "quarter_hizb": 27.25,
      "juz": 14,
      "manzil": 3,
      "arabic": "الَّذِيْنَ جَعَلُوا الْقُرْاٰنَ عِضِيْنَ ",
      "latin": "Allażīna ja‘alul-qur'āna ‘iḍīn(a).",
      "translation": "(yaitu) orang-orang yang telah menjadikan Al-Qur’an itu terbagi-bagi.410)",
      "footnotes": "410) Mereka adalah orang Yahudi dan Nasrani yang memilah-milah Al-Qur’an. Ada bagian yang mereka percayai dan ada pula bagian yang mereka ingkari."
    },
    {
      "ayah": 92,
      "quarter_hizb": 27.25,
      "juz": 14,
      "manzil": 3,
      "arabic": "فَوَرَبِّكَ لَنَسْـَٔلَنَّهُمْ اَجْمَعِيْنَۙ",
      "latin": "Fa wa rabbika lanas'alannahum ajma‘īn(a).",
      "translation": "Maka, demi Tuhanmu, Kami pasti akan menanyai mereka semua",
      "footnotes": null
    },
    {
      "ayah": 93,
      "quarter_hizb": 27.25,
      "juz": 14,
      "manzil": 3,
      "arabic": "عَمَّا كَانُوْا يَعْمَلُوْنَ ",
      "latin": "‘Ammā kānū ya‘malūn(a).",
      "translation": "tentang apa yang telah mereka kerjakan.",
      "footnotes": null
    },
    {
      "ayah": 94,
      "quarter_hizb": 27.25,
      "juz": 14,
      "manzil": 3,
      "arabic": "فَاصْدَعْ بِمَا تُؤْمَرُ وَاَعْرِضْ عَنِ الْمُشْرِكِيْنَ ",
      "latin": "Faṣda‘ bimā tu'maru wa a‘riḍ ‘anil-musyrikīn(a).",
      "translation": "Maka, sampaikanlah (Nabi Muhammad) secara terang-terangan segala apa yang diperintahkan kepadamu dan berpalinglah dari orang-orang musyrik.",
      "footnotes": null
    },
    {
      "ayah": 95,
      "quarter_hizb": 27.25,
      "juz": 14,
      "manzil": 3,
      "arabic": "اِنَّا كَفَيْنٰكَ الْمُسْتَهْزِءِيْنَۙ",
      "latin": "Innā kafainākal-mustahzi'īn(a).",
      "translation": "Sesungguhnya cukuplah Kami yang memeliharamu (Nabi Muhammad) dari (kejahatan) orang yang memperolok-olokkan(-mu),",
      "footnotes": null
    },
    {
      "ayah": 96,
      "quarter_hizb": 27.25,
      "juz": 14,
      "manzil": 3,
      "arabic": "الَّذِيْنَ يَجْعَلُوْنَ مَعَ اللّٰهِ اِلٰهًا اٰخَرَۚ فَسَوْفَ يَعْلَمُوْنَ ",
      "latin": "Allażīna yaj‘alūna ma‘allāhi ilāhan ākhar(a), fa saufa ya‘lamūn(a).",
      "translation": "(yaitu) orang yang menganggap adanya tuhan selain Allah. Mereka kelak akan mengetahui (akibatnya).",
      "footnotes": null
    },
    {
      "ayah": 97,
      "quarter_hizb": 27.25,
      "juz": 14,
      "manzil": 3,
      "arabic": "وَلَقَدْ نَعْلَمُ اَنَّكَ يَضِيْقُ صَدْرُكَ بِمَا يَقُوْلُوْنَۙ",
      "latin": "Wa laqad na‘lamu annaka yaḍīqu ṣadruka bimā yaqūlūn(a).",
      "translation": "Sungguh, Kami benar-benar mengetahui bahwa dadamu menjadi sempit (gundah dan sedih) disebabkan apa yang mereka ucapkan.",
      "footnotes": null
    },
    {
      "ayah": 98,
      "quarter_hizb": 27.25,
      "juz": 14,
      "manzil": 3,
      "arabic": "فَسَبِّحْ بِحَمْدِ رَبِّكَ وَكُنْ مِّنَ السّٰجِدِيْنَۙ",
      "latin": "Fa sabbiḥ biḥamdi rabbika wa kum minas-sājidīn(a).",
      "translation": "Maka, bertasbihlah dengan memuji Tuhanmu, jadilah engkau termasuk orang-orang yang sujud (salat),",
      "footnotes": null
    },
    {
      "ayah": 99,
      "quarter_hizb": 27.25,
      "juz": 14,
      "manzil": 3,
      "arabic": "وَاعْبُدْ رَبَّكَ حَتّٰى يَأْتِيَكَ الْيَقِيْنُ ࣖࣖ ",
      "latin": "Wa‘bud rabbaka ḥattā ya'tiyakal-yaqīn(u).",
      "translation": "dan sembahlah Tuhanmu sampai datang kepadamu kepastian (kematian).",
      "footnotes": null
    }
  ]
}