{
  "arabic": " الاسراۤء",
  "latin": "Al-Isrā'",
  "transliteration": "Al-Isra'",
  "translation": "Memperjalankan di Malam Hari",
  "num_ayah": 111,
  "location": "Makkiyah",
  "ayah": [
    {
      "ayah": 1,
      "quarter_hizb": 29,
      "juz": 15,
      "manzil": 4,
      "arabic": "سُبْحٰنَ الَّذِيْٓ اَسْرٰى بِعَبْدِهٖ لَيْلًا مِّنَ الْمَسْجِدِ الْحَرَامِ اِلَى الْمَسْجِدِ الْاَقْصَا الَّذِيْ بٰرَكْنَا حَوْلَهٗ لِنُرِيَهٗ مِنْ اٰيٰتِنَاۗ اِنَّهٗ هُوَ السَّمِيْعُ الْبَصِيْرُ",
      "latin": "Subḥānal-lażī asrā bi‘abdihī lailam minal-masjidil ḥarāmi ilal-masjidil-aqṣal-lażī bāraknā ḥaulahū linuriyahū min āyātinā, innahū huwas-samī‘ul-baṣīr(u).",
      "translation": "Maha Suci (Allah) yang telah memperjalankan hamba-Nya (Nabi Muhammad) pada malam hari dari Masjidilharam ke Masjidilaqsa yang telah Kami berkahi sekelilingnya425) agar Kami perlihatkan kepadanya sebagian tanda-tanda (kebesaran) Kami. Sesungguhnya Dia Maha Mendengar lagi Maha Melihat.",
      "footnotes": "425) Masjidilaqsa dan daerah sekitarnya diberkahi Allah Swt., di antaranya, dengan diutusnya banyak nabi di sana dan dengan kesuburan tanahnya."
    },
    {
      "ayah": 2,
      "quarter_hizb": 29,
      "juz": 15,
      "manzil": 4,
      "arabic": "وَاٰتَيْنَا مُوْسَى الْكِتٰبَ وَجَعَلْنٰهُ هُدًى لِّبَنِيْٓ اِسْرَاۤءِيْلَ اَلَّا تَتَّخِذُوْا مِنْ دُوْنِيْ وَكِيْلًاۗ ",
      "latin": "Wa ātainā mūsal-kitāba wa ja‘alnāhu hudal libanī isrā'īla allā tattakhiżū min dūnī wakīlā(n).",
      "translation": "Kami memberi Musa Kitab (Taurat) dan menjadikannya sebagai petunjuk bagi Bani Israil (dengan firman), “Janganlah kamu mengambil pelindung selain Aku.",
      "footnotes": null
    },
    {
      "ayah": 3,
      "quarter_hizb": 29,
      "juz": 15,
      "manzil": 4,
      "arabic": "ذُرِّيَّةَ مَنْ حَمَلْنَا مَعَ نُوْحٍۗ اِنَّهٗ كَانَ عَبْدًا شَكُوْرًا",
      "latin": "Żurriyyata man ḥamalnā ma‘a nūḥ(in), innahū kāna ‘abdan syakūrā(n).",
      "translation": "(Wahai) keturunan orang yang Kami bawa bersama Nuh, sesungguhnya dia (Nuh) adalah hamba (Allah) yang banyak bersyukur.”",
      "footnotes": null
    },
    {
      "ayah": 4,
      "quarter_hizb": 29,
      "juz": 15,
      "manzil": 4,
      "arabic": "وَقَضَيْنَآ اِلٰى بَنِيْٓ اِسْرَاۤءِيْلَ فِى الْكِتٰبِ لَتُفْسِدُنَّ فِى الْاَرْضِ مَرَّتَيْنِ وَلَتَعْلُنَّ عُلُوًّا كَبِيْرًا",
      "latin": "Wa qaḍainā ilā banī isrā'īla fil-kitābi latufsidunna fil-arḍi marrataini wa lata‘lunna ‘uluwwan kabīrā(n).",
      "translation": "Kami wahyukan kepada Bani Israil di dalam Kitab (Taurat) itu, “Kamu benar-benar akan berbuat kerusakan di bumi ini dua kali dan benar-benar akan menyombongkan diri dengan kesombongan yang besar.”",
      "footnotes": null
    },
    {
      "ayah": 5,
      "quarter_hizb": 29,
      "juz": 15,
      "manzil": 4,
      "arabic": "فَاِذَا جَاۤءَ وَعْدُ اُوْلٰىهُمَا بَعَثْنَا عَلَيْكُمْ عِبَادًا لَّنَآ اُولِيْ بَأْسٍ شَدِيْدٍ فَجَاسُوْا خِلٰلَ الدِّيَارِۗ وَكَانَ وَعْدًا مَّفْعُوْلًا",
      "latin": "Fa iżā jā'a wa‘du ūlāhumā ba‘aṡnā ‘alaikum ‘ibādal lanā ulī ba'sin syadīdin fa jāsū khilālad-diyār(i), wa kāna wa‘dam maf‘ūlā(n).",
      "translation": "Apabila datang saat (kerusakan) yang pertama dari keduanya, Kami datangkan kepadamu hamba-hamba Kami yang perkasa, lalu mereka merajalela di kampung-kampung. Itulah janji yang pasti terlaksana.",
      "footnotes": null
    },
    {
      "ayah": 6,
      "quarter_hizb": 29,
      "juz": 15,
      "manzil": 4,
      "arabic": "ثُمَّ رَدَدْنَا لَكُمُ الْكَرَّةَ عَلَيْهِمْ وَاَمْدَدْنٰكُمْ بِاَمْوَالٍ وَّبَنِيْنَ وَجَعَلْنٰكُمْ اَكْثَرَ نَفِيْرًا",
      "latin": "Ṡumma radadnā lakumul-karrata ‘alaihim wa amdadnākum bi'amwāliw wa banīna wa ja‘alnākum akṡara nafīrā(n).",
      "translation": "Kemudian, Kami memberikan kepadamu giliran untuk mengalahkan mereka, membantumu dengan harta kekayaan dan anak-anak, dan menjadikanmu kelompok yang lebih besar.",
      "footnotes": null
    },
    {
      "ayah": 7,
      "quarter_hizb": 29,
      "juz": 15,
      "manzil": 4,
      "arabic": "اِنْ اَحْسَنْتُمْ اَحْسَنْتُمْ لِاَنْفُسِكُمْ ۗوَاِنْ اَسَأْتُمْ فَلَهَاۗ فَاِذَا جَاۤءَ وَعْدُ الْاٰخِرَةِ لِيَسٗۤـُٔوْا وُجُوْهَكُمْ وَلِيَدْخُلُوا الْمَسْجِدَ كَمَا دَخَلُوْهُ اَوَّلَ مَرَّةٍ وَّلِيُتَبِّرُوْا مَا عَلَوْا تَتْبِيْرًا",
      "latin": "In aḥsantum aḥsantum li'anfusikum, wa in asa'tum fa lahā, fa iżā jā'a wa‘dul-ākhirati liyasū'ū wujūhakum wa liyadkhulal-masjida kamā dakhalūhu awwala marratiw wa liyutabbirū mā ‘alau tatbīrā(n).",
      "translation": "Jika berbuat baik, (berarti) kamu telah berbuat baik untuk dirimu sendiri. Jika kamu berbuat jahat, (kerugian dari kejahatan) itu kembali kepada dirimu sendiri. Apabila datang saat (kerusakan) yang kedua, (Kami bangkitkan musuhmu) untuk menyuramkan wajahmu, untuk memasuki masjid (Baitulmaqdis) sebagaimana memasukinya ketika pertama kali, dan untuk membinasakan apa saja yang mereka kuasai.",
      "footnotes": null
    },
    {
      "ayah": 8,
      "quarter_hizb": 29,
      "juz": 15,
      "manzil": 4,
      "arabic": "عَسٰى رَبُّكُمْ اَنْ يَّرْحَمَكُمْۚ وَاِنْ عُدْتُّمْ عُدْنَاۘ وَجَعَلْنَا جَهَنَّمَ لِلْكٰفِرِيْنَ حَصِيْرًا ",
      "latin": "‘Asā rabbukum ay yarḥamakum, wa in ‘uttum ‘udnā, wa ja‘alnā jahannama lil-kāfirīna ḥaṣīrā(n).",
      "translation": "Mudah-mudahan Tuhanmu melimpahkan rahmat kepadamu. Akan tetapi, jika kamu kembali (melakukan kejahatan), niscaya Kami kembali (mengazabmu). Kami jadikan (neraka) Jahanam sebagai penjara bagi orang-orang kafir.",
      "footnotes": null
    },
    {
      "ayah": 9,
      "quarter_hizb": 29,
      "juz": 15,
      "manzil": 4,
      "arabic": "اِنَّ هٰذَا الْقُرْاٰنَ يَهْدِيْ لِلَّتِيْ هِيَ اَقْوَمُ وَيُبَشِّرُ الْمُؤْمِنِيْنَ الَّذِيْنَ يَعْمَلُوْنَ الصّٰلِحٰتِ اَنَّ لَهُمْ اَجْرًا كَبِيْرًاۙ  ",
      "latin": "Inna hāżal-qur'āna yahdī lil-latī hiya aqwamu wa yubasysyirul-mu'minīnal-lażīna ya‘malūnaṣ-ṣāliḥāti anna lahum ajran kabīrā(n).",
      "translation": "Sesungguhnya Al-Qur’an ini memberi petunjuk ke (jalan) yang paling lurus dan memberi kabar gembira kepada orang-orang mukmin yang mengerjakan kebajikan bahwa bagi mereka ada pahala yang sangat besar",
      "footnotes": null
    },
    {
      "ayah": 10,
      "quarter_hizb": 29,
      "juz": 15,
      "manzil": 4,
      "arabic": "وَّاَنَّ الَّذِيْنَ لَا يُؤْمِنُوْنَ بِالْاٰخِرَةِ اَعْتَدْنَا لَهُمْ عَذَابًا اَلِيْمًا ࣖ",
      "latin": "Wa annal-lażīna lā yu'minūna bil-ākhirati a‘tadnā lahum ‘ażāban alīmā(n).",
      "translation": "dan sesungguhnya bagi orang-orang yang tidak beriman pada akhirat telah Kami sediakan bagi mereka azab yang sangat pedih.",
      "footnotes": null
    },
    {
      "ayah": 11,
      "quarter_hizb": 29,
      "juz": 15,
      "manzil": 4,
      "arabic": "وَيَدْعُ الْاِنْسَانُ بِالشَّرِّ دُعَاۤءَهٗ بِالْخَيْرِۗ وَكَانَ الْاِنْسَانُ عَجُوْلًا  ",
      "latin": "Wa yad‘ul-insānu bisy-syarri du‘ā'ahū bil-khair(i), wa kānal-insānu ‘ajūlā(n).",
      "translation": "Manusia (seringkali) berdoa untuk (mendapatkan) keburukan sebagaimana (biasanya) berdoa untuk (mendapatkan) kebaikan. Manusia itu (sifatnya) tergesa-gesa.",
      "footnotes": null
    },
    {
      "ayah": 12,
      "quarter_hizb": 29,
      "juz": 15,
      "manzil": 4,
      "arabic": "وَجَعَلْنَا الَّيْلَ وَالنَّهَارَ اٰيَتَيْنِ فَمَحَوْنَآ اٰيَةَ الَّيْلِ وَجَعَلْنَآ اٰيَةَ النَّهَارِ مُبْصِرَةً لِّتَبْتَغُوْا فَضْلًا مِّنْ رَّبِّكُمْ وَلِتَعْلَمُوْا عَدَدَ السِّنِيْنَ وَالْحِسَابَۗ وَكُلَّ شَيْءٍ فَصَّلْنٰهُ تَفْصِيْلًا",
      "latin": "Wa ja‘alnal-laila wan-nahāra āyataini fa maḥaunā āyatal-laili wa ja‘alnā āyatan-nahāri mubṣiratal litabtagū faḍlam mir rabbikum wa lita‘lamū ‘adadas-sinīna wal-ḥisāb(a), wa kulla syai'in faṣṣalnāhu tafṣīlā(n).",
      "translation": "Kami jadikan malam dan siang sebagai dua tanda (kebesaran Kami). Kami hapuskan tanda malam dan Kami jadikan tanda siang itu terang benderang agar kamu (dapat) mencari karunia dari Tuhanmu dan mengetahui bilangan tahun serta perhitungan (waktu). Segala sesuatu telah Kami terangkan secara terperinci.",
      "footnotes": null
    },
    {
      "ayah": 13,
      "quarter_hizb": 29,
      "juz": 15,
      "manzil": 4,
      "arabic": "وَكُلَّ اِنْسَانٍ اَلْزَمْنٰهُ طٰۤىِٕرَهٗ فِيْ عُنُقِهٖۗ وَنُخْرِجُ لَهٗ يَوْمَ الْقِيٰمَةِ كِتٰبًا يَّلْقٰىهُ مَنْشُوْرًا",
      "latin": "Wa kulla insānin alzamnāhu ṭā'irahū fī ‘unuqih(ī), wa nukhriju lahū yaumal-qiyāmati kitābay yalqāhu mansyūrā(n).",
      "translation": "Setiap manusia telah Kami kalungkan (catatan) amal perbuatannya di lehernya. Pada hari Kiamat Kami keluarkan baginya sebuah kitab yang dia terima dalam keadaan terbuka.",
      "footnotes": null
    },
    {
      "ayah": 14,
      "quarter_hizb": 29,
      "juz": 15,
      "manzil": 4,
      "arabic": "اِقْرَأْ كِتٰبَكَۗ  كَفٰى بِنَفْسِكَ الْيَوْمَ عَلَيْكَ حَسِيْبًاۗ",
      "latin": "Iqra' kitābak(a), kafā binafsikal-yauma ‘alaika ḥasībā(n).",
      "translation": "(Dikatakan,) “Bacalah kitabmu. Cukuplah dirimu pada hari ini sebagai penghitung atas (amal) dirimu.”",
      "footnotes": null
    },
    {
      "ayah": 15,
      "quarter_hizb": 29,
      "juz": 15,
      "manzil": 4,
      "arabic": "مَنِ اهْتَدٰى فَاِنَّمَا يَهْتَدِيْ لِنَفْسِهٖۚ وَمَنْ ضَلَّ فَاِنَّمَا يَضِلُّ عَلَيْهَاۗ وَلَا تَزِرُ وَازِرَةٌ وِّزْرَ اُخْرٰىۗ وَمَا كُنَّا مُعَذِّبِيْنَ حَتّٰى نَبْعَثَ رَسُوْلًا",
      "latin": "Manihtadā fa innamā yahtadī linafsih(ī), wa man ḍalla fa innamā yaḍillu ‘alaihā, wa lā taziru wāziratuw wizra ukhrā, wa mā kunnā mu‘ażżibīna ḥattā nab‘aṡa rasūlā(n).",
      "translation": "Siapa yang mendapat petunjuk, sesungguhnya ia mendapat petunjuk itu hanya untuk dirinya. Siapa yang tersesat, sesungguhnya (akibat) kesesatannya itu hanya akan menimpa dirinya. Seorang yang berdosa tidak akan memikul dosa orang lain. Kami tidak akan menyiksa (seseorang) hingga Kami mengutus seorang rasul.",
      "footnotes": null
    },
    {
      "ayah": 16,
      "quarter_hizb": 29,
      "juz": 15,
      "manzil": 4,
      "arabic": "وَاِذَآ اَرَدْنَآ اَنْ نُّهْلِكَ قَرْيَةً اَمَرْنَا مُتْرَفِيْهَا فَفَسَقُوْا فِيْهَا فَحَقَّ عَلَيْهَا الْقَوْلُ فَدَمَّرْنٰهَا تَدْمِيْرًا ",
      "latin": "Wa iżā aradnā an nuhlika qaryatan amarnā mutrafīhā fa fasaqū fīhā fa ḥaqqa ‘alaihal-qaulu fa dammarnāhā tadmīrā(n).",
      "translation": "Jika Kami hendak membinasakan suatu negeri, Kami perintahkan orang-orang yang hidup mewah di negeri itu (agar menaati Allah). Lalu, mereka melakukan kedurhakaan di negeri itu sehingga pantaslah berlaku padanya perkataan (azab Kami). Maka, Kami hancurkan (negeri itu) sehancur-hancurnya.",
      "footnotes": null
    },
    {
      "ayah": 17,
      "quarter_hizb": 29,
      "juz": 15,
      "manzil": 4,
      "arabic": "وَكَمْ اَهْلَكْنَا مِنَ الْقُرُوْنِ مِنْۢ بَعْدِ نُوْحٍۗ وَكَفٰى بِرَبِّكَ بِذُنُوْبِ عِبَادِهٖ خَبِيْرًاۢ بَصِيْرًا",
      "latin": "Wa kam ahlaknā minal-qurūni mim ba‘di nūḥ(in), wa kafā birabbika biżunūbi ‘ibādihī khabīram baṣīrā(n).",
      "translation": "Banyak generasi setelah Nuh yang telah Kami binasakan. Cukuplah Tuhanmu sebagai Zat Yang Maha Teliti lagi Maha Melihat dosa-dosa hamba-Nya.",
      "footnotes": null
    },
    {
      "ayah": 18,
      "quarter_hizb": 29,
      "juz": 15,
      "manzil": 4,
      "arabic": "مَنْ كَانَ يُرِيْدُ الْعَاجِلَةَ عَجَّلْنَا لَهٗ فِيْهَا مَا نَشَاۤءُ لِمَنْ نُّرِيْدُ ثُمَّ جَعَلْنَا لَهٗ جَهَنَّمَۚ يَصْلٰىهَا مَذْمُوْمًا مَّدْحُوْرًا",
      "latin": "Man kāna yurīdul-‘ājilata ‘ajjalnā lahū fīhā mā nasyā'u liman nurīdu ṡumma ja‘alnā lahū jahannam(a), yaṣlāhā mażmūmam madḥūrā(n).",
      "translation": "Siapa yang menghendaki kehidupan sekarang (duniawi) Kami segerakan baginya di (dunia) ini apa yang Kami kehendaki bagi siapa yang Kami kehendaki. Kemudian, Kami sediakan baginya (neraka) Jahanam. Dia akan memasukinya dalam keadaan tercela lagi terusir (dari rahmat Allah).",
      "footnotes": null
    },
    {
      "ayah": 19,
      "quarter_hizb": 29,
      "juz": 15,
      "manzil": 4,
      "arabic": "وَمَنْ اَرَادَ الْاٰخِرَةَ وَسَعٰى لَهَا سَعْيَهَا وَهُوَ مُؤْمِنٌ فَاُولٰۤىِٕكَ كَانَ سَعْيُهُمْ مَّشْكُوْرًا",
      "latin": "Wa man arādal-ākhirata wa sa‘ā lahā sa‘yahā wa huwa mu'minun fa ulā'ika kāna sa‘yuhum masykūrā(n).",
      "translation": "Siapa yang menghendaki kehidupan akhirat dan berusaha ke arah itu dengan sungguh-sungguh, dan dia adalah mukmin, mereka itulah orang yang usahanya dibalas dengan baik.",
      "footnotes": null
    },
    {
      "ayah": 20,
      "quarter_hizb": 29,
      "juz": 15,
      "manzil": 4,
      "arabic": "كُلًّا نُّمِدُّ هٰٓؤُلَاۤءِ وَهٰٓؤُلَاۤءِ مِنْ عَطَاۤءِ رَبِّكَ ۗوَمَا كَانَ عَطَاۤءُ رَبِّكَ مَحْظُوْرًا ",
      "latin": "Kullan numiddu hā'ulā'i wa hā'ulā'i min ‘aṭā'i rabbik(a), wa mā kāna ‘aṭā'u rabbika maḥẓūrā(n).",
      "translation": "Tiap-tiap (golongan), baik (golongan) ini (yang menginginkan dunia) maupun (golongan) itu (yang menginginkan akhirat) Kami berikan anugerah dari kemurahan Tuhanmu dan kemurahan Tuhanmu tidak dapat dihalangi.",
      "footnotes": null
    },
    {
      "ayah": 21,
      "quarter_hizb": 29,
      "juz": 15,
      "manzil": 4,
      "arabic": "اُنْظُرْ كَيْفَ فَضَّلْنَا بَعْضَهُمْ عَلٰى بَعْضٍۗ وَلَلْاٰخِرَةُ اَكْبَرُ دَرَجٰتٍ وَّاَكْبَرُ تَفْضِيْلًا",
      "latin": "Unẓur kaifa faḍḍalnā ba‘ḍahum ‘alā ba‘ḍ(in), wa lal-ākhiratu akbaru darajātiw wa akbaru tafḍīlā(n).",
      "translation": "Perhatikanlah bagaimana Kami melebihkan sebagian mereka atas sebagian (yang lain). Sungguh kehidupan akhirat lebih tinggi derajatnya dan lebih besar keutamaannya.",
      "footnotes": null
    },
    {
      "ayah": 22,
      "quarter_hizb": 29,
      "juz": 15,
      "manzil": 4,
      "arabic": "لَا تَجْعَلْ مَعَ اللّٰهِ اِلٰهًا اٰخَرَ فَتَقْعُدَ مَذْمُوْمًا مَّخْذُوْلًا ࣖ ",
      "latin": "Lā taj‘al ma‘allāhi ilāhan ākhara fa taq‘uda mażmūmam makhżūlā(n).",
      "translation": "Janganlah engkau menjadikan tuhan yang lain bersama Allah (sebab) nanti engkau menjadi tercela lagi terhina.",
      "footnotes": null
    },
    {
      "ayah": 23,
      "quarter_hizb": 29.25,
      "juz": 15,
      "manzil": 4,
      "arabic": "۞ وَقَضٰى رَبُّكَ اَلَّا تَعْبُدُوْٓا اِلَّآ اِيَّاهُ وَبِالْوَالِدَيْنِ اِحْسٰنًاۗ اِمَّا يَبْلُغَنَّ عِنْدَكَ الْكِبَرَ اَحَدُهُمَآ اَوْ كِلٰهُمَا فَلَا تَقُلْ لَّهُمَآ اُفٍّ وَّلَا تَنْهَرْهُمَا وَقُلْ لَّهُمَا قَوْلًا كَرِيْمًا",
      "latin": "Wa qaḍā rabbuka allā ta‘budū illā iyyāhu wa bil-wālidaini iḥsānā(n), immā yabluganna ‘indakal-kibara aḥaduhumā au kilāhumā falā taqul lahumā uffiw wa lā tanhar humā wa qul lahumā qaulan karīmā(n).",
      "translation": "Tuhanmu telah memerintahkan agar kamu jangan menyembah selain Dia dan hendaklah berbuat baik kepada ibu bapak. Jika salah seorang di antara keduanya atau kedua-duanya sampai berusia lanjut dalam pemeliharaanmu, sekali-kali janganlah engkau mengatakan kepada keduanya perkataan “ah” dan janganlah engkau membentak keduanya, serta ucapkanlah kepada keduanya perkataan yang baik.426)",
      "footnotes": "426) Sekadar mengucapkan kata ah (atau kata-kata kasar lainnya) kepada orang tua tidak dibolehkan oleh agama, apalagi memperlakukan mereka dengan lebih kasar."
    },
    {
      "ayah": 24,
      "quarter_hizb": 29.25,
      "juz": 15,
      "manzil": 4,
      "arabic": "وَاخْفِضْ لَهُمَا جَنَاحَ الذُّلِّ مِنَ الرَّحْمَةِ وَقُلْ رَّبِّ ارْحَمْهُمَا كَمَا رَبَّيٰنِيْ صَغِيْرًاۗ",
      "latin": "Wakhfiḍ lahumā janāḥaż-żulli minar-raḥmati wa qur rabbirḥamhumā kamā rabbayānī ṣagīrā(n).",
      "translation": "Rendahkanlah dirimu terhadap keduanya dengan penuh kasih sayang dan ucapkanlah, “Wahai Tuhanku, sayangilah keduanya sebagaimana mereka berdua (menyayangiku ketika) mendidik aku pada waktu kecil.”",
      "footnotes": null
    },
    {
      "ayah": 25,
      "quarter_hizb": 29.25,
      "juz": 15,
      "manzil": 4,
      "arabic": "رَبُّكُمْ اَعْلَمُ بِمَا فِيْ نُفُوْسِكُمْ ۗاِنْ تَكُوْنُوْا صٰلِحِيْنَ فَاِنَّهٗ كَانَ لِلْاَوَّابِيْنَ غَفُوْرًا",
      "latin": "Rabbukum a‘lamu bimā fī nufūsikum, in takūnū ṣāliḥīna fa innahū kāna lil-awwābīna gafūrā(n).",
      "translation": "Tuhanmu lebih mengetahui apa yang ada dalam dirimu. Jika kamu adalah orang-orang yang saleh, sesungguhnya Dia adalah Maha Pengampun bagi orang-orang yang bertobat.",
      "footnotes": null
    },
    {
      "ayah": 26,
      "quarter_hizb": 29.25,
      "juz": 15,
      "manzil": 4,
      "arabic": "وَاٰتِ ذَا الْقُرْبٰى حَقَّهٗ وَالْمِسْكِيْنَ وَابْنَ السَّبِيْلِ وَلَا تُبَذِّرْ تَبْذِيْرًا ",
      "latin": "Wa āti żal-qurbā ḥaqqahū wal-miskīna wabnas-sabīli wa lā tubażżir tabżīrā(n).",
      "translation": "Berikanlah kepada kerabat dekat haknya, (juga kepada) orang miskin, dan orang yang dalam perjalanan. Janganlah kamu menghambur-hamburkan (hartamu) secara boros.",
      "footnotes": null
    },
    {
      "ayah": 27,
      "quarter_hizb": 29.25,
      "juz": 15,
      "manzil": 4,
      "arabic": "اِنَّ الْمُبَذِّرِيْنَ كَانُوْٓا اِخْوَانَ الشَّيٰطِيْنِ ۗوَكَانَ الشَّيْطٰنُ لِرَبِّهٖ كَفُوْرًا",
      "latin": "Innal-mubażżirīna kānū ikhwānasy-syayāṭīn(i), wa kānasy-syaiṭānu lirabbihī kafūrā(n).",
      "translation": "Sesungguhnya para pemboros itu adalah saudara-saudara setan dan setan itu sangat ingkar kepada Tuhannya.",
      "footnotes": null
    },
    {
      "ayah": 28,
      "quarter_hizb": 29.25,
      "juz": 15,
      "manzil": 4,
      "arabic": "وَاِمَّا تُعْرِضَنَّ عَنْهُمُ ابْتِغَاۤءَ رَحْمَةٍ مِّنْ رَّبِّكَ تَرْجُوْهَا فَقُلْ لَّهُمْ قَوْلًا مَّيْسُوْرًا",
      "latin": "Wa immā tu‘riḍanna ‘anhumubtigā'a raḥmatim mir rabbika tarjūhā faqul lahum qaulam maisūrā(n).",
      "translation": "Jika (tidak mampu membantu sehingga) engkau (terpaksa) berpaling dari mereka untuk memperoleh rahmat dari Tuhanmu yang engkau harapkan, ucapkanlah kepada mereka perkataan yang lemah lembut.",
      "footnotes": null
    },
    {
      "ayah": 29,
      "quarter_hizb": 29.25,
      "juz": 15,
      "manzil": 4,
      "arabic": "وَلَا تَجْعَلْ يَدَكَ مَغْلُوْلَةً اِلٰى عُنُقِكَ وَلَا تَبْسُطْهَا كُلَّ الْبَسْطِ فَتَقْعُدَ مَلُوْمًا مَّحْسُوْرًا ",
      "latin": "Wa lā taj‘al yadaka maglūlatan ilā ‘unuqika wa lā tabsuṭhā kullal-basṭi fa taq‘uda malūmam maḥsūrā(n).",
      "translation": "Janganlah engkau jadikan tanganmu terbelenggu pada lehermu (kikir) dan jangan (pula) engkau mengulurkannya secara berlebihan sebab nanti engkau menjadi tercela lagi menyesal.",
      "footnotes": null
    },
    {
      "ayah": 30,
      "quarter_hizb": 29.25,
      "juz": 15,
      "manzil": 4,
      "arabic": "اِنَّ رَبَّكَ يَبْسُطُ الرِّزْقَ لِمَنْ يَّشَاۤءُ وَيَقْدِرُ ۗاِنَّهٗ كَانَ بِعِبَادِهٖ خَبِيْرًاۢ بَصِيْرًا ࣖ",
      "latin": "Inna rabbaka yabsuṭur-rizqa limay yasyā'u wa yaqdir(u), innahū kāna bi‘ibādihī khabīram baṣīrā(n).",
      "translation": "Sesungguhnya Tuhanmu melapangkan rezeki bagi siapa yang Dia kehendaki dan menyempitkan (-nya bagi siapa yang Dia kehendaki). Sesungguhnya Dia Maha Teliti lagi Maha Melihat hamba-hamba-Nya.",
      "footnotes": null
    },
    {
      "ayah": 31,
      "quarter_hizb": 29.25,
      "juz": 15,
      "manzil": 4,
      "arabic": "وَلَا تَقْتُلُوْٓا اَوْلَادَكُمْ خَشْيَةَ اِمْلَاقٍۗ نَحْنُ نَرْزُقُهُمْ وَاِيَّاكُمْۗ اِنَّ قَتْلَهُمْ كَانَ خِطْـًٔا كَبِيْرًا ",
      "latin": "Wa lā taqtulū aulādakum khasy-yata imlāq(in), naḥnu narzuquhum wa iyyākum, inna qatlahum kāna khiṭ'an kabīrā(n).",
      "translation": "Janganlah kamu membunuh anak-anakmu karena takut miskin. Kamilah yang memberi rezeki kepada mereka dan (juga) kepadamu. Sesungguhnya membunuh mereka itu adalah suatu dosa yang besar.",
      "footnotes": null
    },
    {
      "ayah": 32,
      "quarter_hizb": 29.25,
      "juz": 15,
      "manzil": 4,
      "arabic": "وَلَا تَقْرَبُوا الزِّنٰىٓ اِنَّهٗ كَانَ فَاحِشَةً ۗوَسَاۤءَ سَبِيْلًا ",
      "latin": "Wa lā taqrabuz-zinā innahū kāna fāḥisyah(tan), wa sā'a sabīlā(n).",
      "translation": "Janganlah kamu mendekati zina. Sesungguhnya (zina) itu adalah perbuatan keji dan jalan terburuk.",
      "footnotes": null
    },
    {
      "ayah": 33,
      "quarter_hizb": 29.25,
      "juz": 15,
      "manzil": 4,
      "arabic": "وَلَا تَقْتُلُوا النَّفْسَ الَّتِيْ حَرَّمَ اللّٰهُ اِلَّا بِالْحَقِّۗ وَمَنْ قُتِلَ مَظْلُوْمًا فَقَدْ جَعَلْنَا لِوَلِيِّهٖ سُلْطٰنًا فَلَا يُسْرِفْ فِّى الْقَتْلِۗ اِنَّهٗ كَانَ مَنْصُوْرًا",
      "latin": "Wa lā taqtulun-nafsal-latī ḥarramallāhu illā bil-ḥaqq(i), wa man qutila maẓlūman faqad ja‘alnā liwaliyyihī sulṭānan falā yusrif fil-qatl(i), innahū kāna manṣūrā(n).",
      "translation": "Janganlah kamu membunuh orang yang diharamkan Allah (membunuhnya), kecuali dengan suatu (alasan) yang benar.427) Siapa yang dibunuh secara teraniaya, sungguh Kami telah memberi kekuasaan428) kepada walinya. Akan tetapi, janganlah dia (walinya itu) melampaui batas dalam pembunuhan (kisas). Sesungguhnya dia adalah orang yang mendapat pertolongan.",
      "footnotes": "427) Lihat catatan kaki surah al-An‘ām (6): 151.\n428) Yang dimaksud dengan kekuasaan di sini ialah kewenangan ahli waris korban pembunuhan atau pemerintah yang sah untuk menuntut kisas atau menerima diat (lihat surah al-Baqarah [2]: 178 dan an-Nisā’ [4]: 92)."
    },
    {
      "ayah": 34,
      "quarter_hizb": 29.25,
      "juz": 15,
      "manzil": 4,
      "arabic": "وَلَا تَقْرَبُوْا مَالَ الْيَتِيْمِ اِلَّا بِالَّتِيْ هِيَ اَحْسَنُ حَتّٰى يَبْلُغَ اَشُدَّهٗۖ وَاَوْفُوْا بِالْعَهْدِۖ اِنَّ الْعَهْدَ كَانَ مَسْـُٔوْلًا",
      "latin": "Wa lā taqrabū mālal-yatīmi illā bil-latī hiya aḥsanu ḥattā yabluga asyuddah(ū), wa aufū bil-‘ahd(i), innal-‘ahda kāna mas'ūlā(n).",
      "translation": "Janganlah kamu mendekati harta anak yatim, kecuali dengan (cara) yang terbaik (dengan mengembangkannya) sampai dia dewasa dan penuhilah janji (karena) sesungguhnya janji itu pasti diminta pertanggungjawabannya.",
      "footnotes": null
    },
    {
      "ayah": 35,
      "quarter_hizb": 29.25,
      "juz": 15,
      "manzil": 4,
      "arabic": "وَاَوْفُوا الْكَيْلَ اِذَا كِلْتُمْ وَزِنُوْا بِالْقِسْطَاسِ الْمُسْتَقِيْمِۗ ذٰلِكَ خَيْرٌ وَّاَحْسَنُ تَأْوِيْلًا",
      "latin": "Wa auful-kaila iżā kiltum wa zinū bil-qisṭāsil-mustaqīm(i), żālika khairuw wa aḥsanu ta'wīlā(n).",
      "translation": "Sempurnakanlah takaran apabila kamu menakar dan timbanglah dengan timbangan yang benar. Itulah yang paling baik dan paling bagus akibatnya.",
      "footnotes": null
    },
    {
      "ayah": 36,
      "quarter_hizb": 29.25,
      "juz": 15,
      "manzil": 4,
      "arabic": "وَلَا تَقْفُ مَا لَيْسَ لَكَ بِهٖ عِلْمٌ ۗاِنَّ السَّمْعَ وَالْبَصَرَ وَالْفُؤَادَ كُلُّ اُولٰۤىِٕكَ كَانَ عَنْهُ مَسْـُٔوْلًا ",
      "latin": "Wa lā taqfu mā laisa laka bihī ‘ilm(un), innas-sam‘a wal-baṣara wal-fu'āda kullu ulā'ika kāna ‘anhu mas'ūlā(n).",
      "translation": "Janganlah engkau mengikuti sesuatu yang tidak kauketahui. Sesungguhnya pendengaran, penglihatan, dan hati nurani, semua itu akan diminta pertanggungjawabannya.",
      "footnotes": null
    },
    {
      "ayah": 37,
      "quarter_hizb": 29.25,
      "juz": 15,
      "manzil": 4,
      "arabic": "وَلَا تَمْشِ فِى الْاَرْضِ مَرَحًاۚ اِنَّكَ لَنْ تَخْرِقَ الْاَرْضَ وَلَنْ تَبْلُغَ الْجِبَالَ طُوْلًا",
      "latin": "Wa lā tamsyi fil-arḍi marahā(n), innaka lan takhriqal-arḍa wa lan tablugal-jibāla ṭūlā(n).",
      "translation": "Janganlah engkau berjalan di bumi ini dengan sombong karena sesungguhnya engkau tidak akan dapat menembus bumi dan tidak akan mampu menjulang setinggi gunung.",
      "footnotes": null
    },
    {
      "ayah": 38,
      "quarter_hizb": 29.25,
      "juz": 15,
      "manzil": 4,
      "arabic": "كُلُّ ذٰلِكَ كَانَ سَيِّئُهٗ عِنْدَ رَبِّكَ مَكْرُوْهًا ",
      "latin": "Kullu żālika kāna sayyi'uhū ‘inda rabbika makrūhā(n).",
      "translation": "Kejahatan dari semua (larangan) itu429) dibenci di sisi Tuhanmu.",
      "footnotes": "429) Yang dimaksud adalah larangan-larangan yang disebut dalam ayat 22, 23, 26, 29, 31, 32, 33, 34, 36, dan 37 surah ini."
    },
    {
      "ayah": 39,
      "quarter_hizb": 29.25,
      "juz": 15,
      "manzil": 4,
      "arabic": "ذٰلِكَ مِمَّآ اَوْحٰٓى اِلَيْكَ رَبُّكَ مِنَ الْحِكْمَةِۗ وَلَا تَجْعَلْ مَعَ اللّٰهِ اِلٰهًا اٰخَرَ فَتُلْقٰى فِيْ جَهَنَّمَ مَلُوْمًا مَّدْحُوْرًا ",
      "latin": "Żālika mimmā auḥā ilaika rabbuka minal-ḥikmah(ti), wa lā taj‘al ma‘allāhi ilāhan ākhara fa tulqā fī jahannama malūmam madḥūrā(n).",
      "translation": "Itulah sebagian hikmah yang diwahyukan Tuhan kepada engkau (Nabi Muhammad). Janganlah engkau menjadikan tuhan yang lain di samping Allah, yang menyebabkan engkau dilemparkan ke dalam neraka dalam keadaan tercela lagi terusir (dari rahmat Allah).",
      "footnotes": null
    },
    {
      "ayah": 40,
      "quarter_hizb": 29.25,
      "juz": 15,
      "manzil": 4,
      "arabic": "اَفَاَصْفٰىكُمْ رَبُّكُمْ بِالْبَنِيْنَ وَاتَّخَذَ مِنَ الْمَلٰۤىِٕكَةِ اِنَاثًاۗ اِنَّكُمْ لَتَقُوْلُوْنَ قَوْلًا عَظِيْمًا ࣖ ",
      "latin": "Afa aṣfākum rabbukum bil-banīna wattakhaża minal-malā'ikati ināṡā(n), innakum lataqūlūna qaulan ‘aẓīmā(n).",
      "translation": "Apakah (pantas) Tuhanmu memilihkan anak laki-laki untukmu, sedangkan Dia menjadikan malaikat sebagai anak perempuan? Sesungguhnya kamu (kaum musyrik) benar-benar mengucapkan perkataan yang (dosanya) sangat besar.",
      "footnotes": null
    },
    {
      "ayah": 41,
      "quarter_hizb": 29.25,
      "juz": 15,
      "manzil": 4,
      "arabic": "وَلَقَدْ صَرَّفْنَا فِيْ هٰذَا الْقُرْاٰنِ لِيَذَّكَّرُوْاۗ وَمَا يَزِيْدُهُمْ اِلَّا نُفُوْرًا",
      "latin": "Wa laqad ṣarrafnā fī hāżal-qur'āni liyażżakkarū, wa mā yazīduhum illā nufūrā(n).",
      "translation": "Sungguh telah Kami (jelaskan) berulang-ulang (peringatan) dalam Al-Qur’an ini agar mereka selalu ingat. Akan tetapi, (peringatan) itu tidak menambah (apa pun) kepada mereka, kecuali makin lari (dari kebenaran).",
      "footnotes": null
    },
    {
      "ayah": 42,
      "quarter_hizb": 29.25,
      "juz": 15,
      "manzil": 4,
      "arabic": "قُلْ لَّوْ كَانَ مَعَهٗ ٓ اٰلِهَةٌ كَمَا يَقُوْلُوْنَ اِذًا لَّابْتَغَوْا اِلٰى ذِى الْعَرْشِ سَبِيْلًا",
      "latin": "Qul lau kāna ma‘ahū ālihatun kamā yaqūlūna iżal labtagau ilā żil-‘arsyi sabīlā(n).",
      "translation": "Katakanlah (Nabi Muhammad), “Seandainya ada tuhan-tuhan (lain) di samping-Nya, sebagaimana yang mereka katakan, niscaya tuhan-tuhan itu mencari jalan kepada (Tuhan) Pemilik ʻArasy (untuk mengalahkan atau menyaingi-Nya).”",
      "footnotes": null
    },
    {
      "ayah": 43,
      "quarter_hizb": 29.25,
      "juz": 15,
      "manzil": 4,
      "arabic": " سُبْحٰنَهٗ وَتَعٰلٰى عَمَّا يَقُوْلُوْنَ عُلُوًّا كَبِيْرًا",
      "latin": "Subḥānahū wa ta‘ālā ‘ammā yaqūlūna ‘uluwwan kabīrā(n).",
      "translation": "Maha Suci dan Maha Tinggi Dia dari apa yang mereka katakan dengan ketinggian yang agung.",
      "footnotes": null
    },
    {
      "ayah": 44,
      "quarter_hizb": 29.25,
      "juz": 15,
      "manzil": 4,
      "arabic": "تُسَبِّحُ لَهُ السَّمٰوٰتُ السَّبْعُ وَالْاَرْضُ وَمَنْ فِيْهِنَّۗ وَاِنْ مِّنْ شَيْءٍ اِلَّا يُسَبِّحُ بِحَمْدِهٖ وَلٰكِنْ لَّا تَفْقَهُوْنَ تَسْبِيْحَهُمْۗ اِنَّهٗ كَانَ حَلِيْمًا غَفُوْرًا",
      "latin": "Tusabbiḥu lahus-samāwātus-sab‘u wal-arḍu wa man fīhinn(a), wa im min syai'in illā yusabbiḥu biḥamdihī wa lākil lā tafqahūna tasbīḥahum, innahū kāna ḥalīman gafūrā(n).",
      "translation": "Langit yang tujuh, bumi, dan semua yang ada di dalamnya senantiasa bertasbih kepada Allah. Tidak ada sesuatu pun, kecuali senantiasa bertasbih dengan memuji-Nya, tetapi kamu tidak mengerti tasbih mereka. Sesungguhnya Dia Maha Penyantun lagi Maha Pengampun.",
      "footnotes": null
    },
    {
      "ayah": 45,
      "quarter_hizb": 29.25,
      "juz": 15,
      "manzil": 4,
      "arabic": "وَاِذَا قَرَأْتَ الْقُرْاٰنَ جَعَلْنَا بَيْنَكَ وَبَيْنَ الَّذِيْنَ لَا يُؤْمِنُوْنَ بِالْاٰخِرَةِ حِجَابًا مَّسْتُوْرًاۙ  ",
      "latin": "Wa iżā qara'tal-qur'āna ja‘alnā bainaka wa bainal-lażīna lā yu'minūna bil-ākhirati ḥijābam mastūrā(n).",
      "translation": "Apabila engkau (Nabi Muhammad) membaca Al-Qur’an, Kami adakan suatu tabir yang tertutup antara engkau dan orang-orang yang tidak beriman pada kehidupan akhirat.",
      "footnotes": null
    },
    {
      "ayah": 46,
      "quarter_hizb": 29.25,
      "juz": 15,
      "manzil": 4,
      "arabic": "وَّجَعَلْنَا عَلٰى قُلُوْبِهِمْ اَكِنَّةً اَنْ يَّفْقَهُوْهُ وَفِيْٓ اٰذَانِهِمْ وَقْرًاۗ وَاِذَا ذَكَرْتَ رَبَّكَ فِى الْقُرْاٰنِ وَحْدَهٗ وَلَّوْا عَلٰٓى اَدْبَارِهِمْ نُفُوْرًا",
      "latin": "Wa ja‘alnā ‘alā qulūbihim akinnatan ay yafqahūhu wa fī āżānihim waqrā(n), wa iżā żakarta rabbaka fil-qur'āni waḥdahū wallau ‘alā adbārihim nufūrā(n).",
      "translation": "Kami jadikan di atas hati mereka penutup-penutup (sesuai dengan kehendak dan sikap mereka) sehingga mereka tidak memahaminya dan di telinga mereka ada penyumbat (sehingga tidak mendengarnya). Apabila engkau menyebut (nama) Tuhanmu saja dalam Al-Qur’an, mereka berpaling ke belakang melarikan diri (karena benci).",
      "footnotes": null
    },
    {
      "ayah": 47,
      "quarter_hizb": 29.25,
      "juz": 15,
      "manzil": 4,
      "arabic": "نَحْنُ اَعْلَمُ بِمَا يَسْتَمِعُوْنَ بِهٖٓ اِذْ يَسْتَمِعُوْنَ اِلَيْكَ وَاِذْ هُمْ نَجْوٰٓى اِذْ يَقُوْلُ الظّٰلِمُوْنَ اِنْ تَتَّبِعُوْنَ اِلَّا رَجُلًا مَّسْحُوْرًا ",
      "latin": "Naḥnu a‘lamu bimā yastami‘ūna bihī iż yastami‘ūna ilaika wa iż hum najwā iż yaqūluẓ-ẓālimūna in tattabi‘ūna illā rajulam masḥūrā(n).",
      "translation": "Kami lebih tahu bagaimana (sikap) mereka mendengarkan (Al-Qur’an) saat mereka mendengarkan engkau (Nabi Muhammad) dan berbisik-bisik (sesama mereka) ketika orang-orang zalim itu berkata, “Kamu tidak mengikuti (siapa pun), kecuali seorang laki-laki yang kena sihir.”",
      "footnotes": null
    },
    {
      "ayah": 48,
      "quarter_hizb": 29.25,
      "juz": 15,
      "manzil": 4,
      "arabic": "اُنْظُرْ كَيْفَ ضَرَبُوْا لَكَ الْاَمْثَالَ فَضَلُّوْا فَلَا يَسْتَطِيْعُوْنَ سَبِيْلًا",
      "latin": "Unẓur kaifa ḍarabū lakal-amṡāla fa ḍallū falā yastaṭī‘ūna sabīlā(n).",
      "translation": "Perhatikanlah (Nabi Muhammad) bagaimana mereka membuat perumpamaan-perumpamaan (yang buruk) tentang engkau! Maka, sesatlah mereka sehingga tidak sanggup (mendapatkan) jalan (untuk menentang kerasulanmu).",
      "footnotes": null
    },
    {
      "ayah": 49,
      "quarter_hizb": 29.25,
      "juz": 15,
      "manzil": 4,
      "arabic": "وَقَالُوْٓا ءَاِذَا كُنَّا عِظَامًا وَّرُفَاتًا ءَاِنَّا لَمَبْعُوْثُوْنَ خَلْقًا جَدِيْدًا ",
      "latin": "Wa qālū a'iżā kunnā ‘iẓāmaw wa rufātan a'innā lamab‘ūṡūna khalqan jadīdā(n).",
      "translation": "Mereka berkata, “Apabila kami telah menjadi tulang-belulang dan kepingan-kepingan (yang berserakan), apakah kami benar-benar akan dibangkitkan kembali sebagai makhluk yang baru?”",
      "footnotes": null
    },
    {
      "ayah": 50,
      "quarter_hizb": 29.5,
      "juz": 15,
      "manzil": 4,
      "arabic": "۞ قُلْ كُوْنُوْا حِجَارَةً اَوْ حَدِيْدًاۙ ",
      "latin": "Qul kūnū ḥijāratan au ḥadīdā(n).",
      "translation": "Katakanlah (Nabi Muhammad), “Jadilah kamu batu atau besi,",
      "footnotes": null
    },
    {
      "ayah": 51,
      "quarter_hizb": 29.5,
      "juz": 15,
      "manzil": 4,
      "arabic": "اَوْ خَلْقًا مِّمَّا يَكْبُرُ فِيْ صُدُوْرِكُمْ ۚفَسَيَقُوْلُوْنَ مَنْ يُّعِيْدُنَاۗ قُلِ الَّذِيْ فَطَرَكُمْ اَوَّلَ مَرَّةٍۗ فَسَيُنْغِضُوْنَ اِلَيْكَ رُءُوْسَهُمْ وَيَقُوْلُوْنَ مَتٰى هُوَۗ قُلْ عَسٰٓى اَنْ يَّكُوْنَ قَرِيْبًا",
      "latin": "Au khalqam mimmā yakburu fī ṣudūrikum, fa sayaqūlūna may yu‘īdunā, qulil-lażī faṭarakum awwala marrah(tin), fa sayun-giḍūna ilaika ru'ūsahum wa yaqūlūna matā huw(a), qul ‘asā ay yakūna qarībā(n).",
      "translation": "atau (jadilah) makhluk lain yang tidak mungkin hidup kembali menurut pikiranmu (maka Allah akan tetap menghidupkannya kembali).” Kemudian, mereka akan bertanya, “Siapa yang akan menghidupkan kami kembali?” Katakanlah, “Yang telah menciptakan kamu pertama kali.” Mereka akan menggeleng-gelengkan kepalanya kepadamu (karena takjub) dan berkata, “Kapan (kiamat) itu (akan terjadi)?” Katakanlah, “Barangkali waktunya sudah dekat,”",
      "footnotes": null
    },
    {
      "ayah": 52,
      "quarter_hizb": 29.5,
      "juz": 15,
      "manzil": 4,
      "arabic": "يَوْمَ يَدْعُوْكُمْ فَتَسْتَجِيْبُوْنَ بِحَمْدِهٖ وَتَظُنُّوْنَ اِنْ لَّبِثْتُمْ اِلَّا قَلِيْلًا ࣖ ",
      "latin": "Yauma yad‘ūkum fa tastajībūna biḥamdihī wa taẓunnūna il labiṡtum illā qalīlā(n).",
      "translation": "yaitu pada hari (ketika) Dia memanggilmu, lalu kamu mematuhi-Nya sambil memuji-Nya dan mengira tidak berdiam (di bumi) kecuali hanya sebentar.",
      "footnotes": null
    },
    {
      "ayah": 53,
      "quarter_hizb": 29.5,
      "juz": 15,
      "manzil": 4,
      "arabic": "وَقُلْ لِّعِبَادِيْ يَقُوْلُوا الَّتِيْ هِيَ اَحْسَنُۗ اِنَّ الشَّيْطٰنَ يَنْزَغُ بَيْنَهُمْۗ اِنَّ الشَّيْطٰنَ كَانَ لِلْاِنْسَانِ عَدُوًّا مُّبِيْنًا",
      "latin": "Wa qul li‘ibādī yaqūlul-latī hiya aḥsan(u), innasy-syaiṭāna yanzagu bainahum, innasy-syaiṭāna kāna lil-insāni ‘aduwwam mubīnā(n).",
      "translation": "Katakan kepada hamba-hamba-Ku supaya mereka mengucapkan perkataan yang lebih baik (dan benar). Sesungguhnya setan itu selalu menimbulkan perselisihan di antara mereka. Sesungguhnya setan adalah musuh yang nyata bagi manusia.",
      "footnotes": null
    },
    {
      "ayah": 54,
      "quarter_hizb": 29.5,
      "juz": 15,
      "manzil": 4,
      "arabic": "رَبُّكُمْ اَعْلَمُ بِكُمْ اِنْ يَّشَأْ يَرْحَمْكُمْ اَوْ اِنْ يَّشَأْ يُعَذِّبْكُمْۗ وَمَآ اَرْسَلْنٰكَ عَلَيْهِمْ وَكِيْلًا",
      "latin": "Rabbukum a‘lamu bikum, iy yasya' yarḥamkum au iy yasya' yu‘ażżibkum, wa mā arsalnāka ‘alaihim wakīlā(n).",
      "translation": "Tuhanmu lebih mengetahui tentang kamu. Jika Dia menghendaki, niscaya Dia merahmatimu dan jika Dia menghendaki, niscaya Dia mengazabmu. Kami tidaklah mengutusmu (Nabi Muhammad) sebagai penjaga bagi mereka.",
      "footnotes": null
    },
    {
      "ayah": 55,
      "quarter_hizb": 29.5,
      "juz": 15,
      "manzil": 4,
      "arabic": "وَرَبُّكَ اَعْلَمُ بِمَنْ فِى السَّمٰوٰتِ وَالْاَرْضِۗ وَلَقَدْ فَضَّلْنَا بَعْضَ النَّبِيّٖنَ عَلٰى بَعْضٍ وَّاٰتَيْنَا دَاوٗدَ زَبُوْرًا",
      "latin": "Wa rabbuka a‘lamu biman fis-samāwāti wal-arḍ(i), wa laqad faḍḍalnā ba‘ḍan nabiyyīna ‘alā ba‘ḍiw wa ātainā dāwūda zabūrā(n).",
      "translation": "Tuhanmu lebih mengetahui siapa yang di langit dan di bumi. Sungguh, Kami telah melebihkan sebagian nabi-nabi atas sebagian (yang lain) dan Kami anugerahkan Zabur kepada Daud.",
      "footnotes": null
    },
    {
      "ayah": 56,
      "quarter_hizb": 29.5,
      "juz": 15,
      "manzil": 4,
      "arabic": "قُلِ ادْعُوا الَّذِيْنَ زَعَمْتُمْ مِّنْ دُوْنِهٖ فَلَا يَمْلِكُوْنَ كَشْفَ الضُّرِّ عَنْكُمْ وَلَا تَحْوِيْلًا",
      "latin": "Qulid‘ul-lażīna za‘amtum min dūnihī falā yamlikūna kasyfaḍ-ḍurri ‘ankum wa lā taḥwīlā(n).",
      "translation": "Katakanlah (Nabi Muhammad), “Serulah mereka yang kamu anggap (tuhan)430) selain Dia. Mereka tidak akan mampu menghilangkan bahaya darimu dan tidak (pula) mampu mengalihkannya.”",
      "footnotes": "430) Maksudnya adalah apa yang diyakini mereka sebagai tuhan, yaitu berhala, malaikat, jin, dan sebagainya."
    },
    {
      "ayah": 57,
      "quarter_hizb": 29.5,
      "juz": 15,
      "manzil": 4,
      "arabic": "اُولٰۤىِٕكَ الَّذِيْنَ يَدْعُوْنَ يَبْتَغُوْنَ اِلٰى رَبِّهِمُ الْوَسِيْلَةَ اَيُّهُمْ اَقْرَبُ وَيَرْجُوْنَ رَحْمَتَهٗ وَيَخَافُوْنَ عَذَابَهٗۗ اِنَّ عَذَابَ رَبِّكَ كَانَ مَحْذُوْرًا",
      "latin": "Ulā'ikal-lażīna yad‘ūna yabtagūna ilā rabbihimul-wasīlata ayyuhum aqrabu wa yarjūna raḥmatahū wa yakhāfūna ‘ażābah(ū), inna ‘ażāba rabbika kāna maḥżūrā(n).",
      "translation": "Orang-orang yang mereka seru itu, mereka (sendiri) mencari jalan kepada Tuhan431) (masing-masing berharap) siapa di antara mereka yang lebih dekat (kepada Allah). Mereka juga mengharapkan rahmat-Nya dan takut akan azab-Nya. Sesungguhnya, azab Tuhanmu itu adalah yang (harus) ditakuti.",
      "footnotes": "431) Nabi Isa a.s., para malaikat, dan Uzair yang mereka sembah selama ini sebenarnya menyeru dan mencari jalan untuk mendekatkan diri kepada Allah Swt."
    },
    {
      "ayah": 58,
      "quarter_hizb": 29.5,
      "juz": 15,
      "manzil": 4,
      "arabic": "وَاِنْ مِّنْ قَرْيَةٍ اِلَّا نَحْنُ مُهْلِكُوْهَا قَبْلَ يَوْمِ الْقِيٰمَةِ اَوْ مُعَذِّبُوْهَا عَذَابًا شَدِيْدًاۗ كَانَ ذٰلِكَ فىِ الْكِتٰبِ مَسْطُوْرًا",
      "latin": "Wa im min qaryatin illā naḥnu muhlikūhā qabla yaumil-qiyāmati au mu‘ażżibūhā ‘ażāban syadīdā(n), kāna żālika fil-kitābi masṭūrā(n).",
      "translation": "Tidak ada suatu negeri pun (yang durhaka penduduknya), kecuali Kami membinasakannya sebelum hari Kiamat atau Kami siksa (penduduk)-nya dengan siksa yang sangat keras. Yang demikian itu telah tertulis di dalam Kitab (Lauhulmahfuz).",
      "footnotes": null
    },
    {
      "ayah": 59,
      "quarter_hizb": 29.5,
      "juz": 15,
      "manzil": 4,
      "arabic": "وَمَا مَنَعَنَآ اَنْ نُّرْسِلَ بِالْاٰيٰتِ اِلَّآ اَنْ كَذَّبَ بِهَا الْاَوَّلُوْنَۗ وَاٰتَيْنَا ثَمُوْدَ النَّاقَةَ مُبْصِرَةً فَظَلَمُوْا بِهَاۗ وَمَا نُرْسِلُ بِالْاٰيٰتِ اِلَّا تَخْوِيْفًا",
      "latin": "Wa mā mana‘anā an nursila bil-āyāti  illā an każżaba bihal-awwalūn(a), wa ātainā ṡamūdan-nāqata mubṣiratan fa ẓalamū bihā, wa mā nursilu bil-āyāti illā takhwīfā(n).",
      "translation": "Tidak ada yang menghalangi Kami untuk mengirimkan (kepadamu) tanda-tanda (kekuasaan Kami), melainkan karena (tanda-tanda) itu telah didustakan oleh orang-orang terdahulu. Kami telah berikan kepada kaum Samud unta betina (sebagai mukjizat) yang jelas, tetapi mereka menganiayanya (dengan menyembelihnya). Kami tidak mengirimkan tanda-tanda itu kecuali untuk menakut-nakuti.",
      "footnotes": null
    },
    {
      "ayah": 60,
      "quarter_hizb": 29.5,
      "juz": 15,
      "manzil": 4,
      "arabic": "وَاِذْ قُلْنَا لَكَ اِنَّ رَبَّكَ اَحَاطَ بِالنَّاسِۗ وَمَا جَعَلْنَا الرُّءْيَا الَّتِيْٓ اَرَيْنٰكَ اِلَّا فِتْنَةً لِّلنَّاسِ وَالشَّجَرَةَ الْمَلْعُوْنَةَ فِى الْقُرْاٰنِ ۗ وَنُخَوِّفُهُمْۙ فَمَا يَزِيْدُهُمْ اِلَّا طُغْيَانًا كَبِيْرًا ࣖ ",
      "latin": "Wa iż qulnā laka inna rabbaka aḥāṭa bin-nās(i), wa mā ja‘alnar-ru'yal-latī araināka illā fitnatal lin-nāsi wasy-syajaratal mal‘ūnata fil-qur'ān(i), wa nukhawwifuhum, famā yazīduhum illā ṭugyānan kabīrā(n).",
      "translation": "(Ingatlah) ketika Kami berfirman kepadamu, “Sesungguhnya Tuhanmu (dengan ilmu dan kekuasaan-Nya) meliputi seluruh manusia.” Kami tidak menjadikan ru’yā432) yang telah Kami perlihatkan kepadamu, melainkan sebagai ujian bagi manusia dan (begitu pula) pohon yang terkutuk433) dalam Al-Qur’an. Kami menakut-nakuti mereka, tetapi yang demikian itu hanyalah menambah besar kedurhakaan mereka.",
      "footnotes": "432) Menurut sebagian mufasir, yang dimaksud ru’yā di sini berkaitan dengan peristiwa Isra Mikraj sehingga maknanya adalah ‘penglihatan Nabi ketika Isra Mikraj’. Adapun menurut sebagian mufasir lainnya, ru’yā ini berkaitan dengan Perang Badar. Maka, maknanya adalah ‘mimpi yang dialami Rasulullah sebelum peristiwa Perang Badar’.\n433) Pohon terkutuk itu adalah pohon zaqum (lihat dalam surah aṣ-Ṣāffāt [37]: 62 dan ad-Dukhān [44]: 43)."
    },
    {
      "ayah": 61,
      "quarter_hizb": 29.5,
      "juz": 15,
      "manzil": 4,
      "arabic": "وَاِذْ قُلْنَا لِلْمَلٰۤىِٕكَةِ اسْجُدُوْا لِاٰدَمَ فَسَجَدُوْٓا اِلَّآ اِبْلِيْسَۗ قَالَ ءَاَسْجُدُ لِمَنْ خَلَقْتَ طِيْنًاۚ ",
      "latin": "Wa iż qulnā lil-malā'ikatisjudū li'ādama fa sajadū illā iblīs(a), qāla a'asjudu liman khalaqta ṭīnā(n).",
      "translation": "(Ingatlah) ketika Kami berfirman kepada para malaikat, “Sujudlah kamu semua kepada Adam.” Mereka pun sujud, tetapi Iblis (enggan). Ia (Iblis) berkata, “Apakah aku harus bersujud kepada orang yang Engkau ciptakan dari tanah?”",
      "footnotes": null
    },
    {
      "ayah": 62,
      "quarter_hizb": 29.5,
      "juz": 15,
      "manzil": 4,
      "arabic": "قَالَ اَرَاَيْتَكَ هٰذَا الَّذِيْ كَرَّمْتَ عَلَيَّ لَىِٕنْ اَخَّرْتَنِ اِلٰى يَوْمِ الْقِيٰمَةِ لَاَحْتَنِكَنَّ ذُرِّيَّتَهٗٓ اِلَّا قَلِيْلًا",
      "latin": "Qāla ara'aitaka  hāżal-lażī karramta ‘alayya la'in akhkhartani ilā yaumil-qiyāmati la'aḥtanikanna żurriyyatahū illā qalīlā(n).",
      "translation": "Ia (Iblis) berkata, “Terangkanlah kepadaku tentang orang ini yang lebih Engkau muliakan daripada aku. Sungguh, jika Engkau memberi tenggang waktu kepadaku sampai hari Kiamat, niscaya aku benar-benar akan menyesatkan keturunannya, kecuali sebagian kecil.”",
      "footnotes": null
    },
    {
      "ayah": 63,
      "quarter_hizb": 29.5,
      "juz": 15,
      "manzil": 4,
      "arabic": "قَالَ اذْهَبْ فَمَنْ تَبِعَكَ مِنْهُمْ فَاِنَّ جَهَنَّمَ جَزَاۤؤُكُمْ جَزَاۤءً مَّوْفُوْرًا",
      "latin": "Qālażhab faman tabi‘aka minhum fa inna jahannama jazā'ukum jazā'am maufūrā(n).",
      "translation": "Dia (Allah) berfirman, “Pergilah, siapa saja di antara mereka yang mengikuti kamu, sesungguhnya (neraka) Jahanamlah balasanmu semua sebagai balasan yang sempurna.",
      "footnotes": null
    },
    {
      "ayah": 64,
      "quarter_hizb": 29.5,
      "juz": 15,
      "manzil": 4,
      "arabic": "وَاسْتَفْزِزْ مَنِ اسْتَطَعْتَ مِنْهُمْ بِصَوْتِكَ وَاَجْلِبْ عَلَيْهِمْ بِخَيْلِكَ وَرَجِلِكَ وَشَارِكْهُمْ فِى الْاَمْوَالِ وَالْاَوْلَادِ وَعِدْهُمْۗ وَمَا يَعِدُهُمُ الشَّيْطٰنُ اِلَّا غُرُوْرًا",
      "latin": "Wastafziz manistaṭa‘ta minhum biṣautika wa ajlib ‘alaihim bikhailika wa rajilika wa syārikūhum fil-amwāli wal-aulādi wa ‘idhum, wa mā ya‘iduhumusy-syaiṭānu illā gurūrā(n).",
      "translation": "Perdayakanlah (wahai Iblis) siapa saja di antara mereka yang engkau sanggup dengan ajakanmu. Kerahkanlah pasukanmu yang berkuda dan yang berjalan kaki terhadap mereka. Bersekutulah dengan mereka dalam harta dan anak-anak, lalu berilah janji kepada mereka.” Setan itu hanya menjanjikan tipuan belaka kepada mereka.",
      "footnotes": null
    },
    {
      "ayah": 65,
      "quarter_hizb": 29.5,
      "juz": 15,
      "manzil": 4,
      "arabic": "اِنَّ عِبَادِيْ لَيْسَ لَكَ عَلَيْهِمْ سُلْطٰنٌۗ وَكَفٰى بِرَبِّكَ وَكِيْلًا",
      "latin": "Inna ‘ibādī laisa laka ‘alaihim sulṭān(un), wa kafā birabbika wakīlā(n).",
      "translation": "(Allah berfirman lagi,) “Sesungguhnya tidak ada kekuasaan bagimu (Iblis) atas hamba-hamba-Ku (yang mukmin). Cukuplah Tuhanmu sebagai penjaga (mereka darimu).”",
      "footnotes": null
    },
    {
      "ayah": 66,
      "quarter_hizb": 29.5,
      "juz": 15,
      "manzil": 4,
      "arabic": "رَبُّكُمُ الَّذِيْ يُزْجِيْ لَكُمُ الْفُلْكَ فِى الْبَحْرِ لِتَبْتَغُوْا مِنْ فَضْلِهٖۗ اِنَّهٗ كَانَ بِكُمْ رَحِيْمًا",
      "latin": "Rabbukumul-lażī yuzjī lakumul-fulka fil-baḥri litabtagū min faḍlih(ī), innahū kāna bikum raḥīmā(n).",
      "translation": "Tuhanmulah yang melayarkan kapal-kapal di lautan untukmu agar kamu mencari karunia-Nya. Sesungguhnya Dia Maha Penyayang terhadapmu.",
      "footnotes": null
    },
    {
      "ayah": 67,
      "quarter_hizb": 29.5,
      "juz": 15,
      "manzil": 4,
      "arabic": "وَاِذَا مَسَّكُمُ الضُّرُّ فِى الْبَحْرِ ضَلَّ مَنْ تَدْعُوْنَ اِلَّآ اِيَّاهُۚ فَلَمَّا نَجّٰىكُمْ اِلَى الْبَرِّ اَعْرَضْتُمْۗ وَكَانَ الْاِنْسَانُ كَفُوْرًا",
      "latin": "Wa iżā massakumuḍ-ḍurru fil-baḥri ḍalla man tad‘ūna illā iyyāh(u), falammā najjākum ilal-barri a‘raḍtum, wa kānal-insānu kafūrā(n).",
      "translation": "Apabila kamu ditimpa bahaya di lautan, niscaya hilang semua yang kamu seru, kecuali Dia. Akan tetapi, ketika Dia menyelamatkan kamu ke daratan, kamu berpaling (dari-Nya). Manusia memang selalu ingkar.",
      "footnotes": null
    },
    {
      "ayah": 68,
      "quarter_hizb": 29.5,
      "juz": 15,
      "manzil": 4,
      "arabic": "اَفَاَمِنْتُمْ اَنْ يَّخْسِفَ بِكُمْ جَانِبَ الْبَرِّ اَوْ يُرْسِلَ عَلَيْكُمْ حَاصِبًا ثُمَّ لَا تَجِدُوْا لَكُمْ وَكِيْلًا ۙ ",
      "latin": "Afa amintum ay yakhsifa bikum jānibal-barri au yursila ‘alaikum ḥaṣiban ṡumma lā tajidū lakum wakīlā(n).",
      "translation": "Apakah kamu merasa aman dari kemungkinan Dia akan membenamkan sebagian daratan bersama kamu atau mengirimkan kerikil, lalu kamu tidak akan mendapati seorang pun sebagai pelindung?",
      "footnotes": null
    },
    {
      "ayah": 69,
      "quarter_hizb": 29.5,
      "juz": 15,
      "manzil": 4,
      "arabic": "اَمْ اَمِنْتُمْ اَنْ يُّعِيْدَكُمْ فِيْهِ تَارَةً اُخْرٰى فَيُرْسِلَ عَلَيْكُمْ قَاصِفًا مِّنَ الرِّيْحِ فَيُغْرِقَكُمْ بِمَا كَفَرْتُمْۙ ثُمَّ لَا تَجِدُوْا لَكُمْ عَلَيْنَا بِهٖ تَبِيْعًا",
      "latin": "Am amintum ay yu‘īdakum fīhi tāratan ukhrā fa yursila ‘alaikum qāṣifam minar-rīḥi fa yugriqakum bimā kafartum, ṡumma lā tajidū lakum ‘alainā bihī tabī‘ā(n).",
      "translation": "Ataukah kamu merasa aman bahwa Dia tidak akan mengembalikanmu ke laut sekali lagi, lalu mengirimkan angin topan kepadamu dan menenggelamkanmu disebabkan kekufuranmu, kemudian kamu tidak akan mendapati seorang penolong pun dalam menghadapi (siksaan) Kami? ",
      "footnotes": null
    },
    {
      "ayah": 70,
      "quarter_hizb": 29.75,
      "juz": 15,
      "manzil": 4,
      "arabic": "۞ وَلَقَدْ كَرَّمْنَا بَنِيْٓ اٰدَمَ وَحَمَلْنٰهُمْ فِى الْبَرِّ وَالْبَحْرِ وَرَزَقْنٰهُمْ مِّنَ الطَّيِّبٰتِ وَفَضَّلْنٰهُمْ عَلٰى كَثِيْرٍ مِّمَّنْ خَلَقْنَا تَفْضِيْلًا ࣖ ",
      "latin": "Wa laqad karramnā banī ādama wa ḥamalnāhum fil-barri wal-baḥri wa razaqnāhum minaṭ-ṭayyibāti wa faḍḍalnāhum ‘alā kaṡīrim mimman khalaqnā tafḍīlā(n).",
      "translation": "Sungguh, Kami telah memuliakan anak cucu Adam dan Kami angkut mereka di darat dan di laut. Kami anugerahkan pula kepada mereka rezeki dari yang baik-baik dan Kami lebihkan mereka di atas banyak makhluk yang Kami ciptakan dengan kelebihan yang sempurna.",
      "footnotes": null
    },
    {
      "ayah": 71,
      "quarter_hizb": 29.75,
      "juz": 15,
      "manzil": 4,
      "arabic": "يَوْمَ نَدْعُوْا كُلَّ اُنَاسٍۢ بِاِمَامِهِمْۚ فَمَنْ اُوْتِيَ كِتٰبَهٗ بِيَمِيْنِهٖ فَاُولٰۤىِٕكَ يَقْرَءُوْنَ كِتٰبَهُمْ وَلَا يُظْلَمُوْنَ فَتِيْلًا",
      "latin": "Yauma nad‘ū kulla unāsim bi'imāmihim, faman ūtiya katābahū biyamīnihī fa ulā'ika yaqra'ūna kitābahum wa lā yuẓlamūna fatīlā(n).",
      "translation": "(Ingatlah) pada hari (ketika) Kami panggil setiap umat dengan pemimpinnya. Maka, siapa yang diberi catatan amalnya di tangan kanannya, mereka akan membaca catatannya (dengan bahagia) dan mereka tidak akan dirugikan sedikit pun.",
      "footnotes": null
    },
    {
      "ayah": 72,
      "quarter_hizb": 29.75,
      "juz": 15,
      "manzil": 4,
      "arabic": "وَمَنْ كَانَ فِيْ هٰذِهٖٓ اَعْمٰى فَهُوَ فِى الْاٰخِرَةِ اَعْمٰى وَاَضَلُّ سَبِيْلًا",
      "latin": "Wa man kāna fī hāżihī a‘mā fa huwa fil-ākhirati a‘mā wa aḍallu sabīlā(n).",
      "translation": "Siapa yang buta (hatinya) di dunia ini, di akhirat pun dia pasti buta dan lebih tersesat jalannya.",
      "footnotes": null
    },
    {
      "ayah": 73,
      "quarter_hizb": 29.75,
      "juz": 15,
      "manzil": 4,
      "arabic": "وَاِنْ كَادُوْا لَيَفْتِنُوْنَكَ عَنِ الَّذِيْٓ اَوْحَيْنَآ اِلَيْكَ لِتَفْتَرِيَ عَلَيْنَا غَيْرَهٗۖ وَاِذًا لَّاتَّخَذُوْكَ خَلِيْلًا",
      "latin": "Wa in kādū layaftinūnaka ‘anil-lażī auḥainā ilaika litaftariya ‘alainā gairah(ū), wa iżal lattakhażūka khalīlā(n).",
      "translation": "Sesungguhnya mereka hampir memalingkan engkau (Nabi Muhammad) dari (apa) yang telah Kami wahyukan kepadamu agar engkau mengada-ada yang lain terhadap Kami. Jika demikian, tentu mereka menjadikan engkau sahabat yang setia.",
      "footnotes": null
    },
    {
      "ayah": 74,
      "quarter_hizb": 29.75,
      "juz": 15,
      "manzil": 4,
      "arabic": "وَلَوْلَآ اَنْ ثَبَّتْنٰكَ لَقَدْ كِدْتَّ تَرْكَنُ اِلَيْهِمْ شَيْـًٔا قَلِيْلًا ۙ  ",
      "latin": "Wa lau lā an ṡabbatnāka laqad kitta tarkanu ilaihim syai'an qalīlā(n).",
      "translation": "Seandainya Kami tidak memperteguh (hati)-mu, niscaya engkau hampir saja condong sedikit kepada mereka.",
      "footnotes": null
    },
    {
      "ayah": 75,
      "quarter_hizb": 29.75,
      "juz": 15,
      "manzil": 4,
      "arabic": "اِذًا لَّاَذَقْنٰكَ ضِعْفَ الْحَيٰوةِ وَضِعْفَ الْمَمَاتِ ثُمَّ لَا تَجِدُ لَكَ عَلَيْنَا نَصِيْرًا",
      "latin": "Iżal-la'ażaqnāka ḍi‘fal-ḥayāti wa ḍi‘fal-mamāti ṡumma lā tajidu laka ‘alainā naṣīrā(n).",
      "translation": "Jika demikian, tentu akan Kami rasakan kepadamu (siksaan) dua kali lipat di dunia dan dua kali lipat setelah mati. Kemudian, engkau (Nabi Muhammad) tidak akan mendapati seorang penolong pun terhadap Kami.",
      "footnotes": null
    },
    {
      "ayah": 76,
      "quarter_hizb": 29.75,
      "juz": 15,
      "manzil": 4,
      "arabic": "وَاِنْ كَادُوْا لَيَسْتَفِزُّوْنَكَ مِنَ الْاَرْضِ لِيُخْرِجُوْكَ مِنْهَا وَاِذًا لَّا يَلْبَثُوْنَ خِلٰفَكَ اِلَّا قَلِيْلًا",
      "latin": "Wa in kādū layastafizzūnaka minal-arḍi liyukhrijūka minhā wa iżal lā yalbaṡūna khilāfaka illā qalīlā(n).",
      "translation": "Sesungguhnya mereka hampir membuatmu (Nabi Muhammad) gelisah di negeri (Makkah) untuk mengusirmu dari negeri itu. Kalau terjadi demikian, niscaya sepeninggalmu mereka tidak akan tinggal (bertahan), kecuali sebentar saja.434)",
      "footnotes": "434) Sekiranya Nabi Muhammad saw. benar-benar diusir oleh penduduk Makkah, niscaya mereka tidak akan lama hidup di dunia karena Allah Swt. segera akan membinasakan mereka. Hijrah Nabi Muhammad saw. ke Madinah bukan karena pengusiran kaum Quraisy, melainkan semata-mata karena perintah Allah Swt."
    },
    {
      "ayah": 77,
      "quarter_hizb": 29.75,
      "juz": 15,
      "manzil": 4,
      "arabic": "سُنَّةَ مَنْ قَدْ اَرْسَلْنَا قَبْلَكَ مِنْ رُّسُلِنَا وَلَا تَجِدُ لِسُنَّتِنَا تَحْوِيْلًا ࣖ ",
      "latin": "Sunnata man qad arsalnā qablaka mir rusulinā wa lā tajidu lisunnatinā taḥwīlā(n).",
      "translation": "(Yang demikian itu) merupakan ketetapan (bagi) para rasul Kami yang benar-benar Kami utus sebelum engkau435) dan tidak akan engkau dapati perubahan atas ketetapan Kami.",
      "footnotes": "435) Maksudnya adalah bahwa setiap umat yang mengusir rasul pasti akan dibinasakan Allah Swt. Demikian itulah sunah (ketetapan) Allah Swt."
    },
    {
      "ayah": 78,
      "quarter_hizb": 29.75,
      "juz": 15,
      "manzil": 4,
      "arabic": "اَقِمِ الصَّلٰوةَ لِدُلُوْكِ الشَّمْسِ اِلٰى غَسَقِ الَّيْلِ وَقُرْاٰنَ الْفَجْرِۗ اِنَّ قُرْاٰنَ الْفَجْرِ كَانَ مَشْهُوْدًا ",
      "latin": "Aqimiṣ-ṣalāta lidulūkisy-syamsi ilā gasaqil-laili wa qur'ānal-fajr(i), inna qur'ānal-fajri kāna masyhūdā(n).",
      "translation": "Dirikanlah salat sejak matahari tergelincir sampai gelapnya malam dan (laksanakan pula salat) Subuh!436) Sesungguhnya salat Subuh itu disaksikan (oleh malaikat).437)",
      "footnotes": "436) Ayat ini menerangkan waktu salat yang lima. Tergelincirnya matahari menunjukkan waktu salat Zuhur dan Asar, sedangkan gelap malam menunjukkan waktu salat Magrib, Isya’, dan Subuh.\n437) Dalam hadis riwayat Ahmad disebutkan bahwa salat Subuh disaksikan oleh para malaikat yang bertugas pada malam dan siang."
    },
    {
      "ayah": 79,
      "quarter_hizb": 29.75,
      "juz": 15,
      "manzil": 4,
      "arabic": "وَمِنَ الَّيْلِ فَتَهَجَّدْ بِهٖ نَافِلَةً لَّكَۖ عَسٰٓى اَنْ يَّبْعَثَكَ رَبُّكَ مَقَامًا مَّحْمُوْدًا",
      "latin": "Wa minal-laili fa tahajjad bihī nāfilatal lak(a), ‘asā ay yab‘aṡaka rabbuka maqāmam maḥmūdā(n).",
      "translation": "Pada sebagian malam lakukanlah salat tahajud sebagai (suatu ibadah) tambahan bagimu, mudah-mudahan Tuhanmu mengangkatmu ke tempat yang terpuji.",
      "footnotes": null
    },
    {
      "ayah": 80,
      "quarter_hizb": 29.75,
      "juz": 15,
      "manzil": 4,
      "arabic": "وَقُلْ رَّبِّ اَدْخِلْنِيْ مُدْخَلَ صِدْقٍ وَّاَخْرِجْنِيْ مُخْرَجَ صِدْقٍ وَّاجْعَلْ لِّيْ مِنْ لَّدُنْكَ سُلْطٰنًا نَّصِيْرًا",
      "latin": "Wa qur rabbi adkhilnī mudkhala ṣidqiw wa akhrijnī mukhraja ṣidqiw waj‘al lī mil ladunka sulṭānan naṣīrā(n).",
      "translation": "Katakanlah (Nabi Muhammad), “Ya Tuhanku, masukkan aku (ke tempat dan keadaan apa saja) dengan cara yang benar, keluarkan (pula) aku dengan cara yang benar, dan berikanlah kepadaku dari sisi-Mu kekuasaan yang dapat menolong(-ku).438)",
      "footnotes": "438) Maksud doa ini adalah memohon kepada Allah Swt. agar kita memasuki suatu ibadah dan selesai darinya dengan niat yang baik dan penuh keikhlasan serta bersih dari riya dan dari sesuatu yang merusak pahala. Ayat ini juga mengisyaratkan kepada Nabi agar berhijrah dari Makkah ke Madinah. Ada juga yang memahami bahwa ayat ini berisi permohonan kepada Allah Swt. agar kita memasuki kubur dengan baik dan keluar darinya ketika hari Berbangkit dengan baik pula."
    },
    {
      "ayah": 81,
      "quarter_hizb": 29.75,
      "juz": 15,
      "manzil": 4,
      "arabic": "وَقُلْ جَاۤءَ الْحَقُّ وَزَهَقَ الْبَاطِلُ  ۖاِنَّ الْبَاطِلَ كَانَ زَهُوْقًا",
      "latin": "Wa qul jā'al-ḥaqqu wa zahaqal-bāṭil(u), innal-bāṭila kāna zahūqā(n).",
      "translation": "Katakanlah, “Yang benar telah datang dan yang batil telah lenyap.” Sesungguhnya yang batil itu pasti lenyap.",
      "footnotes": null
    },
    {
      "ayah": 82,
      "quarter_hizb": 29.75,
      "juz": 15,
      "manzil": 4,
      "arabic": "وَنُنَزِّلُ مِنَ الْقُرْاٰنِ مَا هُوَ شِفَاۤءٌ وَّرَحْمَةٌ لِّلْمُؤْمِنِيْنَۙ وَلَا يَزِيْدُ الظّٰلِمِيْنَ اِلَّا خَسَارًا",
      "latin": "Wa nunazzilu minal-qur'āni mā huwa syifā'uw wa raḥmatul lil-mu'minīn(a), wa lā yazīduẓ-ẓālimīna illā khasārā(n).",
      "translation": "Kami turunkan dari Al-Qur’an sesuatu yang menjadi penawar dan rahmat bagi orang-orang mukmin, sedangkan bagi orang-orang zalim (Al-Qur’an itu) hanya akan menambah kerugian.",
      "footnotes": null
    },
    {
      "ayah": 83,
      "quarter_hizb": 29.75,
      "juz": 15,
      "manzil": 4,
      "arabic": "وَاِذَآ اَنْعَمْنَا عَلَى الْاِنْسَانِ اَعْرَضَ وَنَاٰ بِجَانِبِهٖۚ وَاِذَا مَسَّهُ الشَّرُّ كَانَ يَـُٔوْسًا",
      "latin": "Wa iżā an‘amnā ‘alal-insāni a‘raḍa wa na'ā bijānibih(ī), wa iżā massahusy-syarru kāna ya'ūsā(n).",
      "translation": "Apabila Kami menganugerahkan kenikmatan kepada manusia, niscaya dia berpaling dan menjauhkan diri (dari Allah dengan sombong). Namun, apabila dia ditimpa kesusahan, niscaya dia berputus asa.",
      "footnotes": null
    },
    {
      "ayah": 84,
      "quarter_hizb": 29.75,
      "juz": 15,
      "manzil": 4,
      "arabic": "قُلْ كُلٌّ يَّعْمَلُ عَلٰى شَاكِلَتِهٖۗ فَرَبُّكُمْ اَعْلَمُ بِمَنْ هُوَ اَهْدٰى سَبِيْلًا ࣖ",
      "latin": "Qul kulluy ya‘malu ‘alā syākilatih(ī), fa rabbukum a‘lamu biman huwa ahdā sabīlā(n).",
      "translation": "Katakanlah (Nabi Muhammad), “Setiap orang berbuat sesuai dengan pembawaannya masing-masing.” Maka, Tuhanmu lebih mengetahui siapa yang lebih benar jalannya.",
      "footnotes": null
    },
    {
      "ayah": 85,
      "quarter_hizb": 29.75,
      "juz": 15,
      "manzil": 4,
      "arabic": "وَيَسْـَٔلُوْنَكَ عَنِ الرُّوْحِۗ قُلِ الرُّوْحُ مِنْ اَمْرِ رَبِّيْ وَمَآ اُوْتِيْتُمْ مِّنَ الْعِلْمِ اِلَّا قَلِيْلًا ",
      "latin": "Wa yas'alūnaka ‘anir-rūḥ(i), qulir-rūḥu min amri rabbī wa mā ūtītum minal-‘ilmi illā qalīlā(n).",
      "translation": "Mereka bertanya kepadamu (Nabi Muhammad) tentang roh. Katakanlah, “Roh itu termasuk urusan Tuhanku, sedangkan kamu tidak diberi pengetahuan kecuali hanya sedikit.”",
      "footnotes": null
    },
    {
      "ayah": 86,
      "quarter_hizb": 29.75,
      "juz": 15,
      "manzil": 4,
      "arabic": "وَلَىِٕنْ شِئْنَا لَنَذْهَبَنَّ بِالَّذِيْٓ اَوْحَيْنَآ اِلَيْكَ ثُمَّ لَا تَجِدُ لَكَ بِهٖ عَلَيْنَا وَكِيْلًاۙ",
      "latin": "Wa la'in syi'nā lanażhabanna bil-lażī auḥainā ilaika ṡumma lā tajidu laka bihī ‘alainā wakīlā(n).",
      "translation": "Sungguh, jika Kami menghendaki, niscaya Kami lenyapkan (apa) yang telah Kami wahyukan kepadamu (Nabi Muhammad) dan engkau tidak akan mendapatkan untuk dirimu seorang pembela pun terhadap Kami.",
      "footnotes": null
    },
    {
      "ayah": 87,
      "quarter_hizb": 29.75,
      "juz": 15,
      "manzil": 4,
      "arabic": "اِلَّا رَحْمَةً مِّنْ رَّبِّكَۗ اِنَّ فَضْلَهٗ كَانَ عَلَيْكَ كَبِيْرًا",
      "latin": "Illā raḥmatam mir rabbik(a), inna faḍalahū kāna ‘alaika kabīrā(n).",
      "translation": "Akan tetapi, (Kami tetap mengabadikan Al-Qur’an) karena rahmat dari Tuhanmu. Sesungguhnya karunia-Nya atasmu (Nabi Muhammad) sangat besar. ",
      "footnotes": null
    },
    {
      "ayah": 88,
      "quarter_hizb": 29.75,
      "juz": 15,
      "manzil": 4,
      "arabic": "قُلْ لَّىِٕنِ اجْتَمَعَتِ الْاِنْسُ وَالْجِنُّ عَلٰٓى اَنْ يَّأْتُوْا بِمِثْلِ هٰذَا الْقُرْاٰنِ لَا يَأْتُوْنَ بِمِثْلِهٖ وَلَوْ كَانَ بَعْضُهُمْ لِبَعْضٍ ظَهِيْرًا",
      "latin": "Qul la'inijtama‘atil-insu wal-jinnu ‘alā ay ya'tū bimiṡli hāżal-qur'āni lā ya'tūna bimiṡlihī wa lau kāna ba‘ḍuhum liba‘ḍin ẓahīrā(n).",
      "translation": "Katakanlah, “Sungguh, jika manusia dan jin berkumpul untuk mendatangkan yang serupa dengan Al-Qur’an ini, mereka tidak akan dapat mendatangkan yang serupa dengannya, sekalipun mereka membantu satu sama lainnya.”",
      "footnotes": null
    },
    {
      "ayah": 89,
      "quarter_hizb": 29.75,
      "juz": 15,
      "manzil": 4,
      "arabic": "وَلَقَدْ صَرَّفْنَا لِلنَّاسِ فِيْ هٰذَا الْقُرْاٰنِ مِنْ كُلِّ مَثَلٍۖ فَاَبٰىٓ اَكْثَرُ النَّاسِ اِلَّا كُفُوْرًا",
      "latin": "Wa laqad ṣarrafnā lin-nāsi fī hāżal-qur'āni min kulli maṡal(in), fa abā akṡarun-nāsi illā kufūrā(n).",
      "translation": "Sungguh, Kami telah menjelaskan berulang-ulang segala perumpamaan dengan berbagai macam cara kepada manusia dalam Al-Qur’an ini, tetapi kebanyakan manusia tidak menginginkan kecuali kekufuran.",
      "footnotes": null
    },
    {
      "ayah": 90,
      "quarter_hizb": 29.75,
      "juz": 15,
      "manzil": 4,
      "arabic": "وَقَالُوْا لَنْ نُّؤْمِنَ لَكَ حَتّٰى تَفْجُرَ لَنَا مِنَ الْاَرْضِ يَنْۢبُوْعًاۙ  ",
      "latin": "Wa qālū lan nu'mina laka ḥattā tafjura lanā minal-arḍi yambū‘ā(n).",
      "translation": "Mereka berkata, “Kami tidak akan percaya kepadamu (Nabi Muhammad) sebelum engkau membuat mata air yang memancar dari bumi untuk kami,",
      "footnotes": null
    },
    {
      "ayah": 91,
      "quarter_hizb": 29.75,
      "juz": 15,
      "manzil": 4,
      "arabic": "اَوْ تَكُوْنَ لَكَ جَنَّةٌ مِّنْ نَّخِيْلٍ وَّعِنَبٍ فَتُفَجِّرَ الْاَنْهٰرَ خِلٰلَهَا تَفْجِيْرًاۙ  ",
      "latin": "Au takūna laka jannatum min nakhīliw wa ‘inabin fa tufajjiral-anhāra khilālahā tafjīrā(n).",
      "translation": "atau engkau mempunyai sebuah kebun kurma dan anggur, lalu engkau alirkan di celah-celahnya sungai yang deras alirannya,",
      "footnotes": null
    },
    {
      "ayah": 92,
      "quarter_hizb": 29.75,
      "juz": 15,
      "manzil": 4,
      "arabic": "اَوْ تُسْقِطَ السَّمَاۤءَ كَمَا زَعَمْتَ عَلَيْنَا كِسَفًا اَوْ تَأْتِيَ بِاللّٰهِ وَالْمَلٰۤىِٕكَةِ قَبِيْلًاۙ  ",
      "latin": "Au tusqiṭas-samā'a kamā za‘amta ‘alainā kisafan au ta'tiya billāhi wal-malā'ikati qabīlā(n).",
      "translation": "atau engkau jatuhkan langit berkeping-keping kepada kami, sebagaimana engkau telah katakan, atau engkau datangkan Allah dan para malaikat berhadapan muka dengan kami,",
      "footnotes": null
    },
    {
      "ayah": 93,
      "quarter_hizb": 29.75,
      "juz": 15,
      "manzil": 4,
      "arabic": "اَوْ يَكُوْنَ لَكَ بَيْتٌ مِّنْ زُخْرُفٍ اَوْ تَرْقٰى فِى السَّمَاۤءِ ۗوَلَنْ نُّؤْمِنَ لِرُقِيِّكَ حَتّٰى تُنَزِّلَ عَلَيْنَا كِتٰبًا نَّقْرَؤُهٗۗ قُلْ سُبْحَانَ رَبِّيْ هَلْ كُنْتُ اِلَّا بَشَرًا رَّسُوْلًا ࣖ  ",
      "latin": "Au yakūna laka baitum min zukhrufin au tarqā fis-samā'(i), wa lan nu'mina liruqiyyika ḥattā tunazzila ‘alainā kitāban naqra'uh(ū), qul subḥāna rabbī hal kuntu illā basyarar rasūlā(n).",
      "translation": "atau engkau mempunyai sebuah rumah yang (terbuat) dari emas, atau engkau naik ke langit dan kami tidak akan mempercayai kenaikanmu itu sebelum engkau turunkan kepada kami sebuah kitab untuk kami baca.” Katakanlah (Nabi Muhammad), “Maha Suci Tuhanku. Bukankah aku ini hanya seorang manusia yang menjadi rasul?”",
      "footnotes": null
    },
    {
      "ayah": 94,
      "quarter_hizb": 29.75,
      "juz": 15,
      "manzil": 4,
      "arabic": "وَمَا مَنَعَ النَّاسَ اَنْ يُّؤْمِنُوْٓا اِذْ جَاۤءَهُمُ الْهُدٰٓى اِلَّآ اَنْ قَالُوْٓا اَبَعَثَ اللّٰهُ بَشَرًا رَّسُوْلًا",
      "latin": "Wa mā mana‘an-nāsa ay yu'minū iż jā'ahumul-hudā illā an qālū aba‘aṡallāhu basyarar rasūlā(n).",
      "translation": "Tidak ada sesuatu yang menghalangi manusia untuk beriman ketika petunjuk datang kepadanya, selain perkataan mereka, “Mengapa Allah mengutus seorang manusia menjadi rasul?”",
      "footnotes": null
    },
    {
      "ayah": 95,
      "quarter_hizb": 29.75,
      "juz": 15,
      "manzil": 4,
      "arabic": "قُلْ لَّوْ كَانَ فِى الْاَرْضِ مَلٰۤىِٕكَةٌ يَّمْشُوْنَ مُطْمَىِٕنِّيْنَ لَنَزَّلْنَا عَلَيْهِمْ مِّنَ السَّمَاۤءِ مَلَكًا رَّسُوْلًا",
      "latin": "Qul lau kāna fil-arḍi malā'ikatuy yamsyūna muṭma'innīna lanazzalnā ‘alaihim minas-samā'i malakar rasūlā(n).",
      "translation": "Katakanlah (Nabi Muhammad), “Sekiranya di bumi ada para malaikat yang berjalan (menetap) dengan tenang, niscaya Kami turunkan kepada mereka malaikat dari langit untuk menjadi rasul.”",
      "footnotes": null
    },
    {
      "ayah": 96,
      "quarter_hizb": 29.75,
      "juz": 15,
      "manzil": 4,
      "arabic": "قُلْ كَفٰى بِاللّٰهِ شَهِيْدًاۢ بَيْنِيْ وَبَيْنَكُمْۗ اِنَّهٗ كَانَ بِعِبَادِهٖ خَبِيْرًاۢ بَصِيْرًا",
      "latin": "Qul kafā billāhi syahīdam bainī wa bainakum, innahū kāna bi‘ibādihī khabīram baṣīrā(n).",
      "translation": "Katakanlah (Nabi Muhammad), “Cukuplah Allah menjadi saksi antara aku dan kamu sekalian. Sesungguhnya Dia Maha Mengetahui lagi Maha Melihat hamba-hamba-Nya.”",
      "footnotes": null
    },
    {
      "ayah": 97,
      "quarter_hizb": 29.75,
      "juz": 15,
      "manzil": 4,
      "arabic": "وَمَنْ يَّهْدِ اللّٰهُ فَهُوَ الْمُهْتَدِۚ وَمَنْ يُّضْلِلْ فَلَنْ تَجِدَ لَهُمْ اَوْلِيَاۤءَ مِنْ دُوْنِهٖۗ وَنَحْشُرُهُمْ يَوْمَ الْقِيٰمَةِ عَلٰى وُجُوْهِهِمْ عُمْيًا وَّبُكْمًا وَّصُمًّاۗ مَأْوٰىهُمْ جَهَنَّمُۗ  كُلَّمَا خَبَتْ زِدْنٰهُمْ سَعِيْرًا",
      "latin": "Wa may yahdillāhu fa huwal-muhtad(i), wa may yuḍlil falan tajida lahum auliyā'a min dūnih(ī), wa naḥsyuruhum yaumal-qiyāmati ‘alā wujūhihim ‘umyaw wa bukmaw wa ṣummā(n), ma'wāhum jahannam(u), kullamā khabat zidnāhum sa‘īrā(n).",
      "translation": "Siapa yang dianugerahi petunjuk oleh Allah (karena kecenderungan dan pilihannya terhadap kebaikan) dialah yang mendapat petunjuk. Siapa yang Dia sesatkan, engkau tidak akan mendapatkan penolong-penolong439) bagi mereka selain Dia. Kami akan mengumpulkan mereka pada hari Kiamat dengan wajah tersungkur, dalam keadaan buta, bisu, dan tuli. Tempat kediaman mereka adalah (neraka) Jahanam. Setiap kali nyala api Jahanam itu akan padam, Kami tambah lagi nyalanya bagi mereka.",
      "footnotes": "439) Lihat catatan kaki surah Āli ‘Imrān (3): 28."
    },
    {
      "ayah": 98,
      "quarter_hizb": 29.75,
      "juz": 15,
      "manzil": 4,
      "arabic": "ذٰلِكَ جَزَاۤؤُهُمْ بِاَنَّهُمْ كَفَرُوْا بِاٰيٰتِنَا وَقَالُوْٓا ءَاِذَا كُنَّا عِظَامًا وَّرُفَاتًا ءَاِنَّا لَمَبْعُوْثُوْنَ خَلْقًا جَدِيْدًا ",
      "latin": "Żālika jazā'uhum bi'annahum kafarū bi'āyātinā wa qālū a'iżā kunnā ‘iẓāmaw wa rufātan a'innā lamab‘ūṡūna khalqan jadīdā(n).",
      "translation": "Itulah balasan bagi mereka karena sesungguhnya mereka kufur kepada ayat-ayat Kami dan (karena mereka) berkata, “Apabila kami telah menjadi tulang-belulang dan benda-benda yang hancur, apakah kami benar-benar akan dibangkitkan kembali sebagai makhluk baru?”",
      "footnotes": null
    },
    {
      "ayah": 99,
      "quarter_hizb": 30,
      "juz": 15,
      "manzil": 4,
      "arabic": "۞ اَوَلَمْ يَرَوْا اَنَّ اللّٰهَ الَّذِيْ خَلَقَ السَّمٰوٰتِ وَالْاَرْضَ قَادِرٌ عَلٰٓى اَنْ يَّخْلُقَ مِثْلَهُمْ وَجَعَلَ لَهُمْ اَجَلًا لَّا رَيْبَ فِيْهِۗ فَاَبَى الظّٰلِمُوْنَ اِلَّا كُفُوْرًا",
      "latin": "Awalam yarau annallāhal-lażī khalaqas-samāwāti wal-arḍa qādirun ‘alā ay yakhluqa miṡlahum wa ja‘ala lahum ajalal lā raiba fīh(i), fa abaẓ-ẓālimūna illā kufūrā(n).",
      "translation": "Apakah mereka tidak memperhatikan bahwa sesungguhnya Allah yang menciptakan langit dan bumi adalah Maha Kuasa menciptakan yang serupa dengan mereka dan Maha Kuasa menetapkan ajal (kematian dan kebangkitan) bagi mereka yang tidak diragukan lagi? Maka, orang-orang zalim itu tidak menginginkan kecuali kekufuran.",
      "footnotes": null
    },
    {
      "ayah": 100,
      "quarter_hizb": 30,
      "juz": 15,
      "manzil": 4,
      "arabic": "قُلْ لَّوْ اَنْتُمْ تَمْلِكُوْنَ خَزَاۤىِٕنَ رَحْمَةِ رَبِّيْٓ اِذًا لَّاَمْسَكْتُمْ خَشْيَةَ الْاِنْفَاقِۗ وَكَانَ الْاِنْسَانُ قَتُوْرًا ࣖ",
      "latin": "Qul lau antum tamlikūna khazā'ina raḥmati rabbī iżal la'amsaktum khasy-yatal-infāq(i), wa kānal-insānu qatūrā(n).",
      "translation": "Katakanlah (Nabi Muhammad), “Sekiranya kamu memiliki khazanah rahmat Tuhanku, niscaya kamu tahan karena takut habis.” Manusia itu memang sangat kikir.",
      "footnotes": null
    },
    {
      "ayah": 101,
      "quarter_hizb": 30,
      "juz": 15,
      "manzil": 4,
      "arabic": "وَلَقَدْ اٰتَيْنَا مُوْسٰى تِسْعَ اٰيٰتٍۢ بَيِّنٰتٍ فَسْـَٔلْ بَنِيْٓ اِسْرَاۤءِيْلَ اِذْ جَاۤءَهُمْ فَقَالَ لَهٗ فِرْعَوْنُ اِنِّيْ لَاَظُنُّكَ يٰمُوْسٰى مَسْحُوْرًا ",
      "latin": "Wa laqad ātainā mūsā tis‘a āyātim bayyinātin fas'al banī isrā'īla iż jā'ahum fa qāla lahū fir‘aunu innī la'aẓunnuka yā mūsā masḥūrā(n).",
      "translation": "Sungguh, Kami telah menganugerahkan kepada Musa sembilan mukjizat yang nyata.440) Maka, tanyakanlah kepada Bani Israil ketika dia datang kepada mereka lalu Fir‘aun berkata kepadanya, “Sesungguhnya aku benar-benar yakin bahwa engkau, wahai Musa, terkena sihir.”",
      "footnotes": "440) Mukjizat yang sembilan itu ialah tongkat, tangan yang bisa memancarkan cahaya, belalang, kutu, katak, darah, banjir besar, laut yang terbelah, dan gunung (Sinai)."
    },
    {
      "ayah": 102,
      "quarter_hizb": 30,
      "juz": 15,
      "manzil": 4,
      "arabic": "قَالَ لَقَدْ عَلِمْتَ مَآ اَنْزَلَ هٰٓؤُلَاۤءِ اِلَّا رَبُّ السَّمٰوٰتِ وَالْاَرْضِ بَصَاۤىِٕرَۚ وَاِنِّيْ لَاَظُنُّكَ يٰفِرْعَوْنُ مَثْبُوْرًا ",
      "latin": "Qāla laqad ‘alimta mā anzala hā'ulā'i illā rabbus-samāwāti wal-arḍi baṣā'ir(a), wa innī la'aẓunnuka yā fir‘aunu maṡbūrā(n).",
      "translation": "Dia (Musa) menjawab, “Sungguh, engkau benar-benar telah mengetahui bahwa tidak ada yang menurunkan (mukjizat-mukjizat) itu kecuali Tuhan langit dan bumi sebagai bukti-bukti yang nyata. Sesungguhnya aku benar-benar yakin bahwa engkau, wahai Fir‘aun, terlaknat.”",
      "footnotes": null
    },
    {
      "ayah": 103,
      "quarter_hizb": 30,
      "juz": 15,
      "manzil": 4,
      "arabic": "فَاَرَادَ اَنْ يَّسْتَفِزَّهُمْ مِّنَ الْاَرْضِ فَاَغْرَقْنٰهُ وَمَنْ مَّعَهٗ جَمِيْعًاۙ ",
      "latin": "Fa arāda ay yastafizzahum minal arḍi fa agraqnāhu wa mam ma‘ahū jamī‘ā(n).",
      "translation": "Kemudian, dia (Fir‘aun) hendak mengusir mereka (Musa dan pengikutnya) dari bumi (Mesir), maka Kami tenggelamkan dia (Fir‘aun) beserta seluruh orang yang bersamanya.",
      "footnotes": null
    },
    {
      "ayah": 104,
      "quarter_hizb": 30,
      "juz": 15,
      "manzil": 4,
      "arabic": "وَّقُلْنَا مِنْۢ بَعْدِهٖ لِبَنِيْٓ اِسْرَاۤءِيْلَ اسْكُنُوا الْاَرْضَ فَاِذَا جَاۤءَ وَعْدُ الْاٰخِرَةِ جِئْنَا بِكُمْ لَفِيْفًاۗ   ",
      "latin": "Wa qulnā mim ba‘dihī libanī isrā'īlaskunul-arḍa fa iżā jā'a wa‘dul-ākhirati ji'nā bikum lafīfā(n).",
      "translation": "Setelah itu Kami berfirman kepada Bani Israil, “Tinggallah di negeri ini! Apabila janji kebangkitan datang, niscaya Kami kumpulkan kamu dalam keadaan bercampur baur.”",
      "footnotes": null
    },
    {
      "ayah": 105,
      "quarter_hizb": 30,
      "juz": 15,
      "manzil": 4,
      "arabic": "وَبِالْحَقِّ اَنْزَلْنٰهُ وَبِالْحَقِّ نَزَلَۗ وَمَآ اَرْسَلْنٰكَ اِلَّا مُبَشِّرًا وَّنَذِيْرًاۘ",
      "latin": "Wa bil-ḥaqqi anzalnāhu wa bil-ḥaqqi nazal(a), wa mā arsalnāka illā mubasysyiraw wa nażīrā(n).",
      "translation": "Kami menurunkannya (Al-Qur’an) dengan sebenarnya441) dan ia (Al-Qur’an) turun dengan (membawa) kebenaran. Kami mengutus engkau (Nabi Muhammad) hanya sebagai pembawa berita gembira dan pemberi peringatan.",
      "footnotes": "441) Al-Qur’an benar-benar diturunkan oleh Allah Swt., bukan oleh selain-Nya."
    },
    {
      "ayah": 106,
      "quarter_hizb": 30,
      "juz": 15,
      "manzil": 4,
      "arabic": "وَقُرْاٰنًا فَرَقْنٰهُ لِتَقْرَاَهٗ عَلَى النَّاسِ عَلٰى مُكْثٍ وَّنَزَّلْنٰهُ تَنْزِيْلًا ",
      "latin": "Wa qur'ānan faraqnāhu litaqra'ahū ‘alan-nāsi ‘alā mukṡiw wa nazzalnāhu tanzīlā(n).",
      "translation": "Al-Qur’an Kami turunkan berangsur-angsur agar engkau (Nabi Muhammad) membacakannya kepada manusia secara perlahan-lahan dan Kami benar-benar menurunkannya secara bertahap.",
      "footnotes": null
    },
    {
      "ayah": 107,
      "quarter_hizb": 30,
      "juz": 15,
      "manzil": 4,
      "arabic": "قُلْ اٰمِنُوْا بِهٖٓ اَوْ لَا تُؤْمِنُوْاۗ اِنَّ الَّذِيْنَ اُوْتُوا الْعِلْمَ مِنْ قَبْلِهٖٓ اِذَا يُتْلٰى عَلَيْهِمْ يَخِرُّوْنَ لِلْاَذْقَانِ سُجَّدًاۙ",
      "latin": "Qul āminū bihī au lā tu'minū, innal-lażīna ūtul-‘ilma min qablihī iżā yutlā ‘alaihim yakhirrūna lil-ażqāni sujjadā(n).",
      "translation": "Katakanlah (Nabi Muhammad), “Berimanlah kamu kepadanya (Al-Qur’an) atau tidak usah beriman (itu sama saja bagi Allah)! Sesungguhnya orang-orang yang telah diberi pengetahuan sebelumnya, apabila (Al-Qur’an) dibacakan kepada mereka, mereka menyungkurkan wajah (dengan) bersujud.”",
      "footnotes": null
    },
    {
      "ayah": 108,
      "quarter_hizb": 30,
      "juz": 15,
      "manzil": 4,
      "arabic": "وَّيَقُوْلُوْنَ سُبْحٰنَ رَبِّنَآ اِنْ كَانَ وَعْدُ رَبِّنَا لَمَفْعُوْلًا",
      "latin": "Wa yaqūlūna subḥāna rabbinā in kāna wa‘du rabbinā lamaf‘ūlā(n).",
      "translation": "Mereka berkata, “Maha Suci Tuhan kami. Sesungguhnya janji Tuhan kami pasti terlaksana.” ",
      "footnotes": null
    },
    {
      "ayah": 109,
      "quarter_hizb": 30,
      "juz": 15,
      "manzil": 4,
      "arabic": "وَيَخِرُّوْنَ لِلْاَذْقَانِ يَبْكُوْنَ وَيَزِيْدُهُمْ خُشُوْعًا ۩",
      "latin": "Wa yakhirrūna lil-ażqāni yabkūna wa yazīduhum khusyū‘ā(n).",
      "translation": "Mereka menyungkurkan wajah seraya menangis dan ia (Al-Qur’an) menambah kekhusyukan mereka.",
      "footnotes": null
    },
    {
      "ayah": 110,
      "quarter_hizb": 30,
      "juz": 15,
      "manzil": 4,
      "arabic": "قُلِ ادْعُوا اللّٰهَ اَوِ ادْعُوا الرَّحْمٰنَۗ اَيًّا مَّا تَدْعُوْا فَلَهُ الْاَسْمَاۤءُ الْحُسْنٰىۚ وَلَا تَجْهَرْ بِصَلَاتِكَ وَلَا تُخَافِتْ بِهَا وَابْتَغِ بَيْنَ ذٰلِكَ سَبِيْلًا",
      "latin": "Qulid‘ullāha awid‘ur-raḥmān(a), ayyam mā tad‘ū fa lahul-asmā'ul-ḥusnā, wa lā tajhar biṣalātika wa lā tukhāfit bihā wabtagi baina żālika sabīlā(n).",
      "translation": "Katakanlah (Nabi Muhammad), “Serulah ‘Allah’ atau serulah ‘Ar-Raḥmān’! Nama mana saja yang kamu seru, (maka itu baik) karena Dia mempunyai nama-nama yang terbaik (Asmaulhusna). Janganlah engkau mengeraskan (bacaan) salatmu dan janganlah (pula) merendahkannya. Usahakan jalan (tengah) di antara (kedua)-nya!”",
      "footnotes": null
    },
    {
      "ayah": 111,
      "quarter_hizb": 30,
      "juz": 15,
      "manzil": 4,
      "arabic": "وَقُلِ الْحَمْدُ لِلّٰهِ الَّذِيْ لَمْ يَتَّخِذْ وَلَدًا وَّلَمْ يَكُنْ لَّهٗ شَرِيْكٌ فِى الْمُلْكِ وَلَمْ يَكُنْ لَّهٗ وَلِيٌّ مِّنَ الذُّلِّ وَكَبِّرْهُ تَكْبِيْرًا ࣖ",
      "latin": "Wa qulil-ḥamdu lillāhil-lażī lam yattakhiż waladaw wa lam yakul lahū syarīkun fil-mulki wa lam yakul lahū waliyyum minaż-żulli wa kabbirhu takbīrā(n).",
      "translation": "Katakanlah, “Segala puji bagi Allah yang tidak mengangkat seorang anak, tidak mempunyai sekutu dalam kerajaan-Nya, dan tidak memerlukan penolong dari kehinaan! Agungkanlah Dia setinggi-tingginya!”",
      "footnotes": null
    }
  ]
}