{
  "arabic": " مريم",
  "latin": "Maryam",
  "transliteration": "Maryam",
  "translation": "Maryam",
  "num_ayah": 98,
  "location": "Makkiyah",
  "ayah": [
    {
      "ayah": 1,
      "quarter_hizb": 31.25,
      "juz": 16,
      "manzil": 4,
      "arabic": "كۤهٰيٰعۤصۤ ۚ ",
      "latin": "Kāf hā yā ‘aīn ṣād.",
      "translation": "Kāf Hā Yā ‘Ain Ṣād.",
      "footnotes": null
    },
    {
      "ayah": 2,
      "quarter_hizb": 31.25,
      "juz": 16,
      "manzil": 4,
      "arabic": "ذِكْرُ رَحْمَتِ رَبِّكَ عَبْدَهٗ زَكَرِيَّا ۚ",
      "latin": "Żikru raḥmati rabbika ‘abdahū zakariyyā.",
      "translation": "(Yang dibacakan ini adalah) penjelasan tentang rahmat Tuhanmu kepada hamba-Nya, Zakaria,",
      "footnotes": null
    },
    {
      "ayah": 3,
      "quarter_hizb": 31.25,
      "juz": 16,
      "manzil": 4,
      "arabic": "اِذْ نَادٰى رَبَّهٗ نِدَاۤءً خَفِيًّا ",
      "latin": "Iż nādā rabbahū nidā'an khafiyyā(n).",
      "translation": "(yaitu) ketika dia berdoa kepada Tuhannya dengan suara yang lirih.",
      "footnotes": null
    },
    {
      "ayah": 4,
      "quarter_hizb": 31.25,
      "juz": 16,
      "manzil": 4,
      "arabic": "قَالَ رَبِّ اِنِّيْ وَهَنَ الْعَظْمُ مِنِّيْ وَاشْتَعَلَ الرَّأْسُ شَيْبًا وَّلَمْ اَكُنْۢ بِدُعَاۤىِٕكَ رَبِّ شَقِيًّا ",
      "latin": "Qāla rabbi innī wahanal-‘aẓmu minnī wasyta‘alar-ra'su syaibaw wa lam akum bidu‘ā'ika rabbi syaqiyyā(n).",
      "translation": "Dia (Zakaria) berkata, “Wahai Tuhanku, sesungguhnya tulangku telah lemah, kepalaku telah dipenuhi uban, dan aku tidak pernah kecewa dalam berdoa kepada-Mu, wahai Tuhanku.",
      "footnotes": null
    },
    {
      "ayah": 5,
      "quarter_hizb": 31.25,
      "juz": 16,
      "manzil": 4,
      "arabic": "وَاِنِّيْ خِفْتُ الْمَوَالِيَ مِنْ وَّرَاۤءِيْ وَكَانَتِ امْرَاَتِيْ عَاقِرًا فَهَبْ لِيْ مِنْ لَّدُنْكَ وَلِيًّا ۙ",
      "latin": "Wa innī khiftul-mawāliya miw warā'ī wa kānatimra'atī ‘āqiran fahab lī mil ladunka waliyyā(n).",
      "translation": "Sesungguhnya aku khawatir terhadap keluargaku sepeninggalku, sedangkan istriku adalah seorang yang mandul. Anugerahilah aku seorang anak dari sisi-Mu.",
      "footnotes": null
    },
    {
      "ayah": 6,
      "quarter_hizb": 31.25,
      "juz": 16,
      "manzil": 4,
      "arabic": "يَّرِثُنِيْ وَيَرِثُ مِنْ اٰلِ يَعْقُوْبَ وَاجْعَلْهُ رَبِّ رَضِيًّا ",
      "latin": "Yariṡunī wa yariṡu min āli ya‘qūba waj‘alhu rabbi raḍiyyā(n).",
      "translation": "(Seorang anak) yang akan mewarisi aku dan keluarga Ya‘qub serta jadikanlah dia, wahai Tuhanku, seorang yang diridai.”",
      "footnotes": null
    },
    {
      "ayah": 7,
      "quarter_hizb": 31.25,
      "juz": 16,
      "manzil": 4,
      "arabic": "يٰزَكَرِيَّآ اِنَّا نُبَشِّرُكَ بِغُلٰمِ ِۨاسْمُهٗ يَحْيٰىۙ لَمْ نَجْعَلْ لَّهٗ مِنْ قَبْلُ سَمِيًّا ",
      "latin": "Yā zakariyyā innā nubasysyiruka bigulāminismuhū yaḥyā, lam naj‘al lahū min qablu samiyyā(n).",
      "translation": "(Allah berfirman,) “Wahai Zakaria, Kami memberi kabar gembira kepadamu dengan seorang anak laki-laki yang bernama Yahya yang nama itu tidak pernah Kami berikan sebelumnya.”",
      "footnotes": null
    },
    {
      "ayah": 8,
      "quarter_hizb": 31.25,
      "juz": 16,
      "manzil": 4,
      "arabic": "قَالَ رَبِّ اَنّٰى يَكُوْنُ لِيْ غُلٰمٌ وَّكَانَتِ امْرَاَتِيْ عَاقِرًا وَّقَدْ بَلَغْتُ مِنَ الْكِبَرِ عِتِيًّا ",
      "latin": "Qāla rabbi annā yakūnu lī gulāmuw wa kānatimra'atī ‘āqiraw wa qad balagtu minal-kibari ‘itiyyā(n).",
      "translation": "Dia (Zakaria) berkata, “Wahai Tuhanku, bagaimana (mungkin) aku akan mempunyai anak, sedangkan istriku seorang yang mandul dan sungguh aku sudah mencapai usia yang sangat tua?”",
      "footnotes": null
    },
    {
      "ayah": 9,
      "quarter_hizb": 31.25,
      "juz": 16,
      "manzil": 4,
      "arabic": "قَالَ كَذٰلِكَۗ قَالَ رَبُّكَ هُوَ عَلَيَّ هَيِّنٌ وَّقَدْ خَلَقْتُكَ مِنْ قَبْلُ وَلَمْ تَكُ شَيْـًٔا ",
      "latin": "Qāla każālik(a), qāla rabbuka huwa ‘alayya hayyinuw wa qad khalaqtuka min qablu wa lam taku syai'ā(n).",
      "translation": "Dia (Allah) berfirman,459) ”Demikianlah.” Tuhanmu berfirman, ”Hal itu mudah bagi-Ku; sungguh, engkau telah Aku ciptakan sebelum itu, padahal (pada waktu itu) engkau belum berwujud sama sekali.”",
      "footnotes": "459) Sebagian mufasir berpendapat bahwa yang berkata di sini adalah Allah Swt. Sebagiannya lagi berpendapat bahwa yang berkata di sini adalah Jibril. "
    },
    {
      "ayah": 10,
      "quarter_hizb": 31.25,
      "juz": 16,
      "manzil": 4,
      "arabic": "قَالَ رَبِّ اجْعَلْ لِّيْٓ اٰيَةً ۗقَالَ اٰيَتُكَ اَلَّا تُكَلِّمَ النَّاسَ ثَلٰثَ لَيَالٍ سَوِيًّا ",
      "latin": "Qāla rabbij‘al lī āyah(tan), qāla āyatuka allā tukalliman-nāsa  ṡalāṡa layālin sawiyyā(n).",
      "translation": "Dia (Zakaria) berkata, “Wahai Tuhanku, berilah aku suatu tanda.” (Allah) berfirman, “Tandanya bagimu ialah bahwa engkau tidak dapat bercakap-cakap dengan manusia selama (tiga hari) tiga malam, padahal engkau sehat.”",
      "footnotes": null
    },
    {
      "ayah": 11,
      "quarter_hizb": 31.25,
      "juz": 16,
      "manzil": 4,
      "arabic": "فَخَرَجَ عَلٰى قَوْمِهٖ مِنَ الْمِحْرَابِ فَاَوْحٰٓى اِلَيْهِمْ اَنْ سَبِّحُوْا بُكْرَةً وَّعَشِيًّا ",
      "latin": "Fa kharaja ‘alā qaumihī minal-miḥrābi fa auḥā ilaihim an sabbiḥū bukrataw wa ‘asyiyyā(n).",
      "translation": "Lalu, (Zakaria) keluar dari mihrab menuju kaumnya lalu dia memberi isyarat kepada mereka agar bertasbihlah kamu pada waktu pagi dan petang.",
      "footnotes": null
    },
    {
      "ayah": 12,
      "quarter_hizb": 31.25,
      "juz": 16,
      "manzil": 4,
      "arabic": "يٰيَحْيٰى خُذِ الْكِتٰبَ بِقُوَّةٍ ۗوَاٰتَيْنٰهُ الْحُكْمَ صَبِيًّاۙ ",
      "latin": "Yā yaḥyā khużil-kitāba biquwwah(tin), wa ātaināhul-ḥukma ṣabiyyā(n).",
      "translation": "(Allah berfirman,) “Wahai Yahya, ambillah (pelajarilah)460) Kitab (Taurat) itu dengan sungguh-sungguh.” Kami menganugerahkan hikmah kepadanya (Yahya)461) selagi dia masih kanak-kanak.",
      "footnotes": "460) Maksudnya adalah, “Pelajarilah Taurat itu, amalkan isinya, dan sampaikan kepada umatmu!”\n461) Maksudnya adalah pemahaman Taurat dan pendalaman agama."
    },
    {
      "ayah": 13,
      "quarter_hizb": 31.25,
      "juz": 16,
      "manzil": 4,
      "arabic": "وَّحَنَانًا مِّنْ لَّدُنَّا وَزَكٰوةً ۗوَكَانَ تَقِيًّا ۙ",
      "latin": "Wa ḥanānam mil ladunnā wa zakāh(tan), wa kāna taqiyyā(n).",
      "translation": "(Kami anugerahkan juga kepadanya) rasa kasih sayang (kepada sesama) dari Kami dan bersih (dari dosa). Dia pun adalah seorang yang bertakwa.",
      "footnotes": null
    },
    {
      "ayah": 14,
      "quarter_hizb": 31.25,
      "juz": 16,
      "manzil": 4,
      "arabic": "وَّبَرًّاۢ بِوَالِدَيْهِ وَلَمْ يَكُنْ جَبَّارًا عَصِيًّا ",
      "latin": "Wa barram biwālidaihi wa lam yakun jabbāran ‘aṣiyyā(n).",
      "translation": "(Dia) orang yang berbakti kepada kedua orang tuanya dan dia bukan orang yang sombong lagi durhaka.",
      "footnotes": null
    },
    {
      "ayah": 15,
      "quarter_hizb": 31.25,
      "juz": 16,
      "manzil": 4,
      "arabic": "وَسَلٰمٌ عَلَيْهِ يَوْمَ وُلِدَ وَيَوْمَ يَمُوْتُ وَيَوْمَ يُبْعَثُ حَيًّا ࣖ",
      "latin": "Wa salāmun ‘alaihi yauma wulida wa yauma yamūtu wa yauma yub‘aṡu ḥayyā(n).",
      "translation": "Kesejahteraan baginya (Yahya) pada hari dia dilahirkan, hari dia wafat, dan hari dia dibangkitkan hidup kembali.",
      "footnotes": null
    },
    {
      "ayah": 16,
      "quarter_hizb": 31.25,
      "juz": 16,
      "manzil": 4,
      "arabic": "وَاذْكُرْ فِى الْكِتٰبِ مَرْيَمَۘ اِذِ انْتَبَذَتْ مِنْ اَهْلِهَا مَكَانًا شَرْقِيًّا ۙ",
      "latin": "Ważkur fil-kitābi maryam(a), iżintabażat min ahlihā makānan syarqiyyā(n).",
      "translation": "Ceritakanlah (Nabi Muhammad) kisah Maryam di dalam Kitab (Al-Qur’an), (yaitu) ketika dia mengasingkan diri dari keluarganya ke suatu tempat di sebelah timur (Baitulmaqdis).",
      "footnotes": null
    },
    {
      "ayah": 17,
      "quarter_hizb": 31.25,
      "juz": 16,
      "manzil": 4,
      "arabic": "فَاتَّخَذَتْ مِنْ دُوْنِهِمْ حِجَابًاۗ فَاَرْسَلْنَآ اِلَيْهَا رُوْحَنَا فَتَمَثَّلَ لَهَا بَشَرًا سَوِيًّا ",
      "latin": "Fattakhażat min dūnihim ḥijābā(n), fa arsalnā ilaihā rūḥanā fa tamaṡṡala lahā basyaran sawiyyā(n).",
      "translation": "Dia (Maryam) memasang tabir (yang melindunginya) dari mereka. Lalu, Kami mengutus roh Kami (Jibril) kepadanya, kemudian dia menampakkan diri di hadapannya dalam bentuk manusia yang sempurna.",
      "footnotes": null
    },
    {
      "ayah": 18,
      "quarter_hizb": 31.25,
      "juz": 16,
      "manzil": 4,
      "arabic": "قَالَتْ اِنِّيْٓ اَعُوْذُ بِالرَّحْمٰنِ مِنْكَ اِنْ كُنْتَ تَقِيًّا ",
      "latin": "Qālat innī a‘ūżu bir-raḥmāni minka in kunta taqiyyā(n).",
      "translation": "Dia (Maryam) berkata (kepadanya), “Sesungguhnya aku berlindung kepada Tuhan Yang Maha Pengasih darimu (untuk berbuat jahat kepadaku) jika kamu seorang yang bertakwa.”",
      "footnotes": null
    },
    {
      "ayah": 19,
      "quarter_hizb": 31.25,
      "juz": 16,
      "manzil": 4,
      "arabic": "قَالَ اِنَّمَآ اَنَا۠ رَسُوْلُ رَبِّكِۖ لِاَهَبَ لَكِ غُلٰمًا زَكِيًّا ",
      "latin": "Qāla innamā ana rasūlu rabbik(a), li'ahaba laki gulāman zakiyyā(n).",
      "translation": "Dia (Jibril) berkata, “Sesungguhnya aku hanyalah utusan Tuhanmu untuk memberikan anugerah seorang anak laki-laki yang suci kepadamu.”",
      "footnotes": null
    },
    {
      "ayah": 20,
      "quarter_hizb": 31.25,
      "juz": 16,
      "manzil": 4,
      "arabic": "قَالَتْ اَنّٰى يَكُوْنُ لِيْ غُلٰمٌ وَّلَمْ يَمْسَسْنِيْ بَشَرٌ وَّلَمْ اَكُ بَغِيًّا ",
      "latin": "Qālat annā yakūnu lī gulāmuw wa lam yamsasnī basyaruw wa lam aku bagiyyā(n).",
      "translation": "Dia (Maryam) berkata, “Bagaimana (mungkin) aku mempunyai anak laki-laki, padahal tidak pernah ada seorang (laki-laki) pun yang menyentuhku dan aku bukan seorang pelacur?”",
      "footnotes": null
    },
    {
      "ayah": 21,
      "quarter_hizb": 31.25,
      "juz": 16,
      "manzil": 4,
      "arabic": "قَالَ كَذٰلِكِۚ قَالَ رَبُّكِ هُوَ عَلَيَّ هَيِّنٌۚ وَلِنَجْعَلَهٗٓ اٰيَةً لِّلنَّاسِ وَرَحْمَةً مِّنَّاۚ وَكَانَ اَمْرًا مَّقْضِيًّا ",
      "latin": "Qāla każālik(a), qāla rabbuka huwa ‘alayya hayyin(un), wa linaj‘alahū āyatal lin-nāsi wa raḥmatam minnā, wa kāna amram maqḍiyyā(n).",
      "translation": "Dia (Jibril) berkata, “Demikianlah.” Tuhanmu berfirman, “Hal itu sangat mudah bagi-Ku dan agar Kami menjadikannya sebagai tanda (kebesaran-Ku) bagi manusia dan rahmat dari Kami. Hal itu adalah suatu urusan yang (sudah) diputuskan.”",
      "footnotes": null
    },
    {
      "ayah": 22,
      "quarter_hizb": 31.5,
      "juz": 16,
      "manzil": 4,
      "arabic": "۞ فَحَمَلَتْهُ فَانْتَبَذَتْ بِهٖ مَكَانًا قَصِيًّا ",
      "latin": "Fa ḥamalathu fantabażat bihī makānan qaṣiyyā(n).",
      "translation": "Maka, dia (Maryam) mengandungnya, lalu mengasingkan diri bersamanya ke tempat yang jauh.",
      "footnotes": null
    },
    {
      "ayah": 23,
      "quarter_hizb": 31.5,
      "juz": 16,
      "manzil": 4,
      "arabic": "فَاَجَاۤءَهَا الْمَخَاضُ اِلٰى جِذْعِ النَّخْلَةِۚ قَالَتْ يٰلَيْتَنِيْ مِتُّ قَبْلَ هٰذَا وَكُنْتُ نَسْيًا مَّنْسِيًّا ",
      "latin": "Fa ajā'ahal-makhāḍu ilā jiz‘in nakhlah(ti), qālat yā laitanī mittu qabla hāżā wa kuntu nas-yam mansiyyā(n).  ",
      "translation": "Rasa sakit akan melahirkan memaksanya (bersandar) pada pangkal pohon kurma. Dia (Maryam) berkata, “Oh, seandainya aku mati sebelum ini dan menjadi seorang yang tidak diperhatikan dan dilupakan (selama-lamanya).”",
      "footnotes": null
    },
    {
      "ayah": 24,
      "quarter_hizb": 31.5,
      "juz": 16,
      "manzil": 4,
      "arabic": "فَنَادٰىهَا مِنْ تَحْتِهَآ اَلَّا تَحْزَنِيْ قَدْ جَعَلَ رَبُّكِ تَحْتَكِ سَرِيًّا ",
      "latin": "Fa nādāhā min taḥtihā allā taḥzanī qad ja‘ala rabbuki taḥtaki sariyyā(n).",
      "translation": "Dia (Jibril) berseru kepadanya dari tempat yang rendah, “Janganlah engkau bersedih. Sungguh, Tuhanmu telah menjadikan anak sungai di bawahmu.",
      "footnotes": null
    },
    {
      "ayah": 25,
      "quarter_hizb": 31.5,
      "juz": 16,
      "manzil": 4,
      "arabic": "وَهُزِّيْٓ اِلَيْكِ بِجِذْعِ النَّخْلَةِ تُسٰقِطْ عَلَيْكِ رُطَبًا جَنِيًّا ۖ",
      "latin": "Wa huzzī ilaiki bijiz‘in-nakhlati tusāqiṭ ‘alaiki ruṭaban janiyyā(n).",
      "translation": "Goyanglah pangkal pohon kurma itu ke arahmu, niscaya (pohon) itu akan menjatuhkan buah kurma yang masak kepadamu.",
      "footnotes": null
    },
    {
      "ayah": 26,
      "quarter_hizb": 31.5,
      "juz": 16,
      "manzil": 4,
      "arabic": "فَكُلِيْ وَاشْرَبِيْ وَقَرِّيْ عَيْنًا ۚفَاِمَّا تَرَيِنَّ مِنَ الْبَشَرِ اَحَدًاۙ فَقُوْلِيْٓ اِنِّيْ نَذَرْتُ لِلرَّحْمٰنِ صَوْمًا فَلَنْ اُكَلِّمَ الْيَوْمَ اِنْسِيًّا ۚ",
      "latin": "Fa kulī wasyrabī wa qarrī ‘ainā(n), fa immā tarayinna minal-basyari aḥadā(n), fa qūlī innī nażartu lir-raḥmāni ṣauman falan ukallimal-yauma insiyyā(n).",
      "translation": "Makan, minum, dan bersukacitalah engkau. Jika engkau melihat seseorang, katakanlah, ‘Sesungguhnya aku telah bernazar puasa (bicara) untuk Tuhan Yang Maha Pengasih. Oleh karena itu, aku tidak akan berbicara dengan siapa pun pada hari ini.’”",
      "footnotes": null
    },
    {
      "ayah": 27,
      "quarter_hizb": 31.5,
      "juz": 16,
      "manzil": 4,
      "arabic": "فَاَتَتْ بِهٖ قَوْمَهَا تَحْمِلُهٗ ۗقَالُوْا يٰمَرْيَمُ لَقَدْ جِئْتِ شَيْـًٔا فَرِيًّا ",
      "latin": "Fa atat bihī qaumahā taḥmiluh(ū), qālū yā maryamu laqad ji'ti syai'an fariyyā(n).",
      "translation": "Dia (Maryam) membawa dia (bayi itu) kepada kaumnya dengan menggendongnya. Mereka (kaumnya) berkata, “Wahai Maryam, sungguh, engkau benar-benar telah membawa sesuatu yang sangat mungkar.",
      "footnotes": null
    },
    {
      "ayah": 28,
      "quarter_hizb": 31.5,
      "juz": 16,
      "manzil": 4,
      "arabic": "يٰٓاُخْتَ هٰرُوْنَ مَا كَانَ اَبُوْكِ امْرَاَ سَوْءٍ وَّمَا كَانَتْ اُمُّكِ بَغِيًّا ۖ",
      "latin": "Yā ukhta hārūna kāna abūkimra'a sau'iw wa mā kānat ummuki bagiyyā(n).",
      "translation": "Wahai saudara perempuan Harun (Maryam), ayahmu bukan seorang yang berperangai buruk dan ibumu bukan seorang perempuan pezina.”",
      "footnotes": null
    },
    {
      "ayah": 29,
      "quarter_hizb": 31.5,
      "juz": 16,
      "manzil": 4,
      "arabic": "فَاَشَارَتْ اِلَيْهِۗ قَالُوْا كَيْفَ نُكَلِّمُ مَنْ كَانَ فِى الْمَهْدِ صَبِيًّا ",
      "latin": "Fa asyārat ilaīh(i), qālū kaifa nukallimu man kāna fil-mahdi ṣabiyyā(n).",
      "translation": "Dia (Maryam) menunjuk kepada (bayi)-nya (agar mereka bertanya kepadanya). Mereka berkata, “Bagaimana mungkin kami akan berbicara dengan anak kecil yang masih dalam ayunan?”",
      "footnotes": null
    },
    {
      "ayah": 30,
      "quarter_hizb": 31.5,
      "juz": 16,
      "manzil": 4,
      "arabic": "قَالَ اِنِّيْ عَبْدُ اللّٰهِ ۗاٰتٰىنِيَ الْكِتٰبَ وَجَعَلَنِيْ نَبِيًّا ۙ",
      "latin": "Qāla innī ‘abdullāh(i), ātāniyal-kitāba wa ja‘alanī nabiyyā(n).",
      "translation": "Dia (Isa) berkata, “Sesungguhnya aku hamba Allah. Dia (akan) memberiku Kitab (Injil) dan menjadikan aku seorang nabi.",
      "footnotes": null
    },
    {
      "ayah": 31,
      "quarter_hizb": 31.5,
      "juz": 16,
      "manzil": 4,
      "arabic": "وَّجَعَلَنِيْ مُبٰرَكًا اَيْنَ مَا كُنْتُۖ وَاَوْصٰنِيْ بِالصَّلٰوةِ وَالزَّكٰوةِ مَا دُمْتُ حَيًّا ۖ",
      "latin": "Wa ja‘alanī mubārakan aina mā kunt(u), wa auṣānī biṣ-ṣalāti waz-zakāti mā dumtu ḥayyā(n).",
      "translation": "Dia menjadikan aku seorang yang diberkahi di mana saja aku berada dan memerintahkan kepadaku (untuk melaksanakan) salat serta (menunaikan) zakat sepanjang hayatku,",
      "footnotes": null
    },
    {
      "ayah": 32,
      "quarter_hizb": 31.5,
      "juz": 16,
      "manzil": 4,
      "arabic": "وَّبَرًّاۢ بِوَالِدَتِيْ وَلَمْ يَجْعَلْنِيْ جَبَّارًا شَقِيًّا ",
      "latin": "Wa barram biwālidatī wa lam yaj‘alnī jabbāran syaqiyyā(n).",
      "translation": "dan berbakti kepada ibuku serta Dia tidak menjadikanku orang yang sombong lagi celaka.",
      "footnotes": null
    },
    {
      "ayah": 33,
      "quarter_hizb": 31.5,
      "juz": 16,
      "manzil": 4,
      "arabic": "وَالسَّلٰمُ عَلَيَّ يَوْمَ وُلِدْتُّ وَيَوْمَ اَمُوْتُ وَيَوْمَ اُبْعَثُ حَيًّا ",
      "latin": "Was-salāmu ‘alayya yauma wulittu wa yauma amūtu wa yauma ub‘aṡu ḥayyā(n).",
      "translation": "Kesejahteraan semoga dilimpahkan kepadaku pada hari kelahiranku, hari wafatku, dan hari aku dibangkitkan hidup (kembali).”",
      "footnotes": null
    },
    {
      "ayah": 34,
      "quarter_hizb": 31.5,
      "juz": 16,
      "manzil": 4,
      "arabic": "ذٰلِكَ عِيْسَى ابْنُ مَرْيَمَ ۚقَوْلَ الْحَقِّ الَّذِيْ فِيْهِ يَمْتَرُوْنَ ",
      "latin": "Żālika ‘īsabnu maryam(a), qaulal-ḥaqqil-lażī fīhi yamtarūn(a).",
      "translation": "Itulah (hakikat) Isa putra Maryam, perkataan benar yang mereka ragukan.",
      "footnotes": null
    },
    {
      "ayah": 35,
      "quarter_hizb": 31.5,
      "juz": 16,
      "manzil": 4,
      "arabic": "مَا كَانَ لِلّٰهِ اَنْ يَّتَّخِذَ مِنْ وَّلَدٍ سُبْحٰنَهٗ ۗاِذَا قَضٰٓى اَمْرًا فَاِنَّمَا يَقُوْلُ لَهٗ كُنْ فَيَكُوْنُ ۗ",
      "latin": "Mā kāna lillāhi ay yattakhiża miw waladin subḥānah(ū), iżā qaḍā amran fa innamā yaqūlu lahū kun fa yakūn(u).",
      "translation": "Tidak patut bagi Allah mempunyai anak. Maha Suci Dia. Apabila hendak menetapkan sesuatu, Dia hanya berkata kepadanya, “Jadilah!” Maka, jadilah sesuatu itu.",
      "footnotes": null
    },
    {
      "ayah": 36,
      "quarter_hizb": 31.5,
      "juz": 16,
      "manzil": 4,
      "arabic": "وَاِنَّ اللّٰهَ رَبِّيْ وَرَبُّكُمْ فَاعْبُدُوْهُ ۗهٰذَا صِرَاطٌ مُّسْتَقِيْمٌ ",
      "latin": "Wa innallāha rabbī wa rabbukum fa‘budūh(u), hāżā ṣirāṭum mustaqīm(un).",
      "translation": "(Isa berkata,) “Sesungguhnya Allah itu Tuhanku dan Tuhanmu. Sembahlah Dia! Ini adalah jalan yang lurus.”",
      "footnotes": null
    },
    {
      "ayah": 37,
      "quarter_hizb": 31.5,
      "juz": 16,
      "manzil": 4,
      "arabic": "فَاخْتَلَفَ الْاَحْزَابُ مِنْۢ بَيْنِهِمْۚ فَوَيْلٌ لِّلَّذِيْنَ كَفَرُوْا مِنْ مَّشْهَدِ يَوْمٍ عَظِيْمٍ ",
      "latin": "Fakhtalafal-aḥzābu mim bainihim, fa wailul lil-lażīna kafarū mim masyhadi yaumin ‘aẓīm(in).",
      "translation": "Golongan-golongan di antara mereka (Yahudi dan Nasrani) berselisih. Celakalah orang-orang yang kufur pada waktu menyaksikan hari yang sangat agung!",
      "footnotes": null
    },
    {
      "ayah": 38,
      "quarter_hizb": 31.5,
      "juz": 16,
      "manzil": 4,
      "arabic": "اَسْمِعْ بِهِمْ وَاَبْصِرْۙ يَوْمَ يَأْتُوْنَنَا لٰكِنِ الظّٰلِمُوْنَ الْيَوْمَ فِيْ ضَلٰلٍ مُّبِيْنٍ ",
      "latin": "Asmi‘ bihim wa abṣir, yauma ya'tūnanā lākiniẓ-ẓālimūnal-yauma fī ḍalālim mubīn(in).",
      "translation": "Alangkah tajam pendengaran dan penglihatan mereka pada hari mereka datang kepada Kami (di akhirat)! Akan tetapi, orang-orang zalim pada hari ini (di dunia) berada dalam kesesatan yang nyata.",
      "footnotes": null
    },
    {
      "ayah": 39,
      "quarter_hizb": 31.5,
      "juz": 16,
      "manzil": 4,
      "arabic": "وَاَنْذِرْهُمْ يَوْمَ الْحَسْرَةِ اِذْ قُضِيَ الْاَمْرُۘ وَهُمْ فِيْ غَفْلَةٍ وَّهُمْ لَا يُؤْمِنُوْنَ ",
      "latin": "Wa anżirhum yaumal-ḥasrati  iż quḍiyal-amr(u), wa hum fī gaflatiw wa hum lā yu'minūn(a).",
      "translation": "Berilah mereka peringatan tentang hari penyesalan ketika segala perkara telah diputus, sedangkan mereka dalam kelalaian dan mereka tidak beriman.",
      "footnotes": null
    },
    {
      "ayah": 40,
      "quarter_hizb": 31.5,
      "juz": 16,
      "manzil": 4,
      "arabic": "اِنَّا نَحْنُ نَرِثُ الْاَرْضَ وَمَنْ عَلَيْهَا وَاِلَيْنَا يُرْجَعُوْنَ ࣖ",
      "latin": "Innā naḥnu nariṡul-arḍa wa man ‘alaihā wa ilainā yurja‘ūn(a).",
      "translation": "Sesungguhnya Kamilah yang mewarisi bumi462) beserta semua yang ada di atasnya dan hanya kepada Kamilah mereka dikembalikan.",
      "footnotes": "462) Seluruh alam ini akan hancur dan hanya Allah Swt. yang kekal."
    },
    {
      "ayah": 41,
      "quarter_hizb": 31.5,
      "juz": 16,
      "manzil": 4,
      "arabic": "وَاذْكُرْ فِى الْكِتٰبِ اِبْرٰهِيْمَ ەۗ اِنَّهٗ كَانَ صِدِّيْقًا نَّبِيًّا",
      "latin": "Ważkur fil-kitābi ibrāhīm(a), innahū kāna ṣiddīqan nabiyyā(n).",
      "translation": "Ceritakanlah (Nabi Muhammad, kisah) Ibrahim di dalam Kitab (Al-Qur’an)! Sesungguhnya dia adalah seorang yang sangat benar dan membenarkan lagi seorang nabi.",
      "footnotes": null
    },
    {
      "ayah": 42,
      "quarter_hizb": 31.5,
      "juz": 16,
      "manzil": 4,
      "arabic": "اِذْ قَالَ لِاَبِيْهِ يٰٓاَبَتِ لِمَ تَعْبُدُ مَا لَا يَسْمَعُ وَلَا يُبْصِرُ وَلَا يُغْنِيْ عَنْكَ شَيْـًٔا ",
      "latin": "Iż qāla li'abīhi yā abati lima ta‘budu mā lā yasma‘u wa lā yubṣiru wa lā yugnī ‘anka syai'ā(n).",
      "translation": "Ketika dia (Ibrahim) berkata kepada bapaknya, “Wahai Bapakku, mengapa engkau menyembah sesuatu yang tidak mendengar, tidak melihat, dan tidak pula bermanfaat kepadamu sedikit pun?",
      "footnotes": null
    },
    {
      "ayah": 43,
      "quarter_hizb": 31.5,
      "juz": 16,
      "manzil": 4,
      "arabic": "يٰٓاَبَتِ اِنِّيْ قَدْ جَاۤءَنِيْ مِنَ الْعِلْمِ مَا لَمْ يَأْتِكَ فَاتَّبِعْنِيْٓ اَهْدِكَ صِرَاطًا سَوِيًّا ",
      "latin": "Yā abati innī qad jā'anī minal-‘ilmi mā lam ya'tika fattabi‘nī ahdika ṣirāṭan sawiyyā(n).",
      "translation": "Wahai Bapakku, sesungguhnya telah datang kepadaku sebagian ilmu yang tidak datang kepadamu. Ikutilah aku, niscaya aku tunjukkan kepadamu jalan yang lurus.",
      "footnotes": null
    },
    {
      "ayah": 44,
      "quarter_hizb": 31.5,
      "juz": 16,
      "manzil": 4,
      "arabic": "يٰٓاَبَتِ لَا تَعْبُدِ الشَّيْطٰنَۗ اِنَّ الشَّيْطٰنَ كَانَ لِلرَّحْمٰنِ عَصِيًّا ",
      "latin": "Yā abati lā ta‘budisy-syaiṭān(a), innasy-syaiṭāna kāna lir-raḥmāni ‘aṣiyyā(n).",
      "translation": "Wahai Bapakku, janganlah menyembah setan! Sesungguhnya setan itu sangat durhaka kepada Tuhan Yang Maha Pemurah.",
      "footnotes": null
    },
    {
      "ayah": 45,
      "quarter_hizb": 31.5,
      "juz": 16,
      "manzil": 4,
      "arabic": "يٰٓاَبَتِ اِنِّيْٓ اَخَافُ اَنْ يَّمَسَّكَ عَذَابٌ مِّنَ الرَّحْمٰنِ فَتَكُوْنَ لِلشَّيْطٰنِ وَلِيًّا ",
      "latin": "Yā abati innī akhāfu ay yamassaka ‘ażābum minar-raḥmāni fa takūna lisy-syaiṭāni waliyyā(n).",
      "translation": "Wahai Bapakku, sesungguhnya aku takut azab dari (Tuhan) Yang Maha Pemurah menimpamu sehingga engkau menjadi teman setan.”",
      "footnotes": null
    },
    {
      "ayah": 46,
      "quarter_hizb": 31.5,
      "juz": 16,
      "manzil": 4,
      "arabic": "قَالَ اَرَاغِبٌ اَنْتَ عَنْ اٰلِهَتِيْ يٰٓاِبْرٰهِيْمُ ۚ لَىِٕنْ لَّمْ تَنْتَهِ لَاَرْجُمَنَّكَ وَاهْجُرْنِيْ مَلِيًّا ",
      "latin": "Qāla arāgibun anta ‘an ālihatī yā ibrāhīm(u), la'illam tantahi la'arjumannaka wahjurnī maliyyā(n).",
      "translation": "Dia (bapaknya) berkata, “Apakah kamu membenci tuhan-tuhanku, wahai Ibrahim? Jika tidak berhenti (mencela tuhan yang kusembah), engkau pasti akan kurajam. Tinggalkanlah aku untuk waktu yang lama.”",
      "footnotes": null
    },
    {
      "ayah": 47,
      "quarter_hizb": 31.5,
      "juz": 16,
      "manzil": 4,
      "arabic": "قَالَ سَلٰمٌ عَلَيْكَۚ سَاَسْتَغْفِرُ لَكَ رَبِّيْۗ اِنَّهٗ كَانَ بِيْ حَفِيًّا ",
      "latin": "Qāla salāmun ‘alaik(a), sa'astagfiru laka rabbī, innahū kāna bī ḥafiyyā(n).",
      "translation": "Dia (Ibrahim) berkata, “Semoga keselamatan bagimu. Aku akan memohonkan ampunan bagimu kepada Tuhanku. Sesungguhnya Dia Maha Baik kepadaku.",
      "footnotes": null
    },
    {
      "ayah": 48,
      "quarter_hizb": 31.5,
      "juz": 16,
      "manzil": 4,
      "arabic": "وَاَعْتَزِلُكُمْ وَمَا تَدْعُوْنَ مِنْ دُوْنِ اللّٰهِ وَاَدْعُوْا رَبِّيْۖ عَسٰٓى اَلَّآ اَكُوْنَ بِدُعَاۤءِ رَبِّيْ شَقِيًّا ",
      "latin": "Wa a‘tazilukum wa mā tad‘ūna min dūnillāhi wa ad‘ū rabbī, ‘asā allā akūna bidu‘ā'i rabbī syaqiyyā(n).",
      "translation": "Aku akan menjauh darimu dan apa yang engkau sembah selain Allah. Aku akan berdoa kepada Tuhanku semoga aku tidak kecewa dengan doaku kepada Tuhanku.”",
      "footnotes": null
    },
    {
      "ayah": 49,
      "quarter_hizb": 31.5,
      "juz": 16,
      "manzil": 4,
      "arabic": "فَلَمَّا اعْتَزَلَهُمْ وَمَا يَعْبُدُوْنَ مِنْ دُوْنِ اللّٰهِ ۙوَهَبْنَا لَهٗٓ اِسْحٰقَ وَيَعْقُوْبَۗ وَكُلًّا جَعَلْنَا نَبِيًّا ",
      "latin": "Falamma‘tazalahum wa mā ya‘budūna min dūnillāh(i), wahabnā lahū isḥāqa wa ya‘qūb(a),  wa kullan ja‘alnā nabiyyā(n).",
      "translation": "Maka, ketika dia (Ibrahim) sudah menjauh dari mereka dan dari apa yang mereka sembah selain Allah, Kami anugerahkan kepadanya (seorang anak) Ishaq dan (seorang cucu) Ya‘qub. Masing-masing Kami angkat menjadi nabi.",
      "footnotes": null
    },
    {
      "ayah": 50,
      "quarter_hizb": 31.5,
      "juz": 16,
      "manzil": 4,
      "arabic": "وَوَهَبْنَا لَهُمْ مِّنْ رَّحْمَتِنَا وَجَعَلْنَا لَهُمْ لِسَانَ صِدْقٍ عَلِيًّا ࣖ",
      "latin": "Wa wahabnā lahum mir raḥmatinā wa ja‘alnā lahum lisāna ṣidqin ‘aliyyā(n).",
      "translation": "Kami anugerahkan kepada mereka sebagian dari rahmat Kami dan Kami jadikan mereka buah tutur yang baik lagi mulia.",
      "footnotes": null
    },
    {
      "ayah": 51,
      "quarter_hizb": 31.5,
      "juz": 16,
      "manzil": 4,
      "arabic": "وَاذْكُرْ فِى الْكِتٰبِ مُوْسٰٓىۖ اِنَّهٗ كَانَ مُخْلَصًا وَّكَانَ رَسُوْلًا نَّبِيًّا ",
      "latin": "Ważkur  fil-kitābi mūsā, innahū kāna mukhlaṣaw wa kāna rasūlan nabiyyā(n).",
      "translation": "Ceritakanlah (Nabi Muhammad, kisah) Musa di dalam Kitab (Al-Qur’an). Sesungguhnya dia adalah orang yang terpilih, rasul, dan nabi.",
      "footnotes": null
    },
    {
      "ayah": 52,
      "quarter_hizb": 31.5,
      "juz": 16,
      "manzil": 4,
      "arabic": "وَنَادَيْنٰهُ مِنْ جَانِبِ الطُّوْرِ الْاَيْمَنِ وَقَرَّبْنٰهُ نَجِيًّا ",
      "latin": "Wa nādaināhu min jānibiṭ-ṭūril-aimani wa qarrabnāhu najiyyā(n).",
      "translation": "Kami telah memanggilnya dari sebelah kanan (Gunung) Tur (Sinai) dan Kami dekatkan dia untuk bermunajat (berbicara tanpa perantara).",
      "footnotes": null
    },
    {
      "ayah": 53,
      "quarter_hizb": 31.5,
      "juz": 16,
      "manzil": 4,
      "arabic": "وَوَهَبْنَا لَهٗ مِنْ رَّحْمَتِنَآ اَخَاهُ هٰرُوْنَ نَبِيًّا ",
      "latin": "Wa wahabnā lahū mir raḥmatinā akhāhu hārūna nabiyyā(n).",
      "translation": "Kami telah menganugerahkan kepadanya sebagian rahmat Kami, yaitu (menjadikan) saudaranya, Harun, sebagai nabi.",
      "footnotes": null
    },
    {
      "ayah": 54,
      "quarter_hizb": 31.5,
      "juz": 16,
      "manzil": 4,
      "arabic": "وَاذْكُرْ فِى الْكِتٰبِ اِسْمٰعِيْلَ ۖاِنَّهٗ كَانَ صَادِقَ الْوَعْدِ وَكَانَ رَسُوْلًا نَّبِيًّا ۚ",
      "latin": "Ważkur  fil-kitābi ismā‘īl(a), innahū kāna ṣādiqal-wa‘di wa kāna rasūlan nabiyyā(n).",
      "translation": "Ceritakanlah (Nabi Muhammad kisah) Ismail di dalam Kitab (Al-Qur’an). Sesungguhnya dia adalah orang yang benar janjinya, rasul, dan nabi.",
      "footnotes": null
    },
    {
      "ayah": 55,
      "quarter_hizb": 31.5,
      "juz": 16,
      "manzil": 4,
      "arabic": "وَكَانَ يَأْمُرُ اَهْلَهٗ بِالصَّلٰوةِ وَالزَّكٰوةِۖ وَكَانَ عِنْدَ رَبِّهٖ مَرْضِيًّا ",
      "latin": "Wa kāna ya'muru ahlahū biṣ-ṣalāti waz-zakāh(ti), wa kāna ‘inda rabbihī marḍiyyā(n).",
      "translation": "Dia selalu menyuruh keluarganya463) untuk (menegakkan) salat dan (menunaikan) zakat. Dia adalah orang yang diridai oleh Tuhannya.",
      "footnotes": "463) Sebagian mufasir berpendapat bahwa yang dimaksud ahlahū ialah keluarganya, sedangkan sebagiannya berpendapat bahwa yang dimaksud adalah umatnya."
    },
    {
      "ayah": 56,
      "quarter_hizb": 31.5,
      "juz": 16,
      "manzil": 4,
      "arabic": "وَاذْكُرْ فِى الْكِتٰبِ اِدْرِيْسَۖ اِنَّهٗ كَانَ صِدِّيْقًا نَّبِيًّا ۙ",
      "latin": "Ważkur  fil-kitābi idrīs(a), innahū kāna ṣādiqan nabiyyā(n).",
      "translation": "Ceritakanlah (Nabi Muhammad kisah) Idris di dalam Kitab (Al-Qur’an). Sesungguhnya dia adalah orang yang sangat benar dan membenarkan lagi seorang nabi.",
      "footnotes": null
    },
    {
      "ayah": 57,
      "quarter_hizb": 31.5,
      "juz": 16,
      "manzil": 4,
      "arabic": "وَّرَفَعْنٰهُ مَكَانًا عَلِيًّا ",
      "latin": "Wa rafa‘nāhu makānan ‘aliyyā(n).",
      "translation": "Kami telah mengangkatnya ke martabat yang tinggi.",
      "footnotes": null
    },
    {
      "ayah": 58,
      "quarter_hizb": 31.5,
      "juz": 16,
      "manzil": 4,
      "arabic": "اُولٰۤىِٕكَ الَّذِيْنَ اَنْعَمَ اللّٰهُ عَلَيْهِمْ مِّنَ النَّبِيّٖنَ مِنْ ذُرِّيَّةِ اٰدَمَ وَمِمَّنْ حَمَلْنَا مَعَ نُوْحٍۖ وَّمِنْ ذُرِّيَّةِ اِبْرٰهِيْمَ وَاِسْرَاۤءِيْلَ ۖوَمِمَّنْ هَدَيْنَا وَاجْتَبَيْنَاۗ اِذَا تُتْلٰى عَلَيْهِمْ اٰيٰتُ الرَّحْمٰنِ خَرُّوْا سُجَّدًا وَّبُكِيًّا ۩",
      "latin": "Ulā'ikal-lażīna an‘amallāhu ‘alaihim minan-nabiyyīna min żurriyyati ādama wa mimman ḥamalnā ma‘a nūḥ(in), wa min żurriyyati ibrāhīma wa isrā'īl(a), wa mimman hadainā wajtabainā, iżā tutlā ‘alaihim āyātur-raḥmāni kharrū sujjadaw wa bukiyyā(n).",
      "translation": "Mereka itulah orang-orang yang telah diberi nikmat oleh Allah, yakni para nabi keturunan Adam, orang yang Kami bawa (dalam kapal) bersama Nuh, keturunan Ibrahim dan Israil (Ya‘qub), serta orang yang telah Kami beri petunjuk dan Kami pilih. Apabila dibacakan kepada mereka ayat-ayat Allah Yang Maha Pengasih, mereka tunduk, sujud, dan menangis.",
      "footnotes": null
    },
    {
      "ayah": 59,
      "quarter_hizb": 31.75,
      "juz": 16,
      "manzil": 4,
      "arabic": "۞ فَخَلَفَ مِنْۢ بَعْدِهِمْ خَلْفٌ اَضَاعُوا الصَّلٰوةَ وَاتَّبَعُوا الشَّهَوٰتِ فَسَوْفَ يَلْقَوْنَ غَيًّا ۙ",
      "latin": "Fa khalafa mim ba‘dihim khalfun aḍā‘uṣ-ṣalāta wattaba‘usy-syahawāti fa saufa yalqauna gayyā(n).",
      "translation": "Kemudian, datanglah setelah mereka (generasi) pengganti yang mengabaikan salat dan mengikuti hawa nafsu. Mereka kelak akan tersesat.",
      "footnotes": null
    },
    {
      "ayah": 60,
      "quarter_hizb": 31.75,
      "juz": 16,
      "manzil": 4,
      "arabic": "اِلَّا مَنْ تَابَ وَاٰمَنَ وَعَمِلَ صَالِحًا فَاُولٰۤىِٕكَ يَدْخُلُوْنَ الْجَنَّةَ وَلَا يُظْلَمُوْنَ شَيْـًٔا ۙ",
      "latin": "Illā man tāba wa āmana wa ‘amila ṣāliḥan fa ulā'ika yadkhulūnal-jannata wa lā yuẓlamūna syai'ā(n).",
      "translation": "Kecuali orang yang bertobat, beriman, dan beramal saleh, mereka akan masuk surga dan tidak dizalimi sedikit pun.",
      "footnotes": null
    },
    {
      "ayah": 61,
      "quarter_hizb": 31.75,
      "juz": 16,
      "manzil": 4,
      "arabic": "جَنّٰتِ عَدْنِ ِۨالَّتِيْ وَعَدَ الرَّحْمٰنُ عِبَادَهٗ بِالْغَيْبِۗ اِنَّهٗ كَانَ وَعْدُهٗ مَأْتِيًّا ",
      "latin": "Jannāti ‘adninil-latī wa‘adar-raḥmānu ‘ibādahū bil-gaib(i), innahū kāna wa‘duhū ma'tiyyā(n).",
      "translation": "(Yaitu,) surga ‘Adn yang telah dijanjikan oleh (Allah) Yang Maha Pengasih kepada hamba-hamba-Nya, sekalipun (surga itu) gaib. Sesungguhnya janji-Nya pasti ditepati.",
      "footnotes": null
    },
    {
      "ayah": 62,
      "quarter_hizb": 31.75,
      "juz": 16,
      "manzil": 4,
      "arabic": "لَا يَسْمَعُوْنَ فِيْهَا لَغْوًا اِلَّا سَلٰمًاۗ وَلَهُمْ رِزْقُهُمْ فِيْهَا بُكْرَةً وَّعَشِيًّا ",
      "latin": "Lā yasma‘ūna fīhā lagwan illā salāmā(n), wa lahum rizquhum fīhā bukrataw wa ‘asyiyyā(n).",
      "translation": "Di dalamnya mereka tidak mendengar perkataan yang tidak berguna, kecuali salam (ucapan kebaikan dan kedamaian). Di dalamnya mereka mendapatkan rezeki pada pagi dan petang.",
      "footnotes": null
    },
    {
      "ayah": 63,
      "quarter_hizb": 31.75,
      "juz": 16,
      "manzil": 4,
      "arabic": "تِلْكَ الْجَنَّةُ الَّتِيْ نُوْرِثُ مِنْ عِبَادِنَا مَنْ كَانَ تَقِيًّا ",
      "latin": "Tilkal-jannatul-latī nūriṡu min ‘ibādinā man kāna taqiyyā(n).",
      "translation": "Itulah surga yang akan Kami wariskan kepada hamba-hamba Kami yang selalu bertakwa.",
      "footnotes": null
    },
    {
      "ayah": 64,
      "quarter_hizb": 31.75,
      "juz": 16,
      "manzil": 4,
      "arabic": "وَمَا نَتَنَزَّلُ اِلَّا بِاَمْرِ رَبِّكَۚ  لَهٗ مَا بَيْنَ اَيْدِيْنَا وَمَا خَلْفَنَا وَمَا بَيْنَ ذٰلِكَ وَمَا كَانَ رَبُّكَ نَسِيًّا ۚ",
      "latin": "Wa mā natanazzalu illā bi'amri rabbik(a), lahū mā baina aidīnā wa mā khalfanā wa mā baina żālika wa mā kāna rabbuka nasiyyā(n).",
      "translation": "Tidaklah kami (Jibril) turun, kecuali atas perintah Tuhanmu. Milik-Nya segala yang ada di hadapan kita, di belakang kita, dan di antara keduanya. Tuhanmu sekali-kali bukan pelupa.",
      "footnotes": null
    },
    {
      "ayah": 65,
      "quarter_hizb": 31.75,
      "juz": 16,
      "manzil": 4,
      "arabic": "رَبُّ السَّمٰوٰتِ وَالْاَرْضِ وَمَا بَيْنَهُمَا فَاعْبُدْهُ وَاصْطَبِرْ لِعِبَادَتِهٖۗ هَلْ تَعْلَمُ لَهٗ سَمِيًّا ࣖ",
      "latin": "Rabbus-samāwāti wal-arḍi wa mā bainahumā fa‘budhu waṣṭabir li‘ibādatih(ī), hal ta‘lamu lahū samiyyā(n). ",
      "translation": "(Dialah) Tuhan (yang menguasai) langit, bumi, dan segala yang ada di antara keduanya. Maka, sembahlah Dia dan berteguhhatilah dalam beribadah kepada-Nya. Apakah engkau mengetahui sesuatu yang sama dengan-Nya?",
      "footnotes": null
    },
    {
      "ayah": 66,
      "quarter_hizb": 31.75,
      "juz": 16,
      "manzil": 4,
      "arabic": "وَيَقُوْلُ الْاِنْسَانُ ءَاِذَا مَا مِتُّ لَسَوْفَ اُخْرَجُ حَيًّا ",
      "latin": "Wa yaqūlul-insānu a'iżā mā mittu lasaufa ukhraju ḥayyā(n).",
      "translation": "Orang (kafir) berkata, “Betulkah apabila telah mati kelak, aku sungguh-sungguh akan dibangkitkan hidup kembali?”",
      "footnotes": null
    },
    {
      "ayah": 67,
      "quarter_hizb": 31.75,
      "juz": 16,
      "manzil": 4,
      "arabic": "اَوَلَا يَذْكُرُ الْاِنْسَانُ اَنَّا خَلَقْنٰهُ مِنْ قَبْلُ وَلَمْ يَكُ شَيْـًٔا ",
      "latin": "Awalā yażkurul-insānu annā khalaqnāhu min qablu wa lam yaku syai'ā(n).",
      "translation": "Apakah manusia tidak menyadari bahwa Kami telah menciptakannya dahulu, padahal (sebelumnya) dia tidak berwujud sama sekali?",
      "footnotes": null
    },
    {
      "ayah": 68,
      "quarter_hizb": 31.75,
      "juz": 16,
      "manzil": 4,
      "arabic": "فَوَرَبِّكَ لَنَحْشُرَنَّهُمْ وَالشَّيٰطِيْنَ ثُمَّ لَنُحْضِرَنَّهُمْ حَوْلَ جَهَنَّمَ جِثِيًّا ",
      "latin": "Fa wa rabbika lanaḥsyurannahum wasy-syayāṭīna ṡumma lanuḥḍirannahum ḥaula jahannama jiṡiyyā(n).",
      "translation": "Maka, demi Tuhanmu (Nabi Muhammad), sungguh, Kami pasti akan mengumpulkan mereka bersama setan, kemudian pasti Kami akan mendatangkan mereka ke sekeliling Jahanam dengan tersungkur.",
      "footnotes": null
    },
    {
      "ayah": 69,
      "quarter_hizb": 31.75,
      "juz": 16,
      "manzil": 4,
      "arabic": "ثُمَّ لَنَنْزِعَنَّ مِنْ كُلِّ شِيْعَةٍ اَيُّهُمْ اَشَدُّ عَلَى الرَّحْمٰنِ عِتِيًّا ۚ",
      "latin": "Ṡumma lananzi‘anna min kulli syī‘atin ayyuhum asyaddu ‘alar-raḥmāni ‘itiyyā(n).",
      "translation": "Kemudian, pasti akan Kami tarik dari setiap golongan siapa di antara mereka yang paling durhaka kepada Yang Maha Pengasih.",
      "footnotes": null
    },
    {
      "ayah": 70,
      "quarter_hizb": 31.75,
      "juz": 16,
      "manzil": 4,
      "arabic": "ثُمَّ لَنَحْنُ اَعْلَمُ بِالَّذِيْنَ هُمْ اَوْلٰى بِهَا صِلِيًّا ",
      "latin": "Ṡumma lanaḥnu a‘lamu bil-lażīna  hum aulā bihā ṣiliyyā(n).",
      "translation": "Selanjutnya, Kami sungguh lebih mengetahui orang yang paling layak (dimasukkan) ke dalam neraka.",
      "footnotes": null
    },
    {
      "ayah": 71,
      "quarter_hizb": 31.75,
      "juz": 16,
      "manzil": 4,
      "arabic": "وَاِنْ مِّنْكُمْ اِلَّا وَارِدُهَا ۚ كَانَ عَلٰى رَبِّكَ حَتْمًا مَّقْضِيًّا ۚ",
      "latin": "Wa im minkum illā wāriduhā, kāna ‘alā rabbika ḥatmam maqḍiyyā(n).",
      "translation": "Tidak ada seorang pun di antaramu yang tidak melewatinya (sirat di atas neraka). Hal itu bagi Tuhanmu adalah ketentuan yang sudah ditetapkan.",
      "footnotes": null
    },
    {
      "ayah": 72,
      "quarter_hizb": 31.75,
      "juz": 16,
      "manzil": 4,
      "arabic": "ثُمَّ نُنَجِّى الَّذِيْنَ اتَّقَوْا وَّنَذَرُ الظّٰلِمِيْنَ فِيْهَا جِثِيًّا ",
      "latin": "Ṡumma nunajjil-lażīnattaqau wa nażaruẓ-ẓālimīna fīhā jiṡiyyā(n).",
      "translation": "Selanjutnya, Kami akan menyelamatkan orang-orang yang bertakwa dan membiarkan orang-orang yang zalim di dalamnya (neraka) dalam keadaan tersungkur.",
      "footnotes": null
    },
    {
      "ayah": 73,
      "quarter_hizb": 31.75,
      "juz": 16,
      "manzil": 4,
      "arabic": "وَاِذَا تُتْلٰى عَلَيْهِمْ اٰيٰتُنَا بَيِّنٰتٍ قَالَ الَّذِيْنَ كَفَرُوْا لِلَّذِيْنَ اٰمَنُوْٓاۙ اَيُّ الْفَرِيْقَيْنِ خَيْرٌ مَّقَامًا وَّاَحْسَنُ نَدِيًّا ",
      "latin": "Wa iżā tutlā ‘alaihim āyātunā bayyinātin qālal-lażīna kafarū lil-lażīna āmanū, ayyul-farīqaini khairum maqāmaw wa aḥsanu nadiyyā(n).",
      "translation": "Apabila dibacakan kepada mereka ayat-ayat Kami yang jelas, niscaya orang-orang yang kufur berkata kepada orang-orang yang beriman, “Manakah di antara kedua golongan yang lebih baik tempat tinggal dan lebih indah tempat pertemuan(-nya)?”",
      "footnotes": null
    },
    {
      "ayah": 74,
      "quarter_hizb": 31.75,
      "juz": 16,
      "manzil": 4,
      "arabic": "وَكَمْ اَهْلَكْنَا قَبْلَهُمْ مِّنْ قَرْنٍ هُمْ اَحْسَنُ اَثَاثًا وَّرِءْيًا ",
      "latin": "Wa kam ahlaknā qablahum min qarnin hum aḥsanu aṡāṡaw wa ri'yā(n).",
      "translation": "Betapa banyak umat (yang ingkar) yang telah Kami binasakan sebelum mereka, padahal mereka lebih bagus perkakas rumah tangganya dan (lebih indah) dipandang mata.",
      "footnotes": null
    },
    {
      "ayah": 75,
      "quarter_hizb": 31.75,
      "juz": 16,
      "manzil": 4,
      "arabic": "قُلْ مَنْ كَانَ فِى الضَّلٰلَةِ فَلْيَمْدُدْ لَهُ الرَّحْمٰنُ مَدًّا ەۚ حَتّٰىٓ اِذَا رَاَوْا مَا يُوْعَدُوْنَ اِمَّا الْعَذَابَ وَاِمَّا السَّاعَةَ ۗفَسَيَعْلَمُوْنَ مَنْ هُوَ شَرٌّ مَّكَانًا وَّاَضْعَفُ جُنْدًا",
      "latin": "Qul man kāna fiḍ-ḍalālati falyamdud lahur-raḥmānu maddā(n), ḥattā iżā ra'au mā yū‘adūna immal-‘ażāba wa immas-sā‘ata fa saya‘lamūna man huwa syarrum makānaw wa aḍ‘afu jundā(n).",
      "translation": "Katakanlah (Nabi Muhammad), “Siapa yang berada dalam kesesatan, biarlah Tuhan Yang Maha Pengasih memperpanjang waktu baginya.464) Hingga apabila telah melihat apa yang diancamkan kepada mereka, baik azab maupun Kiamat, mereka akan mengetahui siapa yang lebih buruk kedudukannya dan lebih lemah bala tentaranya.”",
      "footnotes": "464) Maksudnya adalah memanjangkan umur dan membiarkan mereka hidup dalam kesenangan."
    },
    {
      "ayah": 76,
      "quarter_hizb": 31.75,
      "juz": 16,
      "manzil": 4,
      "arabic": "وَيَزِيْدُ اللّٰهُ الَّذِيْنَ اهْتَدَوْا هُدًىۗ وَالْبٰقِيٰتُ الصّٰلِحٰتُ خَيْرٌ عِنْدَ رَبِّكَ ثَوَابًا وَّخَيْرٌ مَّرَدًّا ",
      "latin": "Wa yazīdullāhul-lażīnahtadau hudā(n), wal-bāqiyātuṣ-ṣāliḥātu khairun ‘inda rabbika ṡawābaw wa khairum maraddā(n).",
      "translation": "Allah akan menambah petunjuk kepada orang-orang yang telah mendapat petunjuk. Amal kebajikan yang kekal itu lebih baik pahala dan kesudahannya di sisi Tuhanmu.",
      "footnotes": null
    },
    {
      "ayah": 77,
      "quarter_hizb": 31.75,
      "juz": 16,
      "manzil": 4,
      "arabic": "اَفَرَاَيْتَ الَّذِيْ كَفَرَ بِاٰيٰتِنَا وَقَالَ لَاُوْتَيَنَّ مَالًا وَّوَلَدًا ۗ",
      "latin": "Afa ra'aital-lażī kafara bi'āyātinā wa qāla la'ūtayanna mālaw wa waladā(n).",
      "translation": "Lalu, apakah engkau melihat orang yang kufur terhadap ayat-ayat Kami dan dia mengatakan, “(Di akhirat) pasti aku akan diberi harta dan anak.”",
      "footnotes": null
    },
    {
      "ayah": 78,
      "quarter_hizb": 31.75,
      "juz": 16,
      "manzil": 4,
      "arabic": "اَطَّلَعَ الْغَيْبَ اَمِ اتَّخَذَ عِنْدَ الرَّحْمٰنِ عَهْدًا ۙ",
      "latin": "Aṭṭala‘al-gaiba amittakhaża ‘indar-raḥmāni ‘ahdā(n).",
      "translation": "Apakah dia melihat yang gaib ataukah telah membuat perjanjian di sisi Tuhan Yang Maha Pengasih?",
      "footnotes": null
    },
    {
      "ayah": 79,
      "quarter_hizb": 31.75,
      "juz": 16,
      "manzil": 4,
      "arabic": "كَلَّا ۗسَنَكْتُبُ مَا يَقُوْلُ وَنَمُدُّ لَهٗ مِنَ الْعَذَابِ مَدًّا ۙ",
      "latin": "Kallā, sanaktubu mā yaqūlu wa namuddu lahū minal-‘ażābi maddā(n).",
      "translation": "Sama sekali tidak! Kami akan menulis apa yang dia katakan dan Kami akan memperpanjang azab untuknya secara sempurna.",
      "footnotes": null
    },
    {
      "ayah": 80,
      "quarter_hizb": 31.75,
      "juz": 16,
      "manzil": 4,
      "arabic": "وَّنَرِثُهٗ مَا يَقُوْلُ وَيَأْتِيْنَا فَرْدًا ",
      "latin": "Wa nariṡuhū mā yaqūlu wa ya'tīnā fardā(n).",
      "translation": "Kami akan mengambil kembali apa yang dia katakan itu (harta dan anak) dan dia datang kepada Kami seorang diri.",
      "footnotes": null
    },
    {
      "ayah": 81,
      "quarter_hizb": 31.75,
      "juz": 16,
      "manzil": 4,
      "arabic": "وَاتَّخَذُوْا مِنْ دُوْنِ اللّٰهِ اٰلِهَةً لِّيَكُوْنُوْا لَهُمْ عِزًّا ۙ",
      "latin": "Wattakhażū min dūnillāhi ālihatal liyakūnū lahum ‘izzā(n).",
      "translation": "Mereka telah menjadikan selain Allah sebagai tuhan-tuhan agar menjadi pembela mereka.",
      "footnotes": null
    },
    {
      "ayah": 82,
      "quarter_hizb": 31.75,
      "juz": 16,
      "manzil": 4,
      "arabic": "كَلَّا ۗسَيَكْفُرُوْنَ بِعِبَادَتِهِمْ وَيَكُوْنُوْنَ عَلَيْهِمْ ضِدًّا ࣖ",
      "latin": "Kallā, sayakfurūna bi‘ibādatihim wa yakūnūna ‘alaihim ḍiddā(n).",
      "translation": "Sama sekali tidak! Mereka (tuhan-tuhan itu) akan mengingkari penyembahan mereka (orang-orang kafir) terhadapnya dan menjadi musuh bagi mereka.",
      "footnotes": null
    },
    {
      "ayah": 83,
      "quarter_hizb": 31.75,
      "juz": 16,
      "manzil": 4,
      "arabic": "اَلَمْ تَرَ اَنَّآ اَرْسَلْنَا الشَّيٰطِيْنَ عَلَى الْكٰفِرِيْنَ تَؤُزُّهُمْ اَزًّا ۙ",
      "latin": "Alam tara annā arsalnasy-syayāṭīna ‘alal-kāfirīna ta'uzzuhum azzā(n).",
      "translation": "Tidakkah engkau memperhatikan bahwa Kami telah mengutus setan-setan kepada orang-orang kafir untuk benar-benar menggoda mereka (berbuat maksiat)?",
      "footnotes": null
    },
    {
      "ayah": 84,
      "quarter_hizb": 31.75,
      "juz": 16,
      "manzil": 4,
      "arabic": "فَلَا تَعْجَلْ عَلَيْهِمْۗ اِنَّمَا نَعُدُّ لَهُمْ عَدًّا ۗ",
      "latin": "Falā ta‘jal ‘alaihim, innamā na‘uddu lahum ‘addā(n).",
      "translation": "Maka, janganlah engkau (Nabi Muhammad) tergesa-gesa (memintakan azab) bagi mereka. Sesungguhnya Kami hanyalah menghitung dengan teliti (datangnya siksaan) untuk mereka.",
      "footnotes": null
    },
    {
      "ayah": 85,
      "quarter_hizb": 31.75,
      "juz": 16,
      "manzil": 4,
      "arabic": "يَوْمَ نَحْشُرُ الْمُتَّقِيْنَ اِلَى الرَّحْمٰنِ وَفْدًا ",
      "latin": "Yauma naḥsyurul-muttaqīna ilar-raḥmāni wafdā(n).",
      "translation": "(Ingatlah) suatu hari (ketika) Kami mengumpulkan orang-orang yang bertakwa (menghadap) kepada (Allah) Yang Maha Pengasih sebagai rombongan yang terhormat",
      "footnotes": null
    },
    {
      "ayah": 86,
      "quarter_hizb": 31.75,
      "juz": 16,
      "manzil": 4,
      "arabic": "وَنَسُوْقُ الْمُجْرِمِيْنَ اِلٰى جَهَنَّمَ وِرْدًا ۘ",
      "latin": "Wa nasūqul-mujrimīna ilā jahannama wirdā(n).",
      "translation": "dan Kami menggiring para pendurhaka ke (neraka) Jahanam dalam keadaan dahaga.",
      "footnotes": null
    },
    {
      "ayah": 87,
      "quarter_hizb": 31.75,
      "juz": 16,
      "manzil": 4,
      "arabic": "لَا يَمْلِكُوْنَ الشَّفَاعَةَ اِلَّا مَنِ اتَّخَذَ عِنْدَ الرَّحْمٰنِ عَهْدًا ۘ",
      "latin": "Lā yamlikūnasy-syafā‘ata illā manittakhaża ‘indar-raḥmāni ‘ahdā(n).",
      "translation": "Mereka tidak punya (hak mendapat atau memberi) syafaat (pertolongan), kecuali orang yang telah mengadakan perjanjian di sisi (Allah) Yang Maha Pengasih.465)",
      "footnotes": "465) Yang dimaksud dengan mengadakan perjanjian dengan Allah Swt. adalah beriman kepada Allah Swt., menjalankan perintah-Nya, dan bertakwa kepada-Nya."
    },
    {
      "ayah": 88,
      "quarter_hizb": 31.75,
      "juz": 16,
      "manzil": 4,
      "arabic": "وَقَالُوا اتَّخَذَ الرَّحْمٰنُ وَلَدًا ۗ",
      "latin": "Wa qāluttakhażar-raḥmānu waladā(n).",
      "translation": "Mereka berkata, “(Allah) Yang Maha Pengasih telah mengangkat anak.”",
      "footnotes": null
    },
    {
      "ayah": 89,
      "quarter_hizb": 31.75,
      "juz": 16,
      "manzil": 4,
      "arabic": "لَقَدْ جِئْتُمْ شَيْـًٔا اِدًّا ۙ",
      "latin": "Laqad ji'tum syai'an iddā(n). ",
      "translation": "Sungguh, kamu benar-benar telah membawa sesuatu yang sangat mungkar.",
      "footnotes": null
    },
    {
      "ayah": 90,
      "quarter_hizb": 31.75,
      "juz": 16,
      "manzil": 4,
      "arabic": "تَكَادُ السَّمٰوٰتُ يَتَفَطَّرْنَ مِنْهُ وَتَنْشَقُّ الْاَرْضُ وَتَخِرُّ الْجِبَالُ هَدًّا ۙ",
      "latin": "Takādus-samāwātu yatafaṭṭarna  minhu wa tansyaqqul-arḍu wa takhirrul-jibālu haddā(n).",
      "translation": "Karena ucapan itu, hampir saja langit pecah, bumi terbelah, dan gunung-gunung runtuh berkeping-keping.",
      "footnotes": null
    },
    {
      "ayah": 91,
      "quarter_hizb": 31.75,
      "juz": 16,
      "manzil": 4,
      "arabic": "اَنْ دَعَوْا لِلرَّحْمٰنِ وَلَدًا ۚ",
      "latin": "An da‘au lir-raḥmāni waladā(n).",
      "translation": "(Hal itu terjadi) karena mereka menganggap (Allah) Yang Maha Pengasih mempunyai anak.",
      "footnotes": null
    },
    {
      "ayah": 92,
      "quarter_hizb": 31.75,
      "juz": 16,
      "manzil": 4,
      "arabic": "وَمَا يَنْۢبَغِيْ لِلرَّحْمٰنِ اَنْ يَّتَّخِذَ وَلَدًا ۗ",
      "latin": "Wa mā yambagī lir-raḥmāni ay yattakhiża waladā(n).",
      "translation": "Tidak sepantasnya (Allah) Yang Maha Pengasih mengangkat anak.",
      "footnotes": null
    },
    {
      "ayah": 93,
      "quarter_hizb": 31.75,
      "juz": 16,
      "manzil": 4,
      "arabic": "اِنْ كُلُّ مَنْ فِى السَّمٰوٰتِ وَالْاَرْضِ اِلَّآ اٰتِى الرَّحْمٰنِ عَبْدًا ۗ",
      "latin": "In kullu man fis-samāwāti wal-arḍi illā ātir-raḥmāni ‘abdā(n).",
      "translation": "Tidak ada seorang pun di langit dan di bumi, kecuali akan datang kepada (Allah) Yang Maha Pengasih sebagai seorang hamba.",
      "footnotes": null
    },
    {
      "ayah": 94,
      "quarter_hizb": 31.75,
      "juz": 16,
      "manzil": 4,
      "arabic": "لَقَدْ اَحْصٰىهُمْ وَعَدَّهُمْ عَدًّا ۗ",
      "latin": "Laqad aḥṣāhum wa ‘addahum ‘addā(n).",
      "translation": "Sungguh, Dia (Allah) benar-benar telah menentukan jumlah mereka dan menghitungnya dengan teliti.",
      "footnotes": null
    },
    {
      "ayah": 95,
      "quarter_hizb": 31.75,
      "juz": 16,
      "manzil": 4,
      "arabic": "وَكُلُّهُمْ اٰتِيْهِ يَوْمَ الْقِيٰمَةِ فَرْدًا ",
      "latin": "Wa kulluhum ātīhi yaumal-qiyāmati fardā(n).",
      "translation": "Semuanya akan datang kepada Allah pada hari Kiamat sendiri-sendiri.",
      "footnotes": null
    },
    {
      "ayah": 96,
      "quarter_hizb": 31.75,
      "juz": 16,
      "manzil": 4,
      "arabic": "اِنَّ الَّذِيْنَ اٰمَنُوْا وَعَمِلُوا الصّٰلِحٰتِ سَيَجْعَلُ لَهُمُ الرَّحْمٰنُ وُدًّا ",
      "latin": "Innal-lażīna āmanū wa ‘amiluṣ-ṣāliḥāti sayaj‘alu lahumur-raḥmānu wuddā(n).",
      "translation": "Sesungguhnya bagi orang-orang yang beriman dan beramal saleh, (Allah) Yang Maha Pengasih akan menanamkan rasa cinta (dalam hati) mereka.",
      "footnotes": null
    },
    {
      "ayah": 97,
      "quarter_hizb": 31.75,
      "juz": 16,
      "manzil": 4,
      "arabic": "فَاِنَّمَا يَسَّرْنٰهُ بِلِسَانِكَ لِتُبَشِّرَ بِهِ الْمُتَّقِيْنَ وَتُنْذِرَ بِهٖ قَوْمًا لُّدًّا ",
      "latin": "Fa innamā yassarnāhu bilisānika litubasysyira bihil-muttaqīna wa tunżira bihī qaumal luddā(n).",
      "translation": "Sesungguhnya Kami telah memudahkan (Al-Qur’an) itu dengan bahasamu (Nabi Muhammad) agar dengannya engkau memberi kabar gembira kepada orang-orang yang bertakwa dan memberi peringatan kepada kaum yang membangkang.",
      "footnotes": null
    },
    {
      "ayah": 98,
      "quarter_hizb": 31.75,
      "juz": 16,
      "manzil": 4,
      "arabic": "وَكَمْ اَهْلَكْنَا قَبْلَهُمْ مِّنْ قَرْنٍۗ هَلْ تُحِسُّ مِنْهُمْ مِّنْ اَحَدٍ اَوْ تَسْمَعُ لَهُمْ رِكْزًا ࣖ",
      "latin": "Wa kam ahlaknā qablahum min qarn(in), hal tuḥissu minhum min aḥadin au tasma‘u lahum rikzā(n).",
      "translation": "Betapa banyak umat yang telah Kami binasakan sebelum mereka. Apakah engkau (Nabi Muhammad) melihat salah seorang dari mereka atau mendengar bisikan mereka?",
      "footnotes": null
    }
  ]
}