{
  "arabic": " طٰهٰ",
  "latin": "Ṭāhā",
  "transliteration": "Taha",
  "translation": "Taha",
  "num_ayah": 135,
  "location": "Makkiyah",
  "ayah": [
    {
      "ayah": 1,
      "quarter_hizb": 32,
      "juz": 16,
      "manzil": 4,
      "arabic": "طٰهٰ ۚ",
      "latin": "Ṭāhā. ",
      "translation": "Ṭā Hā.",
      "footnotes": null
    },
    {
      "ayah": 2,
      "quarter_hizb": 32,
      "juz": 16,
      "manzil": 4,
      "arabic": "مَآ اَنْزَلْنَا عَلَيْكَ الْقُرْاٰنَ لِتَشْقٰٓى ۙ",
      "latin": "Mā anzalnā ‘alaikal-qur'āna litasyqā.",
      "translation": "Kami tidak menurunkan Al-Qur’an ini kepadamu (Nabi Muhammad) supaya engkau menjadi susah.",
      "footnotes": null
    },
    {
      "ayah": 3,
      "quarter_hizb": 32,
      "juz": 16,
      "manzil": 4,
      "arabic": "اِلَّا تَذْكِرَةً لِّمَنْ يَّخْشٰى ۙ",
      "latin": "Illā tażkiratal limay yakhsyā.",
      "translation": "(Kami tidak menurunkannya,) kecuali sebagai peringatan bagi orang yang takut (kepada Allah).",
      "footnotes": null
    },
    {
      "ayah": 4,
      "quarter_hizb": 32,
      "juz": 16,
      "manzil": 4,
      "arabic": "تَنْزِيْلًا مِّمَّنْ خَلَقَ الْاَرْضَ وَالسَّمٰوٰتِ الْعُلٰى ۗ",
      "latin": "Tanzīlam mimman khalaqal-arḍa was-samāwātil-‘ulā.",
      "translation": "(Al-Qur’an) diturunkan dari (Allah) yang telah menciptakan bumi dan langit yang tinggi.",
      "footnotes": null
    },
    {
      "ayah": 5,
      "quarter_hizb": 32,
      "juz": 16,
      "manzil": 4,
      "arabic": "اَلرَّحْمٰنُ عَلَى الْعَرْشِ اسْتَوٰى ",
      "latin": "Ar- raḥmānu ‘alal-‘arsyistawā.",
      "translation": "(Dialah Allah) Yang Maha Pengasih (dan) bersemayam di atas ʻArasy.466)",
      "footnotes": "466) Lihat catatan kaki surah al-A‘rāf (7): 54."
    },
    {
      "ayah": 6,
      "quarter_hizb": 32,
      "juz": 16,
      "manzil": 4,
      "arabic": "لَهٗ مَا فِى السَّمٰوٰتِ وَمَا فِى الْاَرْضِ وَمَا بَيْنَهُمَا وَمَا تَحْتَ الثَّرٰى ",
      "latin": "Lahū mā fis-samāwāti wa mā fil-arḍi wa mā bainahumā wa mā taḥtaṡ-ṡarā.",
      "translation": "Milik-Nyalah apa yang ada di langit, apa yang ada di bumi, apa yang ada di antara keduanya, dan apa yang ada di bawah tanah.",
      "footnotes": null
    },
    {
      "ayah": 7,
      "quarter_hizb": 32,
      "juz": 16,
      "manzil": 4,
      "arabic": "وَاِنْ تَجْهَرْ بِالْقَوْلِ فَاِنَّهٗ يَعْلَمُ السِّرَّ وَاَخْفٰى ",
      "latin": "Wa in tajhar bil-qauli fa innahū ya‘lamus-sirra wa akhfā. ",
      "translation": "Jika engkau mengeraskan ucapanmu, sesungguhnya Dia mengetahui (ucapan yang) rahasia dan yang lebih tersembunyi (darinya).",
      "footnotes": null
    },
    {
      "ayah": 8,
      "quarter_hizb": 32,
      "juz": 16,
      "manzil": 4,
      "arabic": "اَللّٰهُ لَآ اِلٰهَ اِلَّا هُوَۗ  لَهُ الْاَسْمَاۤءُ الْحُسْنٰى ",
      "latin": "Allāhu lā ilāha illā huw(a), lahul-asmā'ul-ḥusnā. ",
      "translation": "Allah tidak ada tuhan selain Dia. Milik-Nyalah nama-nama yang terbaik.",
      "footnotes": null
    },
    {
      "ayah": 9,
      "quarter_hizb": 32,
      "juz": 16,
      "manzil": 4,
      "arabic": "وَهَلْ اَتٰىكَ حَدِيْثُ مُوْسٰى ۘ",
      "latin": "Wa hal atāka ḥadīṡu mūsā. ",
      "translation": "Apakah telah sampai kepadamu (Nabi Muhammad) kisah Musa?",
      "footnotes": null
    },
    {
      "ayah": 10,
      "quarter_hizb": 32,
      "juz": 16,
      "manzil": 4,
      "arabic": "اِذْ رَاٰ نَارًا فَقَالَ لِاَهْلِهِ امْكُثُوْٓا اِنِّيْٓ اٰنَسْتُ نَارًا لَّعَلِّيْٓ اٰتِيْكُمْ مِّنْهَا بِقَبَسٍ اَوْ اَجِدُ عَلَى النَّارِ هُدًى ",
      "latin": "Iż ra'ā nāran fa qāla li'ahlihimkuṡū innī ānastu nāral la‘allī ātīkum minhā biqabasin au ajidu ‘alan-nāri hudā(n).",
      "translation": "(Ingatlah) ketika dia (Musa) melihat api, lalu berkata kepada keluarganya, “Tinggallah (di sini)! Sesungguhnya aku melihat api. Mudah-mudahan aku dapat membawa sedikit nyala api kepadamu atau mendapat petunjuk di tempat api itu.”",
      "footnotes": null
    },
    {
      "ayah": 11,
      "quarter_hizb": 32,
      "juz": 16,
      "manzil": 4,
      "arabic": "فَلَمَّآ اَتٰىهَا نُوْدِيَ يٰمُوْسٰٓى ۙ",
      "latin": "Falammā atāhā nūdiya yā mūsā.",
      "translation": "Ketika mendatanginya (tempat api), dia (Musa) dipanggil, “Wahai Musa.",
      "footnotes": null
    },
    {
      "ayah": 12,
      "quarter_hizb": 32,
      "juz": 16,
      "manzil": 4,
      "arabic": "اِنِّيْٓ اَنَا۠ رَبُّكَ فَاخْلَعْ نَعْلَيْكَۚ اِنَّكَ بِالْوَادِ الْمُقَدَّسِ طُوًى ۗ",
      "latin": "Innī ana rabbuka fakhla‘ na‘laika innaka bil-wādil-muqaddasi ṭuwā(n).",
      "translation": "Sesungguhnya Aku adalah Tuhanmu. Lepaskanlah kedua terompahmu karena sesungguhnya engkau berada di lembah yang suci, yaitu Tuwa.",
      "footnotes": null
    },
    {
      "ayah": 13,
      "quarter_hizb": 32,
      "juz": 16,
      "manzil": 4,
      "arabic": "وَاَنَا اخْتَرْتُكَ فَاسْتَمِعْ لِمَا يُوْحٰى ",
      "latin": "Wa anakhtartuka fastami‘ limā yūḥā.",
      "translation": "Aku telah memilihmu, maka dengarkanlah apa yang akan diwahyukan (kepadamu).",
      "footnotes": null
    },
    {
      "ayah": 14,
      "quarter_hizb": 32,
      "juz": 16,
      "manzil": 4,
      "arabic": "اِنَّنِيْٓ اَنَا اللّٰهُ لَآ اِلٰهَ اِلَّآ اَنَا۠ فَاعْبُدْنِيْۙ وَاَقِمِ الصَّلٰوةَ لِذِكْرِيْ ",
      "latin": "Innanī anallāhu lā ilāha illā ana fa‘budnī, wa aqimiṣ-ṣalāta liżikrī. ",
      "translation": "Sesungguhnya Aku adalah Allah, tidak ada tuhan selain Aku. Maka, sembahlah Aku dan tegakkanlah salat untuk mengingat-Ku.",
      "footnotes": null
    },
    {
      "ayah": 15,
      "quarter_hizb": 32,
      "juz": 16,
      "manzil": 4,
      "arabic": "اِنَّ السَّاعَةَ اٰتِيَةٌ اَكَادُ اُخْفِيْهَا لِتُجْزٰى كُلُّ نَفْسٍۢ بِمَا تَسْعٰى ",
      "latin": "Innas-sā‘ata ātiyatun akādu ukhfīhā litujzā kullu nafsim bimā tas‘ā. ",
      "translation": "Sesungguhnya hari Kiamat itu (pasti) akan datang. Aku hampir (benar-benar) menyembunyikannya. (Kedatangannya itu dimaksudkan) agar setiap jiwa dibalas sesuai dengan apa yang telah dia usahakan.",
      "footnotes": null
    },
    {
      "ayah": 16,
      "quarter_hizb": 32,
      "juz": 16,
      "manzil": 4,
      "arabic": "فَلَا يَصُدَّنَّكَ عَنْهَا مَنْ لَّا يُؤْمِنُ بِهَا وَاتَّبَعَ هَوٰىهُ فَتَرْدٰى ",
      "latin": "Falā yaṣuddannaka ‘anhā mal lā yu'minu bihā wattaba‘a hawāhu fa tardā. ",
      "translation": "Janganlah engkau dipalingkan darinya (iman pada hari Kiamat) oleh orang yang tidak beriman padanya dan mengikuti hawa nafsunya sehingga engkau binasa.",
      "footnotes": null
    },
    {
      "ayah": 17,
      "quarter_hizb": 32,
      "juz": 16,
      "manzil": 4,
      "arabic": "وَمَا تِلْكَ بِيَمِيْنِكَ يٰمُوْسٰى ",
      "latin": "Wa mā tilka biyamīnika yā mūsā. ",
      "translation": "Apa yang ada di tangan kananmu itu, wahai Musa?”",
      "footnotes": null
    },
    {
      "ayah": 18,
      "quarter_hizb": 32,
      "juz": 16,
      "manzil": 4,
      "arabic": "قَالَ هِيَ عَصَايَۚ اَتَوَكَّؤُا عَلَيْهَا وَاَهُشُّ بِهَا عَلٰى غَنَمِيْ وَلِيَ فِيْهَا مَاٰرِبُ اُخْرٰى ",
      "latin": "Qāla hiya ‘aṣāy(a), atwakka'u ‘alaihā wa ahusysyu bihā ‘alā ganamī wa liya fīhā ma'āribu ukhrā. ",
      "translation": "(Musa) berkata, “Ia adalah tongkatku. Aku (dapat) bersandar padanya, merontokkan (daun-daun) dengannya untuk (makanan) kambingku, dan memiliki keperluan lain padanya.”",
      "footnotes": null
    },
    {
      "ayah": 19,
      "quarter_hizb": 32,
      "juz": 16,
      "manzil": 4,
      "arabic": "قَالَ اَلْقِهَا يٰمُوْسٰى ",
      "latin": "Qāla alqihā yā mūsā. ",
      "translation": "(Allah) berfirman, “Lemparkanlah (tongkat) itu, wahai Musa!”",
      "footnotes": null
    },
    {
      "ayah": 20,
      "quarter_hizb": 32,
      "juz": 16,
      "manzil": 4,
      "arabic": "فَاَلْقٰىهَا فَاِذَا هِيَ حَيَّةٌ تَسْعٰى ",
      "latin": "Fa alqāhā fa iżā hiya ḥayyatun tas‘ā. ",
      "translation": "Maka, dia (Musa) melemparkannya. Tiba-tiba ia menjadi seekor ular yang merayap dengan cepat.",
      "footnotes": null
    },
    {
      "ayah": 21,
      "quarter_hizb": 32,
      "juz": 16,
      "manzil": 4,
      "arabic": "قَالَ خُذْهَا وَلَا تَخَفْۗ سَنُعِيْدُهَا سِيْرَتَهَا الْاُوْلٰى ",
      "latin": "Qāla khużhā wa lā takhaf, sanu‘īduhā sīratahal-ūlā. ",
      "translation": "Dia (Allah) berfirman, “Ambillah dan jangan takut! Kami akan mengembalikannya pada keadaannya semula.",
      "footnotes": null
    },
    {
      "ayah": 22,
      "quarter_hizb": 32,
      "juz": 16,
      "manzil": 4,
      "arabic": "وَاضْمُمْ يَدَكَ اِلٰى جَنَاحِكَ تَخْرُجْ بَيْضَاۤءَ مِنْ غَيْرِ سُوْۤءٍ اٰيَةً اُخْرٰىۙ ",
      "latin": "Waḍmum yadaka ilā janāḥika takhruj baiḍā'a min gairi sū'in āyatan ukhrā. ",
      "translation": "Kepitlah (telapak) tanganmu ke ketiakmu, niscaya ia akan keluar dalam keadaan putih (bercahaya) tanpa cacat sebagai mukjizat yang lain.",
      "footnotes": null
    },
    {
      "ayah": 23,
      "quarter_hizb": 32,
      "juz": 16,
      "manzil": 4,
      "arabic": "لِنُرِيَكَ مِنْ اٰيٰتِنَا الْكُبْرٰى ۚ",
      "latin": "Linuriyaka min āyātinal-kubrā. ",
      "translation": "(Kami perintahkan itu) untuk memperlihatkan kepadamu sebagian tanda-tanda kebesaran Kami yang terbesar.",
      "footnotes": null
    },
    {
      "ayah": 24,
      "quarter_hizb": 32,
      "juz": 16,
      "manzil": 4,
      "arabic": "اِذْهَبْ اِلٰى فِرْعَوْنَ اِنَّهٗ طَغٰى ࣖ",
      "latin": "Iżhab ilā fir‘auna innahū ṭagā. ",
      "translation": "Pergilah kepada Fir‘aun! Sesungguhnya dia telah melampaui batas.”",
      "footnotes": null
    },
    {
      "ayah": 25,
      "quarter_hizb": 32,
      "juz": 16,
      "manzil": 4,
      "arabic": "قَالَ رَبِّ اشْرَحْ لِيْ صَدْرِيْ ۙ",
      "latin": "Qāla rabbisyraḥ lī ṣadrī. ",
      "translation": "Dia (Musa) berkata, “Wahai Tuhanku, lapangkanlah dadaku,",
      "footnotes": null
    },
    {
      "ayah": 26,
      "quarter_hizb": 32,
      "juz": 16,
      "manzil": 4,
      "arabic": "وَيَسِّرْ لِيْٓ اَمْرِيْ ۙ",
      "latin": "Wa yassir lī amrī. ",
      "translation": "mudahkanlah untukku urusanku,",
      "footnotes": null
    },
    {
      "ayah": 27,
      "quarter_hizb": 32,
      "juz": 16,
      "manzil": 4,
      "arabic": "وَاحْلُلْ عُقْدَةً مِّنْ لِّسَانِيْ ۙ",
      "latin": "Waḥlul ‘uqdatam mil lisānī. ",
      "translation": "dan lepaskanlah kekakuan dari lidahku",
      "footnotes": null
    },
    {
      "ayah": 28,
      "quarter_hizb": 32,
      "juz": 16,
      "manzil": 4,
      "arabic": "يَفْقَهُوْا قَوْلِيْ  ۖ",
      "latin": "Yafqahū qaulī. ",
      "translation": "agar mereka mengerti perkataanku.",
      "footnotes": null
    },
    {
      "ayah": 29,
      "quarter_hizb": 32,
      "juz": 16,
      "manzil": 4,
      "arabic": "وَاجْعَلْ لِّيْ وَزِيْرًا مِّنْ اَهْلِيْ ۙ",
      "latin": "Waj‘al lī wazīram min ahlī. ",
      "translation": "Jadikanlah untukku seorang penolong dari keluargaku,",
      "footnotes": null
    },
    {
      "ayah": 30,
      "quarter_hizb": 32,
      "juz": 16,
      "manzil": 4,
      "arabic": "هٰرُوْنَ اَخِى ۙ",
      "latin": "Hārūna akhī. ",
      "translation": "(yaitu) Harun, saudaraku.",
      "footnotes": null
    },
    {
      "ayah": 31,
      "quarter_hizb": 32,
      "juz": 16,
      "manzil": 4,
      "arabic": "اشْدُدْ بِهٖٓ اَزْرِيْ ۙ",
      "latin": "Usydud bihī azrī. ",
      "translation": "Teguhkanlah kekuatanku dengannya,",
      "footnotes": null
    },
    {
      "ayah": 32,
      "quarter_hizb": 32,
      "juz": 16,
      "manzil": 4,
      "arabic": "وَاَشْرِكْهُ فِيْٓ اَمْرِيْ ۙ",
      "latin": "Wa asyrik-hu fī amrī. ",
      "translation": "dan sertakan dia dalam urusanku (kenabian)",
      "footnotes": null
    },
    {
      "ayah": 33,
      "quarter_hizb": 32,
      "juz": 16,
      "manzil": 4,
      "arabic": "كَيْ نُسَبِّحَكَ كَثِيْرًا ۙ",
      "latin": "Kai nusabbiḥaka kaṡīrā(n).",
      "translation": "agar kami banyak bertasbih kepada-Mu,",
      "footnotes": null
    },
    {
      "ayah": 34,
      "quarter_hizb": 32,
      "juz": 16,
      "manzil": 4,
      "arabic": "وَّنَذْكُرَكَ كَثِيْرًا ۗ",
      "latin": "Wa nażkuraka kaṡīrā(n).",
      "translation": "dan banyak berzikir kepada-Mu.",
      "footnotes": null
    },
    {
      "ayah": 35,
      "quarter_hizb": 32,
      "juz": 16,
      "manzil": 4,
      "arabic": "اِنَّكَ كُنْتَ بِنَا بَصِيْرًا ",
      "latin": "Innaka kunta binā baṣīrā(n). ",
      "translation": "Sesungguhnya Engkau Maha Melihat (keadaan) kami.”",
      "footnotes": null
    },
    {
      "ayah": 36,
      "quarter_hizb": 32,
      "juz": 16,
      "manzil": 4,
      "arabic": "قَالَ قَدْ اُوْتِيْتَ سُؤْلَكَ يٰمُوْسٰى ",
      "latin": "Qāla qad ūtīta su'laka yā mūsā. ",
      "translation": "(Allah) berfirman, “Sungguh, telah diperkenankan permintaanmu, wahai Musa.",
      "footnotes": null
    },
    {
      "ayah": 37,
      "quarter_hizb": 32,
      "juz": 16,
      "manzil": 4,
      "arabic": "وَلَقَدْ مَنَنَّا عَلَيْكَ مَرَّةً اُخْرٰىٓ ۙ",
      "latin": "Wa laqad manannā ‘alaika marratan ukhrā. ",
      "translation": "Sungguh, Kami benar-benar telah memberikan nikmat kepadamu pada kesempatan yang lain (sebelum ini),",
      "footnotes": null
    },
    {
      "ayah": 38,
      "quarter_hizb": 32,
      "juz": 16,
      "manzil": 4,
      "arabic": "اِذْ اَوْحَيْنَآ اِلٰٓى اُمِّكَ مَا يُوْحٰىٓ ۙ",
      "latin": "Iż auḥainā ilā ummika mā yūḥā. ",
      "translation": "(yaitu) ketika Kami mengilhamkan kepada ibumu sesuatu yang diilhamkan.",
      "footnotes": null
    },
    {
      "ayah": 39,
      "quarter_hizb": 32,
      "juz": 16,
      "manzil": 4,
      "arabic": "اَنِ اقْذِفِيْهِ فِى التَّابُوْتِ فَاقْذِفِيْهِ فِى الْيَمِّ فَلْيُلْقِهِ الْيَمُّ بِالسَّاحِلِ يَأْخُذْهُ عَدُوٌّ لِّيْ وَعَدُوٌّ لَّهٗ  ۗوَاَلْقَيْتُ عَلَيْكَ مَحَبَّةً مِّنِّيْ ەۚ وَلِتُصْنَعَ عَلٰى عَيْنِيْ ۘ",
      "latin": "Aniqżifīhi fit-tābūti faqżifīhi fil-yammi falyulqihil-yammu bis-sāḥili ya'khużhu ‘aduwwul lī wa ‘aduwwul lah(ū), wa alqaitu ‘alaika maḥabbatam minnī, wa lituṣna‘a ‘alā ‘ainī. ",
      "translation": "(Ilham itu adalah perintah Kami kepada ibumu,) ‘Letakkanlah dia (Musa) di dalam peti, kemudian hanyutkanlah dia ke sungai (Nil). Maka, biarlah (arus) sungai itu membawanya ke tepi. Dia akan diambil oleh (Fir‘aun) musuh-Ku dan musuhnya.’ Aku telah melimpahkan kepadamu kasih sayang dari-Ku467) dan agar engkau diasuh di bawah pengawasan-Ku.",
      "footnotes": "467) Setiap orang yang memandang Nabi Musa a.s. akan merasakan cinta, kasih, dan sayang kepadanya."
    },
    {
      "ayah": 40,
      "quarter_hizb": 32,
      "juz": 16,
      "manzil": 4,
      "arabic": "اِذْ تَمْشِيْٓ اُخْتُكَ فَتَقُوْلُ هَلْ اَدُلُّكُمْ عَلٰى مَنْ يَّكْفُلُهٗ ۗفَرَجَعْنٰكَ اِلٰٓى اُمِّكَ كَيْ تَقَرَّ عَيْنُهَا وَلَا تَحْزَنَ ەۗ وَقَتَلْتَ نَفْسًا فَنَجَّيْنٰكَ مِنَ الْغَمِّ وَفَتَنّٰكَ فُتُوْنًا ەۗ فَلَبِثْتَ سِنِيْنَ فِيْٓ اَهْلِ مَدْيَنَ ەۙ ثُمَّ جِئْتَ عَلٰى قَدَرٍ يّٰمُوْسٰى",
      "latin": "Iż tamsyī ukhtuka fa taqūlu hal adullukum ‘alā may yakfuluh(ū), fa raja‘nāka ilā ummika kai taqarra ‘ainuhā wa lā taḥzan(a), wa qatalta nafsan fa najjaināka minal-gammi wa fatannāka futūnā(n), fa labiṡta sinīna fī ahli madyan(a), ṡumma ji'ta ‘alā qadariy yā mūsā. ",
      "translation": "Ketika saudara perempuanmu berjalan (untuk mengawasi dan mengetahui berita), dia berkata (kepada keluarga Fir‘aun), ‘Bolehkah saya menunjukkan kepadamu orang yang akan memeliharanya?’ Maka, Kami mengembalikanmu kepada ibumu agar senang hatinya dan tidak bersedih. Engkau pernah membunuh seseorang (tanpa sengaja)468) lalu Kami selamatkan engkau dari kesulitan (yang besar) dan Kami telah mencobamu dengan beberapa cobaan (yang berat). Lalu, engkau tinggal beberapa tahun di antara penduduk Madyan,469) kemudian engkau, wahai Musa, datang menurut waktu yang ditetapkan.",
      "footnotes": "468) Yang terbunuh adalah seorang bangsa Qibti yang sedang berkelahi dengan seorang Bani Israil sebagaimana yang dikisahkan dalam surah al-Qaṣaṣ (28): 15.\n469) Nabi Musa a.s. melarikan diri dari Mesir ke Madyan. Di sana dia dinikahkan oleh Syekh Madyan dengan salah seorang putrinya dan menetap beberapa tahun lamanya."
    },
    {
      "ayah": 41,
      "quarter_hizb": 32,
      "juz": 16,
      "manzil": 4,
      "arabic": "وَاصْطَنَعْتُكَ لِنَفْسِيْۚ  ",
      "latin": "Wasṭana‘tuka linafsī. ",
      "translation": "Aku telah memilihmu (menjadi rasul) untuk-Ku.",
      "footnotes": null
    },
    {
      "ayah": 42,
      "quarter_hizb": 32,
      "juz": 16,
      "manzil": 4,
      "arabic": "اِذْهَبْ اَنْتَ وَاَخُوْكَ بِاٰيٰتِيْ وَلَا تَنِيَا فِيْ ذِكْرِيْۚ  ",
      "latin": "Iżhab anta wa akhūka bi'āyātī wa lā taniyā fī żikrī. ",
      "translation": "Pergilah engkau beserta saudaramu dengan (membawa) tanda-tanda (kekuasaan)-Ku dan janganlah kamu berdua lalai dalam mengingat-Ku.",
      "footnotes": null
    },
    {
      "ayah": 43,
      "quarter_hizb": 32,
      "juz": 16,
      "manzil": 4,
      "arabic": "اِذْهَبَآ اِلٰى فِرْعَوْنَ اِنَّهٗ طَغٰىۚ ",
      "latin": "Iżhabā ilā fir‘auna innahū ṭagā. ",
      "translation": "Pergilah kamu berdua kepada Fir‘aun! Sesungguhnya dia telah melampaui batas.",
      "footnotes": null
    },
    {
      "ayah": 44,
      "quarter_hizb": 32,
      "juz": 16,
      "manzil": 4,
      "arabic": "فَقُوْلَا لَهٗ قَوْلًا لَّيِّنًا لَّعَلَّهٗ يَتَذَكَّرُ اَوْ يَخْشٰى ",
      "latin": "Fa qūlā lahū qaulal layyinal la‘allahū yatażakkaru au yakhsyā. ",
      "translation": "Berbicaralah kamu berdua kepadanya (Fir‘aun) dengan perkataan yang lemah lembut, mudah-mudahan dia sadar atau takut.”",
      "footnotes": null
    },
    {
      "ayah": 45,
      "quarter_hizb": 32,
      "juz": 16,
      "manzil": 4,
      "arabic": "قَالَا رَبَّنَآ اِنَّنَا نَخَافُ اَنْ يَّفْرُطَ عَلَيْنَآ اَوْ اَنْ يَّطْغٰى ",
      "latin": "Qālā rabbanā innanā nakhāfu ay yafruṭa ‘alainā au ay yaṭgā. ",
      "translation": "Keduanya berkata, “Wahai Tuhan kami, sesungguhnya kami khawatir dia akan segera menyiksa kami atau akan makin melampaui batas.”",
      "footnotes": null
    },
    {
      "ayah": 46,
      "quarter_hizb": 32,
      "juz": 16,
      "manzil": 4,
      "arabic": "قَالَ لَا تَخَافَآ اِنَّنِيْ مَعَكُمَآ اَسْمَعُ وَاَرٰى ",
      "latin": "Qāla lā takhāfā innanī ma‘akumā asma‘u wa arā. ",
      "translation": "Dia (Allah) berfirman, “Janganlah kamu berdua khawatir! Sesungguhnya Aku bersama kamu berdua. Aku mendengar dan melihat.",
      "footnotes": null
    },
    {
      "ayah": 47,
      "quarter_hizb": 32,
      "juz": 16,
      "manzil": 4,
      "arabic": "فَأْتِيٰهُ فَقُوْلَآ اِنَّا رَسُوْلَا رَبِّكَ فَاَرْسِلْ مَعَنَا بَنِيْٓ اِسْرَاۤءِيْلَ ەۙ وَلَا تُعَذِّبْهُمْۗ قَدْ جِئْنٰكَ بِاٰيَةٍ مِّنْ رَّبِّكَ ۗوَالسَّلٰمُ عَلٰى مَنِ اتَّبَعَ الْهُدٰى",
      "latin": "Fa'tiyāhu fa qūlā innā rasūlā rabbika fa arsil ma‘anā banī isrā'īl(a), wa lā tu‘ażżibhum, qad ji'nāka bi'āyatim mir rabbik(a), was-salāmu ‘alā manittaba‘al-hudā. ",
      "translation": "Maka, datanglah kamu berdua kepadanya (Fir‘aun) dan katakanlah, ‘Sesungguhnya kami berdua adalah utusan Tuhanmu. Lepaskanlah Bani Israil bersama kami dan janganlah engkau menyiksa mereka.470) Sungguh, kami datang kepadamu dengan membawa bukti (atas kerasulan kami) dari Tuhanmu. Keselamatan itu dilimpahkan kepada orang yang mengikuti petunjuk.",
      "footnotes": "470) Di Mesir, Bani Israil menjadi budak Fir‘aun. Mereka dipekerjakan untuk mendirikan bangunan-bangunan yang besar dan kota-kota secara paksa. Maka, Nabi Musa a.s. meminta agar Fir‘aun membebaskan mereka."
    },
    {
      "ayah": 48,
      "quarter_hizb": 32,
      "juz": 16,
      "manzil": 4,
      "arabic": "اِنَّا قَدْ اُوْحِيَ اِلَيْنَآ اَنَّ الْعَذَابَ عَلٰى مَنْ كَذَّبَ وَتَوَلّٰى ",
      "latin": "Innā qad ūḥiya ilainā annal-‘ażāba ‘alā man każżaba wa tawallā. ",
      "translation": "Sesungguhnya telah diwahyukan kepada kami bahwa siksa itu (ditimpakan) kepada siapa pun yang mendustakan (para rasul) dan berpaling (dari tuntunannya).’”",
      "footnotes": null
    },
    {
      "ayah": 49,
      "quarter_hizb": 32,
      "juz": 16,
      "manzil": 4,
      "arabic": "قَالَ فَمَنْ رَّبُّكُمَا يٰمُوْسٰى ",
      "latin": "Qāla famar rabbukumā yā mūsā. ",
      "translation": "Dia (Fir‘aun) berkata, “Siapakah Tuhanmu berdua, wahai Musa?”",
      "footnotes": null
    },
    {
      "ayah": 50,
      "quarter_hizb": 32,
      "juz": 16,
      "manzil": 4,
      "arabic": "قَالَ رَبُّنَا الَّذِيْٓ اَعْطٰى كُلَّ شَيْءٍ خَلْقَهٗ ثُمَّ هَدٰى ",
      "latin": "Qāla rabbunal-lażī a‘ṭā kulla syai'in khalqahū ṡumma hadā. ",
      "translation": "Dia (Musa) menjawab, “Tuhan kami ialah (Tuhan) yang telah menganugerahkan kepada segala sesuatu bentuk penciptaannya (yang layak), kemudian memberinya petunjuk.”471)",
      "footnotes": "471) Yang dimaksud dengan petunjuk di sini adalah akal, insting (naluri), dan kodrat alamiah untuk kelanjutan hidupnya masing-masing."
    },
    {
      "ayah": 51,
      "quarter_hizb": 32,
      "juz": 16,
      "manzil": 4,
      "arabic": "قَالَ فَمَا بَالُ الْقُرُوْنِ الْاُوْلٰى ",
      "latin": "Qāla famā bālul-qurūnil-ūlā. ",
      "translation": "Dia (Fir‘aun) bertanya, “Bagaimana keadaan generasi terdahulu?”",
      "footnotes": null
    },
    {
      "ayah": 52,
      "quarter_hizb": 32,
      "juz": 16,
      "manzil": 4,
      "arabic": "قَالَ عِلْمُهَا عِنْدَ رَبِّيْ فِيْ كِتٰبٍۚ  لَا يَضِلُّ رَبِّيْ وَلَا يَنْسَىۖ ",
      "latin": "Qāla ‘ilmuhā ‘inda rabbī fī kitāb(in), lā yaḍillu rabbī wa lā yansā.",
      "translation": "Dia (Nabi Musa) menjawab, “Pengetahuan tentang itu ada pada Tuhanku di dalam sebuah Kitab (Lauhulmahfuz). Tuhanku tidak akan salah ataupun lupa.",
      "footnotes": null
    },
    {
      "ayah": 53,
      "quarter_hizb": 32,
      "juz": 16,
      "manzil": 4,
      "arabic": "الَّذِيْ جَعَلَ لَكُمُ الْاَرْضَ مَهْدًا وَّسَلَكَ لَكُمْ فِيْهَا سُبُلًا وَّاَنْزَلَ مِنَ السَّمَاۤءِ مَاۤءًۗ فَاَخْرَجْنَا بِهٖٓ اَزْوَاجًا مِّنْ نَّبَاتٍ شَتّٰى ",
      "latin": "Al-lażī ja‘ala lakumul-arḍa mahdaw wa salaka lakum fīhā subulaw wa anzala minas-samā'i mā'ā(n), fa akhrajnā bihī azwājam min nabātin syattā.",
      "translation": "(Dialah Tuhan) yang telah menjadikan bumi sebagai hamparan dan meratakan jalan-jalan di atasnya bagimu serta menurunkan air (hujan) dari langit.” Kemudian, Kami menumbuhkan dengannya (air hujan itu) beraneka macam tumbuh-tumbuhan.",
      "footnotes": null
    },
    {
      "ayah": 54,
      "quarter_hizb": 32,
      "juz": 16,
      "manzil": 4,
      "arabic": "كُلُوْا وَارْعَوْا اَنْعَامَكُمْ ۗاِنَّ فِيْ ذٰلِكَ لَاٰيٰتٍ لِّاُولِى النُّهٰى ࣖ",
      "latin": "Kulū war‘au an‘āmakum, inna fī żālika la'āyātil li'ulin-nuhā. ",
      "translation": "Makanlah dan gembalakanlah hewan-hewanmu! Sesungguhnya pada yang demikian itu terdapat tanda-tanda (kebesaran Allah) bagi orang-orang yang berakal.",
      "footnotes": null
    },
    {
      "ayah": 55,
      "quarter_hizb": 32.25,
      "juz": 16,
      "manzil": 4,
      "arabic": "۞ مِنْهَا خَلَقْنٰكُمْ وَفِيْهَا نُعِيْدُكُمْ وَمِنْهَا نُخْرِجُكُمْ تَارَةً اُخْرٰى ",
      "latin": "Minhā khalaqnākum wa fīhā nu‘īdukum wa minhā nukhrijukum tāratan ukhrā. ",
      "translation": "Darinya (tanah) itulah Kami menciptakanmu, kepadanyalah Kami akan mengembalikanmu dan dari sanalah Kami akan mengeluarkanmu pada waktu yang lain.",
      "footnotes": null
    },
    {
      "ayah": 56,
      "quarter_hizb": 32.25,
      "juz": 16,
      "manzil": 4,
      "arabic": "وَلَقَدْ اَرَيْنٰهُ اٰيٰتِنَا كُلَّهَا فَكَذَّبَ وَاَبٰى ",
      "latin": "Wa laqad araināhu āyātinā kullahā fa każżaba wa abā. ",
      "translation": "Sungguh Kami benar-benar telah memperlihatkan kepadanya (Fir‘aun) tanda-tanda (kebesaran) Kami semuanya.472) Namun, dia mendustakan dan enggan (menerima kebenaran).",
      "footnotes": "472) Yang dimaksud dengan tanda-tanda di sini adalah tanda-tanda kenabian Nabi Musa a.s. Pada pertemuan Nabi Musa a.s. dengan Fir‘aun ini, mukjizat yang diperlihatkan baru dua, yaitu tongkat menjadi ular dan tangan Nabi Musa a.s. menjadi putih bercahaya."
    },
    {
      "ayah": 57,
      "quarter_hizb": 32.25,
      "juz": 16,
      "manzil": 4,
      "arabic": "قَالَ اَجِئْتَنَا لِتُخْرِجَنَا مِنْ اَرْضِنَا بِسِحْرِكَ يٰمُوْسٰى ",
      "latin": "Qāla aji'tanā litukhrijanā min arḍinā bisiḥrika yā mūsā. ",
      "translation": "Dia (Fir‘aun) berkata, “Apakah engkau datang kepada kami untuk mengusir kami dari negeri kami dengan sihirmu, wahai Musa?",
      "footnotes": null
    },
    {
      "ayah": 58,
      "quarter_hizb": 32.25,
      "juz": 16,
      "manzil": 4,
      "arabic": "فَلَنَأْتِيَنَّكَ بِسِحْرٍ مِّثْلِهٖ فَاجْعَلْ بَيْنَنَا وَبَيْنَكَ مَوْعِدًا لَّا نُخْلِفُهٗ نَحْنُ وَلَآ اَنْتَ مَكَانًا سُوًى ",
      "latin": "Fa lana'tiyannaka bisiḥrim miṡlihī faj‘al bainanā wa bainaka mau‘idal lā nukhlifuhū naḥnu wa lā anta makānan suwā(n). ",
      "translation": "Kami pun pasti akan mendatangkan sihir semacam itu kepadamu. Buatlah suatu perjanjian antara kami dan engkau untuk (mengadakan) pertemuan yang tidak akan kami dan engkau langgar di suatu tempat pertengahan (antara kedua pihak).”",
      "footnotes": null
    },
    {
      "ayah": 59,
      "quarter_hizb": 32.25,
      "juz": 16,
      "manzil": 4,
      "arabic": "قَالَ مَوْعِدُكُمْ يَوْمُ الزِّيْنَةِ وَاَنْ يُّحْشَرَ النَّاسُ ضُحًى ",
      "latin": "Qāla mau‘idukum yaumuz-zīnati wa ay yuḥsyaran-nāsu ḍuḥā(n). ",
      "translation": "Dia (Musa) berkata, “Waktumu (untuk bertemu dengan kami) ialah hari raya dan hendaklah orang-orang dikumpulkan pada waktu duha.”",
      "footnotes": null
    },
    {
      "ayah": 60,
      "quarter_hizb": 32.25,
      "juz": 16,
      "manzil": 4,
      "arabic": "فَتَوَلّٰى فِرْعَوْنُ فَجَمَعَ كَيْدَهٗ ثُمَّ اَتٰى ",
      "latin": "Fa tawallā fir‘aunu fa jama‘a kaidahū ṡumma atā. ",
      "translation": "Maka, Fir‘aun meninggalkan (tempat itu), lalu mengatur tipu dayanya. Kemudian, dia datang kembali (pada waktu dan tempat yang disepakati).",
      "footnotes": null
    },
    {
      "ayah": 61,
      "quarter_hizb": 32.25,
      "juz": 16,
      "manzil": 4,
      "arabic": "قَالَ لَهُمْ مُّوْسٰى وَيْلَكُمْ لَا تَفْتَرُوْا عَلَى اللّٰهِ كَذِبًا فَيُسْحِتَكُمْ بِعَذَابٍۚ وَقَدْ خَابَ مَنِ افْتَرٰى ",
      "latin": "Qāla lahum mūsā wailakum lā taftarū ‘alallāhi każiban fa yusḥitakum bi‘ażab(in), wa qad khāba maniftarā. ",
      "translation": "Musa berkata kepada mereka (para penyihir), “Celakalah kamu! Janganlah kamu mengada-adakan kedustaan terhadap Allah, nanti Dia membinasakan kamu dengan azab. Sungguh rugi orang yang mengada-adakan kedustaan.”",
      "footnotes": null
    },
    {
      "ayah": 62,
      "quarter_hizb": 32.25,
      "juz": 16,
      "manzil": 4,
      "arabic": "فَتَنَازَعُوْٓا اَمْرَهُمْ بَيْنَهُمْ وَاَسَرُّوا النَّجْوٰى ",
      "latin": "Fa tanāza‘ū amrahum bainahum wa asarrun-najwā. ",
      "translation": "Mereka berbantah-bantahan tentang urusannya dan merahasiakan percakapannya.",
      "footnotes": null
    },
    {
      "ayah": 63,
      "quarter_hizb": 32.25,
      "juz": 16,
      "manzil": 4,
      "arabic": "قَالُوْٓا اِنْ هٰذٰنِ لَسَاحِرٰنِ يُرِيْدَانِ اَنْ يُّخْرِجٰكُمْ مِّنْ اَرْضِكُمْ بِسِحْرِهِمَا وَيَذْهَبَا بِطَرِيْقَتِكُمُ الْمُثْلٰى ",
      "latin": "Qālū in hāżāni lasāḥirāni yurīdāni ay yukhrijākum min arḍikum bisiḥrihimā wa yażhabā biṭarīqatikumul-muṡlā. ",
      "translation": "Mereka (para penyihir) berkata, “Sesungguhnya dua orang ini adalah benar-benar penyihir yang hendak mengusirmu dari negerimu dengan sihir mereka berdua dan hendak melenyapkan adat kebiasaanmu yang utama.",
      "footnotes": null
    },
    {
      "ayah": 64,
      "quarter_hizb": 32.25,
      "juz": 16,
      "manzil": 4,
      "arabic": "فَاَجْمِعُوْا كَيْدَكُمْ ثُمَّ ائْتُوْا صَفًّاۚ وَقَدْ اَفْلَحَ الْيَوْمَ مَنِ اسْتَعْلٰى ",
      "latin": "Fa ajmi‘ū kaidakum ṡumma'tū ṣaffā(n), wa qad aflaḥal-yauma manista‘lā. ",
      "translation": "Kumpulkanlah segala tipu daya (sihir)-mu, kemudian datanglah dalam satu barisan! Sungguh, beruntung orang yang menang pada hari ini.”",
      "footnotes": null
    },
    {
      "ayah": 65,
      "quarter_hizb": 32.25,
      "juz": 16,
      "manzil": 4,
      "arabic": "قَالُوْا يٰمُوْسٰٓى اِمَّآ اَنْ تُلْقِيَ وَاِمَّآ اَنْ نَّكُوْنَ اَوَّلَ مَنْ اَلْقٰى ",
      "latin": "Qālū yā mūsā immā an tulqiya  wa immā an nakūna awwala man alqā. ",
      "translation": "Mereka (para penyihir) berkata, “Wahai Musa, apakah engkau yang melemparkan (dahulu) atau kami yang lebih dahulu melemparkannya?”",
      "footnotes": null
    },
    {
      "ayah": 66,
      "quarter_hizb": 32.25,
      "juz": 16,
      "manzil": 4,
      "arabic": "قَالَ بَلْ اَلْقُوْاۚ فَاِذَا حِبَالُهُمْ وَعِصِيُّهُمْ يُخَيَّلُ اِلَيْهِ مِنْ سِحْرِهِمْ اَنَّهَا تَسْعٰى",
      "latin": "Qāla bal alqū, fa iżā ḥibāluhum wa ‘iṣiyyuhum yukhayyalu ilaihi min siḥrihim annahā tas‘ā. ",
      "translation": "Dia (Musa) berkata, “Silakan kamu melemparkan!” Tiba-tiba tali-temali dan tongkat-tongkat mereka terbayang olehnya (Musa) seakan-akan ia (ular-ular itu) merayap cepat karena sihir mereka.",
      "footnotes": null
    },
    {
      "ayah": 67,
      "quarter_hizb": 32.25,
      "juz": 16,
      "manzil": 4,
      "arabic": "فَاَوْجَسَ فِيْ نَفْسِهٖ خِيْفَةً مُّوْسٰى ",
      "latin": "Fa aujasa fī nafsihī khīfatam mūsā. ",
      "translation": "Maka, terlintaslah dalam hati Musa (perasaan) takut.",
      "footnotes": null
    },
    {
      "ayah": 68,
      "quarter_hizb": 32.25,
      "juz": 16,
      "manzil": 4,
      "arabic": "قُلْنَا لَا تَخَفْ اِنَّكَ اَنْتَ الْاَعْلٰى ",
      "latin": "Qulnā lā takhaf innaka antal-a‘lā. ",
      "translation": "Kami berfirman, “Jangan takut! Sesungguhnya engkaulah yang paling unggul.",
      "footnotes": null
    },
    {
      "ayah": 69,
      "quarter_hizb": 32.25,
      "juz": 16,
      "manzil": 4,
      "arabic": "وَاَلْقِ مَا فِيْ يَمِيْنِكَ تَلْقَفْ مَا صَنَعُوْاۗ اِنَّمَا صَنَعُوْا كَيْدُ سٰحِرٍۗ وَلَا يُفْلِحُ السَّاحِرُ حَيْثُ اَتٰى ",
      "latin": "Wa alqi mā fī yamīnika talqaf mā ṣana‘ū, innamā ṣana‘ū kaidu sāḥir(in), wa lā yufliḥus-sāḥiru ḥaiṡu atā. ",
      "translation": "Lemparkan apa yang ada di tangan kananmu, niscaya ia akan menelan apa yang mereka buat. Sesungguhnya apa yang mereka buat itu hanyalah tipu daya penyihir (belaka). Tidak akan menang penyihir itu, dari mana pun ia datang.”",
      "footnotes": null
    },
    {
      "ayah": 70,
      "quarter_hizb": 32.25,
      "juz": 16,
      "manzil": 4,
      "arabic": "فَاُلْقِيَ السَّحَرَةُ سُجَّدًا قَالُوْٓا اٰمَنَّا بِرَبِّ هٰرُوْنَ وَمُوْسٰى ",
      "latin": "Fa ulqiyas-saḥaratu sujjadan qālū āmannā birabbi hārūna wa mūsā. ",
      "translation": "Lalu, para penyihir itu merunduk sujud seraya berkata, “Kami telah percaya kepada Tuhannya Harun dan Musa.”",
      "footnotes": null
    },
    {
      "ayah": 71,
      "quarter_hizb": 32.25,
      "juz": 16,
      "manzil": 4,
      "arabic": "قَالَ اٰمَنْتُمْ لَهٗ قَبْلَ اَنْ اٰذَنَ لَكُمْۗ اِنَّهٗ لَكَبِيْرُكُمُ الَّذِيْ عَلَّمَكُمُ السِّحْرَۚ فَلَاُقَطِّعَنَّ اَيْدِيَكُمْ وَاَرْجُلَكُمْ مِّنْ خِلَافٍ وَّلَاُصَلِّبَنَّكُمْ فِيْ جُذُوْعِ النَّخْلِۖ وَلَتَعْلَمُنَّ اَيُّنَآ اَشَدُّ عَذَابًا وَّاَبْقٰى ",
      "latin": "Qāla āmantum lahū qabla an āżana lakum, innahū lakabīrukumul-lażī ‘allamakumus-siḥr(a), fa la'uqaṭṭi‘anna aidiyakum wa arjulakum min khilāfiw wa la'uṣallibannakum fī jużū‘in-nakhl(i), wa lata‘lamunna ayyunā asyaddu ‘ażābaw wa abqā. ",
      "translation": "Dia (Fir‘aun) berkata, “Apakah kamu beriman kepadanya (Musa) sebelum aku memberi izin kepadamu? Sesungguhnya dia itu pemimpinmu yang mengajarkan sihir kepadamu. Sungguh, akan kupotong tangan-tangan dan kaki-kakimu secara bersilang dan sungguh, akan aku salib kamu pada pangkal pohon kurma. Sungguh, kamu pasti akan mengetahui siapa di antara kita yang lebih keras dan lebih kekal siksaannya.”",
      "footnotes": null
    },
    {
      "ayah": 72,
      "quarter_hizb": 32.25,
      "juz": 16,
      "manzil": 4,
      "arabic": "قَالُوْا لَنْ نُّؤْثِرَكَ عَلٰى مَا جَاۤءَنَا مِنَ الْبَيِّنٰتِ وَالَّذِيْ فَطَرَنَا فَاقْضِ مَآ اَنْتَ قَاضٍۗ اِنَّمَا تَقْضِيْ هٰذِهِ الْحَيٰوةَ الدُّنْيَا ۗ",
      "latin": "Qālū lan nu'ṡiraka ‘alā mā jā'anā minal-bayyināti wal-lażī faṭaranā faqḍi mā anta qāḍ(in), innamā taqḍī hāżihil-ḥayātad-dun-yā. ",
      "translation": "Mereka (para penyihir) berkata, “Kami tidak akan mengutamakanmu daripada bukti-bukti nyata (mukjizat) yang telah datang kepada kami (melalui Musa) dan daripada (Allah) yang telah menciptakan kami. Putuskanlah apa yang hendak engkau putuskan! Sesungguhnya engkau hanya dapat memutuskan (perkara) dalam kehidupan dunia ini.",
      "footnotes": null
    },
    {
      "ayah": 73,
      "quarter_hizb": 32.25,
      "juz": 16,
      "manzil": 4,
      "arabic": "اِنَّآ اٰمَنَّا بِرَبِّنَا لِيَغْفِرَ لَنَا خَطٰيٰنَا وَمَآ اَكْرَهْتَنَا عَلَيْهِ مِنَ السِّحْرِۗ وَاللّٰهُ خَيْرٌ وَّاَبْقٰى ",
      "latin": "Innā āmannā birabbinā liyagfira lanā khaṭāyānā wa mā akrahtanā ‘alaihi minas-siḥr(i), wallāhu khairuw wa abqā. ",
      "translation": "Sesungguhnya kami telah beriman kepada Tuhan kami agar Dia mengampuni semua kesalahan kami dan sihir yang telah engkau paksakan kepada kami. Allah lebih baik dan lebih kekal.”",
      "footnotes": null
    },
    {
      "ayah": 74,
      "quarter_hizb": 32.25,
      "juz": 16,
      "manzil": 4,
      "arabic": "اِنَّهٗ مَنْ يَّأْتِ رَبَّهٗ مُجْرِمًا فَاِنَّ لَهٗ جَهَنَّمَ ۗ لَا يَمُوْتُ فِيْهَا وَلَا يَحْيٰى ",
      "latin": "Innahū may ya'ti rabbahū mujriman fa inna lahū jahannam(a), lā yamūtu fīhā wa lā yaḥyā. ",
      "translation": "Sesungguhnya siapa yang datang kepada Tuhannya dalam keadaan berdosa, (disediakan) baginya (neraka) Jahanam. Dia tidak mati (sehingga terhindar dari azab) di dalamnya dan tidak (pula) hidup (dengan layak dan nyaman).",
      "footnotes": null
    },
    {
      "ayah": 75,
      "quarter_hizb": 32.25,
      "juz": 16,
      "manzil": 4,
      "arabic": "وَمَنْ يَّأْتِهٖ مُؤْمِنًا قَدْ عَمِلَ الصّٰلِحٰتِ فَاُولٰۤىِٕكَ لَهُمُ الدَّرَجٰتُ الْعُلٰى ۙ",
      "latin": "Wa may ya'tihī mu'minan qad ‘amilaṣ-ṣāliḥāti fa ulā'ika lahumud-darajātul-‘ulā. ",
      "translation": "Siapa yang datang kepada-Nya dalam keadaan beriman dan telah beramal saleh, mereka itulah orang-orang yang memperoleh derajat yang tinggi (mulia),",
      "footnotes": null
    },
    {
      "ayah": 76,
      "quarter_hizb": 32.25,
      "juz": 16,
      "manzil": 4,
      "arabic": "جَنّٰتُ عَدْنٍ تَجْرِيْ مِنْ تَحْتِهَا الْاَنْهٰرُ خٰلِدِيْنَ فِيْهَا ۗوَذٰلِكَ جَزَاۤءُ مَنْ تَزَكّٰى ࣖ",
      "latin": "Jannātu ‘adnin tajrī min taḥtihal-anhāru khālidīna fīhā, wa żālika jazā'u man tazakkā. ",
      "translation": "(yaitu) surga-surga ‘Adn yang mengalir di bawahnya sungai-sungai. Mereka kekal di dalamnya. Itulah balasan bagi orang yang menyucikan diri.",
      "footnotes": null
    },
    {
      "ayah": 77,
      "quarter_hizb": 32.25,
      "juz": 16,
      "manzil": 4,
      "arabic": "وَلَقَدْ اَوْحَيْنَآ اِلٰى مُوْسٰٓى اَنْ اَسْرِ بِعِبَادِيْ فَاضْرِبْ لَهُمْ طَرِيْقًا فِى الْبَحْرِ يَبَسًاۙ  لَّا تَخٰفُ دَرَكًا وَّلَا تَخْشٰى ",
      "latin": "Wa laqad auḥainā ilā mūsā an asri bi‘ibādī faḍrib lahum ṭarīqan fil-baḥri yabasā(n), lā takhāfu darakaw wa lā takhsyā. ",
      "translation": "Sungguh, telah Kami wahyukan kepada Musa, “Pergilah bersama hamba-hamba-Ku (Bani Israil) pada malam hari dan pukullah laut itu untuk menjadi jalan yang kering bagi mereka473) tanpa rasa takut akan tersusul dan tanpa rasa khawatir (akan tenggelam).”",
      "footnotes": "473) Memukul laut itu dengan tongkat (lihat surah asy-Syu‘arā’ [26]: 63)."
    },
    {
      "ayah": 78,
      "quarter_hizb": 32.25,
      "juz": 16,
      "manzil": 4,
      "arabic": "فَاَتْبَعَهُمْ فِرْعَوْنُ بِجُنُوْدِهٖ فَغَشِيَهُمْ مِّنَ الْيَمِّ مَا غَشِيَهُمْ ۗ",
      "latin": "Fa atba‘ahum fir‘aunu  bijunūdihī fa gasyiyahum minal-yammi mā gasyiyahum. ",
      "translation": "Fir‘aun dengan bala tentaranya lalu mengejar mereka (Musa dan pengikutnya), tetapi mereka (Fir‘aun dengan bala tentaranya) digulung ombak laut (yang dahsyat) sehingga menenggelamkan mereka.",
      "footnotes": null
    },
    {
      "ayah": 79,
      "quarter_hizb": 32.25,
      "juz": 16,
      "manzil": 4,
      "arabic": "وَاَضَلَّ فِرْعَوْنُ قَوْمَهٗ وَمَا هَدٰى ",
      "latin": "Wa aḍalla fir‘aunu qaumahū wa mā hadā. ",
      "translation": "Fir‘aun telah menyesatkan kaumnya dan tidak memberi (mereka) petunjuk.",
      "footnotes": null
    },
    {
      "ayah": 80,
      "quarter_hizb": 32.25,
      "juz": 16,
      "manzil": 4,
      "arabic": "يٰبَنِيْٓ اِسْرَاۤءِيْلَ قَدْ اَنْجَيْنٰكُمْ مِّنْ عَدُوِّكُمْ وَوٰعَدْنٰكُمْ جَانِبَ الطُّوْرِ الْاَيْمَنَ وَنَزَّلْنَا عَلَيْكُمُ الْمَنَّ وَالسَّلْوٰى ",
      "latin": "Yā banī isrā'īla qad anjainākum min ‘aduwwikum wa wā‘adnākum jānibaṭ-ṭūril-aimana wa nazzalnā ‘alaikumul-mannā was-salwā. ",
      "translation": "Wahai Bani Israil, sungguh Kami telah menyelamatkanmu dari musuhmu, mengadakan perjanjian denganmu (untuk bermunajat) di sebelah kanan gunung itu (gunung Sinai), dan menurunkan kepadamu474) manna dan salwa.475)",
      "footnotes": "474) Ayat ini ditujukan kepada orang Yahudi pada zaman Nabi Muhammad saw., sedangkan yang dimaksud kamu pada ayat ini adalah nenek moyang mereka.\n475) Lihat penjelasan tentang manna dan salwa pada catatan kaki surah al-Baqarah (2): 57."
    },
    {
      "ayah": 81,
      "quarter_hizb": 32.25,
      "juz": 16,
      "manzil": 4,
      "arabic": "كُلُوْا مِنْ طَيِّبٰتِ مَا رَزَقْنٰكُمْۙ وَلَا تَطْغَوْا فِيْهِ فَيَحِلَّ عَلَيْكُمْ غَضَبِيْۚ وَمَنْ يَّحْلِلْ عَلَيْهِ غَضَبِيْ فَقَدْ هَوٰى ",
      "latin": "Kulū min ṭayyibāti mā razaqnākum, wa lā taṭgau fīhi fa yaḥilla ‘alaikum gaḍabī, wa may yaḥlil ‘alaihi gaḍabī faqad hawā. ",
      "translation": "Makanlah sebagian yang baik-baik dari rezeki yang telah Kami anugerahkan kepadamu. Janganlah melampaui batas yang menyebabkan kemurkaan-Ku akan menimpamu. Siapa yang ditimpa kemurkaan-Ku, maka sungguh binasalah dia.",
      "footnotes": null
    },
    {
      "ayah": 82,
      "quarter_hizb": 32.25,
      "juz": 16,
      "manzil": 4,
      "arabic": "وَاِنِّيْ لَغَفَّارٌ لِّمَنْ تَابَ وَاٰمَنَ وَعَمِلَ صَالِحًا ثُمَّ اهْتَدٰى ",
      "latin": "Wa innī lagaffārul liman tāba wa āmana wa ‘amila ṣāliḥan ṡummahtadā. ",
      "translation": "Sesungguhnya Aku Maha Pengampun bagi yang bertobat, beriman, dan berbuat kebajikan, kemudian tetap dalam petunjuk.",
      "footnotes": null
    },
    {
      "ayah": 83,
      "quarter_hizb": 32.5,
      "juz": 16,
      "manzil": 4,
      "arabic": "۞ وَمَآ اَعْجَلَكَ عَنْ قَوْمِكَ يٰمُوْسٰى ",
      "latin": "Wa mā a‘jalaka ‘an qaumika yā mūsā. ",
      "translation": "(Allah berfirman,) “Apa yang membuat engkau datang (ke gunung Sinai) lebih cepat sehingga meninggalkan kaummu, wahai Musa?”",
      "footnotes": null
    },
    {
      "ayah": 84,
      "quarter_hizb": 32.5,
      "juz": 16,
      "manzil": 4,
      "arabic": "قَالَ هُمْ اُولَاۤءِ عَلٰٓى اَثَرِيْ وَعَجِلْتُ اِلَيْكَ رَبِّ لِتَرْضٰى ",
      "latin": "Qāla hum ulā'i ‘alā aṡarī wa ‘ajiltu ilaika rabbi litarḍā. ",
      "translation": "(Musa) berkata, “Itu mereka sedang menyusulku dan aku bersegera kepada-Mu, ya Tuhanku, agar Engkau rida.”",
      "footnotes": null
    },
    {
      "ayah": 85,
      "quarter_hizb": 32.5,
      "juz": 16,
      "manzil": 4,
      "arabic": "قَالَ فَاِنَّا قَدْ فَتَنَّا قَوْمَكَ مِنْۢ بَعْدِكَ وَاَضَلَّهُمُ السَّامِرِيُّ ",
      "latin": "Qāla fa innā qad fatannā qaumaka mim ba‘dika wa aḍallahumus-sāmiriyy(u). ",
      "translation": "Dia (Allah) berfirman, “Sesungguhnya Kami benar-benar telah menguji kaummu setelah engkau tinggalkan dan Samiri telah menyesatkan mereka.”",
      "footnotes": null
    },
    {
      "ayah": 86,
      "quarter_hizb": 32.5,
      "juz": 16,
      "manzil": 4,
      "arabic": "فَرَجَعَ مُوْسٰٓى اِلٰى قَوْمِهٖ غَضْبَانَ اَسِفًا ەۚ قَالَ يٰقَوْمِ اَلَمْ يَعِدْكُمْ رَبُّكُمْ وَعْدًا حَسَنًا ەۗ اَفَطَالَ عَلَيْكُمُ الْعَهْدُ اَمْ اَرَدْتُّمْ اَنْ يَّحِلَّ عَلَيْكُمْ غَضَبٌ مِّنْ رَّبِّكُمْ فَاَخْلَفْتُمْ مَّوْعِدِيْ",
      "latin": "Fa raja‘a mūsā ilā qaumihī gaḍbāna asifā(n), qāla yā qaumi alam ya‘idkum rabbukum wa‘dan ḥasanā(n), afaṭāla ‘alaikumul-‘ahdu am arattum ay yaḥilla ‘alaikum gaḍabum mir rabbikum fa akhlaftum mau‘idī. ",
      "translation": "Lalu, Musa kembali kepada kaumnya dalam keadaan marah lagi sedih. Dia berkata, “Wahai kaumku, bukankah Tuhanmu telah menjanjikan kepadamu suatu janji yang baik? Apakah masa perjanjian itu terlalu lama bagimu atau kamu menghendaki agar kemurkaan Tuhan menimpamu sehingga kamu melanggar perjanjianmu denganku?”",
      "footnotes": null
    },
    {
      "ayah": 87,
      "quarter_hizb": 32.5,
      "juz": 16,
      "manzil": 4,
      "arabic": "قَالُوْا مَآ اَخْلَفْنَا مَوْعِدَكَ بِمَلْكِنَا وَلٰكِنَّا حُمِّلْنَآ اَوْزَارًا مِّنْ زِيْنَةِ الْقَوْمِ فَقَذَفْنٰهَا فَكَذٰلِكَ اَلْقَى السَّامِرِيُّ ۙ",
      "latin": "Qālū mā akhlafnā mau‘idaka bimalkinā wa lākinnā ḥummilnā auzāram min zīnatil-qaumi fa qażafnāhā fa każālika alqas-sāmiriyy(u). ",
      "translation": "Mereka berkata, “Kami tidak melanggar perjanjian (dengan)-mu atas kemauan kami sendiri. Akan tetapi, kami harus membawa beban berat476) berupa perhiasan kaum (Fir‘aun) itu. Kami kemudian melemparkannya (ke dalam perapian) dan demikian pula Samiri melemparkannya.477)",
      "footnotes": "476) Beban berat yang disebutkan dalam ayat ini dapat berarti berat dalam makna fisik dan dapat pula berarti beban dosa karena tidak mengembalikan perhiasan yang mereka pinjam dari penduduk Mesir.\n477) Mereka disuruh membawa perhiasan emas milik orang-orang Mesir, lalu Samiri meminta mereka melemparkan perhiasan itu ke dalam api yang telah dinyalakannya dalam suatu lubang untuk dijadikan patung berbentuk anak sapi. Kemudian, mereka melemparkannya bersama-sama dengan Samiri."
    },
    {
      "ayah": 88,
      "quarter_hizb": 32.5,
      "juz": 16,
      "manzil": 4,
      "arabic": "فَاَخْرَجَ لَهُمْ عِجْلًا جَسَدًا لَّهٗ خُوَارٌ فَقَالُوْا هٰذَآ اِلٰهُكُمْ وَاِلٰهُ مُوْسٰى ەۙ فَنَسِيَ ۗ",
      "latin": "Fa akhraja lahum ‘ijlan jasadal lahū khuwārun fa qālū hāżā ilāhukum wa ilāhu mūsā, fa nasiy(a). ",
      "translation": "(Dari perapian itu) kemudian dia (Samiri) mengeluarkan untuk mereka patung berwujud anak sapi yang bersuara.478) Mereka lalu berkata, “Inilah Tuhanmu dan Tuhan Musa, tetapi dia (Musa) telah lupa (bahwa Tuhannya di sini).”",
      "footnotes": "478) Lihat catatan kaki surah al-A‘rāf (7): 148."
    },
    {
      "ayah": 89,
      "quarter_hizb": 32.5,
      "juz": 16,
      "manzil": 4,
      "arabic": "اَفَلَا يَرَوْنَ اَلَّا يَرْجِعُ اِلَيْهِمْ قَوْلًا ەۙ وَّلَا يَمْلِكُ لَهُمْ ضَرًّا وَّلَا نَفْعًا ࣖ",
      "latin": "Afalā yarauna allā yarji‘u ilaihim qaulā(n), wa lā yamliku lahum ḍarraw wa lā naf‘ā(n). ",
      "translation": "Maka, tidakkah mereka memperhatikan bahwa (patung anak sapi itu) tidak dapat memberi jawaban kepada mereka dan tidak kuasa menolak mudarat maupun mendatangkan manfaat kepada mereka?",
      "footnotes": null
    },
    {
      "ayah": 90,
      "quarter_hizb": 32.5,
      "juz": 16,
      "manzil": 4,
      "arabic": "وَلَقَدْ قَالَ لَهُمْ هٰرُوْنُ مِنْ قَبْلُ يٰقَوْمِ اِنَّمَا فُتِنْتُمْ بِهٖۚ وَاِنَّ رَبَّكُمُ الرَّحْمٰنُ فَاتَّبِعُوْنِيْ وَاَطِيْعُوْٓا اَمْرِيْ ",
      "latin": "Wa laqad qāla lahum hārūnu min qablu yā qaumi innamā futintum bih(ī), wa inna rabbakumur-raḥmānu fattabi‘ūnī wa aṭī‘ū amrī. ",
      "translation": "Sungguh, sebelumnya Harun telah berkata kepada mereka, “Wahai kaumku, sesungguhnya kamu hanya diberi cobaan dengannya (patung anak sapi) dan sesungguhnya Tuhanmu ialah (Allah) Yang Maha Pengasih. Maka, ikutilah aku dan taatilah perintahku.”",
      "footnotes": null
    },
    {
      "ayah": 91,
      "quarter_hizb": 32.5,
      "juz": 16,
      "manzil": 4,
      "arabic": "قَالُوْا لَنْ نَّبْرَحَ عَلَيْهِ عٰكِفِيْنَ حَتّٰى يَرْجِعَ اِلَيْنَا مُوْسٰى ",
      "latin": "Qālū lan nabraḥa ‘alaihi ‘ākifīna ḥattā yarji‘a ilainā mūsā. ",
      "translation": "Mereka menjawab, “Kami tidak akan meninggalkannya (patung anak sapi) (dan) tetap akan menyembahnya sampai Musa kembali kepada kami.”",
      "footnotes": null
    },
    {
      "ayah": 92,
      "quarter_hizb": 32.5,
      "juz": 16,
      "manzil": 4,
      "arabic": "قَالَ يٰهٰرُوْنُ مَا مَنَعَكَ اِذْ رَاَيْتَهُمْ ضَلُّوْٓا ۙ",
      "latin": "Qāla yā hārūnu mā mana‘aka iż ra'aitahum ḍallū. ",
      "translation": "Dia (Musa) berkata, “Wahai Harun, apa yang menghalangimu, ketika engkau melihat mereka telah sesat,",
      "footnotes": null
    },
    {
      "ayah": 93,
      "quarter_hizb": 32.5,
      "juz": 16,
      "manzil": 4,
      "arabic": "اَلَّا تَتَّبِعَنِۗ اَفَعَصَيْتَ اَمْرِيْ ",
      "latin": "Allā tattabi‘an(i), afa ‘aṣaita amrī. ",
      "translation": "dari mengikuti (dan menyusul)-ku? Apakah engkau (sengaja) melanggar perintahku?”",
      "footnotes": null
    },
    {
      "ayah": 94,
      "quarter_hizb": 32.5,
      "juz": 16,
      "manzil": 4,
      "arabic": "قَالَ يَبْنَؤُمَّ لَا تَأْخُذْ بِلِحْيَتِيْ وَلَا بِرَأْسِيْۚ اِنِّيْ خَشِيْتُ اَنْ تَقُوْلَ فَرَّقْتَ بَيْنَ بَنِيْٓ اِسْرَاۤءِيْلَ وَلَمْ تَرْقُبْ قَوْلِيْ ",
      "latin": "Qāla yabna'umma lā ta'khuż biliḥyatī wa lā bira'sī, innī khasyītu an taqūla farraqta baina banī isrā'īla wa lam tarqub qaulī. ",
      "translation": "Dia (Harun) menjawab, “Wahai putra ibuku, janganlah engkau tarik janggutku dan jangan (pula engkau jambak rambut) kepalaku. Sesungguhnya aku khawatir engkau akan berkata (kepadaku), ‘Engkau telah memecah belah Bani Israil dan tidak memelihara amanatku.’”",
      "footnotes": null
    },
    {
      "ayah": 95,
      "quarter_hizb": 32.5,
      "juz": 16,
      "manzil": 4,
      "arabic": "قَالَ فَمَا خَطْبُكَ يٰسَامِرِيُّ ",
      "latin": "Qāla famā khaṭbuka yā sāmiriyy(u). ",
      "translation": "Dia (Musa) berkata, “Apa yang mendorongmu (berbuat demikian), wahai Samiri?”",
      "footnotes": null
    },
    {
      "ayah": 96,
      "quarter_hizb": 32.5,
      "juz": 16,
      "manzil": 4,
      "arabic": "قَالَ بَصُرْتُ بِمَا لَمْ يَبْصُرُوْا بِهٖ فَقَبَضْتُ قَبْضَةً مِّنْ اَثَرِ الرَّسُوْلِ فَنَبَذْتُهَا وَكَذٰلِكَ سَوَّلَتْ لِيْ نَفْسِيْ ",
      "latin": "Qāla baṣurtu bimā lam yabṣurū bihī fa qabaḍtu qabḍatam min aṡarir-rasūli fa nabażtuhā wa każālika sawwalat lī nafsī. ",
      "translation": "Dia (Samiri) menjawab, “Aku melihat sesuatu yang tidak mereka lihat. Kemudian, aku ambil segenggam (tanah) bekas jejak rasul (Jibril) lalu aku lemparkan (ke dalam mulut patung anak sapi).479) Demikianlah nafsuku membujukku.”",
      "footnotes": "479) Menurut jumhur ulama, yang dimaksud dengan jejak rasul adalah jejak telapak kuda Jibril a.s. Pendapat ini menjelaskan bahwa Samiri mengambil segumpal tanah dari jejak telapak kuda itu lalu melemparkannya ke arah patung anak sapi yang berasal dari leburan perhiasan emas tadi sehingga patung itu mengeluarkan suara. Adapun sebagian kecil mufasir berpendapat bahwa jejak rasul di sini adalah ajaran-ajarannya. Menurut pemahaman ini, Samiri mengambil sebagian ajaran Nabi Musa a.s. kemudian meninggalkan ajaran-ajaran itu sehingga dia menjadi sesat. "
    },
    {
      "ayah": 97,
      "quarter_hizb": 32.5,
      "juz": 16,
      "manzil": 4,
      "arabic": "قَالَ فَاذْهَبْ فَاِنَّ لَكَ فِى الْحَيٰوةِ اَنْ تَقُوْلَ لَا مِسَاسَۖ وَاِنَّ لَكَ مَوْعِدًا لَّنْ تُخْلَفَهٗۚ وَانْظُرْ اِلٰٓى اِلٰهِكَ الَّذِيْ ظَلْتَ عَلَيْهِ عَاكِفًا ۗ  لَنُحَرِّقَنَّهٗ ثُمَّ لَنَنْسِفَنَّهٗ فِى الْيَمِّ نَسْفًا ",
      "latin": "Qāla fażhab fa inna laka fil-ḥayāti an taqūla lā misās(a), wa inna laka mau‘idal lan tukhlafah(ū), wanẓur ilā ilāhikal-lażī ẓalta ‘alaihi ‘ākifā(n), lanuḥarriqannahū ṡumma lanansifannahū fil-yammi nasfā(n). ",
      "translation": "Dia (Musa) berkata (kepada Samiri), “Pergilah kau! Sesungguhnya di dalam kehidupan (dunia) engkau (hanya dapat) mengatakan, ‘Jangan sentuh (aku).’480) Engkau pasti mendapat (hukuman) yang telah dijanjikan (di akhirat) yang tidak akan dapat engkau hindari. Lihatlah tuhanmu itu yang tetap engkau sembah. Kami pasti akan membakarnya, kemudian sungguh kami akan menghamburkan (abu)-nya ke laut.”",
      "footnotes": "480) Larangan menyentuh Nabi Musa a.s. bertujuan agar Samiri hidup terpencil sebagai hukuman di dunia. Adapun sebagai hukuman di akhirat, dia akan ditempatkan di neraka."
    },
    {
      "ayah": 98,
      "quarter_hizb": 32.5,
      "juz": 16,
      "manzil": 4,
      "arabic": "اِنَّمَآ اِلٰهُكُمُ اللّٰهُ الَّذِيْ لَآ اِلٰهَ اِلَّا هُوَۗ وَسِعَ كُلَّ شَيْءٍ عِلْمًا ",
      "latin": "Innamā ilāhukumullāhul-lażī lā ilāha illā huw(a), wasi‘a kulla syai'in ‘ilmā(n). ",
      "translation": "Sesungguhnya Tuhanmu hanyalah Allah yang tidak ada tuhan selain Dia. Ilmu-Nya meliputi segala sesuatu.",
      "footnotes": null
    },
    {
      "ayah": 99,
      "quarter_hizb": 32.5,
      "juz": 16,
      "manzil": 4,
      "arabic": "كَذٰلِكَ نَقُصُّ عَلَيْكَ مِنْ اَنْۢبَاۤءِ مَا قَدْ سَبَقَۚ وَقَدْ اٰتَيْنٰكَ مِنْ لَّدُنَّا ذِكْرًا ۚ",
      "latin": "Każālika naquṣṣu ‘alaika min ambā'i mā sabaq(a), wa qad ātaināka mil ladunnā żikrā(n).",
      "translation": "Demikianlah Kami kisahkan kepadamu (Nabi Muhammad) sebagian kisah umat yang terdahulu dan sungguh, telah Kami anugerahkan kepadamu suatu peringatan (Al-Qur’an) dari sisi Kami.",
      "footnotes": null
    },
    {
      "ayah": 100,
      "quarter_hizb": 32.5,
      "juz": 16,
      "manzil": 4,
      "arabic": "مَنْ اَعْرَضَ عَنْهُ فَاِنَّهٗ يَحْمِلُ يَوْمَ الْقِيٰمَةِ وِزْرًا ",
      "latin": "Man a‘raḍa ‘anhu fa innahū yaḥmilu yaumal-qiyāmati wizrā(n). ",
      "translation": "Siapa yang berpaling darinya (Al-Qur’an), sesungguhnya dia akan memikul beban yang berat (dosa) pada hari Kiamat.",
      "footnotes": null
    },
    {
      "ayah": 101,
      "quarter_hizb": 32.5,
      "juz": 16,
      "manzil": 4,
      "arabic": "خٰلِدِيْنَ فِيْهِ ۗوَسَاۤءَ لَهُمْ يَوْمَ الْقِيٰمَةِ حِمْلًاۙ ",
      "latin": "Khālidīna fīh(i), wa sā'a lahum yaumal-qiyāmati ḥimlā(n). ",
      "translation": "Mereka kekal di dalamnya. Sangat buruklah beban (dosa) itu bagi mereka pada hari Kiamat,",
      "footnotes": null
    },
    {
      "ayah": 102,
      "quarter_hizb": 32.5,
      "juz": 16,
      "manzil": 4,
      "arabic": "يَّوْمَ يُنْفَخُ فِى الصُّوْرِ وَنَحْشُرُ الْمُجْرِمِيْنَ يَوْمَىِٕذٍ زُرْقًا ۖ",
      "latin": "Yauma yunfakhu fiṣ-ṣūri wa naḥsyurul-mujrimīna yauma'iżin zurqā(n).",
      "translation": "(yaitu) pada hari ketika sangkakala ditiup.481) Pada hari itu Kami kumpulkan para pendurhaka dengan (wajah) pucat (penuh ketakutan).",
      "footnotes": "481) Tiupan sangkakala yang kedua adalah tiupan untuk membangkitkan manusia dari kuburnya atau menghidupkannya kembali."
    },
    {
      "ayah": 103,
      "quarter_hizb": 32.5,
      "juz": 16,
      "manzil": 4,
      "arabic": "يَّتَخَافَتُوْنَ بَيْنَهُمْ اِنْ لَّبِثْتُمْ اِلَّا عَشْرًا ",
      "latin": "Yatakhāfatūna bainahum il labiṡtum illā ‘asyrā(n). ",
      "translation": "Mereka berbisik satu sama lain, “Kamu tinggal (di dunia) tidak lebih dari sepuluh (hari).”",
      "footnotes": null
    },
    {
      "ayah": 104,
      "quarter_hizb": 32.5,
      "juz": 16,
      "manzil": 4,
      "arabic": "نَحْنُ اَعْلَمُ بِمَا يَقُوْلُوْنَ اِذْ يَقُوْلُ اَمْثَلُهُمْ طَرِيْقَةً اِنْ لَّبِثْتُمْ اِلَّا يَوْمًا ࣖ",
      "latin": "Naḥnu a‘lamu bimā yaqūlūna iż yaqūlu amṡaluhum ṭarīqatan il labiṡtum illā yaumā(n). ",
      "translation": "Kami lebih mengetahui apa yang akan mereka katakan, ketika orang yang paling lurus jalannya482) mengatakan, “Kamu tinggal (di dunia) tidak lebih dari sehari saja.”",
      "footnotes": "482) Maksudnya adalah orang yang lurus pikirannya atau amalnya di antara orang yang berdosa."
    },
    {
      "ayah": 105,
      "quarter_hizb": 32.5,
      "juz": 16,
      "manzil": 4,
      "arabic": "وَيَسْـَٔلُوْنَكَ عَنِ الْجِبَالِ فَقُلْ يَنْسِفُهَا رَبِّيْ نَسْفًا ۙ",
      "latin": "Wa yas'alūnaka ‘anil-jibāli fa qul yansifuhā rabbī nasfā(n). ",
      "translation": "Mereka bertanya kepadamu (Nabi Muhammad) tentang gunung-gunung, maka katakanlah, “Tuhanku akan menghancurkannya (pada hari Kiamat) sehancur-hancurnya,",
      "footnotes": null
    },
    {
      "ayah": 106,
      "quarter_hizb": 32.5,
      "juz": 16,
      "manzil": 4,
      "arabic": "فَيَذَرُهَا قَاعًا صَفْصَفًا ۙ",
      "latin": "Fa yażaruhā qā‘an ṣafṣafā(n). ",
      "translation": "kemudian Dia akan menjadikan (bekas gunung-gunung) itu dataran yang (terhampar) rata. ",
      "footnotes": null
    },
    {
      "ayah": 107,
      "quarter_hizb": 32.5,
      "juz": 16,
      "manzil": 4,
      "arabic": "لَّا تَرٰى فِيْهَا عِوَجًا وَّلَآ اَمْتًا ۗ",
      "latin": "Lā tarā fīhā ‘iwajaw wa lā amtā(n). ",
      "translation": "Engkau tidak akan melihat lagi dataran rendah dan dataran tinggi di sana.”",
      "footnotes": null
    },
    {
      "ayah": 108,
      "quarter_hizb": 32.5,
      "juz": 16,
      "manzil": 4,
      "arabic": "يَوْمَىِٕذٍ يَّتَّبِعُوْنَ الدَّاعِيَ لَا عِوَجَ لَهٗ ۚوَخَشَعَتِ الْاَصْوَاتُ لِلرَّحْمٰنِ فَلَا تَسْمَعُ اِلَّا هَمْسًا ",
      "latin": "Yauma'iżiy yattabi‘ūnad-dā‘iya lā ‘iwaja lah(ū), wa khasya‘atil-aṣwātu lir-raḥmāni falā tasma‘u illā hamsā(n). ",
      "translation": "Pada hari itu mereka mengikuti (panggilan) penyeru (Israfil) tanpa berbelok-belok. Semua suara tunduk merendah kepada Tuhan Yang Maha Pengasih, sehingga yang kamu dengar hanyalah bisik-bisik.",
      "footnotes": null
    },
    {
      "ayah": 109,
      "quarter_hizb": 32.5,
      "juz": 16,
      "manzil": 4,
      "arabic": "يَوْمَىِٕذٍ لَّا تَنْفَعُ الشَّفَاعَةُ اِلَّا مَنْ اَذِنَ لَهُ الرَّحْمٰنُ وَرَضِيَ لَهٗ قَوْلًا ",
      "latin": "Yauma'iżil lā tanfa‘usy-syafā‘atu illā man ażina lahur-raḥmānu wa raḍiya lahū qaulā(n). ",
      "translation": "Pada hari itu tidak berguna syafaat, kecuali dari orang yang telah diberi izin oleh Yang Maha Pengasih dan yang diridai perkataannya.",
      "footnotes": null
    },
    {
      "ayah": 110,
      "quarter_hizb": 32.5,
      "juz": 16,
      "manzil": 4,
      "arabic": "يَعْلَمُ مَا بَيْنَ اَيْدِيْهِمْ وَمَا خَلْفَهُمْ وَلَا يُحِيْطُوْنَ بِهٖ عِلْمًا ",
      "latin": "Ya‘lamu mā baina aidīhim wa mā khalfahum wa lā yuḥīṭūna bihī ‘ilmā(n). ",
      "translation": "Dia (Allah) mengetahui apa yang di hadapan mereka (yang akan terjadi) dan apa yang di belakang mereka (yang telah terjadi), sedangkan ilmu mereka tidak dapat meliputi-Nya.",
      "footnotes": null
    },
    {
      "ayah": 111,
      "quarter_hizb": 32.75,
      "juz": 16,
      "manzil": 4,
      "arabic": "۞ وَعَنَتِ الْوُجُوْهُ لِلْحَيِّ الْقَيُّوْمِۗ وَقَدْ خَابَ مَنْ حَمَلَ ظُلْمًا ",
      "latin": "Wa ‘anatil-wujūhu lil-ḥayyil-qayyūm(i), wa qad khāba man ḥamala ẓulmā(n). ",
      "translation": "Semua wajah tertunduk di hadapan (Allah) Yang Maha Hidup lagi Maha Mengurus. Sungguh rugi orang yang membawa kezaliman.",
      "footnotes": null
    },
    {
      "ayah": 112,
      "quarter_hizb": 32.75,
      "juz": 16,
      "manzil": 4,
      "arabic": "وَمَنْ يَّعْمَلْ مِنَ الصّٰلِحٰتِ وَهُوَ مُؤْمِنٌ فَلَا يَخٰفُ ظُلْمًا وَّلَا هَضْمًا ",
      "latin": "Wa may ya‘mal minaṣ-ṣāliḥāti wa huwa mu'minun falā yakhāfu ẓulmaw wa lā haḍmā(n). ",
      "translation": "Siapa yang mengerjakan kebajikan dan dia (dalam keadaan) beriman, maka dia tidak khawatir akan perlakuan zalim (terhadapnya) dan tidak (pula khawatir) akan pengurangan haknya.",
      "footnotes": null
    },
    {
      "ayah": 113,
      "quarter_hizb": 32.75,
      "juz": 16,
      "manzil": 4,
      "arabic": "وَكَذٰلِكَ اَنْزَلْنٰهُ قُرْاٰنًا عَرَبِيًّا وَّصَرَّفْنَا فِيْهِ مِنَ الْوَعِيْدِ لَعَلَّهُمْ يَتَّقُوْنَ اَوْ يُحْدِثُ لَهُمْ ذِكْرًا ",
      "latin": "Wa każālika anzalnāhu qur'ānan ‘arabiyyaw wa ṣarrafnā fīhi minal-wa‘īdi la‘allahum yattaqūna au yuḥdiṡu lahum żikrā(n). ",
      "translation": "Demikianlah, Kami menurunkan Al-Qur’an dalam bahasa Arab dan Kami telah menjelaskan berulang-ulang di dalamnya sebagian dari ancaman agar mereka bertakwa atau agar (Al-Qur’an) itu memberi pengajaran bagi mereka.",
      "footnotes": null
    },
    {
      "ayah": 114,
      "quarter_hizb": 32.75,
      "juz": 16,
      "manzil": 4,
      "arabic": "فَتَعٰلَى اللّٰهُ الْمَلِكُ الْحَقُّۚ وَلَا تَعْجَلْ بِالْقُرْاٰنِ مِنْ قَبْلِ اَنْ يُّقْضٰٓى اِلَيْكَ وَحْيُهٗ ۖوَقُلْ رَّبِّ زِدْنِيْ عِلْمًا ",
      "latin": "Fa ta‘ālallāhul-malikul-ḥaqq(u), wa lā ta‘jal bil-qur'āni min qabli ay yuqḍā ilaika waḥyuh(ū), wa qur rabbi zidnī ‘ilmā(n). ",
      "translation": "Maha Tinggi Allah, Raja yang sebenar-benarnya. Janganlah engkau (Nabi Muhammad) tergesa-gesa (membaca) Al-Qur’an sebelum selesai pewahyuannya kepadamu483) dan katakanlah, “Ya Tuhanku, tambahkanlah ilmu kepadaku.”",
      "footnotes": "483) Nabi Muhammad saw. dilarang oleh Allah Swt. mengikuti bacaan Jibril kata demi kata sebelum Jibril selesai membacakannya agar beliau menghafal dan memahami betul-betul ayat yang diturunkan. Allah Swt. menjamin bahwa beliau akan mampu menghafal ayat-ayat yang diturunkan kepadanya."
    },
    {
      "ayah": 115,
      "quarter_hizb": 32.75,
      "juz": 16,
      "manzil": 4,
      "arabic": "وَلَقَدْ عَهِدْنَآ اِلٰٓى اٰدَمَ مِنْ قَبْلُ فَنَسِيَ وَلَمْ نَجِدْ لَهٗ عَزْمًا ࣖ",
      "latin": "Wa laqad ‘ahidnā ilā ādama min qablu fa nasiya wa lam najid lahū ‘azmā(n). ",
      "translation": "Sungguh telah Kami perintahkan484) Adam dahulu (agar tidak mendekati pohon keabadian), tetapi dia lupa dan Kami tidak mendapati padanya tekad yang kuat (untuk menjauhi larangan).",
      "footnotes": "484) Pesan Allah Swt. ini tersebut dalam surah al-Baqarah (2): 35."
    },
    {
      "ayah": 116,
      "quarter_hizb": 32.75,
      "juz": 16,
      "manzil": 4,
      "arabic": "وَاِذْ قُلْنَا لِلْمَلٰۤىِٕكَةِ اسْجُدُوْا لِاٰدَمَ فَسَجَدُوْٓا اِلَّآ اِبْلِيْسَ اَبٰى ۗ",
      "latin": "Wa iż qulnā lil-malā'ikatisjudū li'ādama fa sajadū illā iblīsa abā. ",
      "translation": "(Ingatlah) ketika Kami berfirman kepada para malaikat, “Sujudlah kamu kepada Adam!” Mereka pun sujud, tetapi Iblis (enggan). Dia menolak.",
      "footnotes": null
    },
    {
      "ayah": 117,
      "quarter_hizb": 32.75,
      "juz": 16,
      "manzil": 4,
      "arabic": "فَقُلْنَا يٰٓاٰدَمُ اِنَّ هٰذَا عَدُوٌّ لَّكَ وَلِزَوْجِكَ فَلَا يُخْرِجَنَّكُمَا مِنَ الْجَنَّةِ فَتَشْقٰى ",
      "latin": "Fa qulnā yā ādamu inna hāżā ‘aduwwul laka wa lizaujika falā yukhrijannakumā minal-jannati fa tasyqā. ",
      "translation": "Kemudian Kami berfirman, “Wahai Adam, sesungguhnya (Iblis) inilah musuh bagimu dan bagi istrimu. Maka, sekali-kali jangan sampai dia mengeluarkan kamu berdua dari surga. Kelak kamu akan menderita.",
      "footnotes": null
    },
    {
      "ayah": 118,
      "quarter_hizb": 32.75,
      "juz": 16,
      "manzil": 4,
      "arabic": "اِنَّ لَكَ اَلَّا تَجُوْعَ فِيْهَا وَلَا تَعْرٰى ۙ",
      "latin": "Inna laka allā tajū‘a fīhā wa lā ta‘rā. ",
      "translation": "Sesungguhnya (ada jaminan) untukmu bahwa di sana engkau tidak akan kelaparan dan tidak akan telanjang.",
      "footnotes": null
    },
    {
      "ayah": 119,
      "quarter_hizb": 32.75,
      "juz": 16,
      "manzil": 4,
      "arabic": "وَاَنَّكَ لَا تَظْمَؤُا فِيْهَا وَلَا تَضْحٰى ",
      "latin": "Wa annaka lā taẓma'u fīhā wa lā taḍḥā. ",
      "translation": "Sesungguhnya di sana pun engkau tidak akan merasa dahaga dan tidak akan ditimpa terik matahari.”",
      "footnotes": null
    },
    {
      "ayah": 120,
      "quarter_hizb": 32.75,
      "juz": 16,
      "manzil": 4,
      "arabic": "فَوَسْوَسَ اِلَيْهِ الشَّيْطٰنُ قَالَ يٰٓاٰدَمُ هَلْ اَدُلُّكَ عَلٰى شَجَرَةِ الْخُلْدِ وَمُلْكٍ لَّا يَبْلٰى ",
      "latin": "Fa waswasa ilaihisy-syaiṭānu qāla yā ādamu hal adulluka ‘alā syajaratil-khuldi wa mulkil lā yablā. ",
      "translation": "Maka, setan membisikkan (pikiran jahat) kepadanya. Ia berkata, “Wahai Adam, maukah aku tunjukkan kepadamu pohon khuldi (keabadian) dan kerajaan yang tidak akan binasa?”",
      "footnotes": null
    },
    {
      "ayah": 121,
      "quarter_hizb": 32.75,
      "juz": 16,
      "manzil": 4,
      "arabic": "فَاَكَلَا مِنْهَا فَبَدَتْ لَهُمَا سَوْءٰتُهُمَا وَطَفِقَا يَخْصِفٰنِ عَلَيْهِمَا مِنْ وَّرَقِ الْجَنَّةِۚ وَعَصٰىٓ اٰدَمُ رَبَّهٗ فَغَوٰى ۖ",
      "latin": "Fa akalā minhā fa badat lahumā sau'ātuhumā wa ṭafiqā yakhṣifāni ‘alaihimā miw waraqil-jannah(ti), wa ‘aṣā ādamu rabbahū fa gawā. ",
      "translation": "Lalu, mereka berdua memakannya sehingga tampaklah oleh keduanya aurat mereka dan mulailah keduanya menutupinya dengan daun-daun (yang ada di) surga. Adam telah melanggar (perintah) Tuhannya dan khilaflah dia.485)",
      "footnotes": "485) Yang dimaksud dengan melanggar (perintah) Tuhannya di sini ialah melanggar larangan Allah Swt. karena lupa atau tidak sengaja, sebagaimana disebutkan dalam ayat 115 surah ini. Adapun yang dimaksud khilaf adalah mengikuti apa yang dibisikkan setan. Meskipun tidak begitu besar menurut ukuran manusia biasa, kesalahan Nabi Adam a.s. sudah dinamai melanggar karena tingginya martabat Nabi Adam a.s. dan supaya menjadi teladan pula bagi para tokoh dan pemimpin agar menjauhi perbuatan-perbuatan yang terlarang, seberapa pun kecilnya."
    },
    {
      "ayah": 122,
      "quarter_hizb": 32.75,
      "juz": 16,
      "manzil": 4,
      "arabic": "ثُمَّ اجْتَبٰىهُ رَبُّهٗ فَتَابَ عَلَيْهِ وَهَدٰى ",
      "latin": "Ṡummajtabāhu rabbuhū fa tāba ‘alaihi wa hadā. ",
      "translation": "Tuhannya kemudian memilihnya (menjadi rasul). Maka, Dia menerima tobatnya dan memberinya petunjuk.",
      "footnotes": null
    },
    {
      "ayah": 123,
      "quarter_hizb": 32.75,
      "juz": 16,
      "manzil": 4,
      "arabic": "قَالَ اهْبِطَا مِنْهَا جَمِيْعًاۢ بَعْضُكُمْ لِبَعْضٍ عَدُوٌّ ۚفَاِمَّا يَأْتِيَنَّكُمْ مِّنِّيْ هُدًى ەۙ فَمَنِ اتَّبَعَ هُدَايَ فَلَا يَضِلُّ وَلَا يَشْقٰى",
      "latin": "Qālahbiṭā minhā jamī‘am ba‘ḍukum liba‘ḍin ‘aduww(un), fa immā ya'tiyannakum minnī hudā(n), fa manittaba‘a hudāya falā yaḍillu wa lā yasyqā.",
      "translation": "Dia (Allah) berfirman, “Turunlah kamu berdua dari surga bersama-sama. Sebagian kamu (Adam dan keturunannya) menjadi musuh bagi yang lain. Jika datang kepadamu petunjuk dari-Ku, (ketahuilah bahwa) siapa yang mengikuti petunjuk-Ku, dia tidak akan sesat dan tidak akan celaka.",
      "footnotes": null
    },
    {
      "ayah": 124,
      "quarter_hizb": 32.75,
      "juz": 16,
      "manzil": 4,
      "arabic": "وَمَنْ اَعْرَضَ عَنْ ذِكْرِيْ فَاِنَّ لَهٗ مَعِيْشَةً ضَنْكًا وَّنَحْشُرُهٗ يَوْمَ الْقِيٰمَةِ اَعْمٰى ",
      "latin": "Wa man a‘raḍa ‘an żikrī fa inna lahū ma‘īsyatan ḍankaw wa naḥsyuruhū yaumal-qiyāmati a‘mā. ",
      "translation": "Siapa yang berpaling dari peringatan-Ku, maka sesungguhnya baginya kehidupan yang sempit. Kami akan mengumpulkannya pada hari Kiamat dalam keadaan buta.”",
      "footnotes": null
    },
    {
      "ayah": 125,
      "quarter_hizb": 32.75,
      "juz": 16,
      "manzil": 4,
      "arabic": "قَالَ رَبِّ لِمَ حَشَرْتَنِيْٓ اَعْمٰى وَقَدْ كُنْتُ بَصِيْرًا ",
      "latin": "Qāla rabbi lima ḥasyartanī a‘mā wa qad kuntu baṣīrā(n). ",
      "translation": "Dia berkata, “Ya Tuhanku, mengapa Engkau mengumpulkan aku dalam keadaan buta, padahal sungguh dahulu aku dapat melihat?”",
      "footnotes": null
    },
    {
      "ayah": 126,
      "quarter_hizb": 32.75,
      "juz": 16,
      "manzil": 4,
      "arabic": "قَالَ كَذٰلِكَ اَتَتْكَ اٰيٰتُنَا فَنَسِيْتَهَاۚ وَكَذٰلِكَ الْيَوْمَ تُنْسٰى ",
      "latin": "Qāla każālika atatka āyātunā fa nasītahā, wa każālikal-yauma tunsā. ",
      "translation": "Dia (Allah) berfirman, “Memang seperti itulah (balasanmu). (Dahulu) telah datang kepadamu ayat-ayat Kami, lalu engkau mengabaikannya. Begitu (pula) pada hari ini engkau diabaikan.”",
      "footnotes": null
    },
    {
      "ayah": 127,
      "quarter_hizb": 32.75,
      "juz": 16,
      "manzil": 4,
      "arabic": "وَكَذٰلِكَ نَجْزِيْ مَنْ اَسْرَفَ وَلَمْ يُؤْمِنْۢ بِاٰيٰتِ رَبِّهٖۗ وَلَعَذَابُ الْاٰخِرَةِ اَشَدُّ وَاَبْقٰى ",
      "latin": "Wa każālika najzī man asrafa wa lam yu'mim bi'āyāti rabbih(ī), wa la‘ażābul-ākhirati asyaddu wa abqā. ",
      "translation": "Demikianlah Kami membalas orang yang melampaui batas dan tidak percaya pada ayat-ayat Tuhannya. Sungguh, azab di akhirat itu lebih berat dan lebih kekal.",
      "footnotes": null
    },
    {
      "ayah": 128,
      "quarter_hizb": 32.75,
      "juz": 16,
      "manzil": 4,
      "arabic": "اَفَلَمْ يَهْدِ لَهُمْ كَمْ اَهْلَكْنَا قَبْلَهُمْ مِّنَ الْقُرُوْنِ يَمْشُوْنَ فِيْ مَسٰكِنِهِمْۗ اِنَّ فِيْ ذٰلِكَ لَاٰيٰتٍ لِّاُولِى النُّهٰى ࣖ",
      "latin": "Afalam yahdi lahum kam ahlaknā qablahum minal-qurūni yamsyūna fī masākinihim, inna fī żālika la'āyātil li'ulin nuhā. ",
      "translation": "Tidakkah menjadi petunjuk bagi mereka (orang-orang musyrik) tentang berapa banyak generasi sebelum mereka yang telah Kami binasakan, (padahal) mereka melewati (bekas-bekas) tempat tinggal mereka (generasi itu)? Sesungguhnya pada yang demikian itu terdapat tanda-tanda (kekuasaan Allah) bagi orang-orang yang berakal.",
      "footnotes": null
    },
    {
      "ayah": 129,
      "quarter_hizb": 32.75,
      "juz": 16,
      "manzil": 4,
      "arabic": "وَلَوْلَا كَلِمَةٌ سَبَقَتْ مِنْ رَّبِّكَ لَكَانَ لِزَامًا وَّاَجَلٌ مُّسَمًّى ۗ",
      "latin": "Wa lau lā kalimatun sabaqat mir rabbika lakāna lizāmaw wa ajalum musammā(n). ",
      "translation": "Seandainya tidak ada suatu ketetapan yang terdahulu dari Tuhanmu serta tidak ada ajal yang telah ditentukan (bagi mereka),486) pastilah (siksaan itu langsung menimpa mereka).",
      "footnotes": "486) Ajal yang ditentukan adalah waktu yang telah ditetapkan oleh Allah Swt. untuk menurunkan azab."
    },
    {
      "ayah": 130,
      "quarter_hizb": 32.75,
      "juz": 16,
      "manzil": 4,
      "arabic": "فَاصْبِرْ عَلٰى مَا يَقُوْلُوْنَ وَسَبِّحْ بِحَمْدِ رَبِّكَ قَبْلَ طُلُوْعِ الشَّمْسِ وَقَبْلَ غُرُوْبِهَا ۚوَمِنْ اٰنَاۤئِ الَّيْلِ فَسَبِّحْ وَاَطْرَافَ النَّهَارِ لَعَلَّكَ تَرْضٰى",
      "latin": "Faṣbir ‘alā mā yaqūlūna wa sabbiḥ biḥamdi rabbika qabla ṭulū‘isy-syamsi wa qabla gurūbihā, wa min ānā'il-laili fa sabbiḥ wa aṭrāfan-nahāri la‘allaka tarḍā.",
      "translation": "Maka, bersabarlah engkau (Nabi Muhammad) atas apa yang mereka katakan dan bertasbihlah dengan memuji Tuhanmu sebelum matahari terbit dan sebelum terbenam. Bertasbihlah (pula) pada waktu tengah malam dan di ujung siang hari agar engkau merasa tenang.",
      "footnotes": null
    },
    {
      "ayah": 131,
      "quarter_hizb": 32.75,
      "juz": 16,
      "manzil": 4,
      "arabic": "وَلَا تَمُدَّنَّ عَيْنَيْكَ اِلٰى مَا مَتَّعْنَا بِهٖٓ اَزْوَاجًا مِّنْهُمْ زَهْرَةَ الْحَيٰوةِ الدُّنْيَا ەۙ لِنَفْتِنَهُمْ فِيْهِ ۗوَرِزْقُ رَبِّكَ خَيْرٌ وَّاَبْقٰى",
      "latin": "Wa lā tamuddanna ‘ainaika ilā mā matta‘nā bihī azwājam minhum zahratal-ḥayātid-dun-yā, linaftinahum fīh(i), wa rizqu rabbika khairuw wa abqā. ",
      "translation": "Janganlah sekali-kali engkau tujukan pandangan matamu pada kenikmatan yang telah Kami anugerahkan kepada beberapa golongan dari mereka (sebagai) bunga kehidupan dunia agar Kami uji mereka dengan (kesenangan) itu. Karunia Tuhanmu lebih baik dan lebih kekal.",
      "footnotes": null
    },
    {
      "ayah": 132,
      "quarter_hizb": 32.75,
      "juz": 16,
      "manzil": 4,
      "arabic": "وَأْمُرْ اَهْلَكَ بِالصَّلٰوةِ وَاصْطَبِرْ عَلَيْهَاۗ  لَا نَسْـَٔلُكَ رِزْقًاۗ نَحْنُ نَرْزُقُكَۗ وَالْعَاقِبَةُ لِلتَّقْوٰى ",
      "latin": "Wa'mur ahlaka biṣ-ṣalāti waṣṭabir ‘alaihā, lā nas'aluka rizqā(n), naḥnu narzuquk(a), wal-‘āqibatu lit-taqwā.",
      "translation": "Perintahkanlah keluargamu melaksanakan salat dan bersabarlah dengan sungguh-sungguh dalam mengerjakannya. Kami tidak meminta rezeki kepadamu. Kamilah yang memberi rezeki kepadamu. Kesudahan (yang baik di dunia dan akhirat) adalah bagi orang yang bertakwa.",
      "footnotes": null
    },
    {
      "ayah": 133,
      "quarter_hizb": 32.75,
      "juz": 16,
      "manzil": 4,
      "arabic": "وَقَالُوْا لَوْلَا يَأْتِيْنَا بِاٰيَةٍ مِّنْ رَّبِّهٖۗ اَوَلَمْ تَأْتِهِمْ بَيِّنَةُ مَا فِى الصُّحُفِ الْاُوْلٰى ",
      "latin": "Wa qālū lau lā ya'tīnā bi'āyatim mir rabbih(ī), awalam ta'tihim bayyinatu mā fiṣ-ṣuḥufil-ūlā. ",
      "translation": "Mereka berkata, “Mengapa dia (Nabi Muhammad) tidak membawa tanda (mukjizat) kepada kami dari Tuhannya?”487) Bukankah telah datang kepada mereka bukti nyata yang tersebut di dalam kitab-kitab terdahulu?",
      "footnotes": "487) Lihat surah al-Isrā’ (17): 90‒93."
    },
    {
      "ayah": 134,
      "quarter_hizb": 32.75,
      "juz": 16,
      "manzil": 4,
      "arabic": "وَلَوْ اَنَّآ اَهْلَكْنٰهُمْ بِعَذَابٍ مِّنْ قَبْلِهٖ لَقَالُوْا رَبَّنَا لَوْلَآ اَرْسَلْتَ اِلَيْنَا رَسُوْلًا فَنَتَّبِعَ اٰيٰتِكَ مِنْ قَبْلِ اَنْ نَّذِلَّ وَنَخْزٰى ",
      "latin": "Wa lau annā ahlaknāhum bi‘ażābim min qablihī laqālū rabbanā lau lā arsalta ilainā rasūlan fa nattabi‘a āyātika min qabli an nażilla wa nakhzā. ",
      "translation": "Seandainya Kami binasakan mereka dengan suatu siksaan sebelum (bukti itu datang), tentulah mereka berkata, “Ya Tuhan kami, mengapa tidak Engkau utus seorang rasul kepada kami sehingga kami mengikuti ayat-ayat-Mu sebelum kami menjadi hina dan rendah?”",
      "footnotes": null
    },
    {
      "ayah": 135,
      "quarter_hizb": 32.75,
      "juz": 16,
      "manzil": 4,
      "arabic": "قُلْ كُلٌّ مُّتَرَبِّصٌ فَتَرَبَّصُوْاۚ فَسَتَعْلَمُوْنَ مَنْ اَصْحٰبُ الصِّرَاطِ السَّوِيِّ وَمَنِ اهْتَدٰى ࣖ    ۔",
      "latin": "Qul kullum mutarabbiṣun fa tarabbaṣū, fa sata‘lamūna man aṣḥābuṣ-ṣirāṭis-sawiyyi wa manihtadā. ",
      "translation": "Katakanlah (Nabi Muhammad), “Setiap (kita) menanti, maka menantilah! Kelak kamu akan mengetahui siapa yang berada di jalan yang lurus dan siapa yang telah mendapat petunjuk.”",
      "footnotes": null
    }
  ]
}