{
  "arabic": "الحجّ",
  "latin": "Al-Ḥajj",
  "transliteration": "Al-Hajj",
  "translation": "Haji",
  "num_ayah": 78,
  "location": "Madaniyah",
  "ayah": [
    {
      "ayah": 1,
      "quarter_hizb": 34,
      "juz": 17,
      "manzil": 4,
      "arabic": "يٰٓاَيُّهَا النَّاسُ اتَّقُوْا رَبَّكُمْۚ اِنَّ زَلْزَلَةَ السَّاعَةِ شَيْءٌ عَظِيْمٌ ",
      "latin": "Yā ayyuhan-nāsuttaqū rabbakum, inna zalzalatas-sā‘ati syai'un ‘aẓīm(un).",
      "translation": "Wahai manusia, bertakwalah kepada Tuhanmu. Sesungguhnya guncangan hari Kiamat itu adalah sesuatu yang sangat besar.",
      "footnotes": null
    },
    {
      "ayah": 2,
      "quarter_hizb": 34,
      "juz": 17,
      "manzil": 4,
      "arabic": "يَوْمَ تَرَوْنَهَا تَذْهَلُ كُلُّ مُرْضِعَةٍ عَمَّآ اَرْضَعَتْ وَتَضَعُ كُلُّ ذَاتِ حَمْلٍ حَمْلَهَا وَتَرَى النَّاسَ سُكٰرٰى وَمَا هُمْ بِسُكٰرٰى وَلٰكِنَّ عَذَابَ اللّٰهِ شَدِيْدٌ ",
      "latin": "Yauma taraunahā tażhalu kullu murḍi‘atin ‘ammā arḍa‘at wa taḍa‘u kullu żāti ḥamlin ḥamlahā wa taran-nāsa sukārā wa mā hum bisukārā wa lākinna ‘ażāballāhi syadīd(un).",
      "translation": "Pada hari kamu melihatnya (guncangan itu), semua perempuan yang menyusui melupakan anak yang disusuinya, setiap perempuan yang hamil akan keguguran kandungannya dan kamu melihat manusia mabuk, padahal sebenarnya mereka tidak mabuk. Akan tetapi, azab Allah itu sangat keras.",
      "footnotes": null
    },
    {
      "ayah": 3,
      "quarter_hizb": 34,
      "juz": 17,
      "manzil": 4,
      "arabic": "وَمِنَ النَّاسِ مَنْ يُّجَادِلُ فِى اللّٰهِ بِغَيْرِ عِلْمٍ وَّيَتَّبِعُ كُلَّ شَيْطٰنٍ مَّرِيْدٍۙ ",
      "latin": "Wa minan-nāsi may yujādilu fillāhi bigairi ‘ilmiw wa yattabi‘u kulla syaiṭānim marīd(in).",
      "translation": "Di antara manusia ada yang berdebat tentang Allah tanpa ilmu dan (hanya) mengikuti setiap (langkah dan tipu daya) setan yang sangat jahat.",
      "footnotes": null
    },
    {
      "ayah": 4,
      "quarter_hizb": 34,
      "juz": 17,
      "manzil": 4,
      "arabic": "كُتِبَ عَلَيْهِ اَنَّهٗ مَنْ تَوَلَّاهُ فَاَنَّهٗ يُضِلُّهٗ وَيَهْدِيْهِ اِلٰى عَذَابِ السَّعِيْرِ ",
      "latin": "Kutiba ‘alaihi annahū man tawallāhu fa annahū yuḍilluhū wa yahdīhi ilā ‘ażābis-sa‘īr(i).",
      "translation": "Telah ditetapkan atasnya (setan) bahwa siapa yang berteman dengannya akan disesatkan dan dibawanya ke azab (neraka) yang menyala-nyala.",
      "footnotes": null
    },
    {
      "ayah": 5,
      "quarter_hizb": 34,
      "juz": 17,
      "manzil": 4,
      "arabic": "يٰٓاَيُّهَا النَّاسُ اِنْ كُنْتُمْ فِيْ رَيْبٍ مِّنَ الْبَعْثِ فَاِنَّا خَلَقْنٰكُمْ مِّنْ تُرَابٍ ثُمَّ مِنْ نُّطْفَةٍ ثُمَّ مِنْ عَلَقَةٍ ثُمَّ مِنْ مُّضْغَةٍ مُّخَلَّقَةٍ وَّغَيْرِ مُخَلَّقَةٍ لِّنُبَيِّنَ لَكُمْۗ وَنُقِرُّ فِى الْاَرْحَامِ مَا نَشَاۤءُ اِلٰٓى اَجَلٍ مُّسَمًّى ثُمَّ نُخْرِجُكُمْ طِفْلًا ثُمَّ لِتَبْلُغُوْٓا اَشُدَّكُمْۚ وَمِنْكُمْ مَّنْ يُّتَوَفّٰى وَمِنْكُمْ مَّنْ يُّرَدُّ اِلٰٓى اَرْذَلِ الْعُمُرِ لِكَيْلَا يَعْلَمَ مِنْۢ بَعْدِ عِلْمٍ شَيْـًٔاۗ وَتَرَى الْاَرْضَ هَامِدَةً فَاِذَآ اَنْزَلْنَا عَلَيْهَا الْمَاۤءَ اهْتَزَّتْ وَرَبَتْ وَاَنْۢبَتَتْ مِنْ كُلِّ زَوْجٍۢ بَهِيْجٍ",
      "latin": "Yā ayyuhan-nāsu in kuntum fī raibim minal-ba‘ṡi fa innā khalaqnākum min turābin ṡumma min nuṭfatin ṡumma min ‘alaqatin ṡumma mim muḍgatim mukhallaqatiw wa gairi mukhallaqatil linubayyina lakum, wa nuqirru fil-arḥāmi mā nasyā'u ilā ajalim musamman ṡumma nukhrijukum ṭiflan ṡumma litablugū asyuddakum, wa minkum may yutawaffā wa minkum may yuraddu ilā arżalil-‘umuri likailā ya‘lama ba‘da  ‘ilmin syai'ā(n), wa taral-arḍa hāmidatan fa iżā anzalnā ‘alaihal-mā'ahtazzat wa rabat wa ambatat min kulli zaujim bahīj(in).",
      "translation": "Wahai manusia, jika kamu meragukan (hari) kebangkitan, sesungguhnya Kami telah menciptakan (orang tua) kamu (Nabi Adam) dari tanah, kemudian (kamu sebagai keturunannya Kami ciptakan) dari setetes mani, lalu segumpal darah, lalu segumpal daging, baik kejadiannya sempurna maupun tidak sempurna, agar Kami jelaskan kepadamu (tanda kekuasaan Kami dalam penciptaan). Kami tetapkan dalam rahim apa yang Kami kehendaki sampai waktu yang sudah ditentukan. Kemudian, Kami mengeluarkanmu sebagai bayi, lalu (Kami memeliharamu) hingga kamu mencapai usia dewasa. Di antara kamu ada yang diwafatkan dan (ada pula) yang dikembalikan ke umur yang sangat tua sehingga dia tidak mengetahui lagi sesuatu yang pernah diketahuinya (pikun). Kamu lihat bumi itu kering. Jika Kami turunkan air (hujan) di atasnya, ia pun hidup dan menjadi subur serta menumbuhkan berbagai jenis (tetumbuhan) yang indah.",
      "footnotes": null
    },
    {
      "ayah": 6,
      "quarter_hizb": 34,
      "juz": 17,
      "manzil": 4,
      "arabic": "ذٰلِكَ بِاَنَّ اللّٰهَ هُوَ الْحَقُّ وَاَنَّهٗ يُحْيِ الْمَوْتٰى وَاَنَّهٗ عَلٰى كُلِّ شَيْءٍ قَدِيْرٌ ۙ",
      "latin": "Żālika bi'annallāha huwal-ḥaqqu wa annahū yuḥyil-mautā wa annahū ‘alā kulli syai'in qadīr(un).",
      "translation": "Demikianlah (penciptaan manusia) itu karena sesungguhnya Allah, Dialah yang Maha Benar dan sesungguhnya Dia menghidupkan orang-orang yang mati dan sesungguhnya Dia Maha Kuasa atas segala sesuatu.",
      "footnotes": null
    },
    {
      "ayah": 7,
      "quarter_hizb": 34,
      "juz": 17,
      "manzil": 4,
      "arabic": "وَّاَنَّ السَّاعَةَ اٰتِيَةٌ لَّا رَيْبَ فِيْهَاۙ وَاَنَّ اللّٰهَ يَبْعَثُ مَنْ فِى الْقُبُوْرِ ",
      "latin": "Wa annas-sā‘ata ātiyatul lā raiba fīhā, wa annallāha yab‘aṡu man fil-qubūr(i).",
      "translation": "Sesungguhnya kiamat itu pasti datang, tidak ada keraguan padanya dan sesungguhnya Allah akan membangkitkan siapa pun yang di dalam kubur.",
      "footnotes": null
    },
    {
      "ayah": 8,
      "quarter_hizb": 34,
      "juz": 17,
      "manzil": 4,
      "arabic": "وَمِنَ النَّاسِ مَنْ يُّجَادِلُ فِى اللّٰهِ بِغَيْرِ عِلْمٍ وَّلَا هُدًى وَّلَا كِتٰبٍ مُّنِيْرٍ ۙ",
      "latin": "Wa minan-nāsi may yujādilu fillāhi bigairi ‘ilmiw wa lā hudaw wa lā kitābim munīr(in).",
      "translation": "Di antara manusia ada yang berdebat tentang Allah tanpa ilmu, tanpa petunjuk, dan tanpa kitab (wahyu) yang memberi penerangan.",
      "footnotes": null
    },
    {
      "ayah": 9,
      "quarter_hizb": 34,
      "juz": 17,
      "manzil": 4,
      "arabic": "ثَانِيَ عِطْفِهٖ لِيُضِلَّ عَنْ سَبِيْلِ اللّٰهِ ۗ لَهٗ فِى الدُّنْيَا خِزْيٌ وَّنُذِيْقُهٗ يَوْمَ الْقِيٰمَةِ عَذَابَ الْحَرِيْقِ",
      "latin": "Ṡāniya ‘iṭfihī liyuḍilla ‘an sabīlillāh(i), lahū fid-dun-yā khizyuw wa nużīquhū yaumal-qiyāmati ‘ażābal-ḥarīq(i).",
      "translation": "Sambil memalingkan lehernya (dengan congkak) untuk menyesatkan manusia dari jalan Allah. Bagi dialah kehinaan di dunia dan pada hari Kiamat Kami mencicipkan kepadanya azab (neraka) yang membakar.",
      "footnotes": null
    },
    {
      "ayah": 10,
      "quarter_hizb": 34,
      "juz": 17,
      "manzil": 4,
      "arabic": "ذٰلِكَ بِمَا قَدَّمَتْ يَدٰكَ وَاَنَّ اللّٰهَ لَيْسَ بِظَلَّامٍ لِّلْعَبِيْدِ ࣖ",
      "latin": "Żālika bimā qaddamat yadāka wa annallāha laisa biẓallāmil lil-‘abīd(i).",
      "translation": "(Akan dikatakan kepadanya,) “Hal itu disebabkan apa yang dahulu kamu lakukan dan sesungguhnya Allah sekali-kali tidak menzalimi hamba-hamba-Nya.”",
      "footnotes": null
    },
    {
      "ayah": 11,
      "quarter_hizb": 34,
      "juz": 17,
      "manzil": 4,
      "arabic": "وَمِنَ النَّاسِ مَنْ يَّعْبُدُ اللّٰهَ عَلٰى حَرْفٍۚ فَاِنْ اَصَابَهٗ خَيْرُ ِۨاطْمَئَنَّ بِهٖۚ وَاِنْ اَصَابَتْهُ فِتْنَةُ ِۨانْقَلَبَ عَلٰى وَجْهِهٖۗ خَسِرَ الدُّنْيَا وَالْاٰخِرَةَۗ ذٰلِكَ هُوَ الْخُسْرَانُ الْمُبِيْنُ ",
      "latin": "Wa minan-nāsi may ya‘budullāha ‘alā ḥarf(in), fa in aṣābahū khairuniṭma'anna  bih(ī), wa in aṣābathu fitnatuninqalaba ‘alā wajhih(ī), khasirad-dun-yā wal-ākhirah(ta), żālika huwal-khusrānul-mubīn(u).",
      "translation": "Di antara manusia ada yang menyembah Allah hanya di tepi (tidak dengan penuh keyakinan). Jika memperoleh kebaikan, dia pun tenang. Akan tetapi, jika ditimpa suatu cobaan, dia berbalik ke belakang (kembali kufur). Dia merugi di dunia dan akhirat. Itulah kerugian yang nyata.",
      "footnotes": null
    },
    {
      "ayah": 12,
      "quarter_hizb": 34,
      "juz": 17,
      "manzil": 4,
      "arabic": "يَدْعُوْا مِنْ دُوْنِ اللّٰهِ مَا لَا يَضُرُّهٗ وَمَا لَا يَنْفَعُهٗۗ ذٰلِكَ هُوَ الضَّلٰلُ الْبَعِيْدُ ۚ",
      "latin": "Yad‘ū min dūnillāhi mā lā yaḍurruhū wa mā lā yanfa‘uh(ū), żālika huwaḍ-ḍalālul-ba‘īd(u).",
      "translation": "Dia menyeru sesuatu selain Allah yang tidak dapat mendatangkan mudarat dan tidak (pula) memberikan manfaat kepadanya. Itulah kesesatan yang jauh.",
      "footnotes": null
    },
    {
      "ayah": 13,
      "quarter_hizb": 34,
      "juz": 17,
      "manzil": 4,
      "arabic": "يَدْعُوْا لَمَنْ ضَرُّهٗٓ اَقْرَبُ مِنْ نَّفْعِهٖۗ  لَبِئْسَ الْمَوْلٰى وَلَبِئْسَ الْعَشِيْرُ ",
      "latin": "Yad‘ū laman ḍarruhū aqrabu min naf‘ih(ī), labi'sal-maulā wa labi'sal-‘asyīr(u).",
      "translation": "Dia menyeru kepada sesuatu yang mudaratnya benar-benar lebih dekat daripada manfaatnya. Sungguh, itu seburuk-buruk penolong dan sejahat-jahat kawan.",
      "footnotes": null
    },
    {
      "ayah": 14,
      "quarter_hizb": 34,
      "juz": 17,
      "manzil": 4,
      "arabic": "اِنَّ اللّٰهَ يُدْخِلُ الَّذِيْنَ اٰمَنُوْا وَعَمِلُوا الصّٰلِحٰتِ جَنّٰتٍ تَجْرِيْ مِنْ تَحْتِهَا الْاَنْهٰرُۗ اِنَّ اللّٰهَ يَفْعَلُ مَا يُرِيْدُ ",
      "latin": "Innallāha yudkhilul-lażīna āmanū wa ‘amiluṣ-ṣāliḥāti jannātin tajrī min taḥtihal-anhār(u), innallāha yaf‘alu mā yurīd(u).",
      "translation": "Sesungguhnya Allah akan memasukkan orang-orang yang beriman dan beramal saleh ke dalam surga-surga yang mengalir di bawahnya sungai-sungai. Sesungguhnya Allah melakukan apa yang Dia kehendaki.",
      "footnotes": null
    },
    {
      "ayah": 15,
      "quarter_hizb": 34,
      "juz": 17,
      "manzil": 4,
      "arabic": "مَنْ كَانَ يَظُنُّ اَنْ لَّنْ يَّنْصُرَهُ اللّٰهُ فِى الدُّنْيَا وَالْاٰخِرَةِ فَلْيَمْدُدْ بِسَبَبٍ اِلَى السَّمَاۤءِ ثُمَّ لْيَقْطَعْ فَلْيَنْظُرْ هَلْ يُذْهِبَنَّ كَيْدُهٗ مَا يَغِيْظُ ",
      "latin": "Man kāna yaẓunnu allay yanṣurahullāhu fid-dun-yā wal-ākhirati falyamdud bisababin ilas-samā'i ṡummalyaqṭa‘ falyanẓur hal yużhibanna kaiduhū mā yagīẓ(u).",
      "translation": "Siapa yang menyangka bahwa Allah tidak akan menolongnya (Nabi Muhammad) di dunia dan di akhirat hendaklah merentangkan tali ke langit-langit (rumahnya untuk mencekik lehernya), lalu memutuskan tali tersebut. Kemudian, hendaklah dia memperhatikan apakah tipu dayanya itu dapat melenyapkan apa yang menyakitkan (hatinya)?",
      "footnotes": null
    },
    {
      "ayah": 16,
      "quarter_hizb": 34,
      "juz": 17,
      "manzil": 4,
      "arabic": "وَكَذٰلِكَ اَنْزَلْنٰهُ اٰيٰتٍۢ بَيِّنٰتٍۙ وَّاَنَّ اللّٰهَ يَهْدِيْ مَنْ يُّرِيْدُ ",
      "latin": "Wa każālika anzalnāhu āyātim bayyināt(in), wa annallāha yahdī may yurīd(u).",
      "translation": "Demikianlah Kami telah menurunkannya (Al-Qur’an) sebagai ayat-ayat yang jelas dan sesungguhnya Allah memberikan petunjuk kepada siapa yang Dia kehendaki.",
      "footnotes": null
    },
    {
      "ayah": 17,
      "quarter_hizb": 34,
      "juz": 17,
      "manzil": 4,
      "arabic": "اِنَّ الَّذِيْنَ اٰمَنُوْا وَالَّذِيْنَ هَادُوْا وَالصَّابِـِٕيْنَ وَالنَّصٰرٰى وَالْمَجُوْسَ وَالَّذِيْنَ اَشْرَكُوْٓا ۖاِنَّ اللّٰهَ يَفْصِلُ بَيْنَهُمْ يَوْمَ الْقِيٰمَةِۗ اِنَّ اللّٰهَ عَلٰى كُلِّ شَيْءٍ شَهِيْدٌ ",
      "latin": "Innal-lażīna āmanū wal-lażīna hādū waṣ-ṣābi'īna wan-naṣārā wal-majūsa wal-lażīna asyrakū, innallāha yafṣilu bainahum yaumal-qiyāmah(ti), innallāha ‘alā kulli syai'in syahīd(un).",
      "translation": "Sesungguhnya orang-orang yang beriman, orang-orang Yahudi, Sabiin, Nasrani, Majusi, dan orang-orang yang menyekutukan Allah akan Allah berikan keputusan di antara mereka pada hari Kiamat. Sesungguhnya Allah menjadi saksi atas segala sesuatu.",
      "footnotes": null
    },
    {
      "ayah": 18,
      "quarter_hizb": 34,
      "juz": 17,
      "manzil": 4,
      "arabic": "اَلَمْ تَرَ اَنَّ اللّٰهَ يَسْجُدُ لَهٗ مَنْ فِى السَّمٰوٰتِ وَمَنْ فِى الْاَرْضِ وَالشَّمْسُ وَالْقَمَرُ وَالنُّجُوْمُ وَالْجِبَالُ وَالشَّجَرُ وَالدَّوَاۤبُّ وَكَثِيْرٌ مِّنَ النَّاسِۗ وَكَثِيْرٌ حَقَّ عَلَيْهِ الْعَذَابُۗ وَمَنْ يُّهِنِ اللّٰهُ فَمَا لَهٗ مِنْ مُّكْرِمٍۗ اِنَّ اللّٰهَ يَفْعَلُ مَا يَشَاۤءُ ۩ۗ",
      "latin": "Alam tara annallāha yasjudu lahū man fis-samāwāti wa man fil-arḍi wasy-syamsu wal-qamaru wan-nujūmu wal-jibālu wasy-syajaru wad-dawābbu wa kaṡīrum minan-nās(i), wa kaṡīrun ḥaqqa ‘alaihil-‘ażāb(u), wa may yuhinillāhu famā lahū mim mukrim(in), innallāha yaf‘alu mā yasyā'(u).",
      "translation": "Tidakkah engkau mengetahui bahwa bersujud kepada Allah siapa yang ada di langit dan siapa yang ada di bumi, juga matahari, bulan, bintang, gunung, pohon, hewan melata, dan kebanyakan manusia? Akan tetapi, banyak (manusia) yang pantas mendapatkan azab. Siapa yang dihinakan Allah tidak seorang pun yang akan memuliakannya. Sesungguhnya Allah melakukan apa yang Dia kehendaki.",
      "footnotes": null
    },
    {
      "ayah": 19,
      "quarter_hizb": 34.25,
      "juz": 17,
      "manzil": 4,
      "arabic": "۞ هٰذَانِ خَصْمٰنِ اخْتَصَمُوْا فِيْ رَبِّهِمْ  فَالَّذِيْنَ كَفَرُوْا قُطِّعَتْ لَهُمْ ثِيَابٌ مِّنْ نَّارٍۗ يُصَبُّ مِنْ فَوْقِ رُءُوْسِهِمُ الْحَمِيْمُ ۚ",
      "latin": "Hāżāni khaṣmānikhtaṣamū fī rabbihim fal-lażīna kafarū quṭṭi‘at lahum ṡiyābum min nār(in), yuṣabbu min fauqi ru'ūsihimul-ḥamīm(u).",
      "translation": "Inilah dua golongan (mukmin dan kafir) yang bertengkar. Mereka bertengkar tentang Tuhan mereka. Bagi orang-orang yang kufur dibuatkan pakaian dari api neraka. Ke atas kepala mereka akan disiramkan air yang mendidih.",
      "footnotes": null
    },
    {
      "ayah": 20,
      "quarter_hizb": 34.25,
      "juz": 17,
      "manzil": 4,
      "arabic": "يُصْهَرُ بِهٖ مَا فِيْ بُطُوْنِهِمْ وَالْجُلُوْدُ ۗ",
      "latin": "Yuṣharu bihī mā fī buṭūnihim wal-julūd(u).",
      "translation": "Dengan (air mendidih) itu akan diluluhlantakkan apa yang ada dalam perut mereka dan (juga) kulit (mereka).",
      "footnotes": null
    },
    {
      "ayah": 21,
      "quarter_hizb": 34.25,
      "juz": 17,
      "manzil": 4,
      "arabic": "وَلَهُمْ مَّقَامِعُ مِنْ حَدِيْدٍ ",
      "latin": "Wa lahum maqāmi‘u min ḥadīd(in).",
      "translation": "Untuk mereka (azab berupa) palu (godam) dari besi.",
      "footnotes": null
    },
    {
      "ayah": 22,
      "quarter_hizb": 34.25,
      "juz": 17,
      "manzil": 4,
      "arabic": "كُلَّمَآ اَرَادُوْٓا اَنْ يَّخْرُجُوْا مِنْهَا مِنْ غَمٍّ اُعِيْدُوْا فِيْهَا وَذُوْقُوْا عَذَابَ الْحَرِيْقِ ࣖ",
      "latin": "Kullamā arādū ay yakhrujū minhā min gammin u‘īdū fīhā, wa żūqū ‘ażābal-ḥarīq(i).",
      "translation": "Setiap kali hendak keluar darinya (neraka) karena tersiksa, mereka dikembalikan (lagi) ke dalamnya. (Kepada mereka dikatakan,) “Rasakanlah azab (neraka) yang membakar ini!”",
      "footnotes": null
    },
    {
      "ayah": 23,
      "quarter_hizb": 34.25,
      "juz": 17,
      "manzil": 4,
      "arabic": "اِنَّ اللّٰهَ يُدْخِلُ الَّذِيْنَ اٰمَنُوْا وَعَمِلُوا الصّٰلِحٰتِ جَنّٰتٍ تَجْرِيْ مِنْ تَحْتِهَا الْاَنْهٰرُ يُحَلَّوْنَ فِيْهَا مِنْ اَسَاوِرَ مِنْ ذَهَبٍ وَّلُؤْلُؤًاۗ وَلِبَاسُهُمْ فِيْهَا حَرِيْرٌ ",
      "latin": "Innallāha yudkhilul-lażīna āmanū wa ‘amiluṣ-ṣāliḥāti jannātin tajrī min taḥtihal-anhāru yuḥallauna fīhā min asāwira min żahabiw wa lu'lu'ā(n), wa libāsuhum fīhā ḥarīr(un).",
      "translation": "Sesungguhnya Allah akan memasukkan orang-orang yang beriman dan beramal saleh ke dalam surga-surga yang mengalir di bawahnya sungai-sungai. Di dalamnya mereka diberi perhiasan berupa gelang emas dan mutiara. Pakaian mereka di dalamnya adalah sutra.",
      "footnotes": null
    },
    {
      "ayah": 24,
      "quarter_hizb": 34.25,
      "juz": 17,
      "manzil": 4,
      "arabic": "وَهُدُوْٓا اِلَى الطَّيِّبِ مِنَ الْقَوْلِۚ وَهُدُوْٓا اِلٰى صِرَاطِ الْحَمِيْدِ ",
      "latin": "Wa hudū ilaṭ-ṭayyibi minal-qaul(i), wa hudū ilā ṣirāṭil-ḥamīd(i).",
      "translation": "Mereka diberi petunjuk pada ucapan yang baik dan diberi petunjuk (pula) ke jalan (Allah) Yang Maha Terpuji.",
      "footnotes": null
    },
    {
      "ayah": 25,
      "quarter_hizb": 34.25,
      "juz": 17,
      "manzil": 4,
      "arabic": "اِنَّ الَّذِيْنَ كَفَرُوْا وَيَصُدُّوْنَ عَنْ سَبِيْلِ اللّٰهِ وَالْمَسْجِدِ الْحَرَامِ الَّذِيْ جَعَلْنٰهُ لِلنَّاسِ سَوَاۤءً ۨالْعَاكِفُ فِيْهِ وَالْبَادِۗ وَمَنْ يُّرِدْ فِيْهِ بِاِلْحَادٍۢ بِظُلْمٍ نُّذِقْهُ مِنْ عَذَابٍ اَلِيْمٍ ࣖ",
      "latin": "Innal-lażīna kafarū wa yaṣuddūna ‘an sabīlillāhi wal-masjidil-ḥarāmil-lażī ja‘alnāhu lin-nāsi sawā'anil-‘ākifu fīhi wal-bād(i), wa may yurid fīhi bi'ilḥādim biẓulmin nużiqhu min ‘ażābin alīm(in).",
      "translation": "Sesungguhnya orang-orang yang kufur dan menghalangi (manusia) dari jalan Allah dan (dari) Masjidilharam yang telah Kami jadikan (terbuka) untuk semua manusia, baik yang bermukim di sana maupun yang datang dari luar (akan mendapatkan siksa yang sangat pedih). Siapa saja yang bermaksud melakukan kejahatan secara zalim di dalamnya pasti akan Kami jadikan dia merasakan sebagian siksa yang pedih.",
      "footnotes": null
    },
    {
      "ayah": 26,
      "quarter_hizb": 34.25,
      "juz": 17,
      "manzil": 4,
      "arabic": "وَاِذْ بَوَّأْنَا لِاِبْرٰهِيْمَ مَكَانَ الْبَيْتِ اَنْ لَّا تُشْرِكْ بِيْ شَيْـًٔا وَّطَهِّرْ بَيْتِيَ لِلطَّاۤىِٕفِيْنَ وَالْقَاۤىِٕمِيْنَ وَالرُّكَّعِ السُّجُوْدِ ",
      "latin": "Wa iż bawwa'nā li'ibrāhīma makānal-baiti allā tusyrik bī syai'aw wa ṭahhir baitiya liṭ-ṭā'ifīna wal-qā'imīna war-rukka‘is-sujūd(i).",
      "translation": "(Ingatlah) ketika Kami menempatkan Ibrahim di tempat Baitullah (dengan berfirman), “Janganlah engkau mempersekutukan Aku dengan apa pun, sucikanlah rumah-Ku bagi orang-orang yang tawaf, mukim (di sekitarnya), serta rukuk (dan) sujud.",
      "footnotes": null
    },
    {
      "ayah": 27,
      "quarter_hizb": 34.25,
      "juz": 17,
      "manzil": 4,
      "arabic": "وَاَذِّنْ فِى النَّاسِ بِالْحَجِّ يَأْتُوْكَ رِجَالًا وَّعَلٰى كُلِّ ضَامِرٍ يَّأْتِيْنَ مِنْ كُلِّ فَجٍّ عَمِيْقٍ ۙ",
      "latin": "Wa ażżin fin-nāsi bil-ḥajji ya'tūka rijālaw wa ‘alā kulli ḍāmiriy ya'tīna min kulli fajjin ‘amīq(in).",
      "translation": "(Wahai Ibrahim, serulah manusia untuk (mengerjakan) haji, niscaya mereka akan datang kepadamu dengan berjalan kaki dan mengendarai unta kurus yang datang dari segenap penjuru yang jauh.",
      "footnotes": null
    },
    {
      "ayah": 28,
      "quarter_hizb": 34.25,
      "juz": 17,
      "manzil": 4,
      "arabic": "لِّيَشْهَدُوْا مَنَافِعَ لَهُمْ وَيَذْكُرُوا اسْمَ اللّٰهِ فِيْٓ اَيَّامٍ مَّعْلُوْمٰتٍ عَلٰى مَا رَزَقَهُمْ مِّنْۢ بَهِيْمَةِ الْاَنْعَامِۚ فَكُلُوْا مِنْهَا وَاَطْعِمُوا الْبَاۤىِٕسَ الْفَقِيْرَ ۖ",
      "latin": "Liyasyhadū manāfi‘a lahum wa yażkurusmallāhi fī ayyāmim ma‘lūmātin ‘alā mā razaqahum mim bahīmatil-an‘ām(i), fa kulū minhā wa aṭ‘imul-bā'isal-faqīr(a).",
      "translation": "(Mereka berdatangan) supaya menyaksikan berbagai manfaat untuk mereka dan menyebut nama Allah pada beberapa hari yang telah ditentukan497) atas rezeki yang telah dianugerahkan-Nya kepada mereka berupa binatang ternak. Makanlah sebagian darinya dan (sebagian lainnya) berilah makan orang yang sengsara lagi fakir.",
      "footnotes": "497) Hari raya haji dan hari Tasyriq, yaitu tanggal 10, 11, 12, dan 13 Zulhijah."
    },
    {
      "ayah": 29,
      "quarter_hizb": 34.25,
      "juz": 17,
      "manzil": 4,
      "arabic": "ثُمَّ لْيَقْضُوْا تَفَثَهُمْ وَلْيُوْفُوْا نُذُوْرَهُمْ وَلْيَطَّوَّفُوْا بِالْبَيْتِ الْعَتِيْقِ ",
      "latin": "Ṡummal yaqḍū tafaṡafahum wal yūfū nużūrahum wal yaṭṭawwafū bil-baitil-‘atīq(i).",
      "translation": "Kemudian, hendaklah mereka menghilangkan kotoran498) yang ada di badan mereka, menyempurnakan nazar-nazar mereka, dan melakukan tawaf di sekeliling al-Bait al-‘Atīq (Baitullah).”499)",
      "footnotes": "498) Yang dimaksud dengan menghilangkan kotoran di sini ialah memotong rambut, memotong kuku, dan sebagainya.\n499) Al-Bait al-‘Atīq berarti ‘rumah tua’. Baitullah disebut demikian karena merupakan rumah ibadah yang pertama kali dibangun di muka bumi. Al-‘Atīq bisa juga bermakna ‘yang dibebaskan dari ancaman para pendurhaka’.\n"
    },
    {
      "ayah": 30,
      "quarter_hizb": 34.25,
      "juz": 17,
      "manzil": 4,
      "arabic": "ذٰلِكَ وَمَنْ يُّعَظِّمْ حُرُمٰتِ اللّٰهِ فَهُوَ خَيْرٌ لَّهٗ عِنْدَ رَبِّهٖۗ وَاُحِلَّتْ لَكُمُ الْاَنْعَامُ اِلَّا مَا يُتْلٰى عَلَيْكُمْ فَاجْتَنِبُوا الرِّجْسَ مِنَ الْاَوْثَانِ وَاجْتَنِبُوْا قَوْلَ الزُّوْرِ ۙ",
      "latin": "Żālika wa may yu‘aẓẓim ḥurumātillāhi fa huwa khairul lahū ‘inda rabbih(ī), wa uḥillat lakumul-an‘āmu illā mā yutlā ‘alaikum fajtanibur-rijsa minal-auṡāni wajtanibū qaulaz-zūr(i).",
      "translation": "Demikianlah (petunjuk dan perintah Allah). Siapa yang mengagungkan apa yang terhormat di sisi Allah (ḥurumāt)500) lebih baik baginya di sisi Tuhannya. Semua hewan ternak telah dihalalkan bagi kamu, kecuali yang diterangkan kepadamu (keharamannya). Maka, jauhilah (penyembahan) berhala-berhala yang najis itu dan jauhi (pula) perkataan dusta.",
      "footnotes": "500) Arti yang terhormat (ḥurumāt) pada ayat ini ialah bulan haram (Zulkaidah, Zulhijah, Muharam, Rajab), tanah haram, dan maqam Ibrahim."
    },
    {
      "ayah": 31,
      "quarter_hizb": 34.25,
      "juz": 17,
      "manzil": 4,
      "arabic": "حُنَفَاۤءَ لِلّٰهِ غَيْرَ مُشْرِكِيْنَ بِهٖۗ وَمَنْ يُّشْرِكْ بِاللّٰهِ فَكَاَنَّمَا خَرَّ مِنَ السَّمَاۤءِ فَتَخْطَفُهُ الطَّيْرُ اَوْ تَهْوِيْ بِهِ الرِّيْحُ فِيْ مَكَانٍ سَحِيْقٍ ",
      "latin": "Ḥunafā'a lillāhi gaira musyrikīna bih(ī), wa may yusyrik billāhi fa ka'annamā kharra minas-samā'i fa takhṭafuhuṭ-ṭairu au tahwī bihir-rīḥu fī makānin saḥīq(in).",
      "translation": "(Beribadahlah) dengan ikhlas kepada Allah, tanpa mempersekutukan-Nya. Siapa yang mempersekutukan Allah seakan-akan dia jatuh dari langit, lalu disambar oleh burung atau diterbangkan angin ke tempat yang jauh.",
      "footnotes": null
    },
    {
      "ayah": 32,
      "quarter_hizb": 34.25,
      "juz": 17,
      "manzil": 4,
      "arabic": "ذٰلِكَ وَمَنْ يُّعَظِّمْ شَعَاۤىِٕرَ اللّٰهِ فَاِنَّهَا مِنْ تَقْوَى الْقُلُوْبِ ",
      "latin": "Żālika wa may yu‘aẓẓim sya‘ā'irallāhi fa innahā min taqwal-qulūb(i).",
      "translation": "Demikianlah (perintah Allah). Siapa yang mengagungkan syiar-syiar Allah501) sesungguhnya hal itu termasuk dalam ketakwaan hati.",
      "footnotes": "501) Syiar Allah Swt. ialah segala amalan yang dilakukan dalam rangka ibadah haji dan tempat-tempat mengerjakannya."
    },
    {
      "ayah": 33,
      "quarter_hizb": 34.25,
      "juz": 17,
      "manzil": 4,
      "arabic": "لَكُمْ فِيْهَا مَنَافِعُ اِلٰٓى اَجَلٍ مُّسَمًّى ثُمَّ مَحِلُّهَآ اِلَى الْبَيْتِ الْعَتِيْقِ ࣖ",
      "latin": "Lakum fīhā manāfi‘u ilā ajalim musamman ṡumma maḥilluhā ilal-baitil-‘atīq(i).",
      "translation": "Bagi kamu padanya (hewan hadyu)502) ada beberapa manfaat,503) sampai waktu yang ditentukan, kemudian tempat penyembelihannya berada di sekitar al-Bait al-‘Atīq (Tanah Haram seluruhnya).",
      "footnotes": "502) Lihat surah al-Baqarah (2): 196.\n503) Maksudnya, hewan-hewan hadyu boleh diambil manfaatnya, seperti dikendarai, diperah susunya, dan sebagainya, sampai hari Nahar."
    },
    {
      "ayah": 34,
      "quarter_hizb": 34.25,
      "juz": 17,
      "manzil": 4,
      "arabic": "وَلِكُلِّ اُمَّةٍ جَعَلْنَا مَنْسَكًا لِّيَذْكُرُوا اسْمَ اللّٰهِ عَلٰى مَا رَزَقَهُمْ مِّنْۢ بَهِيْمَةِ الْاَنْعَامِۗ فَاِلٰهُكُمْ اِلٰهٌ وَّاحِدٌ فَلَهٗٓ اَسْلِمُوْاۗ وَبَشِّرِ الْمُخْبِتِيْنَ ۙ",
      "latin": "Wa likulli ummatin ja‘alnā mansakal liyażkurusmallāhi ‘alā mā razaqahum mim bahīmatil-an‘ām(i), fa ilāhukum ilāhuw wāḥidun fa lahū aslimū, wa basysyiril-mukhbitīn(a).",
      "translation": "Bagi setiap umat telah Kami syariatkan penyembelihan (kurban) agar mereka menyebut nama Allah atas binatang ternak yang dianugerahkan-Nya kepada mereka. Tuhanmu ialah Tuhan Yang Maha Esa. Maka, berserahdirilah kepada-Nya. Sampaikanlah (Nabi Muhammad) kabar gembira kepada orang-orang yang rendah hati lagi taat (kepada Allah).",
      "footnotes": null
    },
    {
      "ayah": 35,
      "quarter_hizb": 34.25,
      "juz": 17,
      "manzil": 4,
      "arabic": "الَّذِيْنَ اِذَا ذُكِرَ اللّٰهُ وَجِلَتْ قُلُوْبُهُمْ وَالصّٰبِرِيْنَ عَلٰى مَآ اَصَابَهُمْ وَالْمُقِيْمِى الصَّلٰوةِۙ وَمِمَّا رَزَقْنٰهُمْ يُنْفِقُوْنَ ",
      "latin": "Allażīna iżā żukirallāhu wajilat qulūbuhum waṣ-ṣābirīna ‘alā mā aṣābahum wal-muqīmiṣ-ṣalāh(ti), wa mimmā razaqnāhum yunfiqūn(a).",
      "translation": "(Yaitu) orang-orang yang apabila disebut nama Allah, hati mereka bergetar, sabar atas apa yang menimpa mereka, melaksanakan salat, dan menginfakkan sebagian rezeki yang Kami anugerahkan kepada mereka.",
      "footnotes": null
    },
    {
      "ayah": 36,
      "quarter_hizb": 34.25,
      "juz": 17,
      "manzil": 4,
      "arabic": "وَالْبُدْنَ جَعَلْنٰهَا لَكُمْ مِّنْ شَعَاۤىِٕرِ اللّٰهِ لَكُمْ فِيْهَا خَيْرٌۖ فَاذْكُرُوا اسْمَ اللّٰهِ عَلَيْهَا صَوَاۤفَّۚ فَاِذَا وَجَبَتْ جُنُوْبُهَا فَكُلُوْا مِنْهَا وَاَطْعِمُوا الْقَانِعَ وَالْمُعْتَرَّۗ  كَذٰلِكَ سَخَّرْنٰهَا لَكُمْ لَعَلَّكُمْ تَشْكُرُوْنَ ",
      "latin": "Wal-budna ja‘alnāhā lakum min sya‘ā'irillāhi lakum fīhā khair(un), fażkurusmallāhi ‘alaihā ṣawāff(a), fa iżā wajabat junūbuhā fa kulū minhā wa aṭ‘imul-qāni‘a wal-mu‘tarr(a), każālika sakhkharnāhā lakum la‘allakum tasykurūn(a).",
      "translation": "Unta-unta itu Kami jadikan untukmu sebagai bagian dari syiar agama Allah. Bagimu terdapat kebaikan padanya. Maka, sebutlah nama Allah (ketika kamu akan menyembelihnya, sedangkan unta itu) dalam keadaan berdiri504) (dan kaki-kaki telah terikat). Lalu, apabila telah rebah (mati), makanlah sebagiannya dan berilah makan orang yang merasa cukup dengan apa yang ada padanya (tidak meminta-minta) dan orang yang meminta-minta. Demikianlah Kami telah menundukkannya (unta-unta itu) untukmu agar kamu bersyukur.",
      "footnotes": "504) Lazimnya, unta disembelih dalam posisi berdiri."
    },
    {
      "ayah": 37,
      "quarter_hizb": 34.25,
      "juz": 17,
      "manzil": 4,
      "arabic": "لَنْ يَّنَالَ اللّٰهَ لُحُوْمُهَا وَلَا دِمَاۤؤُهَا وَلٰكِنْ يَّنَالُهُ التَّقْوٰى مِنْكُمْۗ  كَذٰلِكَ سَخَّرَهَا لَكُمْ لِتُكَبِّرُوا اللّٰهَ عَلٰى مَا هَدٰىكُمْ ۗ وَبَشِّرِ الْمُحْسِنِيْنَ ",
      "latin": "Lay yanālallāha luḥūmuhā wa lā dimā'uhā wa lākiy yanāluhut-taqwā minkum, każālika sakhkharahā lakum litukabbirullāha ‘alā mā hadākum, wa basysyiril-muḥsinīn(a).",
      "translation": "Daging (hewan kurban) dan darahnya itu sekali-kali tidak akan sampai kepada Allah, tetapi yang sampai kepada-Nya adalah ketakwaanmu. Demikianlah Dia menundukkannya untukmu agar kamu mengagungkan Allah atas petunjuk yang Dia berikan kepadamu. Berilah kabar gembira kepada orang-orang yang muhsin.",
      "footnotes": null
    },
    {
      "ayah": 38,
      "quarter_hizb": 34.5,
      "juz": 17,
      "manzil": 4,
      "arabic": "۞ اِنَّ اللّٰهَ يُدَافِعُ عَنِ الَّذِيْنَ اٰمَنُوْاۗ اِنَّ اللّٰهَ لَا يُحِبُّ كُلَّ خَوَّانٍ كَفُوْرٍ ࣖ",
      "latin": "Innallāha yudāfi‘u ‘anil-lażīna āmanū, innallāha lā yuḥibbu kulla khawwānin kafūr(in).",
      "translation": "Sesungguhnya Allah membela orang-orang yang beriman. Sesungguhnya Allah tidak menyukai setiap orang yang sangat khianat lagi sangat kufur. ",
      "footnotes": null
    },
    {
      "ayah": 39,
      "quarter_hizb": 34.5,
      "juz": 17,
      "manzil": 4,
      "arabic": "اُذِنَ لِلَّذِيْنَ يُقَاتَلُوْنَ بِاَنَّهُمْ ظُلِمُوْاۗ وَاِنَّ اللّٰهَ عَلٰى نَصْرِهِمْ لَقَدِيْرٌ ۙ",
      "latin": "Użina lil-lażīna yuqātalūna bi'annahum ẓulimū, wa innallāha ‘alā naṣrihim laqadīr(un).",
      "translation": "Diizinkan (berperang) kepada orang-orang yang diperangi karena sesungguhnya mereka dizalimi. Sesungguhnya Allah benar-benar Maha Kuasa membela mereka.",
      "footnotes": null
    },
    {
      "ayah": 40,
      "quarter_hizb": 34.5,
      "juz": 17,
      "manzil": 4,
      "arabic": " ۨالَّذِيْنَ اُخْرِجُوْا مِنْ دِيَارِهِمْ بِغَيْرِ حَقٍّ اِلَّآ اَنْ يَّقُوْلُوْا رَبُّنَا اللّٰهُ ۗوَلَوْلَا دَفْعُ اللّٰهِ النَّاسَ بَعْضَهُمْ بِبَعْضٍ لَّهُدِّمَتْ صَوَامِعُ وَبِيَعٌ وَّصَلَوٰتٌ وَّمَسٰجِدُ يُذْكَرُ فِيْهَا اسْمُ اللّٰهِ كَثِيْرًاۗ وَلَيَنْصُرَنَّ اللّٰهُ مَنْ يَّنْصُرُهٗۗ اِنَّ اللّٰهَ لَقَوِيٌّ عَزِيْزٌ ",
      "latin": "Allażīna ukhrijū min diyārihim bigairi ḥaqqin illā ay yaqūlū rabbunallāh(u), wa lau lā daf‘ullāhin-nāsa ba‘ḍahum biba‘ḍil lahuddimat ṣawāmi‘u wa biya‘uw wa ṣalawātuw wa masājidu yużkaru fīhasmullāhi kaṡīrā(n), wa layanṣurannallāhu may yanṣuruh(ū), innallāha laqawiyyun ‘azīz(un).",
      "translation": "(Yaitu) orang-orang yang diusir dari kampung halamannya, tanpa alasan yang benar hanya karena mereka berkata, “Tuhan kami adalah Allah.” Seandainya Allah tidak menolak (keganasan) sebagian manusia dengan sebagian yang lain, tentu telah dirobohkan biara-biara, gereja-gereja, sinagoge-sinagoge, dan masjid-masjid yang di dalamnya banyak disebut nama Allah. Sungguh, Allah pasti menolong orang yang menolong (agama)-Nya. Sesungguhnya Allah benar-benar Maha Kuat lagi Maha Perkasa.",
      "footnotes": null
    },
    {
      "ayah": 41,
      "quarter_hizb": 34.5,
      "juz": 17,
      "manzil": 4,
      "arabic": "اَلَّذِيْنَ اِنْ مَّكَّنّٰهُمْ فِى الْاَرْضِ اَقَامُوا الصَّلٰوةَ وَاٰتَوُا الزَّكٰوةَ وَاَمَرُوْا بِالْمَعْرُوْفِ وَنَهَوْا عَنِ الْمُنْكَرِۗ وَلِلّٰهِ عَاقِبَةُ الْاُمُوْرِ ",
      "latin": "Allażīna im makkannāhum fil-arḍi aqāmuṣ-ṣalāta wa ātawuz-zakāta wa amarū bil-ma‘rūfi wa nahau ‘anil-munkar(i), wa lillāhi ‘āqibatul-umūr(i).",
      "translation": "(Yaitu) orang-orang yang jika Kami beri kemantapan (hidup) di bumi, mereka menegakkan salat, menunaikan zakat, menyuruh berbuat yang makruf, dan mencegah dari yang mungkar. Hanya kepada Allah kesudahan segala urusan.",
      "footnotes": null
    },
    {
      "ayah": 42,
      "quarter_hizb": 34.5,
      "juz": 17,
      "manzil": 4,
      "arabic": "وَاِنْ يُّكَذِّبُوْكَ فَقَدْ كَذَّبَتْ قَبْلَهُمْ قَوْمُ نُوْحٍ وَّعَادٌ وَّثَمُوْدُ ۙ",
      "latin": "Wa iy yukażżibūka faqad każżabat qablahum qaumu nūḥiw wa ‘āduw wa ṡamūd(u).",
      "translation": "Jika mereka (orang-orang musyrik) mendustakan engkau (Nabi Muhammad), sungguh, sebelum mereka, kaum (Nabi) Nuh, ‘Ad, dan Samud telah mendustakan (para rasul).",
      "footnotes": null
    },
    {
      "ayah": 43,
      "quarter_hizb": 34.5,
      "juz": 17,
      "manzil": 4,
      "arabic": "وَقَوْمُ اِبْرٰهِيْمَ وَقَوْمُ لُوْطٍ ۙ",
      "latin": "Wa qaumu ibrāhīma wa qaumu lūṭ(in).",
      "translation": "(Demikian juga) kaum (Nabi) Ibrahim dan kaum (Nabi) Lut.",
      "footnotes": null
    },
    {
      "ayah": 44,
      "quarter_hizb": 34.5,
      "juz": 17,
      "manzil": 4,
      "arabic": "وَّاَصْحٰبُ مَدْيَنَۚ وَكُذِّبَ مُوْسٰى فَاَمْلَيْتُ لِلْكٰفِرِيْنَ ثُمَّ اَخَذْتُهُمْۚ فَكَيْفَ كَانَ نَكِيْرِ ",
      "latin": "Wa aṣḥābu madyan(a), wa kużżiba mūsā fa amlaitu lil-kāfirīna ṡumma akhażtuhum, fa kaifa kāna nakīr(i).",
      "translation": "(Begitu juga) penduduk Madyan. Musa (juga) telah didustakan. Namun, Aku beri tenggang waktu kepada orang-orang kafir, kemudian Aku siksa mereka. Maka, betapa kuatnya pengingkaran-Ku (terhadap sikap mereka).",
      "footnotes": null
    },
    {
      "ayah": 45,
      "quarter_hizb": 34.5,
      "juz": 17,
      "manzil": 4,
      "arabic": "فَكَاَيِّنْ مِّنْ قَرْيَةٍ اَهْلَكْنٰهَا وَهِيَ ظَالِمَةٌ فَهِيَ خَاوِيَةٌ عَلٰى عُرُوْشِهَاۖ وَبِئْرٍ مُّعَطَّلَةٍ وَّقَصْرٍ مَّشِيْدٍ ",
      "latin": "Fa ka'ayyim min qaryatin ahlaknāhā wa hiya ẓālimatun fa hiya khāwiyatun ‘alā ‘urūsyihā, wa bi'rim mu‘aṭṭalatiw wa qaṣrim masyīd(in).",
      "translation": "Betapa banyak negeri yang telah Kami binasakan karena (penduduk)-nya dalam keadaan zalim sehingga bangunan-bangunannya runtuh dan (betapa banyak pula) sumur yang ditelantarkan serta istana tinggi (yang ditinggalkan).",
      "footnotes": null
    },
    {
      "ayah": 46,
      "quarter_hizb": 34.5,
      "juz": 17,
      "manzil": 4,
      "arabic": "اَفَلَمْ يَسِيْرُوْا فِى الْاَرْضِ فَتَكُوْنَ لَهُمْ قُلُوْبٌ يَّعْقِلُوْنَ بِهَآ اَوْ اٰذَانٌ يَّسْمَعُوْنَ بِهَاۚ فَاِنَّهَا لَا تَعْمَى الْاَبْصَارُ وَلٰكِنْ تَعْمَى الْقُلُوْبُ الَّتِيْ فِى الصُّدُوْرِ ",
      "latin": "Afalam yasīrū fil-arḍi fa takūna lahum qulūbuy ya‘qilūna bihā au āżānuy yasma‘ūna bihā, fa innahā lā ta‘mal-abṣāru wa lākin ta‘mal-qulūbul-latī fiṣ-ṣudūr(i). ",
      "translation": "Tidakkah mereka berjalan di bumi sehingga hati mereka dapat memahami atau telinga mereka dapat mendengar? Sesungguhnya bukanlah mata itu yang buta, tetapi yang buta ialah hati yang berada dalam dada.",
      "footnotes": null
    },
    {
      "ayah": 47,
      "quarter_hizb": 34.5,
      "juz": 17,
      "manzil": 4,
      "arabic": "وَيَسْتَعْجِلُوْنَكَ بِالْعَذَابِ وَلَنْ يُّخْلِفَ اللّٰهُ وَعْدَهٗۗ وَاِنَّ يَوْمًا عِنْدَ رَبِّكَ كَاَلْفِ سَنَةٍ مِّمَّا تَعُدُّوْنَ ",
      "latin": "Wa yasta‘jilūnaka bil-‘ażābi wa lay yukhlifallāhu wa‘dah(ū), wa inna yauman ‘inda rabbika ka'alfi sanatim mimmā ta‘uddūn(a).",
      "translation": "Mereka (kaum musyrik Makkah) meminta kepadamu (Nabi Muhammad) agar azab itu disegerakan, padahal Allah tidak akan menyalahi janji-Nya. Sesungguhnya sehari di sisi Tuhanmu adalah seperti seribu tahun menurut perhitunganmu.",
      "footnotes": null
    },
    {
      "ayah": 48,
      "quarter_hizb": 34.5,
      "juz": 17,
      "manzil": 4,
      "arabic": "وَكَاَيِّنْ مِّنْ قَرْيَةٍ اَمْلَيْتُ لَهَا وَهِيَ ظَالِمَةٌ ثُمَّ اَخَذْتُهَاۚ وَاِلَيَّ الْمَصِيْرُ ࣖ",
      "latin": "Wa ka'ayyim min qaryatin amlaitu lahā wa hiya ẓālimatun ṡumma akhażtuhā, wa ilayyal-maṣīr(u).",
      "translation": "Berapa banyak negeri yang Aku tangguhkan (siksa)-nya, padahal (penduduk)-nya berbuat zalim, kemudian Aku siksa mereka. Hanya kepada-Ku tempat kembali (segala sesuatu).",
      "footnotes": null
    },
    {
      "ayah": 49,
      "quarter_hizb": 34.5,
      "juz": 17,
      "manzil": 4,
      "arabic": "قُلْ يٰٓاَيُّهَا النَّاسُ اِنَّمَآ اَنَا۠ لَكُمْ نَذِيْرٌ مُّبِيْنٌ ۚ",
      "latin": "Qul yā ayyuhan-nāsu innamā ana lakum nażīrum mubīn(un).",
      "translation": "Katakanlah (Nabi Muhammad), “Wahai manusia, aku hanyalah sebagai pemberi peringatan yang nyata kepadamu.”",
      "footnotes": null
    },
    {
      "ayah": 50,
      "quarter_hizb": 34.5,
      "juz": 17,
      "manzil": 4,
      "arabic": "فَالَّذِيْنَ اٰمَنُوْا وَعَمِلُوا الصّٰلِحٰتِ لَهُمْ مَّغْفِرَةٌ وَّرِزْقٌ كَرِيْمٌ ",
      "latin": "Fal-lażīna āmanū wa ‘amiluṣ-ṣāliḥāti lahum magfiratuw wa rizqun karīm(un).",
      "translation": "Orang-orang yang beriman dan beramal saleh, bagi mereka ada ampunan dan rezeki yang mulia (halal dan memuaskan).",
      "footnotes": null
    },
    {
      "ayah": 51,
      "quarter_hizb": 34.5,
      "juz": 17,
      "manzil": 4,
      "arabic": "وَالَّذِيْنَ سَعَوْا فِيْٓ اٰيٰتِنَا مُعٰجِزِيْنَ اُولٰۤىِٕكَ اَصْحٰبُ الْجَحِيْمِ ",
      "latin": "Wal-lażīna sa‘au fī āyātinā mu‘ājizīna ulā'ika aṣḥābul-jaḥīm(i).",
      "translation": "Adapun orang-orang yang berusaha menentang ayat-ayat Kami dengan maksud melemahkan (kemauan untuk beriman), mereka itu adalah para penghuni (neraka) Jahim.",
      "footnotes": null
    },
    {
      "ayah": 52,
      "quarter_hizb": 34.5,
      "juz": 17,
      "manzil": 4,
      "arabic": "وَمَآ اَرْسَلْنَا مِنْ قَبْلِكَ مِنْ رَّسُوْلٍ وَّلَا نَبِيٍّ اِلَّآ اِذَا تَمَنّٰىٓ اَلْقَى الشَّيْطٰنُ فِيْٓ اُمْنِيَّتِهٖۚ فَيَنْسَخُ اللّٰهُ مَا يُلْقِى الشَّيْطٰنُ ثُمَّ يُحْكِمُ اللّٰهُ اٰيٰتِهٖۗ وَاللّٰهُ عَلِيْمٌ حَكِيْمٌ ۙ",
      "latin": "Wa mā arsalnā min qablika mir rasūliw wa lā nabiyyin illā iżā tamannā alqasy-syaiṭānu fī umniyyatih(ī), fa yansakhullāhu mā yulqisy-syaiṭānu ṡumma yuḥkimullāhu āyātih(ī), wallāhu ‘alīmun ḥakīm(un).",
      "translation": "Kami tidak mengutus seorang rasul dan tidak (pula) seorang nabi  sebelum engkau (Nabi Muhammad), kecuali apabila dia mempunyai suatu keinginan,505) setan pun memasukkan (godaan-godaan) ke dalam keinginannya itu. Lalu, Allah menghapus apa yang dimasukkan setan itu, kemudian Allah memantapkan ayat-ayat-Nya (dalam hati orang-orang beriman). Allah Maha Mengetahui lagi Maha Bijaksana,",
      "footnotes": "505) Sebagian mufasir mengartikan tamannā dengan ‘membaca’ dan umniyyatihī dengan ‘bacaannya.’ Maksudnya, apabila Nabi saw. membaca suatu ayat yang isinya memberikan peringatan kepada orang-orang kafir, mereka segera mengikuti bacaan Nabi saw. dengan tambahan kata-kata yang membenarkan keyakinan mereka."
    },
    {
      "ayah": 53,
      "quarter_hizb": 34.5,
      "juz": 17,
      "manzil": 4,
      "arabic": "لِّيَجْعَلَ مَا يُلْقِى الشَّيْطٰنُ فِتْنَةً لِّلَّذِيْنَ فِيْ قُلُوْبِهِمْ مَّرَضٌ وَّالْقَاسِيَةِ قُلُوْبُهُمْۗ وَاِنَّ الظّٰلِمِيْنَ لَفِيْ شِقَاقٍۢ بَعِيْدٍ ۙ",
      "latin": "Liyaj‘ala mā yulqisy-syaiṭānu fitnatal lil-lażīna fī qulūbihim maraḍuw wal-qāsiyati qulūbuhum, wa innaẓ-ẓālimīna lafī syiqāqim ba‘īd(in).",
      "translation": "Dia (Allah) hendak menjadikan apa yang dilontarkan setan itu sebagai cobaan bagi orang-orang yang di dalam hatinya ada penyakit dan hatinya keras. Sesungguhnya orang-orang yang zalim itu benar-benar dalam perselisihan yang jauh (dari kebenaran).",
      "footnotes": null
    },
    {
      "ayah": 54,
      "quarter_hizb": 34.5,
      "juz": 17,
      "manzil": 4,
      "arabic": "وَّلِيَعْلَمَ الَّذِيْنَ اُوْتُوا الْعِلْمَ اَنَّهُ الْحَقُّ مِنْ رَّبِّكَ فَيُؤْمِنُوْا بِهٖ فَتُخْبِتَ لَهٗ قُلُوْبُهُمْۗ وَاِنَّ اللّٰهَ لَهَادِ الَّذِيْنَ اٰمَنُوْٓا اِلٰى صِرَاطٍ مُّسْتَقِيْمٍ ",
      "latin": "Wa liya‘lamal-lażīna ūtul-‘ilma annahul-ḥaqqu mir rabbika fa yu'minū bihī fa tukhbita lahū qulūbuhum, wa innallāha lahādil-lażīna āmanū ilā ṣirāṭim mustaqīm(in).",
      "translation": "Agar orang-orang yang telah diberi ilmu itu mengetahui bahwa ia (Al-Qur’an) adalah kebenaran dari Tuhanmu sehingga mereka beriman dan hati mereka tunduk kepadanya. Sesungguhnya Allah benar-benar Maha Pemberi petunjuk kepada orang-orang yang beriman ke jalan yang lurus.",
      "footnotes": null
    },
    {
      "ayah": 55,
      "quarter_hizb": 34.5,
      "juz": 17,
      "manzil": 4,
      "arabic": "وَلَا يَزَالُ الَّذِيْنَ كَفَرُوْا فِيْ مِرْيَةٍ مِّنْهُ حَتّٰى تَأْتِيَهُمُ السَّاعَةُ بَغْتَةً اَوْ يَأْتِيَهُمْ عَذَابُ يَوْمٍ عَقِيْمٍ ",
      "latin": "Wa lā yazālul-lażīna kafarū fī miryatim minhu ḥattā ta'tiyahumus-sā‘atu  bagtatan au ya'tiyahum ‘ażābu yaumin ‘aqīm(in).",
      "translation": "Orang-orang yang kufur itu senantiasa dalam keraguan mengenai hal itu (Al-Qur’an), hingga saat (kematian) datang kepada mereka dengan tiba-tiba atau azab hari Kiamat datang kepada mereka.",
      "footnotes": null
    },
    {
      "ayah": 56,
      "quarter_hizb": 34.5,
      "juz": 17,
      "manzil": 4,
      "arabic": "اَلْمُلْكُ يَوْمَىِٕذٍ لِّلّٰهِ ۗيَحْكُمُ بَيْنَهُمْۗ فَالَّذِيْنَ اٰمَنُوْا وَعَمِلُوا الصّٰلِحٰتِ فِيْ جَنّٰتِ النَّعِيْمِ ",
      "latin": "Al-mulku yauma'iżil lillāh(i), yaḥkumu bainahum, fal-lażīna āmanū wa ‘amiluṣ-ṣāliḥāti fī jannātin na‘īm(i).",
      "translation": "Segala kekuasaan pada hari itu hanya milik Allah. Dia memberi keputusan di antara mereka. Orang-orang yang beriman dan beramal saleh berada di dalam surga-surga Na‘im (yang penuh kenikmatan).",
      "footnotes": null
    },
    {
      "ayah": 57,
      "quarter_hizb": 34.5,
      "juz": 17,
      "manzil": 4,
      "arabic": "وَالَّذِيْنَ كَفَرُوْا وَكَذَّبُوْا بِاٰيٰتِنَا فَاُولٰۤىِٕكَ لَهُمْ عَذَابٌ مُّهِيْنٌ ࣖ",
      "latin": "Wal-lażīna kafarū wa każżabū bi'āyātinā fa ulā'ika lahum ‘ażābum muhīn(un).",
      "translation": "Sementara itu, orang-orang yang kufur dan mendustakan ayat-ayat Kami bagi mereka ada azab yang menghinakan.",
      "footnotes": null
    },
    {
      "ayah": 58,
      "quarter_hizb": 34.5,
      "juz": 17,
      "manzil": 4,
      "arabic": "وَالَّذِيْنَ هَاجَرُوْا فِيْ سَبِيْلِ اللّٰهِ ثُمَّ قُتِلُوْٓا اَوْ مَاتُوْا لَيَرْزُقَنَّهُمُ اللّٰهُ رِزْقًا حَسَنًاۗ وَاِنَّ اللّٰهَ لَهُوَ خَيْرُ الرّٰزِقِيْنَ ",
      "latin": "Wal-lażīna hājarū fī sabīlillāhi ṡumma qutilū au mātū layarzuqannahumullāhu rizqan ḥasanā(n), wa innallāha lahuwa khairur-rāziqīn(a).",
      "translation": "Orang-orang yang berhijrah di jalan Allah, kemudian terbunuh atau mati, sungguh akan dianugerahi oleh Allah rezeki yang baik (surga). Sesungguhnya hanya Allah sebaik-baik pemberi rezeki.",
      "footnotes": null
    },
    {
      "ayah": 59,
      "quarter_hizb": 34.5,
      "juz": 17,
      "manzil": 4,
      "arabic": "لَيُدْخِلَنَّهُمْ مُّدْخَلًا يَّرْضَوْنَهٗۗ وَاِنَّ اللّٰهَ لَعَلِيْمٌ حَلِيْمٌ",
      "latin": "Layudkhilannahum mudkhalay yarḍaunah(ū), wa innallāha la‘alīmun ḥalīm(un).",
      "translation": "Sungguh, Dia (Allah) pasti akan memasukkan mereka ke tempat masuk yang mereka sukai (surga). Sesungguhnya Allah benar-benar Maha Mengetahui lagi Maha Penyantun.",
      "footnotes": null
    },
    {
      "ayah": 60,
      "quarter_hizb": 34.75,
      "juz": 17,
      "manzil": 4,
      "arabic": "۞ ذٰلِكَ وَمَنْ عَاقَبَ بِمِثْلِ مَا عُوْقِبَ بِهٖ ثُمَّ بُغِيَ عَلَيْهِ لَيَنْصُرَنَّهُ اللّٰهُ ۗاِنَّ اللّٰهَ لَعَفُوٌّ غَفُوْرٌ ",
      "latin": "Żālika wa man ‘āqaba bimiṡli mā ‘ūqiba bihī ṡumma bugiya  ‘alaihi layanṣurannahullāh(u), innallāha la‘afuwwun gafūr(un).",
      "translation": "Demikianlah, siapa yang membalas seimbang dengan penganiayaan yang telah dia derita kemudian dia dizalimi (lagi) pasti akan ditolong oleh Allah. Sesungguhnya Allah benar-benar Maha Pemaaf lagi Maha Pengampun.",
      "footnotes": null
    },
    {
      "ayah": 61,
      "quarter_hizb": 34.75,
      "juz": 17,
      "manzil": 4,
      "arabic": "ذٰلِكَ بِاَنَّ اللّٰهَ يُوْلِجُ الَّيْلَ فِى النَّهَارِ وَيُوْلِجُ النَّهَارَ فِى الَّيْلِ وَاَنَّ اللّٰهَ سَمِيْعٌۢ بَصِيْرٌ ",
      "latin": "Żālika bi'annallāha yūlijul-laila fin-nahāri wa yūlijun-nahāra fil-laili wa annallāha samī‘um baṣīr(un).",
      "translation": "Hal itu (pertolongan Allah terjadi) karena sesungguhnya Allah memasukkan malam ke dalam siang dan memasukkan siang ke dalam malam. Sesungguhnya Allah Maha Mendengar lagi Maha Melihat.",
      "footnotes": null
    },
    {
      "ayah": 62,
      "quarter_hizb": 34.75,
      "juz": 17,
      "manzil": 4,
      "arabic": "ذٰلِكَ بِاَنَّ اللّٰهَ هُوَ الْحَقُّ وَاَنَّ مَا يَدْعُوْنَ مِنْ دُوْنِهٖ هُوَ الْبَاطِلُ وَاَنَّ اللّٰهَ هُوَ الْعَلِيُّ الْكَبِيْرُ ",
      "latin": "Żālika bi'annallāha huwal-ḥaqqu wa anna mā yad‘ūna min dūnihī huwal-bāṭilu wa annallāha huwal-‘aliyyul-kabīr(u).",
      "translation": "Hal itu (kekuasaan Allah berlaku) karena Allah, Dialah (Tuhan) Yang Maha Benar dan apa saja yang mereka seru selain Dia itulah yang batil. Sesungguhnya Allah, Dialah Yang Maha Tinggi lagi Maha Besar.",
      "footnotes": null
    },
    {
      "ayah": 63,
      "quarter_hizb": 34.75,
      "juz": 17,
      "manzil": 4,
      "arabic": "اَلَمْ تَرَ اَنَّ اللّٰهَ اَنْزَلَ مِنَ السَّمَاۤءِ مَاۤءًۖ فَتُصْبِحُ الْاَرْضُ مُخْضَرَّةًۗ اِنَّ اللّٰهَ لَطِيْفٌ خَبِيْرٌ ۚ",
      "latin": "Alam tara annallāha anzala minas-samā'i mā'ā(n), fa tuṣbiḥul-arḍu mukhḍarrah(tan), innallāha laṭīfun khabīr(un).",
      "translation": "Tidakkah engkau memperhatikan bahwa Allah menurunkan air (hujan) dari langit sehingga bumi menghijau? Sesungguhnya Allah Maha Lembut lagi Maha Teliti.",
      "footnotes": null
    },
    {
      "ayah": 64,
      "quarter_hizb": 34.75,
      "juz": 17,
      "manzil": 4,
      "arabic": "لَهٗ مَا فِى السَّمٰوٰتِ وَمَا فِى الْاَرْضِۗ وَاِنَّ اللّٰهَ لَهُوَ الْغَنِيُّ الْحَمِيْدُ ࣖ",
      "latin": "Lahū mā fis-samāwāti wa mā fil-arḍ(i), wa innallāha lahuwal-ganiyyul-ḥamīd(u).",
      "translation": "Milik-Nya apa yang ada di langit dan apa yang ada di bumi. Sesungguhnya Allah benar-benar Maha Kaya lagi Maha Terpuji.",
      "footnotes": null
    },
    {
      "ayah": 65,
      "quarter_hizb": 34.75,
      "juz": 17,
      "manzil": 4,
      "arabic": "اَلَمْ تَرَ اَنَّ اللّٰهَ سَخَّرَ لَكُمْ مَّا فِى الْاَرْضِ وَالْفُلْكَ تَجْرِيْ فِى الْبَحْرِ بِاَمْرِهٖۗ وَيُمْسِكُ السَّمَاۤءَ اَنْ تَقَعَ عَلَى الْاَرْضِ اِلَّا بِاِذْنِهٖۗ اِنَّ اللّٰهَ بِالنَّاسِ لَرَءُوْفٌ رَّحِيْمٌ ",
      "latin": "Alam tara annallāha sakhkhara lakum mā fil-arḍi wal-fulka tajrī fil-baḥri bi'amrih(ī), wa yumsikus-samā'a an taqa‘a ‘alal-arḍi illā bi'iżnih(ī), innallāha bin-nāsi lara'ūfur raḥīm(un).",
      "translation": "Tidakkah engkau memperhatikan bahwa Allah menundukkan bagimu apa yang ada di bumi dan kapal yang berlayar di laut dengan perintah-Nya. Dia menahan (benda-benda) langit sehingga tidak jatuh ke bumi, kecuali dengan izin-Nya? Sesungguhnya Allah benar-benar Maha Penyantun lagi Maha Penyayang kepada manusia.",
      "footnotes": null
    },
    {
      "ayah": 66,
      "quarter_hizb": 34.75,
      "juz": 17,
      "manzil": 4,
      "arabic": "وَهُوَ الَّذِيْٓ اَحْيَاكُمْ ۖ ثُمَّ يُمِيْتُكُمْ ثُمَّ يُحْيِيْكُمْۗ اِنَّ الْاِنْسَانَ لَكَفُوْرٌ ",
      "latin": "Wa huwal-lażī aḥyākum, ṡumma yumītukum ṡumma yuḥyīkum, innal-insāna lakafūr(un).",
      "translation": "Dialah yang menghidupkanmu, kemudian mematikanmu, kemudian menghidupkanmu kembali (pada hari kebangkitan). Sesungguhnya manusia itu benar-benar sangat kufur.",
      "footnotes": null
    },
    {
      "ayah": 67,
      "quarter_hizb": 34.75,
      "juz": 17,
      "manzil": 4,
      "arabic": "لِكُلِّ اُمَّةٍ جَعَلْنَا مَنْسَكًا هُمْ نَاسِكُوْهُ فَلَا يُنَازِعُنَّكَ فِى الْاَمْرِ وَادْعُ اِلٰى رَبِّكَۗ اِنَّكَ لَعَلٰى هُدًى مُّسْتَقِيْمٍ ",
      "latin": "Likulli ummatin ja‘alnā mansakan hum nāsikūhu falā yunāzi‘unnaka fil-amri wad‘u ilā rabbik(a), innaka la‘alā hudam mustaqīm(in).",
      "translation": "Bagi setiap umat telah Kami tetapkan syariat tertentu yang (harus) mereka amalkan. Mereka sekali-kali tidak boleh membantahmu (Nabi Muhammad) dalam urusan (syariat) itu dan serulah (mereka) kepada Tuhanmu. Sesungguhnya engkau (Nabi Muhammad) benar-benar berada di atas petunjuk yang lurus.",
      "footnotes": null
    },
    {
      "ayah": 68,
      "quarter_hizb": 34.75,
      "juz": 17,
      "manzil": 4,
      "arabic": "وَاِنْ جَادَلُوْكَ فَقُلِ اللّٰهُ اَعْلَمُ بِمَا تَعْمَلُوْنَ ",
      "latin": "Wa in jādalūka fa qulillāhu a‘lamu bimā ta‘malūn(a).",
      "translation": "Jika mereka membantahmu, katakanlah, “Allah lebih tahu tentang apa yang kamu kerjakan.”",
      "footnotes": null
    },
    {
      "ayah": 69,
      "quarter_hizb": 34.75,
      "juz": 17,
      "manzil": 4,
      "arabic": "اَللّٰهُ يَحْكُمُ بَيْنَكُمْ يَوْمَ الْقِيٰمَةِ فِيْمَا كُنْتُمْ فِيْهِ تَخْتَلِفُوْنَ ",
      "latin": "Allāhu yaḥkumu bainakum yaumal-qiyāmati fīmā kuntum fīhi takhtalifūn(a).",
      "translation": "Allah akan memutuskan di antara kamu pada hari Kiamat apa yang selalu kamu perselisihkan. ",
      "footnotes": null
    },
    {
      "ayah": 70,
      "quarter_hizb": 34.75,
      "juz": 17,
      "manzil": 4,
      "arabic": "اَلَمْ تَعْلَمْ اَنَّ اللّٰهَ يَعْلَمُ مَا فِى السَّمَاۤءِ وَالْاَرْضِۗ اِنَّ ذٰلِكَ فِيْ كِتٰبٍۗ اِنَّ ذٰلِكَ عَلَى اللّٰهِ يَسِيْرٌ ",
      "latin": "Alam ta‘lam annallāha ya‘lamu mā fis-samā'i wal-arḍ(i), inna żālika fī kitāb(in), inna żālika ‘alallāhi yasīr(un).",
      "translation": "Tidakkah engkau tahu bahwa Allah mengetahui apa yang di langit dan di bumi? Sesungguhnya hal itu sudah terdapat dalam Kitab (Lauhulmahfuz). Sesungguhnya yang demikian sangat mudah bagi Allah.",
      "footnotes": null
    },
    {
      "ayah": 71,
      "quarter_hizb": 34.75,
      "juz": 17,
      "manzil": 4,
      "arabic": "وَيَعْبُدُوْنَ مِنْ دُوْنِ اللّٰهِ مَا لَمْ يُنَزِّلْ بِهٖ سُلْطٰنًا وَّمَا لَيْسَ لَهُمْ بِهٖ عِلْمٌ ۗوَمَا لِلظّٰلِمِيْنَ مِنْ نَّصِيْرٍ ",
      "latin": "Wa ya‘budūna min dūnillāhi mā lam yunazzil bihī sulṭānaw wa mā laisa lahum bihī ‘ilm(un), wa mā liẓ-ẓālimīna min naṣīr(in).",
      "translation": "Mereka menyembah selain Allah, tanpa bukti yang Dia turunkan (tentang kelayakannya untuk disembah) dan yang mereka tidak mempunyai pengetahuan tentang itu. Tidak ada seorang penolong pun bagi orang-orang zalim.",
      "footnotes": null
    },
    {
      "ayah": 72,
      "quarter_hizb": 34.75,
      "juz": 17,
      "manzil": 4,
      "arabic": "وَاِذَا تُتْلٰى عَلَيْهِمْ اٰيٰتُنَا بَيِّنٰتٍ تَعْرِفُ فِيْ وُجُوْهِ الَّذِيْنَ كَفَرُوا الْمُنْكَرَۗ يَكَادُوْنَ يَسْطُوْنَ بِالَّذِيْنَ يَتْلُوْنَ عَلَيْهِمْ اٰيٰتِنَاۗ قُلْ اَفَاُنَبِّئُكُمْ بِشَرٍّ مِّنْ ذٰلِكُمْۗ  اَلنَّارُۗ وَعَدَهَا اللّٰهُ الَّذِيْنَ كَفَرُوْاۗ وَبِئْسَ الْمَصِيْرُ ࣖ",
      "latin": "Wa iżā tutlā ‘alaihim āyātunā bayyinātin ta‘rifu fī wujūhil-lażīna kafarul-munkar(a), yakādūna yasṭūna bil-lażīna yatlūna ‘alaihim āyātinā, qul afa unabbi'ukum bisyarrim min żālikum, an-nār(u), wa‘adahallāhul-lażīna kafarū, wa bi'sal-maṣīr(u).",
      "translation": "Apabila ayat-ayat Kami yang terang dibacakan di hadapan mereka, engkau akan mengetahui (tanda-tanda) keingkaran pada wajah orang-orang yang kufur itu. Mereka hampir menyerang orang-orang yang membacakan ayat-ayat Kami kepada mereka. Katakanlah (Nabi Muhammad), “Apakah akan aku kabarkan kepadamu (sesuatu) yang lebih buruk daripada itu?” (Itulah) neraka yang telah diancamkan Allah kepada orang-orang yang kufur. Itulah seburuk-buruk tempat kembali.",
      "footnotes": null
    },
    {
      "ayah": 73,
      "quarter_hizb": 34.75,
      "juz": 17,
      "manzil": 4,
      "arabic": "يٰٓاَيُّهَا النَّاسُ ضُرِبَ مَثَلٌ فَاسْتَمِعُوْا لَهٗ ۗاِنَّ الَّذِيْنَ تَدْعُوْنَ مِنْ دُوْنِ اللّٰهِ لَنْ يَّخْلُقُوْا ذُبَابًا وَّلَوِ اجْتَمَعُوْا لَهٗ ۗوَاِنْ يَّسْلُبْهُمُ الذُّبَابُ شَيْـًٔا لَّا يَسْتَنْقِذُوْهُ مِنْهُۗ ضَعُفَ الطَّالِبُ وَالْمَطْلُوْبُ",
      "latin": "Yā ayyuhan-nāsu ḍuriba maṡalum fastami‘ū  lah(ū), innal-lażīna tad‘ūna min dūnillāhi lay yakhluqū żubābaw wa lawijtama‘ū lah(ū), wa iy yaslubhumuż-żubābu syai'al lā yastanqiżūhu minh(u), ḍa‘ufaṭ-ṭālibu wal-maṭlūb(u).",
      "translation": "Wahai manusia, suatu perumpamaan telah dibuat. Maka, simaklah! Sesungguhnya segala yang kamu seru selain Allah sekali-kali tidak dapat menciptakan seekor lalat pun walaupun mereka bersatu untuk menciptakannya. Jika lalat itu merampas sesuatu dari mereka, mereka pun tidak akan dapat merebutnya kembali dari lalat itu. (Sama-sama) lemah yang menyembah dan yang disembah.",
      "footnotes": null
    },
    {
      "ayah": 74,
      "quarter_hizb": 34.75,
      "juz": 17,
      "manzil": 4,
      "arabic": "مَا قَدَرُوا اللّٰهَ حَقَّ قَدْرِهٖۗ اِنَّ اللّٰهَ لَقَوِيٌّ عَزِيْزٌ ",
      "latin": "Wa mā qadarullāha ḥaqqa qadrih(ī), innallāha laqawiyyun ‘azīz(un).",
      "translation": "Mereka tidak mengagungkan Allah dengan sebenar-benarnya. Sesungguhnya Allah benar-benar Maha Kuat lagi Maha Perkasa.",
      "footnotes": null
    },
    {
      "ayah": 75,
      "quarter_hizb": 34.75,
      "juz": 17,
      "manzil": 4,
      "arabic": "اَللّٰهُ يَصْطَفِيْ مِنَ الْمَلٰۤىِٕكَةِ رُسُلًا وَّمِنَ النَّاسِۗ اِنَّ اللّٰهَ سَمِيْعٌۢ بَصِيْرٌ ۚ",
      "latin": "Allāhu yaṣṭafī minal-malā'ikati rusulaw wa minan-nās(i), innallāha samī‘um baṣīr(un).",
      "translation": "Allah memilih para utusan dari malaikat dan manusia. Sesungguhnya Allah Maha Mendengar lagi Maha Melihat.",
      "footnotes": null
    },
    {
      "ayah": 76,
      "quarter_hizb": 34.75,
      "juz": 17,
      "manzil": 4,
      "arabic": "يَعْلَمُ مَا بَيْنَ اَيْدِيْهِمْ وَمَا خَلْفَهُمْۗ وَاِلَى اللّٰهِ تُرْجَعُ الْاُمُوْرُ ",
      "latin": "Ya‘lamu mā baina aidīhim wa mā khalfahum, wa ilallāhi turja‘ul-umūr(u).",
      "translation": "Dia (Allah) mengetahui apa yang di hadapan dan di belakang mereka. Hanya kepada Allah segala urusan dikembalikan.",
      "footnotes": null
    },
    {
      "ayah": 77,
      "quarter_hizb": 34.75,
      "juz": 17,
      "manzil": 4,
      "arabic": "يٰٓاَيُّهَا الَّذِيْنَ اٰمَنُوا ارْكَعُوْا وَاسْجُدُوْا وَاعْبُدُوْا رَبَّكُمْ وَافْعَلُوا الْخَيْرَ لَعَلَّكُمْ تُفْلِحُوْنَ ۚ۩",
      "latin": "Yā ayyuhal-lażīna āmanurka‘ū wasjudū wa‘budū rabbakum waf‘alul-khaira la‘allakum  tufliḥūn(a).",
      "translation": "Wahai orang-orang yang beriman, rukuklah, sujudlah, sembahlah Tuhanmu, dan lakukanlah kebaikan agar kamu beruntung.",
      "footnotes": null
    },
    {
      "ayah": 78,
      "quarter_hizb": 34.75,
      "juz": 17,
      "manzil": 4,
      "arabic": "وَجَاهِدُوْا فِى اللّٰهِ حَقَّ جِهَادِهٖۗ هُوَ اجْتَبٰىكُمْ وَمَا جَعَلَ عَلَيْكُمْ فِى الدِّيْنِ مِنْ حَرَجٍۗ مِلَّةَ اَبِيْكُمْ اِبْرٰهِيْمَۗ هُوَ سَمّٰىكُمُ الْمُسْلِمِيْنَ ەۙ مِنْ قَبْلُ وَفِيْ هٰذَا لِيَكُوْنَ الرَّسُوْلُ شَهِيْدًا عَلَيْكُمْ وَتَكُوْنُوْا شُهَدَاۤءَ عَلَى النَّاسِۖ فَاَقِيْمُوا الصَّلٰوةَ وَاٰتُوا الزَّكٰوةَ وَاعْتَصِمُوْا بِاللّٰهِ ۗهُوَ مَوْلٰىكُمْۚ فَنِعْمَ الْمَوْلٰى وَنِعْمَ النَّصِيْرُ ࣖ   ۔",
      "latin": "Wa jāhidū fillāhi ḥaqqa jihādih(ī), huwajtabākum wa mā ja‘ala ‘alaikum fid-dīni min ḥaraj(in), millata abīkum ibrāhīm(a), huwa sammākumul-muslimīn(a), min qablu wa fī hāżā liyakūnar-rasūlu syahīdan ‘alaikum wa takūnū syuhadā'a ‘alan-nās(i), fa aqīmuṣ-ṣalāta wa ātuz-zakāta wa‘taṣimū billāh(i), huwa maulākum, fa ni‘mal-maulā wa ni‘man-naṣīr(u).",
      "translation": "Berjuanglah kamu pada (jalan) Allah dengan sebenar-benarnya. Dia telah memilih kamu dan tidak menjadikan kesulitan untukmu dalam agama. (Ikutilah) agama nenek moyangmu, yaitu Ibrahim. Dia (Allah) telah menamakan kamu orang-orang muslim sejak dahulu dan (begitu pula) dalam (kitab) ini (Al-Qur’an) agar Rasul (Nabi Muhammad) menjadi saksi atas dirimu dan agar kamu semua menjadi saksi atas segenap manusia. Maka, tegakkanlah salat, tunaikanlah zakat, dan berpegang teguhlah pada (ajaran) Allah. Dia adalah pelindungmu. Dia adalah sebaik-baik pelindung dan sebaik-baik penolong.",
      "footnotes": null
    }
  ]
}