{
  "arabic": " المؤمنون",
  "latin": "Al-Mu'minūn",
  "transliteration": "Al-Mu'minun",
  "translation": "Orang-Orang Mukmin",
  "num_ayah": 118,
  "location": "Makkiyah",
  "ayah": [
    {
      "ayah": 1,
      "quarter_hizb": 35,
      "juz": 18,
      "manzil": 4,
      "arabic": " قَدْ اَفْلَحَ الْمُؤْمِنُوْنَ ۙ",
      "latin": "Qad aflaḥal-mu'minūn(a).",
      "translation": "Sungguh, beruntunglah orang-orang mukmin.",
      "footnotes": null
    },
    {
      "ayah": 2,
      "quarter_hizb": 35,
      "juz": 18,
      "manzil": 4,
      "arabic": " الَّذِيْنَ هُمْ فِيْ صَلَاتِهِمْ خٰشِعُوْنَ",
      "latin": "Allażīna hum fī ṣalātihim khāsyi‘ūn(a).",
      "translation": "(Yaitu) orang-orang yang khusyuk dalam salatnya,",
      "footnotes": null
    },
    {
      "ayah": 3,
      "quarter_hizb": 35,
      "juz": 18,
      "manzil": 4,
      "arabic": "وَالَّذِيْنَ هُمْ عَنِ اللَّغْوِ مُعْرِضُوْنَ ۙ",
      "latin": "Wal-lażīna hum anil-lagwi muriḍūn(a).",
      "translation": "orang-orang yang meninggalkan (perbuatan dan perkataan) yang tidak berguna,",
      "footnotes": null
    },
    {
      "ayah": 4,
      "quarter_hizb": 35,
      "juz": 18,
      "manzil": 4,
      "arabic": "وَالَّذِيْنَ هُمْ لِلزَّكٰوةِ فٰعِلُوْنَ ۙ",
      "latin": "Wal-lażīna hum liz-zakāti fā‘ilūn(a).",
      "translation": "orang-orang yang menunaikan zakat,",
      "footnotes": null
    },
    {
      "ayah": 5,
      "quarter_hizb": 35,
      "juz": 18,
      "manzil": 4,
      "arabic": " وَالَّذِيْنَ هُمْ لِفُرُوْجِهِمْ حٰفِظُوْنَ ۙ",
      "latin": "Wal-lażīna hum lifurūjihim ḥāfiẓūn(a).",
      "translation": "dan orang-orang yang menjaga kemaluannya,",
      "footnotes": null
    },
    {
      "ayah": 6,
      "quarter_hizb": 35,
      "juz": 18,
      "manzil": 4,
      "arabic": "اِلَّا عَلٰٓى اَزْوَاجِهِمْ اَوْ مَا مَلَكَتْ اَيْمَانُهُمْ فَاِنَّهُمْ غَيْرُ مَلُوْمِيْنَۚ",
      "latin": "Illā ‘alā azwājihim au mā malakat aimānuhum fa innahum gairu malūmīn(a).",
      "translation": "kecuali terhadap istri-istri mereka atau hamba sahaya yang mereka miliki.506) Sesungguhnya mereka tidak tercela (karena menggaulinya).",
      "footnotes": "506) Hamba sahaya dalam ayat ini adalah hamba sahaya yang didapat dari peperangan agama atau yang lahir dari ibu yang berstatus hamba sahaya. Hal ini sesuai dengan kebiasaan yang berlaku pada masa itu."
    },
    {
      "ayah": 7,
      "quarter_hizb": 35,
      "juz": 18,
      "manzil": 4,
      "arabic": "فَمَنِ ابْتَغٰى وَرَاۤءَ ذٰلِكَ فَاُولٰۤىِٕكَ هُمُ الْعَادُوْنَ ۚ",
      "latin": "Famanibtagā warā'a żālika fa ulā'ika humul-‘ādūn(a).",
      "translation": "Maka, siapa yang mencari (pelampiasan syahwat) selain itu, mereka itulah orang-orang yang melampaui batas.",
      "footnotes": null
    },
    {
      "ayah": 8,
      "quarter_hizb": 35,
      "juz": 18,
      "manzil": 4,
      "arabic": "وَالَّذِيْنَ هُمْ لِاَمٰنٰتِهِمْ وَعَهْدِهِمْ رَاعُوْنَ ۙ",
      "latin": "Wal-lażīna hum li'amānātihim wa ‘ahdihim rā‘ūn(a).",
      "translation": "(Sungguh beruntung pula) orang-orang yang memelihara amanat dan janji mereka ",
      "footnotes": null
    },
    {
      "ayah": 9,
      "quarter_hizb": 35,
      "juz": 18,
      "manzil": 4,
      "arabic": "وَالَّذِيْنَ هُمْ عَلٰى صَلَوٰتِهِمْ يُحَافِظُوْنَ ۘ",
      "latin": "Wal-lażīna hum ‘alā ṣalawātihim yuḥāfiẓūn(a).",
      "translation": "serta orang-orang yang memelihara salat mereka.",
      "footnotes": null
    },
    {
      "ayah": 10,
      "quarter_hizb": 35,
      "juz": 18,
      "manzil": 4,
      "arabic": "اُولٰۤىِٕكَ هُمُ الْوٰرِثُوْنَ ۙ",
      "latin": "Ulā'ika humul-wāriṡūn(a).",
      "translation": "Mereka itulah orang-orang yang akan mewarisi.",
      "footnotes": null
    },
    {
      "ayah": 11,
      "quarter_hizb": 35,
      "juz": 18,
      "manzil": 4,
      "arabic": "الَّذِيْنَ يَرِثُوْنَ الْفِرْدَوْسَۗ هُمْ فِيْهَا خٰلِدُوْنَ ",
      "latin": "Allażīna yariṡūnal-firdaus(a), hum fīhā khālidūn(a).",
      "translation": "(Yaitu) orang-orang yang akan mewarisi (surga) Firdaus. Mereka kekal di dalamnya.",
      "footnotes": null
    },
    {
      "ayah": 12,
      "quarter_hizb": 35,
      "juz": 18,
      "manzil": 4,
      "arabic": "وَلَقَدْ خَلَقْنَا الْاِنْسَانَ مِنْ سُلٰلَةٍ مِّنْ طِيْنٍ ۚ",
      "latin": "Wa laqad khalaqnal-insāna min sulālatim min ṭīn(in).",
      "translation": "Sungguh, Kami telah menciptakan manusia dari sari pati (yang berasal) dari tanah.",
      "footnotes": null
    },
    {
      "ayah": 13,
      "quarter_hizb": 35,
      "juz": 18,
      "manzil": 4,
      "arabic": "ثُمَّ جَعَلْنٰهُ نُطْفَةً فِيْ قَرَارٍ مَّكِيْنٍ ۖ",
      "latin": "Ṡumma ja‘alnāhu nuṭfatan fī qarārim makīn(in).",
      "translation": "Kemudian, Kami menjadikannya air mani di dalam tempat yang kukuh (rahim).",
      "footnotes": null
    },
    {
      "ayah": 14,
      "quarter_hizb": 35,
      "juz": 18,
      "manzil": 4,
      "arabic": "ثُمَّ خَلَقْنَا النُّطْفَةَ عَلَقَةً فَخَلَقْنَا الْعَلَقَةَ مُضْغَةً فَخَلَقْنَا الْمُضْغَةَ عِظٰمًا فَكَسَوْنَا الْعِظٰمَ لَحْمًا ثُمَّ اَنْشَأْنٰهُ خَلْقًا اٰخَرَۗ فَتَبَارَكَ اللّٰهُ اَحْسَنُ الْخٰلِقِيْنَۗ ",
      "latin": "Ṡumma khalaqnan-nuṭfata ‘alaqatan fa khalaqnal-‘alaqata muḍgatan fa khalaqnal-muḍgata ‘iẓāman fa kasaunal-‘iẓāma laḥmā(n), ṡumma ansya'nāhu khalqan ākhar(a), fa tabārakallāhu aḥsanul-khāliqīn(a).",
      "translation": "Kemudian, air mani itu Kami jadikan sesuatu yang menggantung (darah). Lalu, sesuatu yang menggantung itu Kami jadikan segumpal daging. Lalu, segumpal daging itu Kami jadikan tulang belulang. Lalu, tulang belulang itu Kami bungkus dengan daging. Kemudian, Kami menjadikannya makhluk yang (berbentuk) lain. Maha Suci Allah sebaik-baik pencipta.",
      "footnotes": null
    },
    {
      "ayah": 15,
      "quarter_hizb": 35,
      "juz": 18,
      "manzil": 4,
      "arabic": " ثُمَّ اِنَّكُمْ بَعْدَ ذٰلِكَ لَمَيِّتُوْنَ ۗ",
      "latin": "Ṡumma innakum ba‘da żālika lamayyitūn(a).",
      "translation": "Kemudian, sesungguhnya kamu setelah itu benar-benar akan mati.",
      "footnotes": null
    },
    {
      "ayah": 16,
      "quarter_hizb": 35,
      "juz": 18,
      "manzil": 4,
      "arabic": "ثُمَّ اِنَّكُمْ يَوْمَ الْقِيٰمَةِ تُبْعَثُوْنَ",
      "latin": "Ṡumma innakum yaumal-qiyāmati tub‘aṡūn(a). ",
      "translation": "Kemudian, sesungguhnya kamu pada hari Kiamat akan dibangkitkan.",
      "footnotes": null
    },
    {
      "ayah": 17,
      "quarter_hizb": 35,
      "juz": 18,
      "manzil": 4,
      "arabic": "وَلَقَدْ خَلَقْنَا فَوْقَكُمْ سَبْعَ طَرَاۤىِٕقَۖ وَمَا كُنَّا عَنِ الْخَلْقِ غٰفِلِيْنَ",
      "latin": "Wa laqad khalaqnā fauqakum sab‘a ṭarā'iq(a), wa mā kunnā ‘anil-khalqi gāfilīn(a).",
      "translation": "Sungguh, Kami telah menciptakan tujuh langit di atas kamu dan Kami tidaklah lengah terhadap ciptaan (Kami).",
      "footnotes": null
    },
    {
      "ayah": 18,
      "quarter_hizb": 35,
      "juz": 18,
      "manzil": 4,
      "arabic": "وَاَنْزَلْنَا مِنَ السَّمَاۤءِ مَاۤءًۢ بِقَدَرٍ فَاَسْكَنّٰهُ فِى الْاَرْضِۖ وَاِنَّا عَلٰى ذَهَابٍۢ بِهٖ لَقٰدِرُوْنَ ۚ",
      "latin": "Wa anzalnā minas-samā'i mā'am biqadarin fa askannāhu fil-arḍ(i), wa innā ‘alā żahābim bihī laqādirūn(a). ",
      "translation": "Kami turunkan air dari langit dengan suatu ukuran. Lalu, Kami jadikan air itu menetap di bumi dan sesungguhnya Kami Maha Kuasa melenyapkannya.",
      "footnotes": null
    },
    {
      "ayah": 19,
      "quarter_hizb": 35,
      "juz": 18,
      "manzil": 4,
      "arabic": "فَاَنْشَأْنَا لَكُمْ بِهٖ جَنّٰتٍ مِّنْ نَّخِيْلٍ وَّاَعْنَابٍۘ لَكُمْ فِيْهَا فَوَاكِهُ كَثِيْرَةٌ وَّمِنْهَا تَأْكُلُوْنَ ۙ",
      "latin": "Fa ansya'nā lakum bihī jannātim min nakhīliw wa a‘nāb(in), lakum fīhā fawākihu kaṡīratuw wa minhā ta'kulūn(a).",
      "translation": "Lalu, dengan (air) itu Kami tumbuhkan untukmu kebun-kebun kurma dan anggur. Di sana kamu mendapatkan buah-buahan yang banyak dan dari sebagiannya itu kamu makan.",
      "footnotes": null
    },
    {
      "ayah": 20,
      "quarter_hizb": 35,
      "juz": 18,
      "manzil": 4,
      "arabic": "وَشَجَرَةً تَخْرُجُ مِنْ طُوْرِ سَيْنَاۤءَ تَنْۢبُتُ بِالدُّهْنِ وَصِبْغٍ لِّلْاٰكِلِيْنَ ",
      "latin": "Wa syajaratan takhruju min ṭūri sainā'a tambutu bid-duhni wa ṣibgil lil-ākilīn(a).",
      "translation": "(Kami tumbuhkan) pohon (zaitun) yang tumbuh di Bukit Sinai, yang menghasilkan minyak dan lauk-pauk pembangkit selera bagi orang-orang yang makan.",
      "footnotes": null
    },
    {
      "ayah": 21,
      "quarter_hizb": 35,
      "juz": 18,
      "manzil": 4,
      "arabic": "وَاِنَّ لَكُمْ فِى الْاَنْعَامِ لَعِبْرَةًۗ  نُسْقِيْكُمْ مِّمَّا فِيْ بُطُوْنِهَا وَلَكُمْ فِيْهَا مَنَافِعُ كَثِيْرَةٌ وَّمِنْهَا تَأْكُلُوْنَ ۙ ",
      "latin": "Wa inna lakum fil-an‘āmi la‘ibrah(tan), nusqīkum mimmā fī buṭūnihā wa lakum fīhā manāfi‘u kaṡīratuw wa minhā ta'kulūn(a).",
      "translation": "Sesungguhnya pada hewan-hewan ternak benar-benar terdapat pelajaran bagimu. Kami memberi minum kamu dari sebagian apa yang ada dalam perutnya (air susu), padanya terdapat banyak manfaat untukmu, dan sebagian darinya kamu makan.",
      "footnotes": null
    },
    {
      "ayah": 22,
      "quarter_hizb": 35,
      "juz": 18,
      "manzil": 4,
      "arabic": "وَعَلَيْهَا وَعَلَى الْفُلْكِ تُحْمَلُوْنَ ࣖ",
      "latin": "Wa ‘alaihā wa ‘alal-fulki tuḥmalūn(a).",
      "translation": "Di atasnya (hewan-hewan ternak) dan di atas kapal-kapal kamu diangkut.",
      "footnotes": null
    },
    {
      "ayah": 23,
      "quarter_hizb": 35,
      "juz": 18,
      "manzil": 4,
      "arabic": "وَلَقَدْ اَرْسَلْنَا نُوْحًا اِلٰى قَوْمِهٖ فَقَالَ يٰقَوْمِ اعْبُدُوا اللّٰهَ مَا لَكُمْ مِّنْ اِلٰهٍ غَيْرُهٗۗ اَفَلَا تَتَّقُوْنَ ",
      "latin": "Wa laqad arsalnā nūḥan ilā qaumihī fa qāla yā qaumi‘budullāha mā lakum min ilāhin gairuh(ū), afalā tattaqūn(a).",
      "translation": "Sungguh, Kami telah mengutus Nuh kepada kaumnya. Lalu, dia berkata, “Wahai kaumku, sembahlah Allah, tidak ada Tuhan  bagimu selain Dia. Apakah kamu tidak bertakwa?”",
      "footnotes": null
    },
    {
      "ayah": 24,
      "quarter_hizb": 35,
      "juz": 18,
      "manzil": 4,
      "arabic": "فَقَالَ الْمَلَؤُا الَّذِيْنَ كَفَرُوْا مِنْ قَوْمِهٖ مَا هٰذَآ اِلَّا بَشَرٌ مِّثْلُكُمْۙ يُرِيْدُ اَنْ يَّتَفَضَّلَ عَلَيْكُمْۗ وَلَوْ شَاۤءَ اللّٰهُ لَاَنْزَلَ مَلٰۤىِٕكَةً  ۖمَّا سَمِعْنَا بِهٰذَا فِيْٓ اٰبَاۤىِٕنَا الْاَوَّلِيْنَ ۚ",
      "latin": "Fa qālal-mala'ul-lażīna kafarū min qaumihī mā hāżā illā basyarum miṡlukum, yurīdu ay yatafaḍḍala ‘alaikum, wa lau syā'allāhu la'anzala malā'ikah(tan), mā sami‘nā bihāżā fī ābā'inal-awwalīn(a).",
      "translation": "Maka, para pemuka orang-orang yang kufur dari kaumnya berkata, “Orang ini tidak lain hanyalah manusia seperti kamu. Dia ingin menjadi orang yang lebih mulia daripada kamu. Seandainya Allah berkehendak, tentu Dia akan mengutus malaikat. Belum pernah kami dengar (seruan seperti) ini pada (masa) nenek moyang kami dahulu.",
      "footnotes": null
    },
    {
      "ayah": 25,
      "quarter_hizb": 35,
      "juz": 18,
      "manzil": 4,
      "arabic": "اِنْ هُوَ اِلَّا رَجُلٌۢ بِهٖ جِنَّةٌ فَتَرَبَّصُوْا بِهٖ حَتّٰى حِيْنٍ",
      "latin": "In huwa illā rajulum bihī jinnatun fa tarabbaṣū bihī ḥattā ḥīn(in).",
      "translation": "Dia hanyalah seorang laki-laki yang gila. Tunggulah dia sampai waktu yang ditentukan.”",
      "footnotes": null
    },
    {
      "ayah": 26,
      "quarter_hizb": 35,
      "juz": 18,
      "manzil": 4,
      "arabic": "قَالَ رَبِّ انْصُرْنِيْ بِمَا كَذَّبُوْنِ ",
      "latin": "Qāla rabbinṣurnī bimā każżabūn(i).",
      "translation": "Dia (Nuh) berdoa, “Ya Tuhanku, tolonglah aku karena mereka telah mendustakanku.”",
      "footnotes": null
    },
    {
      "ayah": 27,
      "quarter_hizb": 35,
      "juz": 18,
      "manzil": 4,
      "arabic": "فَاَوْحَيْنَآ اِلَيْهِ اَنِ اصْنَعِ الْفُلْكَ بِاَعْيُنِنَا وَوَحْيِنَا فَاِذَا جَاۤءَ اَمْرُنَا وَفَارَ التَّنُّوْرُۙ فَاسْلُكْ فِيْهَا مِنْ كُلٍّ زَوْجَيْنِ اثْنَيْنِ وَاَهْلَكَ اِلَّا مَنْ سَبَقَ عَلَيْهِ الْقَوْلُ مِنْهُمْۚ وَلَا تُخَاطِبْنِيْ فِى الَّذِيْنَ ظَلَمُوْاۚ اِنَّهُمْ مُّغْرَقُوْنَ",
      "latin": "Fa auḥainā ilaihi aniṣna‘il-fulka bi'a‘yuninā wa waḥyinā fa iżā jā'a amrunā wafārat-tannūr(u), fasluk fīhā min kullin zaujainiṡnaini wa ahlaka illā man sabaqa ‘alaihil-qaulu minhum, wa lā tukhāṭibnī fil-lażīna ẓalamū, innahum mugraqūn(a).",
      "translation": "Kami wahyukan kepadanya, “Buatlah kapal dengan pengawasan dan petunjuk Kami. Apabila perintah Kami telah datang dan tungku (dapur) telah memancarkan air, masukkanlah ke dalam (kapal) itu sepasang-sepasang dari setiap jenis (binatang), juga keluargamu, kecuali orang yang lebih dahulu ditetapkan (akan ditimpa siksaan) di antara mereka. Janganlah engkau bicarakan dengan-Ku tentang orang-orang yang zalim. Sesungguhnya mereka itu akan ditenggelamkan.",
      "footnotes": null
    },
    {
      "ayah": 28,
      "quarter_hizb": 35,
      "juz": 18,
      "manzil": 4,
      "arabic": "فَاِذَا اسْتَوَيْتَ اَنْتَ وَمَنْ مَّعَكَ عَلَى الْفُلْكِ فَقُلِ الْحَمْدُ لِلّٰهِ الَّذِيْ نَجّٰىنَا مِنَ الْقَوْمِ الظّٰلِمِيْنَ",
      "latin": "Fa iżastawaita anta wa mam ma‘aka ‘alal-fulki fa qulil-ḥamdu lillāhil-lażī najjānā minal-qaumiẓ-ẓālimīn(a).",
      "translation": "Apabila engkau dan orang yang bersamamu telah berada di atas kapal, ucapkanlah, ‘Segala puji bagi Allah yang telah menyelamatkan kami dari kaum yang zalim.’",
      "footnotes": null
    },
    {
      "ayah": 29,
      "quarter_hizb": 35,
      "juz": 18,
      "manzil": 4,
      "arabic": "وَقُلْ رَّبِّ اَنْزِلْنِيْ مُنْزَلًا مُّبٰرَكًا وَّاَنْتَ خَيْرُ الْمُنْزِلِيْنَ",
      "latin": "Wa qur rabbi anzilnī munzalam mubārakaw wa anta khairul-munzilīn(a).",
      "translation": "Berdoalah, ‘Wahai Tuhanku, tempatkanlah aku pada tempat yang diberkahi dan Engkau adalah sebaik-baik pemberi tempat.’”",
      "footnotes": null
    },
    {
      "ayah": 30,
      "quarter_hizb": 35,
      "juz": 18,
      "manzil": 4,
      "arabic": "اِنَّ فِيْ ذٰلِكَ لَاٰيٰتٍ وَّاِنْ كُنَّا لَمُبْتَلِيْنَ",
      "latin": "Inna fī żālika la'āyātiw wa in kunnā lamubtalīn(a).",
      "translation": "Sesungguhnya pada (kejadian) itu benar-benar terdapat tanda-tanda (kebesaran Allah). Sesungguhnya Kami benar-benar menimpakan cobaan (kepada kaum Nuh itu).",
      "footnotes": null
    },
    {
      "ayah": 31,
      "quarter_hizb": 35,
      "juz": 18,
      "manzil": 4,
      "arabic": "ثُمَّ اَنْشَأْنَا مِنْۢ بَعْدِهِمْ قَرْنًا اٰخَرِيْنَ ۚ",
      "latin": "Ṡumma ansya'nā mim ba‘dihim qarnan ākharīn(a).",
      "translation": "Kemudian, Kami ciptakan setelah mereka umat yang lain (kaum ‘Ad).",
      "footnotes": null
    },
    {
      "ayah": 32,
      "quarter_hizb": 35,
      "juz": 18,
      "manzil": 4,
      "arabic": "فَاَرْسَلْنَا فِيْهِمْ رَسُوْلًا مِّنْهُمْ اَنِ اعْبُدُوا اللّٰهَ مَا لَكُمْ مِّنْ اِلٰهٍ غَيْرُهٗۗ اَفَلَا تَتَّقُوْنَ ࣖ ",
      "latin": "Fa arsalnā fīhim rasūlam minhum ani‘budullāha mā lakum min ilāhin gairuh(ū), afalā tattaqūn(a).",
      "translation": "Lalu, Kami utus kepada mereka seorang rasul dari (kalangan) mereka sendiri. (Dia berkata,) “Sembahlah Allah, tidak ada Tuhan bagimu selain Dia. Apakah kamu tidak bertakwa?”",
      "footnotes": null
    },
    {
      "ayah": 33,
      "quarter_hizb": 35,
      "juz": 18,
      "manzil": 4,
      "arabic": "وَقَالَ الْمَلَاُ مِنْ قَوْمِهِ الَّذِيْنَ كَفَرُوْا وَكَذَّبُوْا بِلِقَاۤءِ الْاٰخِرَةِ وَاَتْرَفْنٰهُمْ فِى الْحَيٰوةِ الدُّنْيَاۙ مَا هٰذَآ اِلَّا بَشَرٌ مِّثْلُكُمْۙ يَأْكُلُ مِمَّا تَأْكُلُوْنَ مِنْهُ وَيَشْرَبُ مِمَّا تَشْرَبُوْنَ ",
      "latin": "Wa qālal-mala'u min qaumihil-lażīna kafarū wa każżabū biliqā'il-ākhirati wa atrafnāhum fil-ḥayātid-dun-yā, mā hāżā illā basyarum miṡlukum, ya'kulu mimmā ta'kulūna minhu wa yasyrabu mimmā tasyrabūn(a).",
      "translation": "Para pemuka kaumnya yang kufur dan mendustakan pertemuan hari akhirat serta mereka yang telah Kami beri kemewahan dan kesenangan dalam kehidupan di dunia berkata, “(Orang) ini tidak lain hanyalah manusia seperti kamu. Dia makan apa yang kamu makan dan minum apa yang kamu minum.",
      "footnotes": null
    },
    {
      "ayah": 34,
      "quarter_hizb": 35,
      "juz": 18,
      "manzil": 4,
      "arabic": "وَلَىِٕنْ اَطَعْتُمْ بَشَرًا مِّثْلَكُمْ اِنَّكُمْ اِذًا لَّخٰسِرُوْنَ ۙ",
      "latin": "Wa la'in aṭa‘tum basyaram miṡlakum innakum iżal lakhāsirūn(a).",
      "translation": "Sungguh, jika menaati manusia yang seperti kamu, sesungguhnya kamu benar-benar akan merugi.",
      "footnotes": null
    },
    {
      "ayah": 35,
      "quarter_hizb": 35,
      "juz": 18,
      "manzil": 4,
      "arabic": "اَيَعِدُكُمْ اَنَّكُمْ اِذَا مِتُّمْ وَكُنْتُمْ تُرَابًا وَّعِظَامًا اَنَّكُمْ مُّخْرَجُوْنَ ۖ ",
      "latin": "Aya‘idukum annakum iżā mittum wa kuntum turābaw wa ‘iẓāman annakum mukhrajūn(a).",
      "translation": "Adakah dia menjanjikan kepadamu bahwa apabila telah mati serta menjadi tanah dan tulang belulang, kamu benar-benar akan dikeluarkan (dari kuburmu)?",
      "footnotes": null
    },
    {
      "ayah": 36,
      "quarter_hizb": 35.25,
      "juz": 18,
      "manzil": 4,
      "arabic": "۞ هَيْهَاتَ هَيْهَاتَ لِمَا تُوْعَدُوْنَ ۖ ",
      "latin": "Haihāta haihāta limā tū‘adūn(a).",
      "translation": "Jauh, jauh sekali apa yang diancamkan kepadamu itu (dari kebenaran). ",
      "footnotes": null
    },
    {
      "ayah": 37,
      "quarter_hizb": 35.25,
      "juz": 18,
      "manzil": 4,
      "arabic": "اِنْ هِيَ اِلَّا حَيَاتُنَا الدُّنْيَا نَمُوْتُ وَنَحْيَا وَمَا نَحْنُ بِمَبْعُوْثِيْنَ ۖ ",
      "latin": "In hiya illā ḥayātunad-dun-yā namūtu wa naḥyā wa mā naḥnu bimab‘ūṡīn(a).",
      "translation": "Ia (kehidupan itu) tidak lain hanyalah kehidupan kita di dunia ini. (Di sanalah) kita mati, hidup,507) dan tidak akan dibangkitkan (lagi).",
      "footnotes": "507) Sebagian manusia meninggal dunia dan sebagian lain dilahirkan."
    },
    {
      "ayah": 38,
      "quarter_hizb": 35.25,
      "juz": 18,
      "manzil": 4,
      "arabic": "اِنْ هُوَ اِلَّا رَجُلُ ِۨافْتَرٰى عَلَى اللّٰهِ كَذِبًا وَّمَا نَحْنُ لَهٗ بِمُؤْمِنِيْنَ",
      "latin": "In huwa illā rajuluniftarā ‘alallāhi każibaw wa mā naḥnu lahū bimu'minīn(a).",
      "translation": "Dia (Hud) tidak lain hanyalah seorang laki-laki yang mengada-adakan kebohongan terhadap Allah dan kita tidak akan mempercayainya.”",
      "footnotes": null
    },
    {
      "ayah": 39,
      "quarter_hizb": 35.25,
      "juz": 18,
      "manzil": 4,
      "arabic": "قَالَ رَبِّ انْصُرْنِيْ بِمَا كَذَّبُوْنِ",
      "latin": "Qāla rabbinṣurnī bimā każżabūn(i).",
      "translation": "Dia (Hud) berdoa, “Ya Tuhanku, tolonglah aku karena mereka telah mendustakanku.”",
      "footnotes": null
    },
    {
      "ayah": 40,
      "quarter_hizb": 35.25,
      "juz": 18,
      "manzil": 4,
      "arabic": "قَالَ عَمَّا قَلِيْلٍ لَّيُصْبِحُنَّ نٰدِمِيْنَ ۚ ",
      "latin": "Qāla ‘ammā qalīlil layuṣbiḥunna nādimīn(a).",
      "translation": "Dia (Allah) berfirman, “Tidak lama lagi mereka benar-benar akan menyesal.”",
      "footnotes": null
    },
    {
      "ayah": 41,
      "quarter_hizb": 35.25,
      "juz": 18,
      "manzil": 4,
      "arabic": "فَاَخَذَتْهُمُ الصَّيْحَةُ بِالْحَقِّ فَجَعَلْنٰهُمْ غُثَاۤءًۚ فَبُعْدًا لِّلْقَوْمِ الظّٰلِمِيْنَ",
      "latin": "Fa akhażathumuṣ-ṣaiḥatu bil-ḥaqqi fa ja'alahum guṡā'ā(n), fa bu‘dal lil-qaumiẓ-ẓālimīn(a).",
      "translation": "Lalu, mereka dimusnahkan oleh suara yang menggelegar dengan sebenar-benarnya dan Kami jadikan mereka (seperti) sampah yang dihanyutkan banjir.508) Maka, kebinasaanlah bagi kaum yang zalim. ",
      "footnotes": "508) Demikian buruknya akibat yang mereka terima, sampai-sampai mereka tidak berdaya sedikit pun, tidak ubahnya seperti sampah yang dihanyutkan banjir, padahal mereka bertubuh besar dan kuat."
    },
    {
      "ayah": 42,
      "quarter_hizb": 35.25,
      "juz": 18,
      "manzil": 4,
      "arabic": "ثُمَّ اَنْشَأْنَا مِنْۢ بَعْدِهِمْ قُرُوْنًا اٰخَرِيْنَ ۗ",
      "latin": "Ṡumma ansya'nā mim ba‘dihim qurūnan ākharīn(a).",
      "translation": "Kemudian, Kami ciptakan setelah mereka umat-umat yang lain.",
      "footnotes": null
    },
    {
      "ayah": 43,
      "quarter_hizb": 35.25,
      "juz": 18,
      "manzil": 4,
      "arabic": "مَا تَسْبِقُ مِنْ اُمَّةٍ اَجَلَهَا وَمَا يَسْتَأْخِرُوْنَ ۗ",
      "latin": "Mā tasbiqu min ummatin ajalahā wa mā yasta'khirūn(a).",
      "translation": "Tidak ada satu umat pun yang dapat menyegerakan ajalnya dan tidak (pula) menangguhkan(-nya).",
      "footnotes": null
    },
    {
      "ayah": 44,
      "quarter_hizb": 35.25,
      "juz": 18,
      "manzil": 4,
      "arabic": "ثُمَّ اَرْسَلْنَا رُسُلَنَا تَتْرَاۗ  كُلَّمَا جَاۤءَ اُمَّةً رَّسُوْلُهَا كَذَّبُوْهُ فَاَتْبَعْنَا بَعْضَهُمْ بَعْضًا وَّجَعَلْنٰهُمْ اَحَادِيْثَۚ فَبُعْدًا لِّقَوْمٍ لَّا يُؤْمِنُوْنَ ",
      "latin": "Ṡumma arsalnā rusulanā tatrā, kullamā jā'a ummatar rasūluhā każżabūhu fa atba‘nā ba‘ḍahum ba‘ḍaw wa ja‘alnāhum aḥādīṡ(a), fa bu‘dal liqaumil lā yu'minūn(a).",
      "translation": "Kemudian, Kami utus rasul-rasul Kami secara berturut-turut. Setiap kali seorang rasul datang kepada suatu umat, mereka mendustakannya. Maka, Kami iringkan (kebinasaan) sebagian mereka dengan sebagian yang lain. Kami jadikan (pula) mereka bahan pembicaraan. Maka, kebinasaanlah bagi kaum yang tidak beriman.",
      "footnotes": null
    },
    {
      "ayah": 45,
      "quarter_hizb": 35.25,
      "juz": 18,
      "manzil": 4,
      "arabic": "ثُمَّ اَرْسَلْنَا مُوْسٰى وَاَخَاهُ هٰرُوْنَ ەۙ بِاٰيٰتِنَا وَسُلْطٰنٍ مُّبِيْنٍۙ",
      "latin": "Ṡumma arsalnā mūsā wa akhāhu hārūn(a), bi'āyātinā wa sulṭānim mubīn(in).",
      "translation": "Kemudian, Kami utus Musa dan saudaranya, Harun, dengan membawa tanda-tanda (kebesaran) Kami dan bukti yang nyata509)",
      "footnotes": "509) Mukjizat Nabi Musa a.s. yang sembilan macam."
    },
    {
      "ayah": 46,
      "quarter_hizb": 35.25,
      "juz": 18,
      "manzil": 4,
      "arabic": "اِلٰى فِرْعَوْنَ وَمَلَا۟ىِٕهٖ فَاسْتَكْبَرُوْا وَكَانُوْا قَوْمًا عَالِيْنَ ۚ",
      "latin": "Ilā fir‘auna wa mala'ihī fastakbarū wa kānū qauman ‘ālīn(a).",
      "translation": "kepada Fir‘aun dan para pemuka kaumnya. Akan tetapi, mereka angkuh dan sejak dahulu mereka adalah kaum yang sombong.",
      "footnotes": null
    },
    {
      "ayah": 47,
      "quarter_hizb": 35.25,
      "juz": 18,
      "manzil": 4,
      "arabic": "فَقَالُوْٓا اَنُؤْمِنُ لِبَشَرَيْنِ مِثْلِنَا وَقَوْمُهُمَا لَنَا عٰبِدُوْنَ ۚ",
      "latin": "Fa qālū anu'minu libasyaraini miṡlinā wa qaumuhumā lanā ‘ābidūn(a).",
      "translation": "Mereka berkata, “Apakah (pantas) kita percaya kepada dua orang manusia seperti kita, padahal kaum mereka (Bani Israil) adalah orang-orang yang mengabdikan diri kepada kita?”",
      "footnotes": null
    },
    {
      "ayah": 48,
      "quarter_hizb": 35.25,
      "juz": 18,
      "manzil": 4,
      "arabic": "فَكَذَّبُوْهُمَا فَكَانُوْا مِنَ الْمُهْلَكِيْنَ ",
      "latin": "Fa każżabūhumā fa kānū minal-muhlakīn(a).",
      "translation": "Maka, mereka mendustakan keduanya. Oleh karena itu, mereka termasuk orang-orang yang dibinasakan.",
      "footnotes": null
    },
    {
      "ayah": 49,
      "quarter_hizb": 35.25,
      "juz": 18,
      "manzil": 4,
      "arabic": "وَلَقَدْ اٰتَيْنَا مُوْسَى الْكِتٰبَ لَعَلَّهُمْ يَهْتَدُوْنَ ",
      "latin": "Wa laqad ātainā mūsal-kitāba la‘allahum yahtadūn(a).",
      "translation": "Sungguh Kami benar-benar telah menganugerahkan Kitab (Taurat) kepada Musa agar mereka (Bani Israil) mendapat petunjuk.",
      "footnotes": null
    },
    {
      "ayah": 50,
      "quarter_hizb": 35.25,
      "juz": 18,
      "manzil": 4,
      "arabic": "وَجَعَلْنَا ابْنَ مَرْيَمَ وَاُمَّهٗٓ اٰيَةً وَّاٰوَيْنٰهُمَآ اِلٰى رَبْوَةٍ ذَاتِ قَرَارٍ وَّمَعِيْنٍ ࣖ",
      "latin": "Wa ja‘alnabna maryama wa ummahū āyataw wa āwaināhumā ilā rabwatin żāti qarāriw wa ma‘īn(in).",
      "translation": "Telah Kami jadikan (Isa) putra Maryam bersama ibunya sebagai tanda (kebesaran Kami) dan Kami lindungi mereka di sebuah dataran tinggi yang tenang untuk ditempati dengan air yang mengalir.",
      "footnotes": null
    },
    {
      "ayah": 51,
      "quarter_hizb": 35.25,
      "juz": 18,
      "manzil": 4,
      "arabic": "يٰٓاَيُّهَا الرُّسُلُ كُلُوْا مِنَ الطَّيِّبٰتِ وَاعْمَلُوْا صَالِحًاۗ اِنِّيْ بِمَا تَعْمَلُوْنَ عَلِيْمٌ ۗ",
      "latin": "Yā ayyuhar-rusulu kulū minaṭ-ṭayyibāti wa‘malū ṣāliḥā(n), innī bimā ta‘malūna ‘alīm(un). ",
      "translation": "Allah berfirman, “Wahai para rasul, makanlah dari (makanan) yang baik-baik dan beramalsalehlah. Sesungguhnya Aku Maha Mengetahui apa yang kamu kerjakan.",
      "footnotes": null
    },
    {
      "ayah": 52,
      "quarter_hizb": 35.25,
      "juz": 18,
      "manzil": 4,
      "arabic": "وَاِنَّ هٰذِهٖٓ اُمَّتُكُمْ اُمَّةً وَّاحِدَةً وَّاَنَا۠ رَبُّكُمْ فَاتَّقُوْنِ",
      "latin": "Wa inna hāżihī ummatukum ummataw wāḥidataw wa ana rabbukum fattaqūn(i).",
      "translation": "Sesungguhnya (agama tauhid) inilah agama kamu, agama yang satu, dan Akulah Tuhanmu. Maka, bertakwalah kepada-Ku.”",
      "footnotes": null
    },
    {
      "ayah": 53,
      "quarter_hizb": 35.25,
      "juz": 18,
      "manzil": 4,
      "arabic": "فَتَقَطَّعُوْٓا اَمْرَهُمْ بَيْنَهُمْ زُبُرًاۗ  كُلُّ حِزْبٍۢ بِمَا لَدَيْهِمْ فَرِحُوْنَ ",
      "latin": "Fa taqaṭṭa‘ū amrahum bainahum zuburā(n), kullu ḥizbim bimā ladaihim fariḥūn(a).",
      "translation": "Lalu mereka (para pengikut rasul) terpecah belah dalam urusan (agama)-nya menjadi beberapa golongan. Setiap golongan bangga dengan apa yang ada pada mereka (masing-masing).",
      "footnotes": null
    },
    {
      "ayah": 54,
      "quarter_hizb": 35.25,
      "juz": 18,
      "manzil": 4,
      "arabic": "فَذَرْهُمْ فِيْ غَمْرَتِهِمْ حَتّٰى حِيْنٍ ",
      "latin": "Fa żarhum fī gamratihim ḥattā ḥīn(in).",
      "translation": "Maka, biarkanlah mereka dalam kesesatannya sampai waktu yang ditentukan.",
      "footnotes": null
    },
    {
      "ayah": 55,
      "quarter_hizb": 35.25,
      "juz": 18,
      "manzil": 4,
      "arabic": "اَيَحْسَبُوْنَ اَنَّمَا نُمِدُّهُمْ بِهٖ مِنْ مَّالٍ وَّبَنِيْنَ ۙ",
      "latin": "Ayaḥsabūna annamā numidduhum bihī mim māliw wabanīn(a).",
      "translation": "Apakah mereka mengira bahwa apa yang Kami berikan kepada mereka berupa harta dan anak-anak",
      "footnotes": null
    },
    {
      "ayah": 56,
      "quarter_hizb": 35.25,
      "juz": 18,
      "manzil": 4,
      "arabic": "نُسَارِعُ لَهُمْ فِى الْخَيْرٰتِۗ بَلْ لَّا يَشْعُرُوْنَ",
      "latin": "Nusāri‘u lahum fil-khairāt(i), bal lā yasy‘urūn(a).",
      "translation": "(itu berarti bahwa) Kami bersegera memberikan kebaikan-kebaikan kepada mereka? (Tidaklah demikian,) tetapi mereka tidak menyadarinya.",
      "footnotes": null
    },
    {
      "ayah": 57,
      "quarter_hizb": 35.25,
      "juz": 18,
      "manzil": 4,
      "arabic": "اِنَّ الَّذِيْنَ هُمْ مِّنْ خَشْيَةِ رَبِّهِمْ مُّشْفِقُوْنَ ۙ",
      "latin": "Innal-lażīna hum min khasy-yati rabbihim musyfiqūn(a).",
      "translation": "Sesungguhnya orang-orang yang sangat berhati-hati karena takut (azab) Tuhannya,",
      "footnotes": null
    },
    {
      "ayah": 58,
      "quarter_hizb": 35.25,
      "juz": 18,
      "manzil": 4,
      "arabic": "وَالَّذِيْنَ هُمْ بِاٰيٰتِ رَبِّهِمْ يُؤْمِنُوْنَ ۙ",
      "latin": "Wal-lażīna hum bi'āyāti rabbihim yu'minūn(a).",
      "translation": "orang-orang yang beriman dengan tanda-tanda (kekuasaan) Tuhannya,",
      "footnotes": null
    },
    {
      "ayah": 59,
      "quarter_hizb": 35.25,
      "juz": 18,
      "manzil": 4,
      "arabic": "وَالَّذِيْنَ هُمْ بِرَبِّهِمْ لَا يُشْرِكُوْنَ ۙ",
      "latin": "Wal-lażīna hum birabbihim lā yusyrikūn(a).",
      "translation": "orang-orang yang tidak mempersekutukan Tuhannya,",
      "footnotes": null
    },
    {
      "ayah": 60,
      "quarter_hizb": 35.25,
      "juz": 18,
      "manzil": 4,
      "arabic": "وَالَّذِيْنَ يُؤْتُوْنَ مَآ اٰتَوْا وَّقُلُوْبُهُمْ وَجِلَةٌ اَنَّهُمْ اِلٰى رَبِّهِمْ رٰجِعُوْنَ ۙ",
      "latin": "Wal-lażīna yu'tūna mā ātaw wa qulūbuhum wajilatun annahum ilā rabbihim rāji‘ūn(a).",
      "translation": "dan orang-orang yang melakukan (kebaikan) yang telah mereka kerjakan dengan hati penuh rasa takut (karena mereka tahu) bahwa sesungguhnya mereka akan kembali kepada Tuhannya.",
      "footnotes": null
    },
    {
      "ayah": 61,
      "quarter_hizb": 35.25,
      "juz": 18,
      "manzil": 4,
      "arabic": "اُولٰۤىِٕكَ يُسَارِعُوْنَ فِى الْخَيْرٰتِ وَهُمْ لَهَا سٰبِقُوْنَ",
      "latin": "Ulā'ika yusāri‘ūna fil-khairāti wa hum lahā sābiqūn(a).",
      "translation": "Mereka itu bersegera dalam (melakukan) kebaikan-kebaikan dan merekalah orang-orang yang lebih dahulu memperolehnya.",
      "footnotes": null
    },
    {
      "ayah": 62,
      "quarter_hizb": 35.25,
      "juz": 18,
      "manzil": 4,
      "arabic": "وَلَا نُكَلِّفُ نَفْسًا اِلَّا وُسْعَهَاۖ وَلَدَيْنَا كِتٰبٌ يَّنْطِقُ بِالْحَقِّ وَهُمْ لَا يُظْلَمُوْنَ ",
      "latin": "Wa lā nukallifu nafsan illā wus‘ahā, wa ladainā kitābuy yanṭiqu bil-ḥaqqi wa hum lā yuẓlamūn(a).",
      "translation": "Kami tidak membebani seorang pun, kecuali menurut kesanggupannya. Pada Kami ada suatu catatan yang menuturkan dengan sebenarnya dan mereka tidak dizalimi.",
      "footnotes": null
    },
    {
      "ayah": 63,
      "quarter_hizb": 35.25,
      "juz": 18,
      "manzil": 4,
      "arabic": "بَلْ قُلُوْبُهُمْ فِيْ غَمْرَةٍ مِّنْ هٰذَا وَلَهُمْ اَعْمَالٌ مِّنْ دُوْنِ ذٰلِكَ هُمْ لَهَا عٰمِلُوْنَ",
      "latin": "Bal qulūbuhum fī gamratim min hāżā wa lahum a‘mālum min dūni żālika hum lahā ‘āmilūn(a).",
      "translation": "Akan tetapi, hati mereka (orang-orang kafir) itu dalam kesesatan dari (memahami Al-Qur’an) ini dan mereka mempunyai perbuatan-perbuatan (buruk) selain itu yang terus mereka kerjakan.",
      "footnotes": null
    },
    {
      "ayah": 64,
      "quarter_hizb": 35.25,
      "juz": 18,
      "manzil": 4,
      "arabic": "حَتّٰىٓ اِذَآ اَخَذْنَا مُتْرَفِيْهِمْ بِالْعَذَابِ اِذَا هُمْ يَجْـَٔرُوْنَ ۗ",
      "latin": "Ḥattā iżā akhażnā mutrafīhim bil-‘ażābi iżā hum yaj'arūn(a).  ",
      "translation": "Sehingga, apabila Kami timpakan siksaan kepada orang-orang yang hidup bermewah-mewah di antara mereka, seketika itu mereka berteriak-teriak meminta pertolongan.",
      "footnotes": null
    },
    {
      "ayah": 65,
      "quarter_hizb": 35.25,
      "juz": 18,
      "manzil": 4,
      "arabic": "لَا تَجْـَٔرُوا الْيَوْمَۖ اِنَّكُمْ مِّنَّا لَا تُنْصَرُوْنَ ",
      "latin": "Lā taj'arul-yaum(a), innakum minnā lā tunṣarūn(a).",
      "translation": "Janganlah kamu berteriak-teriak meminta tolong pada hari ini! Sesungguhnya kamu tidak akan mendapatkan pertolongan dari Kami.",
      "footnotes": null
    },
    {
      "ayah": 66,
      "quarter_hizb": 35.25,
      "juz": 18,
      "manzil": 4,
      "arabic": "قَدْ كَانَتْ اٰيٰتِيْ تُتْلٰى عَلَيْكُمْ فَكُنْتُمْ عَلٰٓى اَعْقَابِكُمْ تَنْكِصُوْنَ ۙ",
      "latin": "Qad kānat āyātī tutlā ‘alaikum fa kuntum ‘alā a‘qābikum tankiṣūn(a).",
      "translation": "Sungguh, ayat-ayat-Ku (Al-Qur’an) selalu dibacakan kepadamu (para pendurhaka), tetapi kamu selalu berpaling ke belakang",
      "footnotes": null
    },
    {
      "ayah": 67,
      "quarter_hizb": 35.25,
      "juz": 18,
      "manzil": 4,
      "arabic": "مُسْتَكْبِرِيْنَۙ بِهٖ سٰمِرًا تَهْجُرُوْنَ ",
      "latin": "Mustakbirīn(a), bihī sāmiran tahjurūn(a).",
      "translation": "dengan menyombongkan diri dan mengucapkan perkataan-perkataan keji terhadapnya (Al-Qur’an) pada waktu kamu bercakap-cakap pada malam hari.",
      "footnotes": null
    },
    {
      "ayah": 68,
      "quarter_hizb": 35.25,
      "juz": 18,
      "manzil": 4,
      "arabic": "اَفَلَمْ يَدَّبَّرُوا الْقَوْلَ اَمْ جَاۤءَهُمْ مَّا لَمْ يَأْتِ اٰبَاۤءَهُمُ الْاَوَّلِيْنَ ۖ",
      "latin": "Afalam yaddabbarul-qaula am jā'ahum mā lam ya'ti ābā'ahumul-awwalīn(a).",
      "translation": "Maka, tidakkah mereka merenungkan firman (Allah) atau adakah telah datang kepada mereka apa yang tidak pernah datang kepada nenek moyang mereka terdahulu?",
      "footnotes": null
    },
    {
      "ayah": 69,
      "quarter_hizb": 35.25,
      "juz": 18,
      "manzil": 4,
      "arabic": "اَمْ لَمْ يَعْرِفُوْا رَسُوْلَهُمْ فَهُمْ لَهٗ مُنْكِرُوْنَ ۖ",
      "latin": "Am lam ya‘rifū rasūlahum fahum lahū munkirūn(a).",
      "translation": "Atau, mereka tidak mengenal Rasul mereka (Nabi Muhammad), karena itu mereka mengingkarinya?",
      "footnotes": null
    },
    {
      "ayah": 70,
      "quarter_hizb": 35.25,
      "juz": 18,
      "manzil": 4,
      "arabic": "اَمْ يَقُوْلُوْنَ بِهٖ جِنَّةٌ ۗ بَلْ جَاۤءَهُمْ بِالْحَقِّ وَاَكْثَرُهُمْ لِلْحَقِّ كٰرِهُوْنَ ",
      "latin": "Am yaqūlūna bihī jinnah(tun), bal jā'ahum bil-ḥaqqi wa akṡaruhum lil-ḥaqqi kārihūn(a).",
      "translation": "Atau, mereka berkata, “Orang itu (Nabi Muhammad) gila.” Padahal, dia telah datang membawa kebenaran kepada mereka, tetapi kebanyakan mereka membenci kebenaran itu.",
      "footnotes": null
    },
    {
      "ayah": 71,
      "quarter_hizb": 35.25,
      "juz": 18,
      "manzil": 4,
      "arabic": "وَلَوِ اتَّبَعَ الْحَقُّ اَهْوَاۤءَهُمْ لَفَسَدَتِ السَّمٰوٰتُ وَالْاَرْضُ وَمَنْ فِيْهِنَّۗ بَلْ اَتَيْنٰهُمْ بِذِكْرِهِمْ فَهُمْ عَنْ ذِكْرِهِمْ مُّعْرِضُوْنَ ۗ",
      "latin": "Wa lawittaba‘al-ḥaqqu ahwā'ahum lafasadatis-samāwātu wal-arḍu wa man fīhinn(a), bal ataināhum biżikrihim fahum ‘an żikrihim mu‘riḍūn(a).",
      "translation": "Seandainya kebenaran itu menuruti keinginan mereka, niscaya binasalah langit dan bumi serta semua yang ada di dalamnya. Bahkan, Kami telah mendatangkan (Al-Qur’an sebagai) peringatan mereka, tetapi mereka berpaling dari peringatan itu.",
      "footnotes": null
    },
    {
      "ayah": 72,
      "quarter_hizb": 35.25,
      "juz": 18,
      "manzil": 4,
      "arabic": "اَمْ تَسْـَٔلُهُمْ خَرْجًا فَخَرَاجُ رَبِّكَ خَيْرٌ ۖوَّهُوَ خَيْرُ الرّٰزِقِيْنَ",
      "latin": "Am tas'aluhum kharjan fa kharāju rabbika khair(un), wa huwa khairur-rāziqīn(a).",
      "translation": "Ataukah engkau (Nabi Muhammad) meminta imbalan kepada mereka, sedangkan imbalan dari Tuhanmu lebih baik karena Dia sebaik-baik pemberi rezeki?",
      "footnotes": null
    },
    {
      "ayah": 73,
      "quarter_hizb": 35.25,
      "juz": 18,
      "manzil": 4,
      "arabic": "وَاِنَّكَ لَتَدْعُوْهُمْ اِلٰى صِرَاطٍ مُّسْتَقِيْمٍ ",
      "latin": "Wa innaka latad‘ūhum ilā ṣirāṭim mustaqīm(in).",
      "translation": "Sesungguhnya engkau benar-benar menyeru mereka ke jalan yang lurus.",
      "footnotes": null
    },
    {
      "ayah": 74,
      "quarter_hizb": 35.25,
      "juz": 18,
      "manzil": 4,
      "arabic": "وَاِنَّ الَّذِيْنَ لَا يُؤْمِنُوْنَ بِالْاٰخِرَةِ عَنِ الصِّرَاطِ لَنٰكِبُوْنَ ",
      "latin": "Wa innal-lażīna lā yu'minūna bil-ākhirati ‘aniṣ-ṣirāṭi lanākibūn(a).",
      "translation": "Sesungguhnya orang-orang yang tidak beriman kepada akhirat benar-benar telah menyimpang jauh dari jalan (yang lurus).",
      "footnotes": null
    },
    {
      "ayah": 75,
      "quarter_hizb": 35.5,
      "juz": 18,
      "manzil": 4,
      "arabic": "۞ وَلَوْ رَحِمْنٰهُمْ وَكَشَفْنَا مَا بِهِمْ مِّنْ ضُرٍّ لَّلَجُّوْا فِيْ طُغْيَانِهِمْ يَعْمَهُوْنَ",
      "latin": "Wa lau raḥimnāhum wa kasyafnā mā bihim min ḍurril lalajjū fī ṭugyānihim ya‘mahūn(a).",
      "translation": "Seandainya Kami rahmati mereka dan Kami lenyapkan kemudaratan yang menimpanya,510) niscaya mereka akan terus terombang-ambing dalam kesesatannya.",
      "footnotes": "510) Kaum musyrik pernah mengalami kelaparan karena tidak datangnya bahan makanan dari Yaman ke Makkah, sedangkan Makkah dan sekitarnya dalam keadaan paceklik, sehingga mereka sangat kepayahan pada waktu itu."
    },
    {
      "ayah": 76,
      "quarter_hizb": 35.5,
      "juz": 18,
      "manzil": 4,
      "arabic": "وَلَقَدْ اَخَذْنٰهُمْ بِالْعَذَابِ فَمَا اسْتَكَانُوْا لِرَبِّهِمْ وَمَا يَتَضَرَّعُوْنَ",
      "latin": "Wa laqad akhażnāhum bil-‘ażābi famastakānū lirabbihim wa mā yataḍarra‘ūn(a).",
      "translation": "Sungguh, Kami benar-benar telah menimpakan siksaan kepada mereka,511) tetapi mereka tidak mau tunduk kepada Tuhannya, dan (juga) tidak merendahkan diri.",
      "footnotes": "511) Antara lain, kekalahan mereka pada Perang Badar yang mengakibatkan banyak tokoh mereka terbunuh atau tertawan dan musim kering yang menimpa mereka sehingga mereka menderita kelaparan."
    },
    {
      "ayah": 77,
      "quarter_hizb": 35.5,
      "juz": 18,
      "manzil": 4,
      "arabic": "حَتّٰىٓ اِذَا فَتَحْنَا عَلَيْهِمْ بَابًا ذَا عَذَابٍ شَدِيْدٍ اِذَا هُمْ فِيْهِ مُبْلِسُوْنَ ࣖ ",
      "latin": "Ḥattā iżā fataḥnā ‘alaihim bāban żā ‘ażābin syadīdin iżā hum fīhi mublisūn(a).",
      "translation": "Sehingga, apabila Kami bukakan untuk mereka pintu azab yang sangat keras, seketika itu mereka menjadi putus asa.",
      "footnotes": null
    },
    {
      "ayah": 78,
      "quarter_hizb": 35.5,
      "juz": 18,
      "manzil": 4,
      "arabic": "وَهُوَ الَّذِيْٓ اَنْشَاَ لَكُمُ السَّمْعَ وَالْاَبْصَارَ وَالْاَفْـِٕدَةَۗ قَلِيْلًا مَّا تَشْكُرُوْنَ",
      "latin": "Wa huwal-lażī yuḥyī wa yumītu wa lahukhtilāful-laili wan-nahār(i), afalā ta‘qilūn(a).",
      "translation": "Dialah yang telah menciptakan bagimu pendengaran, penglihatan dan hati nurani, tetapi sedikit sekali kamu bersyukur.",
      "footnotes": null
    },
    {
      "ayah": 79,
      "quarter_hizb": 35.5,
      "juz": 18,
      "manzil": 4,
      "arabic": "وَهُوَ الَّذِيْ ذَرَاَكُمْ فِى الْاَرْضِ وَاِلَيْهِ تُحْشَرُوْنَ",
      "latin": "Bal qālū miṡla mā qālal-awwalūn(a).",
      "translation": "Dialah yang menciptakan dan mengembangbiakkan kamu di bumi dan kepada-Nyalah kamu akan dikumpulkan.",
      "footnotes": null
    },
    {
      "ayah": 80,
      "quarter_hizb": 35.5,
      "juz": 18,
      "manzil": 4,
      "arabic": "وَهُوَ الَّذِيْ يُحْيٖ وَيُمِيْتُ وَلَهُ اخْتِلَافُ الَّيْلِ وَالنَّهَارِۗ اَفَلَا تَعْقِلُوْنَ",
      "latin": "Qālū a'iżā mitnā wa kunnā turābaw wa ‘iẓāman a'innā lamab‘ūṡūn(a).",
      "translation": "Dialah yang menghidupkan dan mematikan. Bagi-Nyalah (kekuasaan mengatur) pergantian malam dan siang. Apakah kamu tidak mengerti?",
      "footnotes": null
    },
    {
      "ayah": 81,
      "quarter_hizb": 35.5,
      "juz": 18,
      "manzil": 4,
      "arabic": "بَلْ قَالُوْا مِثْلَ مَا قَالَ الْاَوَّلُوْنَ",
      "latin": "Laqad wu‘idnā naḥnu wa ābā'unā hāżā min qablu in hāżā illā asāṭīrul-awwalīn(a).",
      "translation": "Bahkan, mereka mengucapkan perkataan yang serupa dengan apa yang diucapkan oleh orang-orang terdahulu.",
      "footnotes": null
    },
    {
      "ayah": 82,
      "quarter_hizb": 35.5,
      "juz": 18,
      "manzil": 4,
      "arabic": "قَالُوْٓا ءَاِذَا مِتْنَا وَكُنَّا تُرَابًا وَّعِظَامًا ءَاِنَّا لَمَبْعُوْثُوْنَ",
      "latin": "Qālū a'iżā mitnā wa kunnā turābaw wa ‘iẓāman a'innā lamab‘ūṡūn(a).",
      "translation": "Mereka berkata, “Apakah apabila kami telah mati serta menjadi tanah dan tulang belulang, kami benar-benar akan dibangkitkan kembali? ",
      "footnotes": null
    },
    {
      "ayah": 83,
      "quarter_hizb": 35.5,
      "juz": 18,
      "manzil": 4,
      "arabic": "لَقَدْ وُعِدْنَا نَحْنُ وَاٰبَاۤؤُنَا هٰذَا مِنْ قَبْلُ اِنْ هٰذَآ اِلَّآ اَسَاطِيْرُ الْاَوَّلِيْنَ ",
      "latin": "Laqad wu‘idnā naḥnu wa ābā'unā hāżā min qablu in hāżā illā asāṭīrul-awwalīn(a).",
      "translation": "Sungguh, yang demikian ini sudah dijanjikan kepada kami dan kepada nenek moyang kami dahulu.512) Ini tidak lain hanyalah dongeng orang-orang terdahulu!”",
      "footnotes": "512) Diancam dengan hari Kebangkitan."
    },
    {
      "ayah": 84,
      "quarter_hizb": 35.5,
      "juz": 18,
      "manzil": 4,
      "arabic": "قُلْ لِّمَنِ الْاَرْضُ وَمَنْ فِيْهَآ اِنْ كُنْتُمْ تَعْلَمُوْنَ ",
      "latin": "Qul limanil-arḍu wa man fīhā in kuntum ta‘lamūn(a).",
      "translation": "Katakanlah (Nabi Muhammad), “Milik siapakah bumi dan semua yang ada di dalamnya jika kamu mengetahui?”",
      "footnotes": null
    },
    {
      "ayah": 85,
      "quarter_hizb": 35.5,
      "juz": 18,
      "manzil": 4,
      "arabic": "سَيَقُوْلُوْنَ لِلّٰهِ ۗقُلْ اَفَلَا تَذَكَّرُوْنَ ",
      "latin": "Sayaqūlūna lillāh(i), qul afalā tażakkarūn(a).",
      "translation": "Mereka akan menjawab, “Milik Allah.” Katakanlah, “Apakah kamu tidak ingat?”",
      "footnotes": null
    },
    {
      "ayah": 86,
      "quarter_hizb": 35.5,
      "juz": 18,
      "manzil": 4,
      "arabic": "قُلْ مَنْ رَّبُّ السَّمٰوٰتِ السَّبْعِ وَرَبُّ الْعَرْشِ الْعَظِيْمِ",
      "latin": "Qul mar rabbus-samāwātis-sab‘i wa rabbul-‘arsyil-‘aẓīm(i).",
      "translation": "Katakanlah, “Siapakah pemilik langit yang tujuh dan pemilik ʻArasy yang agung?”",
      "footnotes": null
    },
    {
      "ayah": 87,
      "quarter_hizb": 35.5,
      "juz": 18,
      "manzil": 4,
      "arabic": "سَيَقُوْلُوْنَ لِلّٰهِ ۗقُلْ اَفَلَا تَتَّقُوْنَ",
      "latin": "Sayaqūlūna lillāh(i), qul afalā tattaqūn(a).",
      "translation": "Mereka akan menjawab, “Milik Allah.” Katakanlah, “Apakah kamu tidak bertakwa?”",
      "footnotes": null
    },
    {
      "ayah": 88,
      "quarter_hizb": 35.5,
      "juz": 18,
      "manzil": 4,
      "arabic": "قُلْ مَنْۢ بِيَدِهٖ مَلَكُوْتُ كُلِّ شَيْءٍ وَّهُوَ يُجِيْرُ وَلَا يُجَارُ عَلَيْهِ اِنْ كُنْتُمْ تَعْلَمُوْنَ ",
      "latin": "Qul mam biyadihī malakūtu kulli syai'iw wa huwa yujīru wa lā yujāru ‘alaihi in kuntum ta‘lamūn(a).",
      "translation": "Katakanlah, “Siapakah yang di tangan-Nya kekuasaan segala sesuatu, sedangkan Dia melindungi dan tidak ada yang dapat dilindungi dari (azab-Nya), jika kamu mengetahui?”",
      "footnotes": null
    },
    {
      "ayah": 89,
      "quarter_hizb": 35.5,
      "juz": 18,
      "manzil": 4,
      "arabic": "سَيَقُوْلُوْنَ لِلّٰهِ ۗقُلْ فَاَنّٰى تُسْحَرُوْنَ",
      "latin": "Sayaqūlūna lillāh(i), qul fa annā tusḥarūn(a).",
      "translation": "Mereka akan menjawab, “Milik Allah.” Katakanlah, “(Kalau demikian), bagaimana kamu sampai tertipu?”",
      "footnotes": null
    },
    {
      "ayah": 90,
      "quarter_hizb": 35.5,
      "juz": 18,
      "manzil": 4,
      "arabic": "بَلْ اَتَيْنٰهُمْ بِالْحَقِّ وَاِنَّهُمْ لَكٰذِبُوْنَ",
      "latin": "Bal ataināhum bil-ḥaqqi wa innahum lakāżibūn(a).",
      "translation": "Padahal, Kami telah membawa kebenaran kepada mereka, tetapi sesungguhnya mereka benar-benar pendusta.",
      "footnotes": null
    },
    {
      "ayah": 91,
      "quarter_hizb": 35.5,
      "juz": 18,
      "manzil": 4,
      "arabic": "مَا اتَّخَذَ اللّٰهُ مِنْ وَّلَدٍ وَّمَا كَانَ مَعَهٗ مِنْ اِلٰهٍ اِذًا لَّذَهَبَ كُلُّ اِلٰهٍۢ بِمَا خَلَقَ وَلَعَلَا بَعْضُهُمْ عَلٰى بَعْضٍۗ سُبْحٰنَ اللّٰهِ عَمَّا يَصِفُوْنَ ۙ",
      "latin": "Mattakhażallāhu miw waladiw wa mā kāna ma‘ahū min ilāhin iżal lażahaba kullu ilāhim bimā khalaqa wa la‘alā ba‘ḍuhum ‘alā ba‘ḍ(in), subḥānallāhi ‘ammā yaṣifūn(a).",
      "translation": "Allah tidak mengangkat anak dan tidak ada tuhan (yang lain) bersama-Nya. Jika demikian, niscaya setiap tuhan itu akan membawa apa (makhluk) yang diciptakannya dan sebagian dari tuhan-tuhan itu akan mengalahkan sebagian yang lain. Maha Suci Allah dari apa yang mereka sifatkan itu,",
      "footnotes": null
    },
    {
      "ayah": 92,
      "quarter_hizb": 35.5,
      "juz": 18,
      "manzil": 4,
      "arabic": "عٰلِمِ الْغَيْبِ وَالشَّهَادَةِ فَتَعٰلٰى عَمَّا يُشْرِكُوْنَ ࣖ",
      "latin": "‘Ālimil-gaibi wasy-syahādati fa ta‘ālā ‘ammā yusyrikūn(a).",
      "translation": "Yang Maha Mengetahui semua yang gaib dan yang tampak. Maha Tinggi (Allah) dari apa yang mereka persekutukan.",
      "footnotes": null
    },
    {
      "ayah": 93,
      "quarter_hizb": 35.5,
      "juz": 18,
      "manzil": 4,
      "arabic": "قُلْ رَّبِّ اِمَّا تُرِيَنِّيْ مَا يُوْعَدُوْنَ ۙ",
      "latin": "Qur rabbi immā turiyannī mā yū‘adūn(a).",
      "translation": "Katakanlah (Nabi Muhammad), “Ya Tuhanku, jika Engkau benar-benar hendak memperlihatkan kepadaku apa (azab) yang diancamkan kepada mereka,",
      "footnotes": null
    },
    {
      "ayah": 94,
      "quarter_hizb": 35.5,
      "juz": 18,
      "manzil": 4,
      "arabic": "رَبِّ فَلَا تَجْعَلْنِيْ فِى الْقَوْمِ الظّٰلِمِيْنَ",
      "latin": "Rabbi falā taj‘alnī fil-qaumiẓ-ẓālimīn(a).",
      "translation": "Ya Tuhanku, janganlah Engkau jadikan aku termasuk kaum yang zalim.”",
      "footnotes": null
    },
    {
      "ayah": 95,
      "quarter_hizb": 35.5,
      "juz": 18,
      "manzil": 4,
      "arabic": "وَاِنَّا عَلٰٓى اَنْ نُّرِيَكَ مَا نَعِدُهُمْ لَقٰدِرُوْنَ",
      "latin": "Wa innā ‘alā an nuriyaka mā na‘iduhum laqādirūn(a).",
      "translation": "Sesungguhnya Kami benar-benar kuasa untuk memperlihatkan kepadamu (Nabi Muhammad) apa yang Kami ancamkan kepada mereka.",
      "footnotes": null
    },
    {
      "ayah": 96,
      "quarter_hizb": 35.5,
      "juz": 18,
      "manzil": 4,
      "arabic": "اِدْفَعْ بِالَّتِيْ هِيَ اَحْسَنُ السَّيِّئَةَۗ  نَحْنُ اَعْلَمُ بِمَا يَصِفُوْنَ ",
      "latin": "Idfa‘ bil-latī hiya aḥsanus-sayyi'ah(ta), naḥnu a‘lamu bimā yaṣifūn(a).",
      "translation": "Tolaklah keburukan (mereka) dengan (perbuatan) yang lebih baik. Kami lebih mengetahui apa yang mereka sifatkan.",
      "footnotes": null
    },
    {
      "ayah": 97,
      "quarter_hizb": 35.5,
      "juz": 18,
      "manzil": 4,
      "arabic": "وَقُلْ رَّبِّ اَعُوْذُ بِكَ مِنْ هَمَزٰتِ الشَّيٰطِيْنِ ۙ",
      "latin": "Wa qur rabbi a‘ūżu bika min hamazātisy-syayāṭīn(i).",
      "translation": "Katakanlah, “Ya Tuhanku, aku berlindung kepada-Mu dari bisikan-bisikan setan",
      "footnotes": null
    },
    {
      "ayah": 98,
      "quarter_hizb": 35.5,
      "juz": 18,
      "manzil": 4,
      "arabic": "وَاَعُوْذُ بِكَ رَبِّ اَنْ يَّحْضُرُوْنِ ",
      "latin": "Wa a‘ūżu bika rabbi ay yaḥḍurūn(i).",
      "translation": "dan aku berlindung (pula) kepada-Mu, ya Tuhanku, dari kedatangan mereka kepadaku.”",
      "footnotes": null
    },
    {
      "ayah": 99,
      "quarter_hizb": 35.5,
      "juz": 18,
      "manzil": 4,
      "arabic": "حَتّٰىٓ اِذَا جَاۤءَ اَحَدَهُمُ الْمَوْتُ قَالَ رَبِّ ارْجِعُوْنِ ۙ",
      "latin": "Ḥattā iżā jā'a aḥadahumul-mautu qāla rabbirji‘ūn(i).",
      "translation": "(Demikianlah keadaan orang-orang kafir itu) hingga apabila datang kematian kepada seseorang dari mereka, dia berkata, “Ya Tuhanku, kembalikanlah aku (ke dunia)",
      "footnotes": null
    },
    {
      "ayah": 100,
      "quarter_hizb": 35.5,
      "juz": 18,
      "manzil": 4,
      "arabic": "لَعَلِّيْٓ اَعْمَلُ صَالِحًا فِيْمَا تَرَكْتُ كَلَّا ۗاِنَّهَا كَلِمَةٌ هُوَ قَاۤىِٕلُهَاۗ وَمِنْ وَّرَاۤىِٕهِمْ بَرْزَخٌ اِلٰى يَوْمِ يُبْعَثُوْنَ ",
      "latin": "La‘allī a‘malu ṣāliḥan fīmā taraktu kallā, innahā kalimatun huwa qā'iluhā, wa miw warā'ihim barzakhun ilā yaumi yub‘aṡūn(a).",
      "translation": "agar aku dapat beramal saleh yang telah aku tinggalkan.” Sekali-kali tidak! Sesungguhnya itu adalah dalih yang diucapkannya saja. Di hadapan mereka ada (alam) barzakh513) sampai pada hari mereka dibangkitkan.",
      "footnotes": "513) Barzakh yaitu tempat atau keadaan orang setelah mati sampai dia dibangkitkan pada hari Kiamat."
    },
    {
      "ayah": 101,
      "quarter_hizb": 35.5,
      "juz": 18,
      "manzil": 4,
      "arabic": "فَاِذَا نُفِخَ فِى الصُّوْرِ فَلَآ اَنْسَابَ بَيْنَهُمْ يَوْمَىِٕذٍ وَّلَا يَتَسَاۤءَلُوْنَ",
      "latin": "Fa iżā nufikha fiṣ-ṣūri falā ansāba bainahum yauma'iżiw wa lā yatasā'alūn(a).",
      "translation": "Apabila sangkakala ditiup, pada hari itu (hari Kiamat) tidak ada lagi pertalian keluarga di antara mereka dan tidak (pula) mereka saling bertanya.",
      "footnotes": null
    },
    {
      "ayah": 102,
      "quarter_hizb": 35.5,
      "juz": 18,
      "manzil": 4,
      "arabic": "فَمَنْ ثَقُلَتْ مَوَازِيْنُهٗ فَاُولٰۤىِٕكَ هُمُ الْمُفْلِحُوْنَ ",
      "latin": "Faman ṡaqulat mawāzīnuhū fa ulā'ika humul-mufliḥūn(a).",
      "translation": "Siapa yang berat timbangan (kebaikan)-nya, mereka itulah orang-orang beruntung.",
      "footnotes": null
    },
    {
      "ayah": 103,
      "quarter_hizb": 35.5,
      "juz": 18,
      "manzil": 4,
      "arabic": "وَمَنْ خَفَّتْ مَوَازِيْنُهٗ فَاُولٰۤىِٕكَ الَّذِيْنَ خَسِرُوْٓا اَنْفُسَهُمْ فِيْ جَهَنَّمَ خٰلِدُوْنَ ۚ",
      "latin": "Wa man khaffat mawāzīnuhū fa ulā'ikal-lażīna khasirū anfusahum fī jahannama khālidūn(a).",
      "translation": "Siapa yang ringan timbangan (kebaikan)-nya, mereka itulah orang-orang yang merugikan dirinya sendiri. Mereka kekal di dalam (neraka) Jahanam.",
      "footnotes": null
    },
    {
      "ayah": 104,
      "quarter_hizb": 35.5,
      "juz": 18,
      "manzil": 4,
      "arabic": "تَلْفَحُ وُجُوْهَهُمُ النَّارُ وَهُمْ فِيْهَا كٰلِحُوْنَ ",
      "latin": "Talfaḥu wujūhahumun-nāru wa hum fīhā kāliḥūn(a).",
      "translation": "Wajah mereka dibakar api neraka dan mereka di neraka dalam keadaan sangat menyeramkan.",
      "footnotes": null
    },
    {
      "ayah": 105,
      "quarter_hizb": 35.5,
      "juz": 18,
      "manzil": 4,
      "arabic": "اَلَمْ تَكُنْ اٰيٰتِيْ تُتْلٰى عَلَيْكُمْ فَكُنْتُمْ بِهَا تُكَذِّبُوْنَ",
      "latin": "Alam takun āyātī tutlā ‘alaikum fa kuntum bihā tukażżibūn(a).",
      "translation": "Bukankah ayat-ayat-Ku telah dibacakan kepadamu, tetapi kamu selalu mendustakannya?",
      "footnotes": null
    },
    {
      "ayah": 106,
      "quarter_hizb": 35.5,
      "juz": 18,
      "manzil": 4,
      "arabic": "قَالُوْا رَبَّنَا غَلَبَتْ عَلَيْنَا شِقْوَتُنَا وَكُنَّا قَوْمًا ضَاۤلِّيْنَ",
      "latin": "Qālū rabbanā galabat ‘alainā syiqwatunā wa kunnā qauman ḍāllīn(a).",
      "translation": "Mereka berkata, “Ya Tuhan kami, kedurhakaan kami telah menguasai kami dan kami adalah orang-orang yang sesat.",
      "footnotes": null
    },
    {
      "ayah": 107,
      "quarter_hizb": 35.5,
      "juz": 18,
      "manzil": 4,
      "arabic": "رَبَّنَآ اَخْرِجْنَا مِنْهَا فَاِنْ عُدْنَا فَاِنَّا ظٰلِمُوْنَ",
      "latin": "Rabbanā akhrijnā minhā fa in ‘udnā fa innā ẓālimūn(a).",
      "translation": "Ya Tuhan kami, keluarkanlah kami darinya (api neraka dan kembalikan ke dunia). Kemudian, jika kami masih mengulangi (kekafiran), sesungguhnya kami adalah orang-orang zalim.”",
      "footnotes": null
    },
    {
      "ayah": 108,
      "quarter_hizb": 35.5,
      "juz": 18,
      "manzil": 4,
      "arabic": "قَالَ اخْسَـُٔوْا فِيْهَا وَلَا تُكَلِّمُوْنِ",
      "latin": "Qālakhsa'ū fīhā wa lā tukallimūn(i).",
      "translation": "Dia (Allah) berfirman, “Tinggallah kamu di sana dengan hina dan janganlah berbicara dengan-Ku.”",
      "footnotes": null
    },
    {
      "ayah": 109,
      "quarter_hizb": 35.5,
      "juz": 18,
      "manzil": 4,
      "arabic": "اِنَّهٗ كَانَ فَرِيْقٌ مِّنْ عِبَادِيْ يَقُوْلُوْنَ رَبَّنَآ اٰمَنَّا فَاغْفِرْ لَنَا وَارْحَمْنَا وَاَنْتَ خَيْرُ الرّٰحِمِيْنَ ۚ",
      "latin": "Innahū kāna farīqum min ‘ibādī yaqūlūna rabbanā āmannā fagfir lanā warḥamnā wa anta khairur-rāḥimīn(a).",
      "translation": "Sesungguhnya segolongan dari hamba-hamba-Ku berdoa, “Ya Tuhan kami, kami telah beriman, maka ampunilah kami dan berilah kami rahmat. Engkau adalah sebaik-baik pemberi rahmat.”",
      "footnotes": null
    },
    {
      "ayah": 110,
      "quarter_hizb": 35.5,
      "juz": 18,
      "manzil": 4,
      "arabic": "فَاتَّخَذْتُمُوْهُمْ سِخْرِيًّا حَتّٰىٓ اَنْسَوْكُمْ ذِكْرِيْ وَكُنْتُمْ مِّنْهُمْ تَضْحَكُوْنَ",
      "latin": "Fattakhażtumūhum sikhriyyan ḥattā ansaukum żikrī wa kuntum minhum taḍḥakūn(a).",
      "translation": "Lalu, kamu jadikan mereka bahan ejekan sehingga itu membuatmu lupa mengingat-Ku dan kamu (selalu) menertawakan mereka.",
      "footnotes": null
    },
    {
      "ayah": 111,
      "quarter_hizb": 35.5,
      "juz": 18,
      "manzil": 4,
      "arabic": "اِنِّيْ جَزَيْتُهُمُ الْيَوْمَ بِمَا صَبَرُوْٓاۙ اَنَّهُمْ هُمُ الْفَاۤىِٕزُوْنَ",
      "latin": "Innī jazaituhumul-yauma bimā ṣabarū, annahum humul-fā'izūn(a).",
      "translation": "Sesungguhnya pada hari ini Aku memberi balasan kepada mereka karena kesabaran mereka. Sesungguhnya mereka itulah orang-orang yang menang.",
      "footnotes": null
    },
    {
      "ayah": 112,
      "quarter_hizb": 35.5,
      "juz": 18,
      "manzil": 4,
      "arabic": "قٰلَ كَمْ لَبِثْتُمْ فِى الْاَرْضِ عَدَدَ سِنِيْنَ",
      "latin": "Qāla kam labiṡtum fil-arḍi ‘adada sinīn(a).",
      "translation": "Dia (Allah) berfirman, “Berapa tahunkah lamanya kamu tinggal di bumi?”",
      "footnotes": null
    },
    {
      "ayah": 113,
      "quarter_hizb": 35.5,
      "juz": 18,
      "manzil": 4,
      "arabic": "قَالُوْا لَبِثْنَا يَوْمًا اَوْ بَعْضَ يَوْمٍ فَسْـَٔلِ الْعَاۤدِّيْنَ ",
      "latin": "Qālū labiṡnā yauman au baḍa yaumin fas'alil-‘āddīn(a).",
      "translation": "Mereka menjawab, “Kami tinggal (di bumi) sehari atau setengah hari. Tanyalah kepada mereka yang menghitung.”",
      "footnotes": null
    },
    {
      "ayah": 114,
      "quarter_hizb": 35.5,
      "juz": 18,
      "manzil": 4,
      "arabic": "قٰلَ اِنْ لَّبِثْتُمْ اِلَّا قَلِيْلًا لَّوْ اَنَّكُمْ كُنْتُمْ تَعْلَمُوْنَ",
      "latin": "Qāla il labiṡtum illā qalīlal lau annakum kuntum ta‘lamūn(a).",
      "translation": "Dia (Allah) berfirman, “Kamu tinggal (di bumi) hanya sebentar jika kamu benar-benar mengetahui.”",
      "footnotes": null
    },
    {
      "ayah": 115,
      "quarter_hizb": 35.5,
      "juz": 18,
      "manzil": 4,
      "arabic": "اَفَحَسِبْتُمْ اَنَّمَا خَلَقْنٰكُمْ عَبَثًا وَّاَنَّكُمْ اِلَيْنَا لَا تُرْجَعُوْنَ",
      "latin": "Afa ḥasibtum annamā khalaqnākum ‘abaṡaw wa annakum ilainā lā turja‘ūn(a).",
      "translation": "Apakah kamu mengira bahwa Kami menciptakan kamu main-main (tanpa ada maksud) dan kamu tidak akan dikembalikan kepada Kami?",
      "footnotes": null
    },
    {
      "ayah": 116,
      "quarter_hizb": 35.5,
      "juz": 18,
      "manzil": 4,
      "arabic": "فَتَعٰلَى اللّٰهُ الْمَلِكُ الْحَقُّۚ  لَآ اِلٰهَ اِلَّا هُوَۚ رَبُّ الْعَرْشِ الْكَرِيْمِ",
      "latin": "Fa ta‘ālallāhul-malikul-ḥaqq(u), lā ilāha illā huw(a), rabbul-‘arsyil-karīm(i).",
      "translation": "Maha Tinggi Allah, Raja yang sebenarnya. Tidak ada tuhan selain Dia, pemilik ‘Arasy yang mulia.",
      "footnotes": null
    },
    {
      "ayah": 117,
      "quarter_hizb": 35.5,
      "juz": 18,
      "manzil": 4,
      "arabic": "وَمَنْ يَّدْعُ مَعَ اللّٰهِ اِلٰهًا اٰخَرَ لَا بُرْهَانَ لَهٗ بِهٖۙ فَاِنَّمَا حِسَابُهٗ عِنْدَ رَبِّهٖۗ اِنَّهٗ لَا يُفْلِحُ الْكٰفِرُوْنَ",
      "latin": "Wa may yad‘u ma‘allāhi ilāhan ākhara lā burhāna lahū bih(ī), fa innamā ḥisābuhū ‘inda rabbih(ī), innahū lā yufliḥul-kāfirūn(a).",
      "translation": "Siapa yang menyembah tuhan yang lain bersama Allah, padahal tidak ada suatu bukti pun baginya (yang membenarkan) tentang itu, maka perhitungan (amal)-nya hanya pada Tuhannya. Sesungguhnya orang-orang kafir itu tidak akan beruntung.",
      "footnotes": null
    },
    {
      "ayah": 118,
      "quarter_hizb": 35.5,
      "juz": 18,
      "manzil": 4,
      "arabic": "وَقُلْ رَّبِّ اغْفِرْ وَارْحَمْ وَاَنْتَ خَيْرُ الرّٰحِمِيْنَ ࣖ",
      "latin": "Wa qur rabbigfir warḥam wa anta khairur-rāḥimīn(a).",
      "translation": "Katakanlah (Nabi Muhammad), “Ya Tuhanku, berilah ampunan dan rahmat. Engkaulah sebaik-baik pemberi rahmat.”",
      "footnotes": null
    }
  ]
}