{
  "arabic": " النّور",
  "latin": "An-Nūr",
  "transliteration": "An-Nur",
  "translation": "Cahaya",
  "num_ayah": 64,
  "location": "Madaniyah",
  "ayah": [
    {
      "ayah": 1,
      "quarter_hizb": 35.75,
      "juz": 18,
      "manzil": 4,
      "arabic": "سُوْرَةٌ اَنْزَلْنٰهَا وَفَرَضْنٰهَا وَاَنْزَلْنَا فِيْهَآ اٰيٰتٍۢ بَيِّنٰتٍ لَّعَلَّكُمْ تَذَكَّرُوْنَ",
      "latin": "Sūratun anzalnāhā wa faraḍnāhā wa anzalnā fīhā āyātim bayyinātil la‘allakum tażakkarūn(a).",
      "translation": "(Inilah) surah yang Kami turunkan, Kami wajibkan (menjalankan hukum-hukum)-nya, dan Kami turunkan di dalamnya ayat-ayat yang jelas agar kamu mengambil pelajaran.",
      "footnotes": null
    },
    {
      "ayah": 2,
      "quarter_hizb": 35.75,
      "juz": 18,
      "manzil": 4,
      "arabic": "اَلزَّانِيَةُ وَالزَّانِيْ فَاجْلِدُوْا كُلَّ وَاحِدٍ مِّنْهُمَا مِائَةَ جَلْدَةٍ ۖوَّلَا تَأْخُذْكُمْ بِهِمَا رَأْفَةٌ فِيْ دِيْنِ اللّٰهِ اِنْ كُنْتُمْ تُؤْمِنُوْنَ بِاللّٰهِ وَالْيَوْمِ الْاٰخِرِۚ وَلْيَشْهَدْ عَذَابَهُمَا طَاۤىِٕفَةٌ مِّنَ الْمُؤْمِنِيْنَ",
      "latin": "Az-zāniyatu waz-zānī fajlidū kulla wāḥidim minhumā mi'ata jaldah(tan), wa lā ta'khużkum bihimā ra'fatun fī dīnillāhi in kuntum tu'minūna billāhi wal-yaumil-ākhir(i), walyasyhad ‘ażābahumā ṭā'ifatum minal-mu'minīn(a).",
      "translation": "Pezina perempuan dan pezina laki-laki, deralah masing-masing dari keduanya seratus kali dan janganlah rasa belas kasihan kepada keduanya mencegah kamu untuk (melaksanakan) agama (hukum) Allah jika kamu beriman kepada Allah dan hari Akhir. Hendaklah (pelaksanaan) hukuman atas mereka disaksikan oleh sebagian orang-orang mukmin.",
      "footnotes": null
    },
    {
      "ayah": 3,
      "quarter_hizb": 35.75,
      "juz": 18,
      "manzil": 4,
      "arabic": "اَلزَّانِيْ لَا يَنْكِحُ اِلَّا زَانِيَةً اَوْ مُشْرِكَةً ۖوَّالزَّانِيَةُ لَا يَنْكِحُهَآ اِلَّا زَانٍ اَوْ مُشْرِكٌ ۚوَحُرِّمَ ذٰلِكَ عَلَى الْمُؤْمِنِيْنَ",
      "latin": "Az-zānī lā yankiḥu illā zāniyatan au musyrikah(tan), waz-zāniyatu lā yankiḥuhā illā zānin au musyrik(un), wa ḥurrima żālika ‘alal-mu'minīn(a).",
      "translation": "Pezina laki-laki tidak pantas menikah, kecuali dengan pezina perempuan atau dengan perempuan musyrik dan pezina perempuan tidak pantas menikah, kecuali dengan pezina laki-laki atau dengan laki-laki musyrik. Yang demikian itu diharamkan bagi orang-orang mukmin.",
      "footnotes": null
    },
    {
      "ayah": 4,
      "quarter_hizb": 35.75,
      "juz": 18,
      "manzil": 4,
      "arabic": "وَالَّذِيْنَ يَرْمُوْنَ الْمُحْصَنٰتِ ثُمَّ لَمْ يَأْتُوْا بِاَرْبَعَةِ شُهَدَاۤءَ فَاجْلِدُوْهُمْ ثَمٰنِيْنَ جَلْدَةً وَّلَا تَقْبَلُوْا لَهُمْ شَهَادَةً اَبَدًاۚ وَاُولٰۤىِٕكَ هُمُ الْفٰسِقُوْنَ ۙ",
      "latin": "Wal-lażīna yarmūnal-muḥṣanāti ṡumma lam ya'tū bi'arba‘ati syuhadā'a fajlidūhum ṡamānīna jaldataw wa lā taqbalū lahum syahādatan abadā(n), wa ulā'ika humul-fāsiqūn(a).",
      "translation": "Orang-orang yang menuduh (berzina terhadap) perempuan yang baik-baik dan mereka tidak mendatangkan empat orang saksi, maka deralah mereka (para penuduh itu) delapan puluh kali dan janganlah kamu menerima kesaksian mereka untuk selama-lamanya. Mereka itulah orang-orang yang fasik,",
      "footnotes": null
    },
    {
      "ayah": 5,
      "quarter_hizb": 35.75,
      "juz": 18,
      "manzil": 4,
      "arabic": "اِلَّا الَّذِيْنَ تَابُوْا مِنْۢ بَعْدِ ذٰلِكَ وَاَصْلَحُوْاۚ فَاِنَّ اللّٰهَ غَفُوْرٌ رَّحِيْمٌ",
      "latin": "Illal-lażīna tābū mim ba‘di żālika wa aṣlaḥū, fa innallāha gafūrur raḥīm(un).",
      "translation": "kecuali mereka yang bertobat setelah itu dan memperbaiki (dirinya), maka sesungguhnya Allah Maha Pengampun lagi Maha Penyayang.",
      "footnotes": null
    },
    {
      "ayah": 6,
      "quarter_hizb": 35.75,
      "juz": 18,
      "manzil": 4,
      "arabic": "وَالَّذِيْنَ يَرْمُوْنَ اَزْوَاجَهُمْ وَلَمْ يَكُنْ لَّهُمْ شُهَدَاۤءُ اِلَّآ اَنْفُسُهُمْ فَشَهَادَةُ اَحَدِهِمْ اَرْبَعُ شَهٰدٰتٍۢ بِاللّٰهِ ۙاِنَّهٗ لَمِنَ الصّٰدِقِيْنَ",
      "latin": "Wal-lażīna yarmūna azwājahum wa lam yakul lahum syuhadā'u illā anfusuhum fa syahādatu aḥadihim arba‘u syahādātim billāh(i), innahū laminaṣ-ṣādiqīn(a).",
      "translation": "Orang-orang yang menuduh istrinya berzina, padahal mereka tidak mempunyai saksi-saksi selain diri mereka sendiri, maka kesaksian masing-masing orang itu ialah empat kali bersumpah atas (nama) Allah, bahwa sesungguhnya dia termasuk orang yang benar.",
      "footnotes": null
    },
    {
      "ayah": 7,
      "quarter_hizb": 35.75,
      "juz": 18,
      "manzil": 4,
      "arabic": "وَالْخَامِسَةُ اَنَّ لَعْنَتَ اللّٰهِ عَلَيْهِ اِنْ كَانَ مِنَ الْكٰذِبِيْنَ",
      "latin": "Wal-khāmisatu anna la‘natallāhi ‘alaihi in kāna minal-kāżibīn(a).",
      "translation": "(Sumpah) yang kelima adalah bahwa laknat Allah atasnya jika dia termasuk orang-orang yang berdusta.514)",
      "footnotes": "514) Seorang suami yang menuduh istrinya berbuat zina, tetapi tidak dapat menghadirkan empat orang saksi, harus bersumpah dengan nama Allah Swt. sebanyak empat kali bahwa tuduhannya adalah benar adanya. Kemudian, dia bersumpah sekali lagi bahwa dia siap menerima laknat Allah jika dia berdusta. Masalah ini dalam fikih dikenal dengan lian."
    },
    {
      "ayah": 8,
      "quarter_hizb": 35.75,
      "juz": 18,
      "manzil": 4,
      "arabic": "وَيَدْرَؤُا عَنْهَا الْعَذَابَ اَنْ تَشْهَدَ اَرْبَعَ شَهٰدٰتٍۢ بِاللّٰهِ اِنَّهٗ لَمِنَ الْكٰذِبِيْنَ ۙ",
      "latin": "Wa yadra'u ‘anhal-‘ażāba an tasyhada arba‘a syahādātim billāhi innahū laminal-kāżibīn(a).",
      "translation": "Istri itu terhindar dari hukuman apabila dia bersumpah empat kali atas (nama) Allah bahwa dia (suaminya) benar-benar termasuk orang-orang yang berdusta,",
      "footnotes": null
    },
    {
      "ayah": 9,
      "quarter_hizb": 35.75,
      "juz": 18,
      "manzil": 4,
      "arabic": "وَالْخَامِسَةَ اَنَّ غَضَبَ اللّٰهِ عَلَيْهَآ اِنْ كَانَ مِنَ الصّٰدِقِيْنَ ",
      "latin": "Wal-khāmisata anna gaḍaballāhi ‘alaihā in kāna minaṣ-ṣādiqīn(a).",
      "translation": "(Sumpah) yang kelima adalah bahwa kemurkaan Allah atasnya (istri) jika dia (suaminya) itu termasuk orang yang benar.",
      "footnotes": null
    },
    {
      "ayah": 10,
      "quarter_hizb": 35.75,
      "juz": 18,
      "manzil": 4,
      "arabic": "وَلَوْلَا فَضْلُ اللّٰهِ عَلَيْكُمْ وَرَحْمَتُهٗ وَاَنَّ اللّٰهَ تَوَّابٌ حَكِيْمٌ ࣖ",
      "latin": "Wa lau lā faḍlullāhi ‘alaikum wa raḥmatuhū wa annallāha tawwābun ḥakīm(un).",
      "translation": "Seandainya bukan karena karunia Allah dan rahmat-Nya kepadamu dan (bukan karena) Allah Maha Penerima Tobat lagi Maha Bijaksana, (niscaya kamu akan menemui kesulitan).",
      "footnotes": null
    },
    {
      "ayah": 11,
      "quarter_hizb": 35.75,
      "juz": 18,
      "manzil": 4,
      "arabic": "اِنَّ الَّذِيْنَ جَاۤءُوْ بِالْاِفْكِ عُصْبَةٌ مِّنْكُمْۗ  لَا تَحْسَبُوْهُ شَرًّا لَّكُمْۗ بَلْ هُوَ خَيْرٌ لَّكُمْۗ لِكُلِّ امْرِئٍ مِّنْهُمْ مَّا اكْتَسَبَ مِنَ الْاِثْمِۚ وَالَّذِيْ تَوَلّٰى كِبْرَهٗ مِنْهُمْ لَهٗ عَذَابٌ عَظِيْمٌ",
      "latin": "Innal-lażīna jā'ū bil-ifki ‘uṣbatum minkum, lā taḥsabūhu syarral lakum, bal huwa khairul lakum, likullimri'im minhum maktasaba minal-iṡm(i), wal-lażī tawallā kibrahū minhum lahū ‘ażābun ‘aẓīm(un). ",
      "translation": "Sesungguhnya orang-orang yang membawa berita bohong itu adalah kelompok di antara kamu (juga). Janganlah kamu mengira bahwa peristiwa itu buruk bagimu, sebaliknya itu baik bagimu. Setiap orang dari mereka akan mendapat balasan dari dosa yang diperbuatnya. Adapun orang yang mengambil peran besar di antara mereka, dia mendapat azab yang sangat berat.515)",
      "footnotes": "515) Berita bohong ini mengenai ‘Aisyah r.a., Ummul Mukminin, setelah perang dengan Bani Mustaliq pada bulan Syakban 5 H. Perang itu diikuti kaum munafik dan turut pula ‘Aisyah r.a. dengan Nabi saw. berdasarkan undian yang diadakan di antara istri-istri beliau. Dalam perjalanan kembali, mereka berhenti pada suatu tempat. ‘Aisyah r.a. keluar dari sekedupnya untuk suatu keperluan, kemudian kembali. Tiba-tiba dia merasa kalungnya hilang, lalu dia pun mencarinya. Sementara itu, rombongan berangkat dengan persangkaan bahwa ‘Aisyah r.a. masih ada dalam sekedup. Setelah ‘Aisyah r.a. mengetahui sekedupnya sudah berangkat, dia duduk di tempatnya dan berharap sekedup itu akan kembali menjemputnya. Secara kebetulan, seorang sahabat Nabi bernama Safwan bin Mu‘attal lewat di tempat itu dan menemukan seseorang yang sedang tidur sendirian. Safwan terkejut seraya mengucapkan, “Innā lillāhi wa innā ilaihi rāji‘ūn, istri Rasul!” ‘Aisyah r.a. terbangun. Lalu, Safwan mempersilakan ‘Aisyah menaiki untanya. Safwan berjalan menuntun unta sampai Madinah. Orang-orang yang melihat mereka membicarakannya menurut pendapat masing-masing. Mulailah timbul desas-desus. Kemudian, kaum munafik membesar-besarkannya. Maka, fitnah atas ‘Aisyah r.a. itu pun bertambah luas sehingga menimbulkan keguncangan di kalangan kaum muslim."
    },
    {
      "ayah": 12,
      "quarter_hizb": 35.75,
      "juz": 18,
      "manzil": 4,
      "arabic": "لَوْلَآ اِذْ سَمِعْتُمُوْهُ ظَنَّ الْمُؤْمِنُوْنَ وَالْمُؤْمِنٰتُ بِاَنْفُسِهِمْ خَيْرًاۙ وَّقَالُوْا هٰذَآ اِفْكٌ مُّبِيْنٌ",
      "latin": "Lau lā iż sami‘tumūhu ẓannal-mu'minūna wal-mu'minātu bi'anfusihim khairā(n), wa qālū hāżā ifkum mubīn(un).",
      "translation": "Mengapa orang-orang mukmin dan mukminat tidak berbaik sangka terhadap kelompok mereka sendiri, ketika kamu mendengar berita bohong itu, dan berkata, “Ini adalah (berita) bohong yang nyata?”",
      "footnotes": null
    },
    {
      "ayah": 13,
      "quarter_hizb": 35.75,
      "juz": 18,
      "manzil": 4,
      "arabic": "لَوْلَا جَاۤءُوْ عَلَيْهِ بِاَرْبَعَةِ شُهَدَاۤءَۚ فَاِذْ لَمْ يَأْتُوْا بِالشُّهَدَاۤءِ فَاُولٰۤىِٕكَ عِنْدَ اللّٰهِ هُمُ الْكٰذِبُوْنَ",
      "latin": "Lau lā jā'ū ‘alaihi bi'arba‘ati syuhadā'(a), fa iż lam ya'tū bisy-syuhadā'i fa ulā'ika ‘indallāhi humul-kāżibūn(a).",
      "translation": "Mengapa mereka (yang menuduh itu) tidak datang membawa empat saksi? Karena tidak membawa saksi-saksi, mereka itu adalah para pendusta dalam pandangan Allah.",
      "footnotes": null
    },
    {
      "ayah": 14,
      "quarter_hizb": 35.75,
      "juz": 18,
      "manzil": 4,
      "arabic": "وَلَوْلَا فَضْلُ اللّٰهِ عَلَيْكُمْ وَرَحْمَتُهٗ فِى الدُّنْيَا وَالْاٰخِرَةِ لَمَسَّكُمْ فِيْ مَآ اَفَضْتُمْ فِيْهِ عَذَابٌ عَظِيْمٌ ",
      "latin": "Wa lau lā faḍlullāhi ‘alaikum wa raḥmatuhū fid-dun-yā wal-ākhirati lamassakum fīmā afaḍtum fīhi ‘ażābun ‘aẓīm(un).",
      "translation": "Seandainya bukan karena karunia Allah dan rahmat-Nya kepadamu di dunia dan di akhirat, niscaya kamu ditimpa azab yang sangat berat disebabkan oleh pembicaraan kamu tentang (berita bohong) itu.",
      "footnotes": null
    },
    {
      "ayah": 15,
      "quarter_hizb": 35.75,
      "juz": 18,
      "manzil": 4,
      "arabic": "اِذْ تَلَقَّوْنَهٗ بِاَلْسِنَتِكُمْ وَتَقُوْلُوْنَ بِاَفْوَاهِكُمْ مَّا لَيْسَ لَكُمْ بِهٖ عِلْمٌ وَّتَحْسَبُوْنَهٗ هَيِّنًاۙ وَّهُوَ عِنْدَ اللّٰهِ عَظِيْمٌ ۚ",
      "latin": "Iż talaqqaunahū bi'alsinatikum wa taqūlūna bi'afwāhikum mā laisa lakum bihī ‘ilmuw wa taḥsabūnahū hayyinā(n), wa huwa ‘indallāhi ‘aẓīm(un).",
      "translation": "(Ingatlah) ketika kamu menerima (berita bohong) itu dari mulut ke mulut; kamu mengatakan dengan mulutmu apa yang tidak kamu ketahui sedikit pun; dan kamu menganggapnya remeh, padahal dalam pandangan Allah itu masalah besar.",
      "footnotes": null
    },
    {
      "ayah": 16,
      "quarter_hizb": 35.75,
      "juz": 18,
      "manzil": 4,
      "arabic": "وَلَوْلَآ اِذْ سَمِعْتُمُوْهُ قُلْتُمْ مَّا يَكُوْنُ لَنَآ اَنْ نَّتَكَلَّمَ بِهٰذَاۖ سُبْحٰنَكَ هٰذَا بُهْتَانٌ عَظِيْمٌ",
      "latin": "Wa lau lā iż sami‘tumūhu qultum mā yakūnu lanā an natakallama bihāżā, subḥānaka hāżā buhtānun ‘aẓīm(un).",
      "translation": "Mengapa ketika mendengarnya (berita bohong itu), kamu tidak berkata, “Tidak pantas bagi kita membicarakan ini.  Maha Suci Engkau. Ini adalah kebohongan yang besar.”",
      "footnotes": null
    },
    {
      "ayah": 17,
      "quarter_hizb": 35.75,
      "juz": 18,
      "manzil": 4,
      "arabic": "يَعِظُكُمُ اللّٰهُ اَنْ تَعُوْدُوْا لِمِثْلِهٖٓ اَبَدًا اِنْ كُنْتُمْ مُّؤْمِنِيْنَ ۚ",
      "latin": "Ya‘iẓukumullāhu an ta‘ūdū limiṡlihī abadan in kuntum mu'minīn(a).",
      "translation": "Allah memperingatkan kamu agar (jangan) kembali mengulangi seperti itu selama-lamanya jika kamu orang-orang mukmin.",
      "footnotes": null
    },
    {
      "ayah": 18,
      "quarter_hizb": 35.75,
      "juz": 18,
      "manzil": 4,
      "arabic": "وَيُبَيِّنُ اللّٰهُ لَكُمُ الْاٰيٰتِۗ وَاللّٰهُ عَلِيْمٌ حَكِيْمٌ",
      "latin": "Wa yubayyinullāhu lakumul-āyāt(i), wallāhu ‘alīmun ḥakīm(un).",
      "translation": "Allah menjelaskan ayat-ayat(-Nya) kepadamu. Allah Maha Mengetahui lagi Maha Bijaksana.",
      "footnotes": null
    },
    {
      "ayah": 19,
      "quarter_hizb": 35.75,
      "juz": 18,
      "manzil": 4,
      "arabic": "اِنَّ الَّذِيْنَ يُحِبُّوْنَ اَنْ تَشِيْعَ الْفَاحِشَةُ فِى الَّذِيْنَ اٰمَنُوْا لَهُمْ عَذَابٌ اَلِيْمٌۙ فِى الدُّنْيَا وَالْاٰخِرَةِۗ وَاللّٰهُ يَعْلَمُ وَاَنْتُمْ لَا تَعْلَمُوْنَ",
      "latin": "Innal-lażīna yuḥibbūna an tasyī‘al-fāḥisyatu fil-lażīna āmanū lahum ‘ażābun alīm(un), fid-dun-yā wal-ākhirah(ti), wallāhu ya‘lamu wa antum lā ta‘lamūn(a).",
      "translation": "Sesungguhnya orang-orang yang senang atas tersebarnya (berita bohong) yang sangat keji itu di kalangan orang-orang yang beriman, mereka mendapat azab yang sangat pedih di dunia dan di akhirat. Allah mengetahui, sedangkan kamu tidak mengetahui.",
      "footnotes": null
    },
    {
      "ayah": 20,
      "quarter_hizb": 35.75,
      "juz": 18,
      "manzil": 4,
      "arabic": "وَلَوْلَا فَضْلُ اللّٰهِ عَلَيْكُمْ وَرَحْمَتُهٗ وَاَنَّ اللّٰهَ رَءُوْفٌ رَّحِيْمٌ ࣖ ",
      "latin": "Wa lau lā faḍlullāhi ‘alaikum wa raḥmatuhū wa annallāha ra'ūfur raḥīm(un).",
      "translation": "Kalau bukan karena karunia Allah dan rahmat-Nya kepadamu dan (bukan karena) Allah Maha Penyantun lagi Maha Penyayang, (niscaya kamu akan ditimpa azab yang besar).",
      "footnotes": null
    },
    {
      "ayah": 21,
      "quarter_hizb": 36,
      "juz": 18,
      "manzil": 4,
      "arabic": "۞ يٰٓاَيُّهَا الَّذِيْنَ اٰمَنُوْا لَا تَتَّبِعُوْا خُطُوٰتِ الشَّيْطٰنِۗ وَمَنْ يَّتَّبِعْ خُطُوٰتِ الشَّيْطٰنِ فَاِنَّهٗ يَأْمُرُ بِالْفَحْشَاۤءِ وَالْمُنْكَرِۗ وَلَوْلَا فَضْلُ اللّٰهِ عَلَيْكُمْ وَرَحْمَتُهٗ مَا زَكٰى مِنْكُمْ مِّنْ اَحَدٍ اَبَدًاۙ وَّلٰكِنَّ اللّٰهَ يُزَكِّيْ مَنْ يَّشَاۤءُۗ وَاللّٰهُ سَمِيْعٌ عَلِيْمٌ ",
      "latin": "Yā ayyuhal-lażīna āmanū lā tattabi‘ū khuṭuwātisy-syaiṭān(i), wa may yattabi‘ khuṭuwātisy-syaiṭāni fa innahū ya'muru bil-faḥsyā'i wal-munkar(i), wa lau lā faḍlullāhi ‘alaikum wa raḥmatuhū mā zakā minkum min aḥadin abadā(n), wa lākinnallāha yuzakkī may yasyā'(u), wallāhu samī‘un ‘alīm(un).",
      "translation": "Wahai orang-orang yang beriman, janganlah kamu mengikuti langkah-langkah setan! Siapa yang mengikuti langkah-langkah setan, maka sesungguhnya dia (setan) menyuruh (manusia mengerjakan perbuatan) yang keji dan mungkar. Kalau bukan karena karunia Allah dan rahmat-Nya kepadamu, niscaya tidak seorang pun di antara kamu bersih (dari perbuatan keji dan mungkar itu) selama-lamanya. Akan tetapi, Allah membersihkan siapa yang Dia kehendaki. Allah Maha Mendengar lagi Maha Mengetahui.",
      "footnotes": null
    },
    {
      "ayah": 22,
      "quarter_hizb": 36,
      "juz": 18,
      "manzil": 4,
      "arabic": "وَلَا يَأْتَلِ اُولُو الْفَضْلِ مِنْكُمْ وَالسَّعَةِ اَنْ يُّؤْتُوْٓا اُولِى الْقُرْبٰى وَالْمَسٰكِيْنَ وَالْمُهٰجِرِيْنَ فِيْ سَبِيْلِ اللّٰهِ ۖوَلْيَعْفُوْا وَلْيَصْفَحُوْاۗ اَلَا تُحِبُّوْنَ اَنْ يَّغْفِرَ اللّٰهُ لَكُمْ ۗوَاللّٰهُ غَفُوْرٌ رَّحِيْمٌ",
      "latin": "Wa lā ya'tali ulul-faḍli minkum was-sa‘ati ay yu'tū ulil-qurbā wal-masākīna wal-muhājirīna fī sabīlillāh(i), wal ya‘fū wal yaṣfaḥū, alā tuḥibbūna ay yagfirallāhu lakum, wallāhu gafūrur raḥīm(un).",
      "translation": "Janganlah orang-orang yang mempunyai kelebihan dan kelapangan (rezeki) di antara kamu bersumpah (tidak) akan memberi (bantuan) kepada kerabat(-nya), orang-orang miskin, dan orang-orang yang berhijrah di jalan Allah. Hendaklah mereka memaafkan dan berlapang dada. Apakah kamu tidak suka bahwa Allah mengampunimu? Allah Maha Pengampun lagi Maha Penyayang.",
      "footnotes": null
    },
    {
      "ayah": 23,
      "quarter_hizb": 36,
      "juz": 18,
      "manzil": 4,
      "arabic": "اِنَّ الَّذِيْنَ يَرْمُوْنَ الْمُحْصَنٰتِ الْغٰفِلٰتِ الْمُؤْمِنٰتِ لُعِنُوْا فِى الدُّنْيَا وَالْاٰخِرَةِۖ وَلَهُمْ عَذَابٌ عَظِيْمٌ ۙ",
      "latin": "Innal-lażīna yarmūnal-muḥṣanātil-gāfilātil-mu'mināti lu‘inū fid-dun-yā wal-ākhirah(ti), wa lahum ‘ażābun ‘aẓīm(un).",
      "translation": "Sesungguhnya orang-orang yang menuduh perempuan baik-baik, polos,516) dan beriman (dengan tuduhan berzina), mereka dilaknat di dunia dan di akhirat dan mereka akan mendapat azab yang besar",
      "footnotes": "516) Yang dimaksud dengan perempuan-perempuan yang polos adalah perempuan-perempuan yang tidak pernah sekali pun tebersit dalam pikirannya untuk berbuat keji."
    },
    {
      "ayah": 24,
      "quarter_hizb": 36,
      "juz": 18,
      "manzil": 4,
      "arabic": "يَّوْمَ تَشْهَدُ عَلَيْهِمْ اَلْسِنَتُهُمْ وَاَيْدِيْهِمْ وَاَرْجُلُهُمْ بِمَا كَانُوْا يَعْمَلُوْنَ",
      "latin": "Yauma tasyhadu ‘alaihim alsinatuhum wa aidīhim wa arjuluhum bimā kānū ya‘malūn(a).",
      "translation": "pada hari (ketika) lidah, tangan, dan kaki mereka menjadi saksi atas mereka terhadap apa yang dahulu mereka kerjakan.",
      "footnotes": null
    },
    {
      "ayah": 25,
      "quarter_hizb": 36,
      "juz": 18,
      "manzil": 4,
      "arabic": "يَوْمَىِٕذٍ يُّوَفِّيْهِمُ اللّٰهُ دِيْنَهُمُ الْحَقَّ وَيَعْلَمُوْنَ اَنَّ اللّٰهَ هُوَ الْحَقُّ الْمُبِيْنُ",
      "latin": "Yauma'iżiy yuwaffīhimullāhu dīnahumul-ḥaqqa wa ya‘lamūna annallāha huwal-ḥaqqul-mubīn(u).",
      "translation": "Pada hari itu Allah menyempurnakan balasan yang sebenarnya bagi mereka dan mereka mengetahui bahwa sesungguhnya Allah Maha Benar lagi Maha Menjelaskan.",
      "footnotes": null
    },
    {
      "ayah": 26,
      "quarter_hizb": 36,
      "juz": 18,
      "manzil": 4,
      "arabic": "اَلْخَبِيْثٰتُ لِلْخَبِيْثِيْنَ وَالْخَبِيْثُوْنَ لِلْخَبِيْثٰتِۚ وَالطَّيِّبٰتُ لِلطَّيِّبِيْنَ وَالطَّيِّبُوْنَ لِلطَّيِّبٰتِۚ اُولٰۤىِٕكَ مُبَرَّءُوْنَ مِمَّا يَقُوْلُوْنَۗ  لَهُمْ مَّغْفِرَةٌ وَّرِزْقٌ كَرِيْمٌ ࣖ",
      "latin": "Al-khabīṡātu lil-khabīṡīna wal-khabīṡūna lil-khabīṡāt(i), waṭ-ṭayyibātu liṭ-ṭayyibīna waṭ-ṭayyibūna liṭ-ṭayyibāt(i), ulā'ika mubarra'ūna mimmā yaqūlūn(a), lahum magfiratuw wa rizqun karīm(un).",
      "translation": "Perempuan-perempuan yang keji untuk laki-laki yang keji dan laki-laki yang keji untuk perempuan-perempuan yang keji (pula), sedangkan perempuan-perempuan yang baik untuk laki-laki yang baik dan laki-laki yang baik untuk perempuan-perempuan yang baik (pula). Mereka (yang baik) itu bersih dari apa yang dituduhkan orang. Bagi mereka ampunan dan rezeki yang mulia.517)",
      "footnotes": "517) Ayat ini menunjukkan kesucian ‘Aisyah r.a. dan Safwan dari segala tuduhan yang ditujukan kepada mereka. Rasulullah adalah orang yang paling baik. Maka, perempuan yang baik pulalah yang menjadi istri beliau."
    },
    {
      "ayah": 27,
      "quarter_hizb": 36,
      "juz": 18,
      "manzil": 4,
      "arabic": "يٰٓاَيُّهَا الَّذِيْنَ اٰمَنُوْا لَا تَدْخُلُوْا بُيُوْتًا غَيْرَ بُيُوْتِكُمْ حَتّٰى تَسْتَأْنِسُوْا وَتُسَلِّمُوْا عَلٰٓى اَهْلِهَاۗ ذٰلِكُمْ خَيْرٌ لَّكُمْ لَعَلَّكُمْ تَذَكَّرُوْنَ ",
      "latin": "Yā ayyuhal-lażīna āmanū lā tadkhulū buyūtan gaira buyūtikum ḥattā tasta'nisū wa tusallimū ‘alā ahlihā, żālikum khairul lakum la‘allakum tażakkarūn(a).",
      "translation": "Wahai orang-orang yang beriman, janganlah memasuki rumah yang bukan rumahmu sebelum meminta izin dan memberi salam kepada penghuninya. Demikian itu lebih baik bagimu agar kamu mengambil pelajaran.",
      "footnotes": null
    },
    {
      "ayah": 28,
      "quarter_hizb": 36,
      "juz": 18,
      "manzil": 4,
      "arabic": "فَاِنْ لَّمْ تَجِدُوْا فِيْهَآ اَحَدًا فَلَا تَدْخُلُوْهَا حَتّٰى يُؤْذَنَ لَكُمْ وَاِنْ قِيْلَ لَكُمُ ارْجِعُوْا فَارْجِعُوْا هُوَ اَزْكٰى لَكُمْ ۗوَاللّٰهُ بِمَا تَعْمَلُوْنَ عَلِيْمٌ ",
      "latin": "Fa illam tajidū fīhā aḥadan falā tadkhulūhā ḥattā yu'żana lakum wa in qīla lakumurji‘ū farji‘ū huwa azkā lakum, wallāhu bimā ta‘malūna ‘alīm(un).",
      "translation": "Jika kamu tidak menemui seorang pun di dalamnya, janganlah masuk sebelum mendapat izin. Jika dikatakan kepadamu, “Kembalilah,” (hendaklah) kamu kembali. Itu lebih suci bagimu. Allah Maha Mengetahui apa yang kamu kerjakan.",
      "footnotes": null
    },
    {
      "ayah": 29,
      "quarter_hizb": 36,
      "juz": 18,
      "manzil": 4,
      "arabic": "لَيْسَ عَلَيْكُمْ جُنَاحٌ اَنْ تَدْخُلُوْا بُيُوْتًا غَيْرَ مَسْكُوْنَةٍ فِيْهَا مَتَاعٌ لَّكُمْۗ وَاللّٰهُ يَعْلَمُ مَا تُبْدُوْنَ وَمَا تَكْتُمُوْنَ",
      "latin": "Laisa ‘alaikum junāḥun an tadkhulū buyūtan gaira maskūnatin fīhā matā‘ul lakum, wallāhu ya‘lamu mā tubdūna wa mā taktumūn(a).",
      "translation": "Tidak ada dosa atasmu memasuki rumah yang tidak dihuni (sebagai tempat umum) yang di dalamnya ada kepentingan kamu; Allah mengetahui apa yang kamu nyatakan dan apa yang kamu sembunyikan.",
      "footnotes": null
    },
    {
      "ayah": 30,
      "quarter_hizb": 36,
      "juz": 18,
      "manzil": 4,
      "arabic": "قُلْ لِّلْمُؤْمِنِيْنَ يَغُضُّوْا مِنْ اَبْصَارِهِمْ وَيَحْفَظُوْا فُرُوْجَهُمْۗ ذٰلِكَ اَزْكٰى لَهُمْۗ اِنَّ اللّٰهَ خَبِيْرٌۢ بِمَا يَصْنَعُوْنَ",
      "latin": "Qul lil-mu'minīna yaguḍḍū min abṡārihim wa yaḥfaẓū furūjahum, żālika azkā lahum, innallāha khabīrum bimā yaṣna‘ūn(a).",
      "translation": "Katakanlah kepada laki-laki yang beriman hendaklah mereka menjaga pandangannya dan memelihara kemaluannya. Demikian itu lebih suci bagi mereka. Sesungguhnya Allah Maha Teliti terhadap apa yang mereka perbuat.",
      "footnotes": null
    },
    {
      "ayah": 31,
      "quarter_hizb": 36,
      "juz": 18,
      "manzil": 4,
      "arabic": "وَقُلْ لِّلْمُؤْمِنٰتِ يَغْضُضْنَ مِنْ اَبْصَارِهِنَّ وَيَحْفَظْنَ فُرُوْجَهُنَّ وَلَا يُبْدِيْنَ زِيْنَتَهُنَّ اِلَّا مَا ظَهَرَ مِنْهَا وَلْيَضْرِبْنَ بِخُمُرِهِنَّ عَلٰى جُيُوْبِهِنَّۖ وَلَا يُبْدِيْنَ زِيْنَتَهُنَّ اِلَّا لِبُعُوْلَتِهِنَّ اَوْ اٰبَاۤىِٕهِنَّ اَوْ اٰبَاۤءِ بُعُوْلَتِهِنَّ اَوْ اَبْنَاۤىِٕهِنَّ اَوْ اَبْنَاۤءِ بُعُوْلَتِهِنَّ اَوْ اِخْوَانِهِنَّ اَوْ بَنِيْٓ اِخْوَانِهِنَّ اَوْ بَنِيْٓ اَخَوٰتِهِنَّ اَوْ نِسَاۤىِٕهِنَّ اَوْ مَا مَلَكَتْ اَيْمَانُهُنَّ اَوِ التّٰبِعِيْنَ غَيْرِ اُولِى الْاِرْبَةِ مِنَ الرِّجَالِ اَوِ الطِّفْلِ الَّذِيْنَ لَمْ يَظْهَرُوْا عَلٰى عَوْرٰتِ النِّسَاۤءِ ۖوَلَا يَضْرِبْنَ بِاَرْجُلِهِنَّ لِيُعْلَمَ مَا يُخْفِيْنَ مِنْ زِيْنَتِهِنَّۗ وَتُوْبُوْٓا اِلَى اللّٰهِ جَمِيْعًا اَيُّهَ الْمُؤْمِنُوْنَ لَعَلَّكُمْ تُفْلِحُوْنَ",
      "latin": "Wa qul lil-mu'mināti yagḍuḍna  min abṡārihinna wa yaḥfaẓna furūjahunna wa lā yubdīna zīnatahunna illā mā ẓahara minhā walyaḍribna bikhumurihinna ‘alā juyūbihinn(a), wa lā yubdīna zīnatahunna illā libu‘ūlatihinna au ābā'ihinna au abnā'ihinna au abnā'i bu‘ūlatihinna au ikhwānihinna au banī ikhwānihinna au nisā'ihinna au mā malakat aimānuhunna awit-tābi‘īna gairi ulil-irbati minar-rijāli awiṭ-ṭiflil-lażīna lam yaẓharū ‘alā ‘aurātin-nisā'(i), wa lā yaḍribna bi'arjulihinna liyu‘lama mā yukhfīna min zīnatihinn(a), wa tūbū ilallāhi jamī‘an ayyuhal-mu'minūna  la‘allakum tufliḥūn(a).",
      "translation": "Katakanlah kepada para perempuan yang beriman hendaklah mereka menjaga pandangannya, memelihara kemaluannya, dan janganlah menampakkan perhiasannya (bagian tubuhnya), kecuali yang (biasa) terlihat. Hendaklah mereka menutupkan kain kerudung ke dadanya. Hendaklah pula mereka tidak menampakkan perhiasannya (auratnya), kecuali kepada suami mereka, ayah mereka, ayah suami mereka, putra-putra mereka, putra-putra suami mereka, saudara-saudara laki-laki mereka, putra-putra saudara laki-laki mereka, putra-putra saudara perempuan mereka, para perempuan (sesama muslim), hamba sahaya yang mereka miliki, para pelayan laki-laki (tua) yang tidak mempunyai keinginan (terhadap perempuan), atau anak-anak yang belum mengerti tentang aurat perempuan. Hendaklah pula mereka tidak mengentakkan kakinya agar diketahui perhiasan yang mereka sembunyikan. Bertobatlah kamu semua kepada Allah, wahai orang-orang yang beriman, agar kamu beruntung.",
      "footnotes": null
    },
    {
      "ayah": 32,
      "quarter_hizb": 36,
      "juz": 18,
      "manzil": 4,
      "arabic": "وَاَنْكِحُوا الْاَيَامٰى مِنْكُمْ وَالصّٰلِحِيْنَ مِنْ عِبَادِكُمْ وَاِمَاۤىِٕكُمْۗ اِنْ يَّكُوْنُوْا فُقَرَاۤءَ يُغْنِهِمُ اللّٰهُ مِنْ فَضْلِهٖۗ وَاللّٰهُ وَاسِعٌ عَلِيْمٌ ",
      "latin": "Wa ankiḥul-ayāmā minkum waṣ-ṣāliḥīna min ‘ibādikum wa imā'ikum, iy yakūnū fuqarā'a yugnihimullāhu min faḍlih(ī), wallāhu wāsi‘un ‘alīm(un).",
      "translation": "Nikahkanlah orang-orang yang masih membujang di antara kamu dan juga orang-orang yang layak (menikah) dari hamba-hamba sahayamu, baik laki-laki maupun perempuan. Jika mereka miskin, Allah akan memberi kemampuan kepada mereka dengan karunia-Nya. Allah Maha Luas (pemberian-Nya) lagi Maha Mengetahui.",
      "footnotes": null
    },
    {
      "ayah": 33,
      "quarter_hizb": 36,
      "juz": 18,
      "manzil": 4,
      "arabic": "وَلْيَسْتَعْفِفِ الَّذِيْنَ لَا يَجِدُوْنَ نِكَاحًا حَتّٰى يُغْنِيَهُمُ اللّٰهُ مِنْ فَضْلِهٖ ۗوَالَّذِيْنَ يَبْتَغُوْنَ الْكِتٰبَ مِمَّا مَلَكَتْ اَيْمَانُكُمْ فَكَاتِبُوْهُمْ اِنْ عَلِمْتُمْ فِيْهِمْ خَيْرًا وَّاٰتُوْهُمْ مِّنْ مَّالِ اللّٰهِ الَّذِيْٓ اٰتٰىكُمْ ۗوَلَا تُكْرِهُوْا فَتَيٰتِكُمْ عَلَى الْبِغَاۤءِ اِنْ اَرَدْنَ تَحَصُّنًا لِّتَبْتَغُوْا عَرَضَ الْحَيٰوةِ الدُّنْيَا ۗوَمَنْ يُّكْرِهْهُّنَّ فَاِنَّ اللّٰهَ مِنْۢ بَعْدِ اِكْرَاهِهِنَّ غَفُوْرٌ رَّحِيْمٌ",
      "latin": "Walyasta‘fifil-lażīna lā yajidūna nikāḥan ḥattā yugniyahumullāhu min faḍlih(ī), wal-lażīna yabtagūnal-kitāba mimmā malakat aimānukum fa kātibūhum in ‘alimtum fīhim khairaw wa ātūhum mim mālillāhil-lażī ātākum, wa lā tukrihū fatayātikum ‘alal-bigā'i in aradna taḥaṣṣunal litabtagū ‘araḍal-ḥayātid-dun-yā, wa may yukrihhunna  fa innallāha mim ba‘di ikrāhihinna gafūrur raḥīm(un).",
      "translation": "Orang-orang yang tidak mampu menikah, hendaklah menjaga kesucian (diri)-nya sampai Allah memberi kemampuan kepada mereka dengan karunia-Nya. (Apabila) hamba sahaya yang kamu miliki menginginkan perjanjian (kebebasan), hendaklah kamu buat perjanjian dengan mereka jika kamu mengetahui ada kebaikan pada mereka. Berikanlah kepada mereka sebagian harta Allah yang dikaruniakan-Nya kepadamu. Janganlah kamu paksa hamba sahaya perempuanmu untuk melakukan pelacuran, jika mereka sendiri menginginkan kesucian, karena kamu hendak mencari keuntungan kehidupan duniawi. Siapa yang memaksa mereka, maka sesungguhnya Allah Maha Pengampun lagi Maha Penyayang (kepada mereka) setelah mereka dipaksa.",
      "footnotes": null
    },
    {
      "ayah": 34,
      "quarter_hizb": 36,
      "juz": 18,
      "manzil": 4,
      "arabic": "وَلَقَدْ اَنْزَلْنَآ اِلَيْكُمْ اٰيٰتٍ مُّبَيِّنٰتٍ وَّمَثَلًا مِّنَ الَّذِيْنَ خَلَوْا مِنْ قَبْلِكُمْ وَمَوْعِظَةً لِّلْمُتَّقِيْنَ ࣖ",
      "latin": "Wa laqad anzalnā ilaikum āyātim mubayyinātiw wa maṡalam minal-lażīna khalau min qablikum wa mau‘iẓatal lil-muttaqīn(a). ",
      "translation": "Sungguh, Kami benar-benar telah menurunkan kepada kamu ayat-ayat yang memberi penjelasan, contoh-contoh dari orang-orang yang terdahulu sebelum kamu, dan pelajaran bagi orang-orang yang bertakwa.",
      "footnotes": null
    },
    {
      "ayah": 35,
      "quarter_hizb": 36.25,
      "juz": 18,
      "manzil": 4,
      "arabic": "۞ اَللّٰهُ نُوْرُ السَّمٰوٰتِ وَالْاَرْضِۗ مَثَلُ نُوْرِهٖ كَمِشْكٰوةٍ فِيْهَا مِصْبَاحٌۗ  اَلْمِصْبَاحُ فِيْ زُجَاجَةٍۗ  اَلزُّجَاجَةُ كَاَنَّهَا كَوْكَبٌ دُرِّيٌّ يُّوْقَدُ مِنْ شَجَرَةٍ مُّبٰرَكَةٍ زَيْتُوْنَةٍ لَّا شَرْقِيَّةٍ وَّلَا غَرْبِيَّةٍۙ يَّكَادُ زَيْتُهَا يُضِيْۤءُ وَلَوْ لَمْ تَمْسَسْهُ نَارٌۗ  نُوْرٌ عَلٰى نُوْرٍۗ يَهْدِى اللّٰهُ لِنُوْرِهٖ مَنْ يَّشَاۤءُۗ وَيَضْرِبُ اللّٰهُ الْاَمْثَالَ لِلنَّاسِۗ وَاللّٰهُ بِكُلِّ شَيْءٍ عَلِيْمٌ ۙ ",
      "latin": "Allāhu nūrus-samāwāti wal-arḍ(i), maṡalu nūrihī kamisykātin fīhā miṣbāḥ(un), al-miṣbāḥu fī zujājah(tin), az-zujājatu ka'annahā kaukabun durriyyuy yūqadu min syajaratim mubārakatin zaitūnatil lā syarqiyyatiw wa lā garbiyyah(tin), yakādu zaituhā yuḍī'u wa lau lam tamsashu nār(un), nūrun ‘alā nūr(in), yahdillāhu linūrihī may yasyā'(u), wa yaḍribullāhul-amṡāla lin-nās(i), wallāhu bikulli syai'in ‘alīm(un).",
      "translation": "Allah (pemberi) cahaya (pada) langit dan bumi. Perumpamaan cahaya-Nya seperti sebuah lubang (pada dinding) yang tidak tembus518) yang di dalamnya ada pelita besar. Pelita itu di dalam tabung kaca (dan) tabung kaca itu bagaikan bintang (yang berkilauan seperti) mutiara, yang dinyalakan dengan minyak dari pohon yang diberkahi, (yaitu) pohon zaitun yang tumbuh tidak di timur dan tidak pula di barat,519) yang minyaknya (saja) hampir-hampir menerangi walaupun tidak disentuh api. Cahaya di atas cahaya (berlapis-lapis). Allah memberi petunjuk menuju cahaya-Nya kepada orang yang Dia kehendaki. Allah membuat perumpamaan-perumpamaan bagi manusia. Allah Maha Mengetahui segala sesuatu.",
      "footnotes": "518) Lubang yang tidak tembus (misykāt) ialah suatu lubang di dinding rumah yang tidak tembus sampai ke sebelahnya, yang biasanya digunakan untuk tempat menaruh lampu atau barang-barang lainnya.\n519) Pohon zaitun itu tumbuh di puncak bukit. Pohon itu mendapat sinar matahari, sejak terbit hingga menjelang terbenam, sehingga tumbuh subur dan buahnya menghasilkan minyak yang baik."
    },
    {
      "ayah": 36,
      "quarter_hizb": 36.25,
      "juz": 18,
      "manzil": 4,
      "arabic": "فِيْ بُيُوْتٍ اَذِنَ اللّٰهُ اَنْ تُرْفَعَ وَيُذْكَرَ فِيْهَا اسْمُهٗۙ يُسَبِّحُ لَهٗ فِيْهَا بِالْغُدُوِّ وَالْاٰصَالِ ۙ",
      "latin": "Fī buyūtin ażinallāhu an turfa‘a wa yużkara fīhasmuh(ū), yusabbiḥu lahū fīhā bil-guduwwi wal-āṣāl(i).",
      "translation": "(Cahaya itu ada) di rumah-rumah yang telah Allah perintahkan untuk dimuliakan dan disebut di dalamnya nama-Nya. Di dalamnya senantiasa bertasbih520) kepada-Nya pada waktu pagi dan petang",
      "footnotes": "520) Yang bertasbih ialah orang yang disebut pada ayat 37."
    },
    {
      "ayah": 37,
      "quarter_hizb": 36.25,
      "juz": 18,
      "manzil": 4,
      "arabic": "رِجَالٌ لَّا تُلْهِيْهِمْ تِجَارَةٌ وَّلَا بَيْعٌ عَنْ ذِكْرِ اللّٰهِ وَاِقَامِ الصَّلٰوةِ وَاِيْتَاۤءِ الزَّكٰوةِ ۙيَخَافُوْنَ يَوْمًا تَتَقَلَّبُ فِيْهِ الْقُلُوْبُ وَالْاَبْصَارُ ۙ",
      "latin": "Rijālul lā tulhīhim tijāratuw wa lā bai‘un ‘an żikrillāhi wa iqāmiṣ-ṣalāti wa ītā'iz-zakāh(ti), yakhāfūna yauman tataqallabu fīhil-qulūbu wal-abṣār(u).",
      "translation": "orang-orang yang tidak dilalaikan oleh perniagaan dan jual beli dari mengingat Allah, melaksanakan salat, dan menunaikan zakat. Mereka takut kepada hari ketika hati dan penglihatan menjadi guncang (hari Kiamat).",
      "footnotes": null
    },
    {
      "ayah": 38,
      "quarter_hizb": 36.25,
      "juz": 18,
      "manzil": 4,
      "arabic": "لِيَجْزِيَهُمُ اللّٰهُ اَحْسَنَ مَا عَمِلُوْا وَيَزِيْدَهُمْ مِّنْ فَضْلِهٖۗ وَاللّٰهُ يَرْزُقُ مَنْ يَّشَاۤءُ بِغَيْرِ حِسَابٍ",
      "latin": "Liyajziyahumullāhu aḥsana mā ‘amilū wa yazīduhum min faḍlih(ī), wallāhu yarzuqu may yasyā'u bigairi ḥisāb(in).",
      "translation": "(Mereka melakukan itu) agar Allah memberi balasan kepada mereka yang lebih baik daripada apa yang telah mereka kerjakan dan agar Dia menambah karunia-Nya kepada mereka. Allah menganugerahkan rezeki kepada siapa saja yang Dia kehendaki tanpa batas.",
      "footnotes": null
    },
    {
      "ayah": 39,
      "quarter_hizb": 36.25,
      "juz": 18,
      "manzil": 4,
      "arabic": "وَالَّذِيْنَ كَفَرُوْٓا اَعْمَالُهُمْ كَسَرَابٍۢ بِقِيْعَةٍ يَّحْسَبُهُ الظَّمْاٰنُ مَاۤءًۗ حَتّٰىٓ اِذَا جَاۤءَهٗ لَمْ يَجِدْهُ شَيْـًٔا وَّوَجَدَ اللّٰهَ عِنْدَهٗ فَوَفّٰىهُ حِسَابَهٗ ۗ وَاللّٰهُ سَرِيْعُ الْحِسَابِ ۙ",
      "latin": "Wal-lażīna kafarū a‘māluhum kasarābim biqī‘atiy yaḥsabuhuẓ-ẓam'ānu mā'ā(n), ḥattā iżā jā'ahū lam yajidhu syai'aw wa wajadallāha ‘indahū fa waffāhu ḥisābah(ū), wallāhu sarī‘ul-ḥisāb(i).",
      "translation": "Orang-orang yang kufur, amal perbuatan mereka seperti fatamorgana di tanah yang datar. Orang-orang yang dahaga menyangkanya air, hingga apabila ia mendatanginya, ia tidak menjumpai apa pun. (Sebaliknya,) ia mendapati (ketetapan) Allah (baginya) di sana, lalu Dia memberikan kepadanya perhitungan (amal-amal) dengan sempurna. Allah sangat cepat perhitungan-Nya.521)",
      "footnotes": "521) Orang-orang kafir, karena amal-amal mereka tidak didasarkan atas iman, tidaklah mendapat balasan dari Allah Swt. di akhirat, walaupun di dunia mereka mengira akan mendapat balasan atas amal mereka itu."
    },
    {
      "ayah": 40,
      "quarter_hizb": 36.25,
      "juz": 18,
      "manzil": 4,
      "arabic": "اَوْ كَظُلُمٰتٍ فِيْ بَحْرٍ لُّجِّيٍّ يَّغْشٰىهُ مَوْجٌ مِّنْ فَوْقِهٖ مَوْجٌ مِّنْ فَوْقِهٖ سَحَابٌۗ ظُلُمٰتٌۢ بَعْضُهَا فَوْقَ بَعْضٍۗ اِذَآ اَخْرَجَ يَدَهٗ لَمْ يَكَدْ يَرٰىهَاۗ وَمَنْ لَّمْ يَجْعَلِ اللّٰهُ لَهٗ نُوْرًا فَمَا لَهٗ مِنْ نُّوْرٍ ࣖ",
      "latin": "Au kaẓulumātin fī baḥril lujjiyyiy yagsyāhu maujum min fauqihī maujum min fauqihī saḥāb(un), ẓulumātum ba‘ḍuhā fauqa ba‘ḍ(in), iżā akhraja yadahū lam yakad yarāhā, wa mal lam yaj‘alillāhu lahū nūran famā lahū min nūr(in).",
      "translation": "Atau, (amal perbuatan orang-orang yang kufur itu) seperti gelap gulita di lautan yang dalam, yang diliputi oleh gelombang demi gelombang yang di atasnya ada awan gelap. Itulah gelap gulita yang berlapis-lapis. Apabila dia mengeluarkan tangannya, ia benar-benar tidak dapat melihatnya. Siapa yang tidak diberi cahaya (petunjuk) oleh Allah, maka dia tidak mempunyai cahaya sedikit pun.",
      "footnotes": null
    },
    {
      "ayah": 41,
      "quarter_hizb": 36.25,
      "juz": 18,
      "manzil": 4,
      "arabic": "اَلَمْ تَرَ اَنَّ اللّٰهَ يُسَبِّحُ لَهٗ مَنْ فِى السَّمٰوٰتِ وَالْاَرْضِ وَالطَّيْرُ صٰۤفّٰتٍۗ كُلٌّ قَدْ عَلِمَ صَلَاتَهٗ وَتَسْبِيْحَهٗۗ وَاللّٰهُ عَلِيْمٌۢ بِمَا يَفْعَلُوْنَ ",
      "latin": "Alam tara annallāha yusabbiḥu lahū man fis-samāwāti wal-arḍi waṭ-ṭairu ṣāffāt(in), kullun qad ‘alima ṣalātahū wa tasbīḥah(ū), wallāhu ‘alīmum bimā yaf‘alūn(a).",
      "translation": "Tidakkah engkau (Nabi Muhammad) tahu bahwa sesungguhnya kepada Allahlah apa yang di langit dan di bumi dan burung-burung yang merentangkan sayapnya senantiasa bertasbih. Masing-masing sungguh telah mengetahui doa dan tasbihnya. Allah Maha Mengetahui apa yang mereka lakukan.",
      "footnotes": null
    },
    {
      "ayah": 42,
      "quarter_hizb": 36.25,
      "juz": 18,
      "manzil": 4,
      "arabic": "وَلِلّٰهِ مُلْكُ السَّمٰوٰتِ وَالْاَرْضِۚ وَاِلَى اللّٰهِ الْمَصِيْرُ",
      "latin": "Wa lillāhi mulkus-samāwāti wal-arḍ(i), wa ilallāhil-maṣīr(u).",
      "translation": "Milik Allahlah kerajaan langit dan bumi dan hanya kepada Allahlah kembalinya (seluruh makhluk).",
      "footnotes": null
    },
    {
      "ayah": 43,
      "quarter_hizb": 36.25,
      "juz": 18,
      "manzil": 4,
      "arabic": "اَلَمْ تَرَ اَنَّ اللّٰهَ يُزْجِيْ سَحَابًا ثُمَّ يُؤَلِّفُ بَيْنَهٗ ثُمَّ يَجْعَلُهٗ رُكَامًا فَتَرَى الْوَدْقَ يَخْرُجُ مِنْ خِلٰلِهٖۚ وَيُنَزِّلُ مِنَ السَّمَاۤءِ مِنْ جِبَالٍ فِيْهَا مِنْۢ بَرَدٍ فَيُصِيْبُ بِهٖ مَنْ يَّشَاۤءُ وَيَصْرِفُهٗ عَنْ مَّنْ يَّشَاۤءُۗ يَكَادُ سَنَا بَرْقِهٖ يَذْهَبُ بِالْاَبْصَارِ ۗ",
      "latin": "Alam tara annallāha yuzjī saḥāban ṡumma yu'allifu bainahū ṡumma yaj‘aluhū rukāman fa taral-wadqa yakhruju min khilālih(ī), wa yunazzilu minas-samā'i min jibālin fīhā mim baradin fa yuṣību bihī may yasyā'u wa yaṣrifuhū ‘am may yasyā'(u), yakādu sanā barqihī yażhabu bil-abṣār(i).",
      "translation": "Tidakkah engkau melihat bahwa sesungguhnya Allah mengarahkan awan secara perlahan, kemudian mengumpulkannya, lalu menjadikannya bertumpuk-tumpuk. Maka, engkau melihat hujan keluar dari celah-celahnya. Dia (juga) menurunkan (butiran-butiran) es dari langit, (yaitu) dari (gumpalan-gumpalan awan seperti) gunung-gunung. Maka, Dia menimpakannya (butiran-butiran es itu) kepada siapa yang Dia kehendaki dan memalingkannya dari siapa yang Dia kehendaki. Kilauan kilatnya hampir-hampir menghilangkan penglihatan.",
      "footnotes": null
    },
    {
      "ayah": 44,
      "quarter_hizb": 36.25,
      "juz": 18,
      "manzil": 4,
      "arabic": "يُقَلِّبُ اللّٰهُ الَّيْلَ وَالنَّهَارَۗ اِنَّ فِيْ ذٰلِكَ لَعِبْرَةً لِّاُولِى الْاَبْصَارِ ",
      "latin": "Yuqallibullāhul-laila wan-nahār(a), inna fī żālika la‘ibratal li'ulil-abṣār(i). ",
      "translation": "Allah menjadikan malam dan siang silih berganti. Sesungguhnya pada yang demikian itu pasti terdapat pelajaran bagi orang-orang yang mempunyai penglihatan (yang tajam).",
      "footnotes": null
    },
    {
      "ayah": 45,
      "quarter_hizb": 36.25,
      "juz": 18,
      "manzil": 4,
      "arabic": "وَاللّٰهُ خَلَقَ كُلَّ دَاۤبَّةٍ مِّنْ مَّاۤءٍۚ فَمِنْهُمْ مَّنْ يَّمْشِيْ عَلٰى بَطْنِهٖۚ وَمِنْهُمْ مَّنْ يَّمْشِيْ عَلٰى رِجْلَيْنِۚ وَمِنْهُمْ مَّنْ يَّمْشِيْ عَلٰٓى اَرْبَعٍۗ يَخْلُقُ اللّٰهُ مَا يَشَاۤءُۗ اِنَّ اللّٰهَ عَلٰى كُلِّ شَيْءٍ قَدِيْرٌ",
      "latin": "Wallāhu khalaqa kulla dābbatim mim mā'(in), fa minhum may yamsyī ‘alā baṭinih(ī), wa minhum may yamsyī ‘alā rijlain(i), wa minhum may yamsyī ‘alā arba‘(in), yakhluqullāhu mā yasyā'(u), innallāha ‘alā kulli syai'in qadīr(un).",
      "translation": "Allah menciptakan semua jenis hewan dari air. Sebagian berjalan dengan perutnya, sebagian berjalan dengan dua kaki, dan sebagian (yang lain) berjalan dengan empat kaki. Allah menciptakan apa yang Dia kehendaki. Sesungguhnya Allah Maha Kuasa atas segala sesuatu.",
      "footnotes": null
    },
    {
      "ayah": 46,
      "quarter_hizb": 36.25,
      "juz": 18,
      "manzil": 4,
      "arabic": "لَقَدْ اَنْزَلْنَآ اٰيٰتٍ مُّبَيِّنٰتٍۗ وَاللّٰهُ يَهْدِيْ مَنْ يَّشَاۤءُ اِلٰى صِرَاطٍ مُّسْتَقِيْمٍ ",
      "latin": "Laqad anzalnā āyātim mubayyināt(in), wallāhu yahdī may yasyā'u ilā ṣirāṭim mustaqīm(in).",
      "translation": "Sungguh, Kami telah menurunkan ayat-ayat yang memberi penjelasan. Allah memberi petunjuk kepada siapa yang Dia kehendaki ke jalan yang lurus (berdasarkan kesiapannya untuk menerima petunjuk).",
      "footnotes": null
    },
    {
      "ayah": 47,
      "quarter_hizb": 36.25,
      "juz": 18,
      "manzil": 4,
      "arabic": "وَيَقُوْلُوْنَ اٰمَنَّا بِاللّٰهِ وَبِالرَّسُوْلِ وَاَطَعْنَا ثُمَّ يَتَوَلّٰى فَرِيْقٌ مِّنْهُمْ مِّنْۢ بَعْدِ ذٰلِكَۗ وَمَآ اُولٰۤىِٕكَ بِالْمُؤْمِنِيْنَ",
      "latin": "Wa yaqūlūna āmannā billāhi wa bir-rasūli wa aṭa‘nā ṡumma yatawallā farīqum minhum mim ba‘di żālik(a), wa mā ulā'ika bil-mu'minīn(a).",
      "translation": "Mereka (orang-orang munafik) berkata, “Kami telah beriman kepada Allah dan Rasul (Nabi Muhammad) dan kami menaati (keduanya).”  Kemudian, sebagian dari mereka berpaling setelah itu. Mereka itu bukanlah orang-orang mukmin.",
      "footnotes": null
    },
    {
      "ayah": 48,
      "quarter_hizb": 36.25,
      "juz": 18,
      "manzil": 4,
      "arabic": "وَاِذَا دُعُوْٓا اِلَى اللّٰهِ وَرَسُوْلِهٖ لِيَحْكُمَ بَيْنَهُمْ اِذَا فَرِيْقٌ مِّنْهُمْ مُّعْرِضُوْنَ ",
      "latin": "Wa iżā du‘ū ilallāhi wa rasūlihī liyaḥkuma bainahum iżā farīqum minhum mu‘riḍūn(a).",
      "translation": "Apabila mereka diajak kepada Allah dan Rasul-Nya agar ia (Rasul) memutuskan perkara di antara mereka, tiba-tiba sebagian dari mereka berpaling.",
      "footnotes": null
    },
    {
      "ayah": 49,
      "quarter_hizb": 36.25,
      "juz": 18,
      "manzil": 4,
      "arabic": "وَاِنْ يَّكُنْ لَّهُمُ الْحَقُّ يَأْتُوْٓا اِلَيْهِ مُذْعِنِيْنَ",
      "latin": "Wa iy yakul lahumul-ḥaqqu ya'tū ilaihi muż‘inīn(a). ",
      "translation": "Akan tetapi, jika kebenaran (putusan Rasul) menguntungkan mereka, mereka datang kepadanya (Rasul) dengan patuh.",
      "footnotes": null
    },
    {
      "ayah": 50,
      "quarter_hizb": 36.25,
      "juz": 18,
      "manzil": 4,
      "arabic": "اَفِيْ قُلُوْبِهِمْ مَّرَضٌ اَمِ ارْتَابُوْٓا اَمْ يَخَافُوْنَ اَنْ يَّحِيْفَ اللّٰهُ عَلَيْهِمْ وَرَسُوْلُهٗ ۗبَلْ اُولٰۤىِٕكَ هُمُ الظّٰلِمُوْنَ ࣖ",
      "latin": "Afī qulūbihim maraḍun amirtābū am yakhāfūna ay yaḥīfallāhu ‘alaihim wa rasūluh(ū), bal ulā'ika humuẓ-ẓālimūn(a).",
      "translation": "Apakah (sikap mereka yang demikian itu karena) dalam hati mereka ada penyakit atau (karena) mereka ragu-ragu ataukah (karena) takut kalau-kalau Allah dan Rasul-Nya berbuat zalim kepada mereka? Sebaliknya, mereka itulah orang-orang yang zalim.",
      "footnotes": null
    },
    {
      "ayah": 51,
      "quarter_hizb": 36.25,
      "juz": 18,
      "manzil": 4,
      "arabic": "اِنَّمَا كَانَ قَوْلَ الْمُؤْمِنِيْنَ اِذَا دُعُوْٓا اِلَى اللّٰهِ وَرَسُوْلِهٖ لِيَحْكُمَ بَيْنَهُمْ اَنْ يَّقُوْلُوْا سَمِعْنَا وَاَطَعْنَاۗ وَاُولٰۤىِٕكَ هُمُ الْمُفْلِحُوْنَ ",
      "latin": "Innamā kāna qaulal-mu'minīna iżā du‘ū ilallāhi wa rasūlihī liyaḥkuma bainahum ay yaqūlū sami‘nā wa aṭa‘nā, wa ulā'ika humul-mufliḥūn(a).",
      "translation": "Sesungguhnya yang merupakan ucapan orang-orang mukmin, apabila mereka diajak kepada Allah dan Rasul-Nya agar ia memutuskan (perkara) di antara mereka,522) hanyalah, “Kami mendengar dan kami taat.” Mereka itulah orang-orang beruntung.",
      "footnotes": "522) Maksudnya, di antara kaum muslim sendiri atau di antara kaum muslim dan nonmuslim."
    },
    {
      "ayah": 52,
      "quarter_hizb": 36.25,
      "juz": 18,
      "manzil": 4,
      "arabic": "وَمَنْ يُّطِعِ اللّٰهَ وَرَسُوْلَهٗ وَيَخْشَ اللّٰهَ وَيَتَّقْهِ فَاُولٰۤىِٕكَ هُمُ الْفَاۤىِٕزُوْنَ",
      "latin": "Wa may yuṭi‘illāha wa rasūlahū wa yakhsyallāha wa yattaqhi fa ulā'ika humul-fā'izūn(a).",
      "translation": "Siapa yang taat kepada Allah dan Rasul-Nya serta takut kepada Allah dan bertakwa kepada-Nya, mereka itulah orang-orang yang mendapat kemenangan.",
      "footnotes": null
    },
    {
      "ayah": 53,
      "quarter_hizb": 36.5,
      "juz": 18,
      "manzil": 4,
      "arabic": "۞ وَاَقْسَمُوْا بِاللّٰهِ جَهْدَ اَيْمَانِهِمْ لَىِٕنْ اَمَرْتَهُمْ لَيَخْرُجُنَّۗ قُلْ لَّا تُقْسِمُوْاۚ طَاعَةٌ مَّعْرُوْفَةٌ  ۗاِنَّ اللّٰهَ خَبِيْرٌۢ بِمَا تَعْمَلُوْنَ",
      "latin": "Wa aqsamū billāhi jahda aimānihim la'in amartahum layakhrujunn(a), qul lā tuqsimū, ṭā‘atum ma‘rūfah(tun), innallāha khabīrum bimā ta‘malūn(a).",
      "translation": "Mereka bersumpah atas (nama) Allah dengan sungguh-sungguh bahwa jika engkau menyuruh mereka (berperang), pastilah mereka akan berangkat. Katakanlah (Nabi Muhammad), “Janganlah kamu bersumpah (karena yang diminta) adalah ketaatan yang baik. Sesungguhnya Allah Maha Teliti terhadap apa yang kamu kerjakan.”",
      "footnotes": null
    },
    {
      "ayah": 54,
      "quarter_hizb": 36.5,
      "juz": 18,
      "manzil": 4,
      "arabic": "قُلْ اَطِيْعُوا اللّٰهَ وَاَطِيْعُوا الرَّسُوْلَۚ فَاِنْ تَوَلَّوْا فَاِنَّمَا عَلَيْهِ مَا حُمِّلَ وَعَلَيْكُمْ مَّا حُمِّلْتُمْۗ وَاِنْ تُطِيْعُوْهُ تَهْتَدُوْاۗ وَمَا عَلَى الرَّسُوْلِ اِلَّا الْبَلٰغُ الْمُبِيْنُ ",
      "latin": "Qul aṭī‘ullāha wa aṭī‘ur-rasūl(a), fa in tawallau fa innamā ‘alaihi mā ḥummila wa ‘alaikum mā ḥummiltum, wa in tuṭī‘ūhu tahtadū, wa mā ‘alar rasūli illal-balāgul-mubīn(u).",
      "translation": "Katakanlah, “Taatlah kepada Allah dan taatlah kepada Rasul. Jika kamu berpaling, sesungguhnya kewajiban Rasul (Nabi Muhammad) hanyalah apa yang dibebankan kepadanya dan kewajiban kamu hanyalah apa yang dibebankan kepadamu. Jika kamu taat kepadanya, niscaya kamu mendapat petunjuk. Kewajiban Rasul hanyalah menyampaikan (amanat Allah) dengan jelas.”",
      "footnotes": null
    },
    {
      "ayah": 55,
      "quarter_hizb": 36.5,
      "juz": 18,
      "manzil": 4,
      "arabic": "وَعَدَ اللّٰهُ الَّذِيْنَ اٰمَنُوْا مِنْكُمْ وَعَمِلُوا الصّٰلِحٰتِ لَيَسْتَخْلِفَنَّهُمْ فِى الْاَرْضِ كَمَا اسْتَخْلَفَ الَّذِيْنَ مِنْ قَبْلِهِمْۖ وَلَيُمَكِّنَنَّ لَهُمْ دِيْنَهُمُ الَّذِى ارْتَضٰى لَهُمْ وَلَيُبَدِّلَنَّهُمْ مِّنْۢ بَعْدِ خَوْفِهِمْ اَمْنًاۗ يَعْبُدُوْنَنِيْ لَا يُشْرِكُوْنَ بِيْ شَيْـًٔاۗ وَمَنْ كَفَرَ بَعْدَ ذٰلِكَ فَاُولٰۤىِٕكَ هُمُ الْفٰسِقُوْنَ",
      "latin": "Wa‘adallāhul-lażīna āmanū minkum wa ‘amiluṣ-ṣāliḥāti layastakhlifannahum fil-arḍi kamastakhlafal-lażīna min qablihim, wa layumakkinanna lahum dīnahumul-lażirtaḍā lahum wa layubaddilannahum mim ba‘di khaufihim amnā(n), ya‘budūnanī lā yusyrikūna bī syai'ā(n), wa man kafara ba‘da żālika fa ulā'ika humul-fāsiqūn(a).",
      "translation": "Allah telah berjanji kepada orang-orang yang beriman di antara kamu dan yang mengerjakan kebajikan bahwa Dia sungguh akan menjadikan mereka berkuasa di bumi sebagaimana Dia telah menjadikan orang-orang sebelum mereka berkuasa; Dia sungguh akan meneguhkan bagi mereka agama yang telah Dia ridai; dan Dia sungguh akan mengubah (keadaan) mereka setelah berada dalam ketakutan menjadi aman sentosa. Mereka menyembah-Ku dengan tidak mempersekutukan-Ku dengan sesuatu apa pun. Siapa yang kufur setelah (janji) tersebut, mereka itulah orang-orang fasik.",
      "footnotes": null
    },
    {
      "ayah": 56,
      "quarter_hizb": 36.5,
      "juz": 18,
      "manzil": 4,
      "arabic": "وَاَقِيْمُوا الصَّلٰوةَ وَاٰتُوا الزَّكٰوةَ وَاَطِيْعُوا الرَّسُوْلَ لَعَلَّكُمْ تُرْحَمُوْنَ",
      "latin": "Wa aqīmuṣ-ṣalāta wa ātuz-zakāta wa aṭī‘ur-rasūla la‘allakum turḥamūn(a).",
      "translation": "Dirikanlah salat, tunaikanlah zakat, dan taatlah kepada Rasul (Nabi Muhammad) agar kamu dirahmati.",
      "footnotes": null
    },
    {
      "ayah": 57,
      "quarter_hizb": 36.5,
      "juz": 18,
      "manzil": 4,
      "arabic": "لَا تَحْسَبَنَّ الَّذِيْنَ كَفَرُوْا مُعْجِزِيْنَ فِى الْاَرْضِۚ وَمَأْوٰىهُمُ النَّارُۗ وَلَبِئْسَ الْمَصِيْرُ ࣖ",
      "latin": "Lā taḥsabannal-lażīna kafarū mu‘jizīna fil-arḍ(i), wa ma'wāhumun-nār(u), wa labi'sal-maṣīr(u).",
      "translation": "Janganlah engkau mengira bahwa orang-orang yang kufur itu dapat melemahkan Allah di bumi (sehingga dapat menghindar dari siksa-Nya). Tempat kembali mereka (di akhirat) adalah neraka. Itulah seburuk-buruk tempat kembali.",
      "footnotes": null
    },
    {
      "ayah": 58,
      "quarter_hizb": 36.5,
      "juz": 18,
      "manzil": 4,
      "arabic": "يٰٓاَيُّهَا الَّذِيْنَ اٰمَنُوْا لِيَسْتَأْذِنْكُمُ الَّذِيْنَ مَلَكَتْ اَيْمَانُكُمْ وَالَّذِيْنَ لَمْ يَبْلُغُوا الْحُلُمَ مِنْكُمْ ثَلٰثَ مَرّٰتٍۗ مِنْ قَبْلِ صَلٰوةِ الْفَجْرِ وَحِيْنَ تَضَعُوْنَ ثِيَابَكُمْ مِّنَ الظَّهِيْرَةِ وَمِنْۢ بَعْدِ صَلٰوةِ الْعِشَاۤءِۗ ثَلٰثُ عَوْرٰتٍ لَّكُمْۗ  لَيْسَ عَلَيْكُمْ وَلَا عَلَيْهِمْ جُنَاحٌۢ بَعْدَهُنَّۗ طَوَّافُوْنَ عَلَيْكُمْ بَعْضُكُمْ عَلٰى بَعْضٍۗ  كَذٰلِكَ يُبَيِّنُ اللّٰهُ لَكُمُ الْاٰيٰتِۗ وَاللّٰهُ عَلِيْمٌ حَكِيْمٌ",
      "latin": "Yā ayyuhal-lażīna āmanū liyasta'żinkumul-lażīna malakat aimānukum wal-lażīna lam yablugul-ḥuluma minkum ṡalāṡa marrāt(in), min qabli ṣalātil-fajri wa ḥīna taḍa‘ūna ṡiyābakum minaẓ-ẓahīrati wa mim ba‘di ṣalātil-‘isyā'(i), ṡalāṡu ‘aurātil lakum, laisa ‘alaikum wa lā ‘alaihim junāḥum ba‘dahunn(a),  ṭawwāfūna ‘alaikum ba‘ḍukum ‘alā ba‘ḍ(in), każālika yubayyinullāhu lakumul-āyāt(i), wallāhu ‘alīmun ḥakīm(un).",
      "translation": "Wahai orang-orang yang beriman, hendaklah hamba sahaya (laki-laki dan perempuan) yang kamu miliki dan orang-orang yang belum balig (dewasa) di antara kamu meminta izin kepada kamu tiga kali, yaitu sebelum salat Subuh, ketika kamu menanggalkan pakaian (luar)-mu di tengah hari, dan setelah salat Isya. (Itu adalah) tiga (waktu yang biasanya) aurat (terbuka) bagi kamu.523) Tidak ada dosa bagimu dan tidak (pula) bagi mereka selain dari (tiga waktu) itu. (Mereka) sering keluar masuk menemuimu. Sebagian kamu (memang sering keluar masuk) atas sebagian yang lain. Demikianlah Allah menjelaskan ayat-ayat kepadamu. Allah Maha Mengetahui lagi Maha Bijaksana.",
      "footnotes": "523) Maksudnya adalah tiga waktu ketika aurat sering terbuka. Oleh sebab itu, Allah Swt. melarang hamba sahaya dan anak-anak di bawah umur untuk masuk ke kamar tidur orang dewasa tanpa izin pada ketiga waktu tersebut."
    },
    {
      "ayah": 59,
      "quarter_hizb": 36.5,
      "juz": 18,
      "manzil": 4,
      "arabic": "وَاِذَا بَلَغَ الْاَطْفَالُ مِنْكُمُ الْحُلُمَ فَلْيَسْتَأْذِنُوْا كَمَا اسْتَأْذَنَ الَّذِيْنَ مِنْ قَبْلِهِمْۗ  كَذٰلِكَ يُبَيِّنُ اللّٰهُ لَكُمْ اٰيٰتِهٖۗ وَاللّٰهُ عَلِيْمٌ حَكِيْمٌ ",
      "latin": "Wa iżā balagal-aṭfālu minkumul-ḥuluma falyasta'żinū kamasta'żanal-lażīna min qablihim, każālika yubayyinullāhu lakum āyātih(ī),wallāhu ‘alīmun ḥakīm(un).",
      "translation": "Apabila anak-anak di antaramu telah sampai umur dewasa, hendaklah mereka meminta izin seperti halnya orang-orang yang (telah dewasa) sebelum mereka (juga) meminta izin.524) Demikianlah Allah menjelaskan ayat-ayat-Nya kepadamu. Allah Maha Mengetahui lagi Maha Bijaksana.",
      "footnotes": "524) Anak-anak dari orang merdeka yang bukan mahram dan telah mencapai usia balig harus meminta izin terlebih dahulu jika hendak masuk ke kamar tidur orang tua, seperti cara orang-orang yang disebut pada ayat 27 dan 28 di surah ini."
    },
    {
      "ayah": 60,
      "quarter_hizb": 36.5,
      "juz": 18,
      "manzil": 4,
      "arabic": "وَالْقَوَاعِدُ مِنَ النِّسَاۤءِ الّٰتِيْ لَا يَرْجُوْنَ نِكَاحًا فَلَيْسَ عَلَيْهِنَّ جُنَاحٌ اَنْ يَّضَعْنَ ثِيَابَهُنَّ غَيْرَ مُتَبَرِّجٰتٍۢ بِزِيْنَةٍۗ وَاَنْ يَّسْتَعْفِفْنَ خَيْرٌ لَّهُنَّۗ وَاللّٰهُ سَمِيْعٌ عَلِيْمٌ ",
      "latin": "Wal-qawā‘idu minan-nisā'il-lātī lā yarjūna nikāḥan fa laisa ‘alaihinna junāḥun ay yaḍa‘na ṡiyābahunna gaira mutabarrijātim bizīnah(tin), wa ay yasta‘fifna khairul lahunn(a), wallāhu samī‘un ‘alīm(un).",
      "translation": "Para perempuan tua yang telah berhenti (dari haid dan mengandung) yang tidak lagi berhasrat menikah, tidak ada dosa bagi mereka menanggalkan pakaian (luar)525) dengan tidak (bermaksud) menampakkan perhiasan. Akan tetapi, memelihara kehormatan (tetap mengenakan pakaian luar) lebih baik bagi mereka. Allah Maha Mendengar lagi Maha Mengetahui.",
      "footnotes": "525) Maksudnya adalah pakaian luar yang kalau dibuka tidak menampakkan aurat."
    },
    {
      "ayah": 61,
      "quarter_hizb": 36.5,
      "juz": 18,
      "manzil": 4,
      "arabic": "لَيْسَ عَلَى الْاَعْمٰى حَرَجٌ وَّلَا عَلَى الْاَعْرَجِ حَرَجٌ وَّلَا عَلَى الْمَرِيْضِ حَرَجٌ وَّلَا عَلٰٓى اَنْفُسِكُمْ اَنْ تَأْكُلُوْا مِنْۢ بُيُوْتِكُمْ اَوْ بُيُوْتِ اٰبَاۤىِٕكُمْ اَوْ بُيُوْتِ اُمَّهٰتِكُمْ اَوْ بُيُوْتِ اِخْوَانِكُمْ اَوْ بُيُوْتِ اَخَوٰتِكُمْ اَوْ بُيُوْتِ اَعْمَامِكُمْ اَوْ بُيُوْتِ عَمّٰتِكُمْ اَوْ بُيُوْتِ اَخْوَالِكُمْ اَوْ بُيُوْتِ خٰلٰتِكُمْ اَوْ مَا مَلَكْتُمْ مَّفَاتِحَهٗٓ اَوْ صَدِيْقِكُمْۗ  لَيْسَ عَلَيْكُمْ جُنَاحٌ اَنْ تَأْكُلُوْا جَمِيْعًا اَوْ اَشْتَاتًاۗ فَاِذَا دَخَلْتُمْ بُيُوْتًا فَسَلِّمُوْا عَلٰٓى اَنْفُسِكُمْ تَحِيَّةً مِّنْ عِنْدِ اللّٰهِ مُبٰرَكَةً طَيِّبَةً ۗ كَذٰلِكَ يُبَيِّنُ اللّٰهُ لَكُمُ الْاٰيٰتِ لَعَلَّكُمْ تَعْقِلُوْنَ ࣖ",
      "latin": "Laisa ‘alal-a‘mā ḥarajuw wa lā ‘alal-a‘raji ḥarajuw wa lā ‘alal-marīḍi ḥarajuw wa lā ‘alā anfusikum an ta'kulū mim buyūtikum au buyūti ābā'ikum au buyūti ummahātikum au buyūti ikhwānikum au buyūti akhawātikum au buyūti a‘māmikum au buyūti ‘ammātikum au buyūti akhwālikum au buyūti khālātikum au mā malaktum mafātiḥahū au ṣadīqikum, laisa ‘alaikum junāḥun an ta'kulū jamī‘an au asytātā(n), fa iżā dakhaltum buyūtan fa sallimū ‘alā  anfusikum taḥiyyatam min ‘indillāhi mubārakatan ṭayyibah(tan), każālika yubayyinullāhu lakumul-āyāti la‘allakum ta‘qilūn(a).",
      "translation": "Tidak ada halangan bagi orang buta, orang pincang, orang sakit, dan dirimu untuk makan (bersama-sama mereka) di rumahmu, di rumah bapak-bapakmu, di rumah ibu-ibumu, di rumah saudara-saudaramu yang laki-laki, di rumah saudara-saudaramu yang perempuan, di rumah saudara-saudara bapakmu yang laki-laki, di rumah saudara-saudara bapakmu yang perempuan, di rumah saudara-saudara ibumu yang laki-laki, di rumah saudara-saudara ibumu yang perempuan, (di rumah) yang kamu miliki kuncinya, atau (di rumah) kawan-kawanmu. Tidak ada halangan bagimu untuk makan bersama-sama mereka atau sendiri-sendiri. Apabila kamu memasuki rumah-rumah itu, hendaklah kamu memberi salam (kepada penghuninya, yang berarti memberi salam) kepada dirimu sendiri dengan salam yang penuh berkah dan baik dari sisi Allah. Demikianlah Allah menjelaskan ayat-ayat(-Nya) kepadamu agar kamu mengerti.",
      "footnotes": null
    },
    {
      "ayah": 62,
      "quarter_hizb": 36.5,
      "juz": 18,
      "manzil": 4,
      "arabic": "اِنَّمَا الْمُؤْمِنُوْنَ الَّذِيْنَ اٰمَنُوْا بِاللّٰهِ وَرَسُوْلِهٖ وَاِذَا كَانُوْا مَعَهٗ عَلٰٓى اَمْرٍ جَامِعٍ لَّمْ يَذْهَبُوْا حَتّٰى يَسْتَأْذِنُوْهُۗ اِنَّ الَّذِيْنَ يَسْتَأْذِنُوْنَكَ اُولٰۤىِٕكَ الَّذِيْنَ يُؤْمِنُوْنَ بِاللّٰهِ وَرَسُوْلِهٖۚ فَاِذَا اسْتَأْذَنُوْكَ لِبَعْضِ شَأْنِهِمْ فَأْذَنْ لِّمَنْ شِئْتَ مِنْهُمْ وَاسْتَغْفِرْ لَهُمُ اللّٰهَ ۗاِنَّ اللّٰهَ غَفُوْرٌ رَّحِيْمٌ",
      "latin": "Innamal-mu'minūnal-lażīna āmanū billāhi wa rasūlihī wa iżā kānū ma‘ahū ‘alā amrin jāmi‘il lam yażhabū ḥattā yasta'żinūh(u), innal-lażīna yasta'żinūnaka  ulā'ikal-lażīna yu'minūna billāhi wa rasūlih(ī),  fa iżasta'żanūka liba‘ḍi sya'nihim fa'żal liman syi'ta minhum wastagfir lahumullāh(a), innallāha gafūrur raḥīm(un).",
      "translation": "(Yang disebut) orang-orang (yang benar-benar) mukmin  hanyalah orang-orang yang beriman kepada Allah dan Rasul-Nya (Nabi Muhammad), dan apabila mereka berada bersama-sama dengan dia (Nabi Muhammad) dalam suatu urusan bersama, mereka tidak meninggalkan (Rasulullah) sebelum meminta izin kepadanya. Sesungguhnya orang-orang yang meminta izin kepadamu (Nabi Muhammad), mereka itulah orang-orang yang (benar-benar) beriman kepada Allah dan Rasul-Nya. Maka, apabila mereka meminta izin kepadamu karena suatu keperluan, berilah izin kepada siapa yang engkau kehendaki di antara mereka dan mohonkanlah ampunan untuk mereka kepada Allah. Sesungguhnya Allah Maha Pengampun lagi Maha Penyayang.",
      "footnotes": null
    },
    {
      "ayah": 63,
      "quarter_hizb": 36.5,
      "juz": 18,
      "manzil": 4,
      "arabic": "لَا تَجْعَلُوْا دُعَاۤءَ الرَّسُوْلِ بَيْنَكُمْ كَدُعَاۤءِ بَعْضِكُمْ بَعْضًاۗ قَدْ يَعْلَمُ اللّٰهُ الَّذِيْنَ يَتَسَلَّلُوْنَ مِنْكُمْ لِوَاذًاۚ فَلْيَحْذَرِ الَّذِيْنَ يُخَالِفُوْنَ عَنْ اَمْرِهٖٓ اَنْ تُصِيْبَهُمْ فِتْنَةٌ اَوْ يُصِيْبَهُمْ عَذَابٌ اَلِيْمٌ ",
      "latin": "Lā taj‘alū du‘ā'ar-rasūli bainakum kadu‘ā'i ba‘ḍikum ba‘ḍā(n), qad ya'lamullāhul-lażīna yatasallalūna minkum liwāżā(n), falyaḥżaril-lażīna yukhālifūna ‘an amrihī an tuṣībahum fitnatun au yuṣībahum ‘ażābun alīm(un).",
      "translation": "Janganlah kamu menjadikan panggilan Rasul (Nabi Muhammad) di antara kamu seperti panggilan sebagian kamu kepada sebagian (yang lain). Sungguh, Allah mengetahui orang-orang yang keluar (secara) sembunyi-sembunyi di antara kamu dengan berlindung (kepada kawannya). Maka, hendaklah orang-orang yang menyalahi perintah Rasul-Nya takut akan mendapat cobaan atau ditimpa azab yang pedih.",
      "footnotes": null
    },
    {
      "ayah": 64,
      "quarter_hizb": 36.5,
      "juz": 18,
      "manzil": 4,
      "arabic": "اَلَآ اِنَّ لِلّٰهِ مَا فِى السَّمٰوٰتِ وَالْاَرْضِۗ قَدْ يَعْلَمُ مَآ اَنْتُمْ عَلَيْهِۗ وَيَوْمَ يُرْجَعُوْنَ اِلَيْهِ فَيُنَبِّئُهُمْ بِمَا عَمِلُوْاۗ وَاللّٰهُ بِكُلِّ شَيْءٍ عَلِيْمٌ ࣖ",
      "latin": "Alā inna lillāhi mā fis-samāwāti wal-arḍ(i), qad ya‘lamu mā antum ‘alaih(i), wa yauma yurja‘ūna ilaihi fa yunabbi'uhum bimā ‘amilū, wallāhu bikulli syai'in ‘alīm(un).",
      "translation": "Ketahuilah (bahwa) sesungguhnya milik Allahlah apa yang di langit dan di bumi. Dia benar-benar mengetahui keadaan kamu sekarang dan (benar-benar mengetahui pula) hari (ketika mereka) dikembalikan kepada-Nya, lalu Dia menerangkan kepada mereka apa yang telah mereka kerjakan. Allah Maha Mengetahui segala sesuatu.",
      "footnotes": null
    }
  ]
}