{
  "arabic": "الشّعراۤء",
  "latin": "Asy-Syu‘arā'",
  "transliteration": "Asy-Syu‘ara'",
  "translation": "Para Penyair",
  "num_ayah": 227,
  "location": "Makkiyah",
  "ayah": [
    {
      "ayah": 1,
      "quarter_hizb": 37.5,
      "juz": 19,
      "manzil": 5,
      "arabic": "طٰسۤمّۤ ",
      "latin": "Ṭā Sīm Mīm.",
      "translation": "Ṭā Sīn Mīm.",
      "footnotes": null
    },
    {
      "ayah": 2,
      "quarter_hizb": 37.5,
      "juz": 19,
      "manzil": 5,
      "arabic": "تِلْكَ اٰيٰتُ الْكِتٰبِ الْمُبِيْنِ",
      "latin": "Tilka āyātul-kitābil-mubīn(i).",
      "translation": "Itulah ayat-ayat Kitab (Al-Qur’an) yang jelas.",
      "footnotes": null
    },
    {
      "ayah": 3,
      "quarter_hizb": 37.5,
      "juz": 19,
      "manzil": 5,
      "arabic": "لَعَلَّكَ بَاخِعٌ نَّفْسَكَ اَلَّا يَكُوْنُوْا مُؤْمِنِيْنَ ",
      "latin": "La‘allaka bākhi‘un nafsaka allā yakūnū mu'minīn(a).",
      "translation": "Boleh jadi engkau (Nabi Muhammad) akan membinasakan dirimu (dengan kesedihan) karena mereka (penduduk Makkah) tidak beriman.",
      "footnotes": null
    },
    {
      "ayah": 4,
      "quarter_hizb": 37.5,
      "juz": 19,
      "manzil": 5,
      "arabic": "اِنْ نَّشَأْ نُنَزِّلْ عَلَيْهِمْ مِّنَ السَّمَاۤءِ اٰيَةً فَظَلَّتْ اَعْنَاقُهُمْ لَهَا خٰضِعِيْنَ ",
      "latin": "In nasya' nunazzil ‘alaihim minas-samā'i āyatan fa ẓallat a‘nāquhum lahā khāḍi‘īn(a).",
      "translation": "Jika berkehendak, niscaya Kami turunkan bukti (mukjizat) kepada mereka dari langit sehingga tengkuk mereka selalu tunduk kepadanya.",
      "footnotes": null
    },
    {
      "ayah": 5,
      "quarter_hizb": 37.5,
      "juz": 19,
      "manzil": 5,
      "arabic": "وَمَا يَأْتِيْهِمْ مِّنْ ذِكْرٍ مِّنَ الرَّحْمٰنِ مُحْدَثٍ اِلَّا كَانُوْا عَنْهُ مُعْرِضِيْنَ ",
      "latin": "Wa mā ya'tīhim min żikrim minar-raḥmāni muḥdaṡin illā kānū ‘anhu mu‘riḍīn(a).",
      "translation": "Tidak datang kepada mereka suatu peringatan baru (ayat Al-Qur’an) dari Tuhan Yang Maha Pengasih, kecuali mereka selalu berpaling darinya.",
      "footnotes": null
    },
    {
      "ayah": 6,
      "quarter_hizb": 37.5,
      "juz": 19,
      "manzil": 5,
      "arabic": "فَقَدْ كَذَّبُوْا فَسَيَأْتِيْهِمْ اَنْۢبـٰۤؤُا مَا كَانُوْا بِهٖ يَسْتَهْزِءُوْنَ ",
      "latin": "Faqad każżabū fa saya'tīhim ambā'u mā kānū bihī yastahzi'ūn(a).",
      "translation": "Sungguh, mereka telah mendustakan (Al-Qur’an). Maka, kelak akan datang kepada mereka (kebenaran) berita-berita mengenai apa (azab) yang selalu mereka perolok-olokkan.",
      "footnotes": null
    },
    {
      "ayah": 7,
      "quarter_hizb": 37.5,
      "juz": 19,
      "manzil": 5,
      "arabic": "اَوَلَمْ يَرَوْا اِلَى الْاَرْضِ كَمْ اَنْۢبَتْنَا فِيْهَا مِنْ كُلِّ زَوْجٍ كَرِيْمٍ ",
      "latin": "Awalam yarau ilal-arḍi kam ambatnā fīhā min kulli zaujin karīm(in).",
      "translation": "Apakah mereka tidak memperhatikan bumi, betapa banyak Kami telah menumbuhkan di sana segala jenis (tanaman) yang tumbuh baik?",
      "footnotes": null
    },
    {
      "ayah": 8,
      "quarter_hizb": 37.5,
      "juz": 19,
      "manzil": 5,
      "arabic": "اِنَّ فِيْ ذٰلِكَ لَاٰيَةًۗ وَمَا كَانَ اَكْثَرُهُمْ مُّؤْمِنِيْنَ ",
      "latin": "Inna fī żālika la'āyah(tan), wa mā kāna akṡaruhum mu'minīn(a).",
      "translation": "Sesungguhnya pada yang demikian itu benar-benar terdapat tanda (kekuasaan Allah), tetapi kebanyakan mereka tidak beriman.",
      "footnotes": null
    },
    {
      "ayah": 9,
      "quarter_hizb": 37.5,
      "juz": 19,
      "manzil": 5,
      "arabic": "وَاِنَّ رَبَّكَ لَهُوَ الْعَزِيْزُ الرَّحِيْمُ ࣖ ",
      "latin": "Inna rabbaka lahuwal-‘azīzur-raḥīm(u).",
      "translation": "Sesungguhnya Tuhanmu, Dialah yang benar-benar Maha Perkasa lagi Maha Penyayang.",
      "footnotes": null
    },
    {
      "ayah": 10,
      "quarter_hizb": 37.5,
      "juz": 19,
      "manzil": 5,
      "arabic": "وَاِذْ نَادٰى رَبُّكَ مُوْسٰٓى اَنِ ائْتِ الْقَوْمَ الظّٰلِمِيْنَ ۙ",
      "latin": "Wa iż nādā rabbuka mūsā ani'til-qaumaẓ-ẓālimīn(a).",
      "translation": "(Ingatlah) ketika Tuhanmu menyeru Musa (dengan firman-Nya), “Datangilah kaum yang zalim itu.",
      "footnotes": null
    },
    {
      "ayah": 11,
      "quarter_hizb": 37.5,
      "juz": 19,
      "manzil": 5,
      "arabic": "قَوْمَ فِرْعَوْنَ ۗ اَلَا يَتَّقُوْنَ  ",
      "latin": "Qauma fir‘aun(a), alā yattaqūn(a).",
      "translation": "(Yaitu) kaum Fir‘aun. Mengapa mereka tidak bertakwa?”",
      "footnotes": null
    },
    {
      "ayah": 12,
      "quarter_hizb": 37.5,
      "juz": 19,
      "manzil": 5,
      "arabic": "قَالَ رَبِّ اِنِّيْٓ اَخَافُ اَنْ يُّكَذِّبُوْنِ ۗ",
      "latin": "Qāla rabbi innī akhāfu ay yukażżibūn(i).",
      "translation": "Dia (Musa) berkata, “Wahai Tuhanku, sesungguhnya aku takut mereka akan mendustakanku.",
      "footnotes": null
    },
    {
      "ayah": 13,
      "quarter_hizb": 37.5,
      "juz": 19,
      "manzil": 5,
      "arabic": "وَيَضِيْقُ صَدْرِيْ وَلَا يَنْطَلِقُ لِسَانِيْ فَاَرْسِلْ اِلٰى هٰرُوْنَ ",
      "latin": "Wa yaḍīqu ṣadrī wa lā yanṭaliqu lisānī fa arsil ilā hārūn(a).",
      "translation": "Dadaku terasa sempit dan lidahku kelu. Maka, utuslah Harun (bersamaku).536)",
      "footnotes": "536) Nabi Musa a.s. memohon agar Harun a.s. diangkat menjadi rasul untuk membantunya."
    },
    {
      "ayah": 14,
      "quarter_hizb": 37.5,
      "juz": 19,
      "manzil": 5,
      "arabic": "وَلَهُمْ عَلَيَّ ذَنْۢبٌ فَاَخَافُ اَنْ يَّقْتُلُوْنِ  ۚ",
      "latin": "Wa lahum ‘alayya żambun fa akhāfu ay yaqtulūn(i).",
      "translation": "Aku berdosa terhadap mereka.537) Maka, aku takut mereka akan membunuhku.”",
      "footnotes": "537) Nabi Musa a.s. merasa berdosa kepada orang-orang Mesir karena pernah membunuh salah seorang di antara mereka tanpa sengaja sebelum menjadi nabi."
    },
    {
      "ayah": 15,
      "quarter_hizb": 37.5,
      "juz": 19,
      "manzil": 5,
      "arabic": "قَالَ كَلَّا ۚفَاذْهَبَا بِاٰيٰتِنَآ اِنَّا مَعَكُمْ مُّسْتَمِعُوْنَ ۙ",
      "latin": "Qāla kallā, fażhabā bi'āyātinā innā ma‘akum mustami‘ūn(a).",
      "translation": "Dia (Allah) berfirman, “Tidak (mereka tidak akan dapat membunuhmu). Maka, pergilah berdua dengan membawa ayat-ayat Kami (mukjizat). Sesungguhnya Kami menyertaimu mendengarkan (apa yang mereka katakan).",
      "footnotes": null
    },
    {
      "ayah": 16,
      "quarter_hizb": 37.5,
      "juz": 19,
      "manzil": 5,
      "arabic": "فَأْتِيَا فِرْعَوْنَ فَقُوْلَآ اِنَّا رَسُوْلُ رَبِّ الْعٰلَمِيْنَ ۙ",
      "latin": "Fa'tiyā fir‘auna faqūlā innā rasūlu rabbil-‘ālamīn(a).",
      "translation": "Maka, datanglah berdua kepada Fir‘aun dan katakanlah, ‘Sesungguhnya kami adalah utusan Tuhan semesta alam.",
      "footnotes": null
    },
    {
      "ayah": 17,
      "quarter_hizb": 37.5,
      "juz": 19,
      "manzil": 5,
      "arabic": "اَنْ اَرْسِلْ مَعَنَا بَنِيْٓ اِسْرَاۤءِيْلَ ۗ ",
      "latin": "An arsil ma‘anā banī isrā'īl(a).",
      "translation": "Lepaskanlah Bani Israil (pergi) bersama kami (menuju Baitulmaqdis).’”",
      "footnotes": null
    },
    {
      "ayah": 18,
      "quarter_hizb": 37.5,
      "juz": 19,
      "manzil": 5,
      "arabic": "قَالَ اَلَمْ نُرَبِّكَ فِيْنَا وَلِيْدًا وَّلَبِثْتَ فِيْنَا مِنْ عُمُرِكَ سِنِيْنَ ۗ ",
      "latin": "Qāla alam nurabbika fīnā walīdaw wa labiṡta fīnā min ‘umurika sinīn(a).",
      "translation": "Dia (Fir‘aun) berkata, “Bukankah kami telah mengasuhmu dalam lingkungan (keluarga) kami, waktu engkau masih bayi dan engkau tinggal bersama kami beberapa tahun dari umurmu.538)",
      "footnotes": "538) Musa a.s. tinggal bersama Fir‘aun sejak kecil hingga berusia sekitar delapan belas tahun."
    },
    {
      "ayah": 19,
      "quarter_hizb": 37.5,
      "juz": 19,
      "manzil": 5,
      "arabic": "وَفَعَلْتَ فَعْلَتَكَ الَّتِيْ فَعَلْتَ وَاَنْتَ مِنَ الْكٰفِرِيْنَ  ",
      "latin": "Wa fa‘alta fa‘latakal-latī fa‘alta wa anta minal-kāfirīn(a).",
      "translation": "Engkau (Musa) telah melakukan (kesalahan berupa) perbuatan yang telah engkau lakukan (membunuh seseorang dari kaumku) dan engkau termasuk orang yang ingkar (terhadap kebaikan dan ketuhananku).”",
      "footnotes": null
    },
    {
      "ayah": 20,
      "quarter_hizb": 37.5,
      "juz": 19,
      "manzil": 5,
      "arabic": "قَالَ فَعَلْتُهَآ اِذًا وَّاَنَا۠ مِنَ الضَّاۤلِّيْنَ  ",
      "latin": "Qāla fa‘altuhā iżaw wa ana minaḍ-ḍāllīn(a).",
      "translation": "Dia (Musa) berkata, “Aku telah melakukannya. Kalau begitu, saat itu aku termasuk orang-orang yang sesat.",
      "footnotes": null
    },
    {
      "ayah": 21,
      "quarter_hizb": 37.5,
      "juz": 19,
      "manzil": 5,
      "arabic": "فَفَرَرْتُ مِنْكُمْ لَمَّا خِفْتُكُمْ فَوَهَبَ لِيْ رَبِّيْ حُكْمًا وَّجَعَلَنِيْ مِنَ الْمُرْسَلِيْنَ  ",
      "latin": "Fa farartu minkum lammā khiftukum fa wahaba lī rabbī ḥukmaw wa ja‘alanī minal-mursalīn(a).",
      "translation": "Kemudian, aku lari darimu karena takut kepadamu. Lalu, Tuhanku menganugerahkan kepadaku hukum (ilmu dan kearifan) dan menjadikanku salah seorang rasul.",
      "footnotes": null
    },
    {
      "ayah": 22,
      "quarter_hizb": 37.5,
      "juz": 19,
      "manzil": 5,
      "arabic": "وَتِلْكَ نِعْمَةٌ تَمُنُّهَا عَلَيَّ اَنْ عَبَّدْتَّ بَنِيْٓ اِسْرَاۤءِيْلَ ۗ",
      "latin": "Wa tilka ni‘matun tamunnuhā ‘alayya an ‘abbatta banī isrā'īl(a).",
      "translation": "Itulah kenikmatan yang engkau berikan kepadaku, (sedangkan) engkau memperbudak Bani Israil.”",
      "footnotes": null
    },
    {
      "ayah": 23,
      "quarter_hizb": 37.5,
      "juz": 19,
      "manzil": 5,
      "arabic": "قَالَ فِرْعَوْنُ وَمَا رَبُّ الْعٰلَمِيْنَ ۗ ",
      "latin": "Qāla fir‘aunu wa mā rabbul-‘ālamīn(a).",
      "translation": "Fir‘aun berkata, “Siapa Tuhan semesta alam itu?”",
      "footnotes": null
    },
    {
      "ayah": 24,
      "quarter_hizb": 37.5,
      "juz": 19,
      "manzil": 5,
      "arabic": "قَالَ رَبُّ السَّمٰوٰتِ وَالْاَرْضِ وَمَا بَيْنَهُمَاۗ اِنْ كُنْتُمْ مُّوْقِنِيْنَ ",
      "latin": "Qāla rabbus-samāwāti wal-arḍi wa mā bainahumā, in kuntum mūqinīn(a).",
      "translation": "Dia (Musa) menjawab, “Tuhan (pencipta dan pemelihara) langit, bumi, dan segala yang ada di antaranya jika kamu orang-orang yang yakin.”",
      "footnotes": null
    },
    {
      "ayah": 25,
      "quarter_hizb": 37.5,
      "juz": 19,
      "manzil": 5,
      "arabic": "قَالَ لِمَنْ حَوْلَهٗٓ اَلَا تَسْتَمِعُوْنَ ",
      "latin": "Qāla liman ḥaulahū alā tastami‘ūn(a).",
      "translation": "Dia (Fir‘aun) berkata kepada orang-orang di sekitarnya, “Tidakkah kamu mendengar (apa yang dikatakannya)?”",
      "footnotes": null
    },
    {
      "ayah": 26,
      "quarter_hizb": 37.5,
      "juz": 19,
      "manzil": 5,
      "arabic": "قَالَ رَبُّكُمْ وَرَبُّ اٰبَاۤىِٕكُمُ الْاَوَّلِيْنَ ",
      "latin": "Qāla rabbukum wa rabbu ābā'ikumul-awwalīn(a).",
      "translation": "Dia (Musa) berkata, “(Dia) Tuhanmu dan Tuhan nenek moyangmu terdahulu.”",
      "footnotes": null
    },
    {
      "ayah": 27,
      "quarter_hizb": 37.5,
      "juz": 19,
      "manzil": 5,
      "arabic": "قَالَ اِنَّ رَسُوْلَكُمُ الَّذِيْٓ اُرْسِلَ اِلَيْكُمْ لَمَجْنُوْنٌ ",
      "latin": "Qāla inna rasūlakumul-lażī ursila ilaikum lamajnūn(un).",
      "translation": "Dia (Fir‘aun) berkata, “Sesungguhnya rasulmu yang diutus kepadamu benar-benar gila.”",
      "footnotes": null
    },
    {
      "ayah": 28,
      "quarter_hizb": 37.5,
      "juz": 19,
      "manzil": 5,
      "arabic": "قَالَ رَبُّ الْمَشْرِقِ وَالْمَغْرِبِ وَمَا بَيْنَهُمَاۗ اِنْ كُنْتُمْ تَعْقِلُوْنَ  ",
      "latin": "Qāla rabbul-masyriqi wal-magribi wa mā bainahumā, in kuntum ta‘qilūn(a).",
      "translation": "Dia (Musa) berkata, “(Dia) Tuhan (yang menguasai) timur dan barat serta segala yang ada di antaranya jika kamu mengerti.”",
      "footnotes": null
    },
    {
      "ayah": 29,
      "quarter_hizb": 37.5,
      "juz": 19,
      "manzil": 5,
      "arabic": "قَالَ لَىِٕنِ اتَّخَذْتَ اِلٰهًا غَيْرِيْ لَاَجْعَلَنَّكَ مِنَ الْمَسْجُوْنِيْنَ ",
      "latin": "Qāla la'inittakhażta ilāhan gairī la'aj‘alannaka minal-masjūnīn(a).",
      "translation": "Dia (Fir‘aun) berkata, “Sungguh, jika engkau menyembah Tuhan selainku, niscaya aku benar-benar akan menjadikanmu termasuk orang-orang yang dipenjarakan.”",
      "footnotes": null
    },
    {
      "ayah": 30,
      "quarter_hizb": 37.5,
      "juz": 19,
      "manzil": 5,
      "arabic": "قَالَ اَوَلَوْ جِئْتُكَ بِشَيْءٍ مُّبِيْنٍ ",
      "latin": "Qāla awalau ji'tuka bisyai'im mubīn(in).",
      "translation": "Dia (Musa) berkata, “Apakah (engkau akan melakukan itu) sekalipun aku mendatangkan kepadamu sesuatu (bukti) yang jelas?”",
      "footnotes": null
    },
    {
      "ayah": 31,
      "quarter_hizb": 37.5,
      "juz": 19,
      "manzil": 5,
      "arabic": "قَالَ فَأْتِ بِهٖٓ اِنْ كُنْتَ مِنَ الصّٰدِقِيْنَ",
      "latin": "Qāla fa'ti bihī in kunta minaṣ-ṣādiqīn(a).",
      "translation": "Dia (Fir‘aun) berkata, “Datangkanlah (bukti yang jelas) itu jika engkau termasuk orang-orang yang benar!”",
      "footnotes": null
    },
    {
      "ayah": 32,
      "quarter_hizb": 37.5,
      "juz": 19,
      "manzil": 5,
      "arabic": "فَاَلْقٰى عَصَاهُ فَاِذَا هِيَ ثُعْبَانٌ مُّبِيْنٌ ۚ ",
      "latin": "Fa alqā ‘aṣāhu fa iżā hiya ṡu‘bānum mubīn(un).",
      "translation": "Maka, dia (Musa) melemparkan tongkatnya, tiba-tiba ia (tongkat itu) menjadi ular besar yang nyata.",
      "footnotes": null
    },
    {
      "ayah": 33,
      "quarter_hizb": 37.5,
      "juz": 19,
      "manzil": 5,
      "arabic": "وَنَزَعَ يَدَهٗ فَاِذَا هِيَ بَيْضَاۤءُ لِلنّٰظِرِيْنَ ࣖ ",
      "latin": "Wa naza‘a yadahū fa iżā hiya baiḍā'u lin-nāẓirīn(a).",
      "translation": "Dia menarik tangannya, tiba-tiba ia (tangan itu) menjadi putih (bercahaya) bagi orang-orang yang melihat(-nya).",
      "footnotes": null
    },
    {
      "ayah": 34,
      "quarter_hizb": 37.5,
      "juz": 19,
      "manzil": 5,
      "arabic": "قَالَ لِلْمَلَاِ حَوْلَهٗٓ اِنَّ هٰذَا لَسٰحِرٌ عَلِيْمٌ ۙ ",
      "latin": "Qāla lil-mala'i ḥaulahū inna hāżā lasāḥirun ‘alīm(un).",
      "translation": "Dia (Fir‘aun) berkata kepada para pemuka di sekitarnya, “Sesungguhnya dia (Musa) ini benar-benar seorang penyihir yang sangat pandai.",
      "footnotes": null
    },
    {
      "ayah": 35,
      "quarter_hizb": 37.5,
      "juz": 19,
      "manzil": 5,
      "arabic": "يُّرِيْدُ اَنْ يُّخْرِجَكُمْ مِّنْ اَرْضِكُمْ بِسِحْرِهٖۖ فَمَاذَا تَأْمُرُوْنَ ",
      "latin": "Yurīdu ay yukhrijakum min arḍikum bisiḥrih(ī), fa māżā ta'murūn(a).",
      "translation": "Dia hendak mengeluarkanmu dari negerimu dengan sihirnya. Maka, apa yang kamu sarankan?”",
      "footnotes": null
    },
    {
      "ayah": 36,
      "quarter_hizb": 37.5,
      "juz": 19,
      "manzil": 5,
      "arabic": "قَالُوْٓا اَرْجِهْ وَاَخَاهُ وَابْعَثْ فِى الْمَدَاۤىِٕنِ حٰشِرِيْنَ ۙ ",
      "latin": "Qālū arjih wa akhāhu wab‘aṡ fil-madā'ini ḥāsyirīn(a).",
      "translation": "Mereka berkata, “Tahanlah (untuk sementara) dia dan saudaranya serta utuslah ke seluruh negeri orang-orang yang akan mengumpulkan (penyihir).",
      "footnotes": null
    },
    {
      "ayah": 37,
      "quarter_hizb": 37.5,
      "juz": 19,
      "manzil": 5,
      "arabic": "يَأْتُوْكَ بِكُلِّ سَحَّارٍ عَلِيْمٍ ",
      "latin": "Ya'tūka bikulli saḥḥārin ‘alīm(in).",
      "translation": "Mereka akan mendatangkan kepadamu semua penyihir yang sangat pandai.”",
      "footnotes": null
    },
    {
      "ayah": 38,
      "quarter_hizb": 37.5,
      "juz": 19,
      "manzil": 5,
      "arabic": "فَجُمِعَ السَّحَرَةُ لِمِيْقَاتِ يَوْمٍ مَّعْلُوْمٍ ۙ ",
      "latin": "Fa jumi‘as-saḥaratu limīqāti yaumim ma‘lūm(in).",
      "translation": "Maka, dikumpulkanlah para penyihir pada waktu (yang ditetapkan) pada hari yang telah ditentukan.",
      "footnotes": null
    },
    {
      "ayah": 39,
      "quarter_hizb": 37.5,
      "juz": 19,
      "manzil": 5,
      "arabic": "وَّقِيْلَ لِلنَّاسِ هَلْ اَنْتُمْ مُّجْتَمِعُوْنَ ۙ ",
      "latin": "Wa qīla lin-nāsi hal antum mujtami‘ūn(a).",
      "translation": "Lalu, diumumkan kepada orang banyak, “Apakah kamu semua sudah berkumpul?",
      "footnotes": null
    },
    {
      "ayah": 40,
      "quarter_hizb": 37.5,
      "juz": 19,
      "manzil": 5,
      "arabic": "لَعَلَّنَا نَتَّبِعُ السَّحَرَةَ اِنْ كَانُوْا هُمُ الْغٰلِبِيْنَ  ",
      "latin": "La‘allanā nattabi‘us-saḥarata in kānū humul-gālibīn(a).",
      "translation": "(Tujuannya) supaya kita mengikuti para penyihir itu jika mereka jadi para pemenang.”",
      "footnotes": null
    },
    {
      "ayah": 41,
      "quarter_hizb": 37.5,
      "juz": 19,
      "manzil": 5,
      "arabic": "فَلَمَّا جَاۤءَ السَّحَرَةُ قَالُوْا لِفِرْعَوْنَ اَىِٕنَّ لَنَا لَاَجْرًا اِنْ كُنَّا نَحْنُ الْغٰلِبِيْنَ  ",
      "latin": "Falammā jā'as-saḥaratu qālū lifir‘auna a'inna lanā la'ajran in kunnā naḥnul-gālibīn(a).",
      "translation": "Maka, ketika para penyihir datang, mereka berkata kepada Fir‘aun, “Apakah kami benar-benar akan memperoleh imbalan besar jika kami yang menjadi pemenang?”",
      "footnotes": null
    },
    {
      "ayah": 42,
      "quarter_hizb": 37.5,
      "juz": 19,
      "manzil": 5,
      "arabic": "قَالَ نَعَمْ وَاِنَّكُمْ اِذًا لَّمِنَ الْمُقَرَّبِيْنَ ",
      "latin": "Qāla na‘am wa innakum iżal laminal-muqarrabīn(a).",
      "translation": "Dia (Fir‘aun) menjawab, “Ya, bahkan kamu pasti akan menjadi orang-orang yang dekat (kepadaku).”",
      "footnotes": null
    },
    {
      "ayah": 43,
      "quarter_hizb": 37.5,
      "juz": 19,
      "manzil": 5,
      "arabic": "قَالَ لَهُمْ مُّوْسٰٓى اَلْقُوْا مَآ اَنْتُمْ مُّلْقُوْنَ  ",
      "latin": "Qāla lahum mūsā alqū mā antum mulqūn(a).",
      "translation": "Musa berkata kepada mereka, “Lemparkanlah apa yang hendak kamu lemparkan!”",
      "footnotes": null
    },
    {
      "ayah": 44,
      "quarter_hizb": 37.5,
      "juz": 19,
      "manzil": 5,
      "arabic": "فَاَلْقَوْا حِبَالَهُمْ وَعِصِيَّهُمْ وَقَالُوْا بِعِزَّةِ فِرْعَوْنَ اِنَّا لَنَحْنُ الْغٰلِبُوْنَ  ",
      "latin": "Fa alqau ḥibālahum wa ‘iṣiyyahum wa qālū bi‘izzati fir‘auna innā lanaḥnul-gālibūn(a).",
      "translation": "Lalu, mereka melemparkan tali-tali dan tongkat-tongkat mereka seraya berkata, “Demi kekuasaan Fir‘aun, sesungguhnya kamilah yang benar-benar sebagai pemenang.”",
      "footnotes": null
    },
    {
      "ayah": 45,
      "quarter_hizb": 37.5,
      "juz": 19,
      "manzil": 5,
      "arabic": "فَاَلْقٰى مُوْسٰى عَصَاهُ فَاِذَا هِيَ تَلْقَفُ مَا يَأْفِكُوْنَ ۚ ",
      "latin": "Fa alqā mūsā ‘aṣāhu fa iżā hiya talqafu mā ya'fikūn(a).",
      "translation": "Kemudian, Musa melemparkan tongkatnya, tiba-tiba ia (tongkatnya yang sudah menjadi ular) menelan segala yang mereka ada-adakan itu.539)",
      "footnotes": "539) Tali-tali dan tongkat-tongkat yang dilemparkan penyihir yang seolah-olah ular itu ditelan semuanya oleh ular dari tongkat Nabi Musa a.s."
    },
    {
      "ayah": 46,
      "quarter_hizb": 37.5,
      "juz": 19,
      "manzil": 5,
      "arabic": "فَاُلْقِيَ السَّحَرَةُ سٰجِدِيْنَ ۙ ",
      "latin": "Fa ulqiyas-saḥaratu sājidīn(a).",
      "translation": "Maka, tersungkurlah para penyihir itu (dalam keadaan) bersujud.",
      "footnotes": null
    },
    {
      "ayah": 47,
      "quarter_hizb": 37.5,
      "juz": 19,
      "manzil": 5,
      "arabic": "قَالُوْٓا اٰمَنَّا بِرَبِّ الْعٰلَمِيْنَ ۙ ",
      "latin": "Qālū āmannā birabbil-‘ālamīn(a).",
      "translation": "Mereka berkata, “Kami beriman kepada Tuhan semesta alam,",
      "footnotes": null
    },
    {
      "ayah": 48,
      "quarter_hizb": 37.5,
      "juz": 19,
      "manzil": 5,
      "arabic": "رَبِّ مُوْسٰى وَهٰرُوْنَ  ",
      "latin": "Rabbi mūsā wa hārūn(a).",
      "translation": "(yaitu) Tuhannya Musa dan Harun.”",
      "footnotes": null
    },
    {
      "ayah": 49,
      "quarter_hizb": 37.5,
      "juz": 19,
      "manzil": 5,
      "arabic": "قَالَ اٰمَنْتُمْ لَهٗ قَبْلَ اَنْ اٰذَنَ لَكُمْۚ اِنَّهٗ لَكَبِيْرُكُمُ الَّذِيْ عَلَّمَكُمُ السِّحْرَۚ فَلَسَوْفَ تَعْلَمُوْنَ ەۗ لَاُقَطِّعَنَّ اَيْدِيَكُمْ وَاَرْجُلَكُمْ مِّنْ خِلَافٍ وَّلَاُصَلِّبَنَّكُمْ اَجْمَعِيْنَۚ",
      "latin": "Qāla āmantum lahū qabla an āżana lakum, innahū lakabīrukumul-lażī ‘allamakumus-siḥr(a), fa lasaufa ta‘lamūn(a), la'uqaṭṭi‘anna aidiyakum wa arjulakum min khilāfiw wa la'uṣallibannakum  ajma'īn(a).",
      "translation": "Dia (Fir‘aun) berkata, “Apakah kamu sekalian beriman kepadanya (Musa) sebelum aku mengizinkanmu? Sesungguhnya dia benar-benar pemimpinmu yang mengajarkan sihir kepadamu. Maka, kamu tentu akan tahu (akibat perbuatanmu). Pasti kupotong tangan dan kakimu secara bersilang dan benar-benar akan kusalib kamu semua.”",
      "footnotes": null
    },
    {
      "ayah": 50,
      "quarter_hizb": 37.5,
      "juz": 19,
      "manzil": 5,
      "arabic": "قَالُوْا لَا ضَيْرَ ۖاِنَّآ اِلٰى رَبِّنَا مُنْقَلِبُوْنَ ۚ  ",
      "latin": "Qālū lā ḍair(a), innā ilā rabbinā munqalibūn(a).",
      "translation": "Mereka menjawab, “Tidak ada yang kami takutkan. Sesungguhnya kami akan kembali kepada Tuhan kami.",
      "footnotes": null
    },
    {
      "ayah": 51,
      "quarter_hizb": 37.5,
      "juz": 19,
      "manzil": 5,
      "arabic": " اِنَّا نَطْمَعُ اَنْ يَّغْفِرَ لَنَا رَبُّنَا خَطٰيٰنَآ اَنْ كُنَّآ اَوَّلَ الْمُؤْمِنِيْنَ ۗ ࣖ",
      "latin": "Innā naṭma‘u ay yagfira lanā rabbunā khaṭāyānā an kunnā awwalal-mu'minīn(a).",
      "translation": "Sesungguhnya kami sangat menginginkan agar Tuhan kami mengampuni kesalahan-kesalahan kami karena kami adalah orang-orang yang pertama menjadi mukmin.”",
      "footnotes": null
    },
    {
      "ayah": 52,
      "quarter_hizb": 37.75,
      "juz": 19,
      "manzil": 5,
      "arabic": "۞ وَاَوْحَيْنَآ اِلٰى مُوْسٰىٓ اَنْ اَسْرِ بِعِبَادِيْٓ اِنَّكُمْ مُّتَّبَعُوْنَ",
      "latin": "Wa auḥainā ilā mūsā an asri bi‘ibādī innakum muttaba‘ūn(a).",
      "translation": "Kami wahyukan (perintahkan) kepada Musa, “Pergilah pada malam hari dengan hamba-hamba-Ku (Bani Israil). Sesungguhnya kamu pasti akan diikuti.”",
      "footnotes": null
    },
    {
      "ayah": 53,
      "quarter_hizb": 37.75,
      "juz": 19,
      "manzil": 5,
      "arabic": "فَاَرْسَلَ فِرْعَوْنُ فِى الْمَدَاۤىِٕنِ حٰشِرِيْنَ ۚ ",
      "latin": "Fa arsala fir‘aunu fil-madā'ini ḥāsyirīn(a).",
      "translation": "Lalu, Fir‘aun mengirimkan orang ke kota-kota untuk mengumpulkan (bala tentaranya).",
      "footnotes": null
    },
    {
      "ayah": 54,
      "quarter_hizb": 37.75,
      "juz": 19,
      "manzil": 5,
      "arabic": "اِنَّ هٰٓؤُلَاۤءِ لَشِرْذِمَةٌ قَلِيْلُوْنَۙ ",
      "latin": "Inna hā'ulā'i lasyirzimatun qalīlūn(a).",
      "translation": "(Fir‘aun berkata,) “Sesungguhnya mereka (Bani Israil) hanyalah sekelompok kecil.",
      "footnotes": null
    },
    {
      "ayah": 55,
      "quarter_hizb": 37.75,
      "juz": 19,
      "manzil": 5,
      "arabic": "وَاِنَّهُمْ لَنَا لَغَاۤىِٕظُوْنَ ۙ  ",
      "latin": "Wa innahum lanā lagā'iẓūn(a).",
      "translation": "Sesungguhnya mereka telah membuat kita marah.",
      "footnotes": null
    },
    {
      "ayah": 56,
      "quarter_hizb": 37.75,
      "juz": 19,
      "manzil": 5,
      "arabic": "وَاِنَّا لَجَمِيْعٌ حٰذِرُوْنَ ۗ ",
      "latin": "Wa innā lajamī‘un ḥāżirūn(a).",
      "translation": "Sesungguhnya kita semua benar-benar harus selalu waspada.”",
      "footnotes": null
    },
    {
      "ayah": 57,
      "quarter_hizb": 37.75,
      "juz": 19,
      "manzil": 5,
      "arabic": "فَاَخْرَجْنٰهُمْ مِّنْ جَنّٰتٍ وَّعُيُوْنٍ ۙ ",
      "latin": "Fa akhrajnāhum min jannātiw wa ‘uyūn(in).",
      "translation": "Kami keluarkan mereka (Fir‘aun dan kaumnya) dari (negeri mereka yang mempunyai) taman, mata air,",
      "footnotes": null
    },
    {
      "ayah": 58,
      "quarter_hizb": 37.75,
      "juz": 19,
      "manzil": 5,
      "arabic": "وَّكُنُوْزٍ وَّمَقَامٍ كَرِيْمٍ ۙ ",
      "latin": "Wa kunūziw wa maqāmin karīm(in).",
      "translation": "harta kekayaan, dan tempat tinggal yang bagus.540)",
      "footnotes": "540) Karena mengejar Nabi Musa a.s. dan Bani Israil, Fir‘aun dan bala tentaranya telah keluar dari negeri mereka dengan meninggalkan kerajaan, kebesaran, kemewahan, dan sebagainya."
    },
    {
      "ayah": 59,
      "quarter_hizb": 37.75,
      "juz": 19,
      "manzil": 5,
      "arabic": "كَذٰلِكَۚ وَاَوْرَثْنٰهَا بَنِيْٓ اِسْرَاۤءِيْلَ ۗ ",
      "latin": "Każālik(a), wa auraṡnāhā banī isrā'īl(a).",
      "translation": "Demikianlah, dan Kami wariskan semuanya kepada Bani Israil.541)",
      "footnotes": "541) Setelah Fir‘aun dan bala tentaranya binasa, Nabi Musa a.s. dan Bani Israil kembali ke Mesir untuk mengambil harta kekayaan Fir‘aun dan tentaranya. Mereka lalu melanjutkan perjalanan ke Baitulmaqdis."
    },
    {
      "ayah": 60,
      "quarter_hizb": 37.75,
      "juz": 19,
      "manzil": 5,
      "arabic": "فَاَتْبَعُوْهُمْ مُّشْرِقِيْنَ  ",
      "latin": "Fa atba‘ūhum musyriqīn(a).",
      "translation": "Lalu, (Fir‘aun dan bala tentaranya dapat) menyusul mereka pada waktu matahari terbit.",
      "footnotes": null
    },
    {
      "ayah": 61,
      "quarter_hizb": 37.75,
      "juz": 19,
      "manzil": 5,
      "arabic": "فَلَمَّا تَرٰۤءَا الْجَمْعٰنِ قَالَ اَصْحٰبُ مُوْسٰٓى اِنَّا لَمُدْرَكُوْنَ ۚ  ",
      "latin": "Falammā tarā'al-jam‘āni qāla aṣḥābu mūsā innā lamudrakūn(a).",
      "translation": "Ketika kedua golongan itu saling melihat, para pengikut Musa berkata, “Sesungguhnya kita benar-benar akan tersusul.”",
      "footnotes": null
    },
    {
      "ayah": 62,
      "quarter_hizb": 37.75,
      "juz": 19,
      "manzil": 5,
      "arabic": "قَالَ كَلَّا ۗاِنَّ مَعِيَ رَبِّيْ سَيَهْدِيْنِ",
      "latin": "Qāla kallā, inna ma‘iya rabbī sayahdīn(i).",
      "translation": "Dia (Musa) berkata, “Tidak! Sesungguhnya Tuhanku bersamaku. Dia akan menunjukiku.”",
      "footnotes": null
    },
    {
      "ayah": 63,
      "quarter_hizb": 37.75,
      "juz": 19,
      "manzil": 5,
      "arabic": "فَاَوْحَيْنَآ اِلٰى مُوْسٰٓى اَنِ اضْرِبْ بِّعَصَاكَ الْبَحْرَۗ فَانْفَلَقَ فَكَانَ كُلُّ فِرْقٍ كَالطَّوْدِ الْعَظِيْمِ ۚ ",
      "latin": "Fa auḥainā ilā mūsā aniḍrib bi‘aṣākal-baḥr(a), fanfalaqa fa kāna kullu firqin kaṭ-ṭaudil ‘aẓīm(i).",
      "translation": "Lalu, Kami wahyukan kepada Musa, “Pukullah laut dengan tongkatmu itu.” Maka, terbelahlah (laut itu) dan setiap belahan seperti gunung yang sangat besar.",
      "footnotes": null
    },
    {
      "ayah": 64,
      "quarter_hizb": 37.75,
      "juz": 19,
      "manzil": 5,
      "arabic": "وَاَزْلَفْنَا ثَمَّ الْاٰخَرِيْنَ ۚ ",
      "latin": "Wa azlafnā ṡammal-ākharīn(a).",
      "translation": "Di sanalah Kami dekatkan kelompok yang lain.542)",
      "footnotes": "542) Yang dimaksud dengan kelompok yang lain adalah Fir‘aun dan bala tentaranya. Maksud ayat ini adalah bahwa di bagian yang terbelah itu Allah Swt. mendekatkan antara Fir‘aun dan bala tentaranya dengan Nabi Musa a.s. dan Bani Israil."
    },
    {
      "ayah": 65,
      "quarter_hizb": 37.75,
      "juz": 19,
      "manzil": 5,
      "arabic": "وَاَنْجَيْنَا مُوْسٰى وَمَنْ مَّعَهٗٓ اَجْمَعِيْنَ ۚ ",
      "latin": "Wa anjainā mūsā wa mam ma‘ahū ajma‘īn(a).",
      "translation": "Kami selamatkan Musa dan semua orang yang bersamanya.",
      "footnotes": null
    },
    {
      "ayah": 66,
      "quarter_hizb": 37.75,
      "juz": 19,
      "manzil": 5,
      "arabic": "ثُمَّ اَغْرَقْنَا الْاٰخَرِيْنَ ۗ ",
      "latin": "Ṡumma agraqnal-ākharīn(a).",
      "translation": "Kemudian, Kami tenggelamkan kelompok yang lain.",
      "footnotes": null
    },
    {
      "ayah": 67,
      "quarter_hizb": 37.75,
      "juz": 19,
      "manzil": 5,
      "arabic": "اِنَّ فِيْ ذٰلِكَ لَاٰيَةً ۗوَمَا كَانَ اَكْثَرُهُمْ مُّؤْمِنِيْنَ  ",
      "latin": "Inna fī żālika la'āyah(tan), wa mā kāna akṡaruhum mu'minīn(a).",
      "translation": "Sesungguhnya pada yang demikian itu benar-benar terdapat tanda (kekuasaan Allah), tetapi kebanyakan mereka tidak beriman.",
      "footnotes": null
    },
    {
      "ayah": 68,
      "quarter_hizb": 37.75,
      "juz": 19,
      "manzil": 5,
      "arabic": "وَاِنَّ رَبَّكَ لَهُوَ الْعَزِيْزُ الرَّحِيْمُ ࣖ",
      "latin": "Wa inna rabbaka lahuwal-‘azīzur-raḥīm(u).",
      "translation": "Sesungguhnya Tuhanmu, Dialah yang benar-benar Maha Perkasa lagi Maha Penyayang.",
      "footnotes": null
    },
    {
      "ayah": 69,
      "quarter_hizb": 37.75,
      "juz": 19,
      "manzil": 5,
      "arabic": "وَاتْلُ عَلَيْهِمْ نَبَاَ اِبْرٰهِيْمَ ۘ ",
      "latin": "Watlu ‘alaihim naba'a ibrāhīm(a).",
      "translation": "Bacakanlah kepada mereka berita Ibrahim.",
      "footnotes": null
    },
    {
      "ayah": 70,
      "quarter_hizb": 37.75,
      "juz": 19,
      "manzil": 5,
      "arabic": "اِذْ قَالَ لِاَبِيْهِ وَقَوْمِهٖ مَا تَعْبُدُوْنَ ",
      "latin": "Iż qāla li'abīhi wa qaumihī mā ta‘budūn(a).",
      "translation": "Ketika dia (Ibrahim) berkata kepada bapak dan kaumnya, “Apa yang kamu sembah?”",
      "footnotes": null
    },
    {
      "ayah": 71,
      "quarter_hizb": 37.75,
      "juz": 19,
      "manzil": 5,
      "arabic": "قَالُوْا نَعْبُدُ اَصْنَامًا فَنَظَلُّ لَهَا عٰكِفِيْنَ  ",
      "latin": "Qālū na‘budu aṣnāman fa naẓallu lahā ‘ākifīn(a).",
      "translation": "Mereka menjawab, “Kami menyembah berhala-berhala dan senantiasa tekun menyembahnya.”",
      "footnotes": null
    },
    {
      "ayah": 72,
      "quarter_hizb": 37.75,
      "juz": 19,
      "manzil": 5,
      "arabic": "قَالَ هَلْ يَسْمَعُوْنَكُمْ اِذْ تَدْعُوْنَ ۙ  ",
      "latin": "Qāla hal yasma‘ūnakum iż tad‘ūn(a).",
      "translation": "Dia (Ibrahim) berkata, “Apakah mereka mendengarmu ketika kamu berdoa (kepadanya)?",
      "footnotes": null
    },
    {
      "ayah": 73,
      "quarter_hizb": 37.75,
      "juz": 19,
      "manzil": 5,
      "arabic": "اَوْ يَنْفَعُوْنَكُمْ اَوْ يَضُرُّوْنَ  ",
      "latin": "Au yanfa‘ūnakum au yaḍurrūn(a).",
      "translation": "Atau, (dapatkah) mereka memberi manfaat atau mudarat kepadamu?”",
      "footnotes": null
    },
    {
      "ayah": 74,
      "quarter_hizb": 37.75,
      "juz": 19,
      "manzil": 5,
      "arabic": "قَالُوْا بَلْ وَجَدْنَآ اٰبَاۤءَنَا كَذٰلِكَ يَفْعَلُوْنَ  ",
      "latin": "Qālū bal wajadnā ābā'anā każālika yaf‘alūn(a).",
      "translation": "Mereka menjawab, “Tidak, tetapi kami mendapati nenek moyang kami berbuat begitu.”",
      "footnotes": null
    },
    {
      "ayah": 75,
      "quarter_hizb": 37.75,
      "juz": 19,
      "manzil": 5,
      "arabic": "قَالَ اَفَرَءَيْتُمْ مَّا كُنْتُمْ تَعْبُدُوْنَ ۙ ",
      "latin": "Qāla afa ra'aitum mā kuntum ta‘budūn(a).",
      "translation": "Dia (Ibrahim) berkata, “Apakah kamu memperhatikan apa yang selalu kamu sembah?",
      "footnotes": null
    },
    {
      "ayah": 76,
      "quarter_hizb": 37.75,
      "juz": 19,
      "manzil": 5,
      "arabic": "اَنْتُمْ وَاٰبَاۤؤُكُمُ الْاَقْدَمُوْنَ ۙ  ",
      "latin": "Antum wa ābā'ukumul-aqdamūn(a).",
      "translation": "Kamu dan nenek moyangmu terdahulu?",
      "footnotes": null
    },
    {
      "ayah": 77,
      "quarter_hizb": 37.75,
      "juz": 19,
      "manzil": 5,
      "arabic": "فَاِنَّهُمْ عَدُوٌّ لِّيْٓ اِلَّا رَبَّ الْعٰلَمِيْنَ ۙ ",
      "latin": "Fa innahum ‘aduwwul lī illā rabbal-‘ālamīn(a).",
      "translation": "Sesungguhnya mereka itu adalah musuhku, lain halnya Tuhan pemelihara semesta alam.",
      "footnotes": null
    },
    {
      "ayah": 78,
      "quarter_hizb": 37.75,
      "juz": 19,
      "manzil": 5,
      "arabic": "الَّذِيْ خَلَقَنِيْ فَهُوَ يَهْدِيْنِ ۙ ",
      "latin": "Allażī khalaqanī fa huwa yahdīn(i).",
      "translation": "(Allah) yang telah menciptakanku. Maka, Dia (pula) yang memberi petunjuk kepadaku.",
      "footnotes": null
    },
    {
      "ayah": 79,
      "quarter_hizb": 37.75,
      "juz": 19,
      "manzil": 5,
      "arabic": "وَالَّذِيْ هُوَ يُطْعِمُنِيْ وَيَسْقِيْنِ ۙ ",
      "latin": "Wal-lażī huwa yuṭ‘imunī wa yasqīn(i).",
      "translation": "Dia (pula) yang memberiku makan dan minum.",
      "footnotes": null
    },
    {
      "ayah": 80,
      "quarter_hizb": 37.75,
      "juz": 19,
      "manzil": 5,
      "arabic": "وَاِذَا مَرِضْتُ فَهُوَ يَشْفِيْنِ ۙ  ",
      "latin": "Wa iżā mariḍtu fa huwa yasyfīn(i).",
      "translation": "Apabila aku sakit, Dialah yang menyembuhkanku.",
      "footnotes": null
    },
    {
      "ayah": 81,
      "quarter_hizb": 37.75,
      "juz": 19,
      "manzil": 5,
      "arabic": "وَالَّذِيْ يُمِيْتُنِيْ ثُمَّ يُحْيِيْنِ ۙ ",
      "latin": "Wal-lażī yumītunī ṡumma yuḥyīn(i).",
      "translation": "(Dia) yang akan mematikanku, kemudian menghidupkanku (kembali).",
      "footnotes": null
    },
    {
      "ayah": 82,
      "quarter_hizb": 37.75,
      "juz": 19,
      "manzil": 5,
      "arabic": "وَالَّذِيْٓ اَطْمَعُ اَنْ يَّغْفِرَ لِيْ خَطِيْۤـَٔتِيْ يَوْمَ الدِّيْنِ ۗ",
      "latin": "Wal-lażī aṭma‘u ay yagfira lī khaṭī'atī yaumad-dīn(i).",
      "translation": "(Dia) yang sangat kuinginkan untuk mengampuni kesalahanku pada hari Pembalasan.”",
      "footnotes": null
    },
    {
      "ayah": 83,
      "quarter_hizb": 37.75,
      "juz": 19,
      "manzil": 5,
      "arabic": "رَبِّ هَبْ لِيْ حُكْمًا وَّاَلْحِقْنِيْ بِالصّٰلِحِيْنَ ۙ",
      "latin": "Rabbi hab lī ḥukmaw wa alḥiqnī biṣ-ṣāliḥīn(a).",
      "translation": "(Ibrahim berdoa,) “Wahai Tuhanku, berikanlah kepadaku hukum (ilmu dan hikmah) dan pertemukanlah aku dengan orang-orang saleh.",
      "footnotes": null
    },
    {
      "ayah": 84,
      "quarter_hizb": 37.75,
      "juz": 19,
      "manzil": 5,
      "arabic": "وَاجْعَلْ لِّيْ لِسَانَ صِدْقٍ فِى الْاٰخِرِيْنَ ۙ ",
      "latin": "Waj‘al lī lisāna ṣidqin fil-ākhirīn(a).",
      "translation": "Jadikanlah aku sebagai buah tutur yang baik di kalangan orang-orang (yang datang) kemudian.",
      "footnotes": null
    },
    {
      "ayah": 85,
      "quarter_hizb": 37.75,
      "juz": 19,
      "manzil": 5,
      "arabic": "وَاجْعَلْنِيْ مِنْ وَّرَثَةِ جَنَّةِ النَّعِيْمِ ۙ",
      "latin": "Waj‘alnī miw waraṡati janatin na‘īm(i).",
      "translation": "Jadikanlah aku termasuk orang yang mewarisi surga yang penuh kenikmatan.",
      "footnotes": null
    },
    {
      "ayah": 86,
      "quarter_hizb": 37.75,
      "juz": 19,
      "manzil": 5,
      "arabic": "وَاغْفِرْ لِاَبِيْٓ اِنَّهٗ كَانَ مِنَ الضَّاۤلِّيْنَ ۙ ",
      "latin": "Wagfir li'abī  innahū kāna minaḍ-ḍāllīn(a).",
      "translation": "Ampunilah ayahku! Sesungguhnya dia termasuk orang-orang sesat.",
      "footnotes": null
    },
    {
      "ayah": 87,
      "quarter_hizb": 37.75,
      "juz": 19,
      "manzil": 5,
      "arabic": "وَلَا تُخْزِنِيْ يَوْمَ يُبْعَثُوْنَۙ",
      "latin": "Wa lā tukhzinī yauma yub‘aṡūn(a).",
      "translation": "Janganlah Engkau hinakan aku pada hari mereka dibangkitkan.",
      "footnotes": null
    },
    {
      "ayah": 88,
      "quarter_hizb": 37.75,
      "juz": 19,
      "manzil": 5,
      "arabic": "يَوْمَ لَا يَنْفَعُ مَالٌ وَّلَا بَنُوْنَ ۙ  ",
      "latin": "Yauma lā yanfa‘u māluw wa lā banūn(a).",
      "translation": "(Yaitu) pada hari ketika tidak berguna (lagi) harta dan anak-anak.",
      "footnotes": null
    },
    {
      "ayah": 89,
      "quarter_hizb": 37.75,
      "juz": 19,
      "manzil": 5,
      "arabic": "اِلَّا مَنْ اَتَى اللّٰهَ بِقَلْبٍ سَلِيْمٍ ۗ ",
      "latin": "Illā man atallāha biqalbin salīm(in).",
      "translation": "Kecuali, orang yang menghadap Allah dengan hati yang bersih.”",
      "footnotes": null
    },
    {
      "ayah": 90,
      "quarter_hizb": 37.75,
      "juz": 19,
      "manzil": 5,
      "arabic": "وَاُزْلِفَتِ الْجَنَّةُ لِلْمُتَّقِيْنَ ۙ ",
      "latin": "Wa uzlifatil-jannatu lil-muttaqīn(a).",
      "translation": "Surga didekatkan kepada orang-orang yang bertakwa.",
      "footnotes": null
    },
    {
      "ayah": 91,
      "quarter_hizb": 37.75,
      "juz": 19,
      "manzil": 5,
      "arabic": "وَبُرِّزَتِ الْجَحِيْمُ لِلْغَاوِيْنَ ۙ ",
      "latin": "Wa burrizatil-jaḥīmu lil-gāwīn(a).",
      "translation": "(Neraka) Jahim diperlihatkan dengan jelas kepada orang-orang yang sesat.",
      "footnotes": null
    },
    {
      "ayah": 92,
      "quarter_hizb": 37.75,
      "juz": 19,
      "manzil": 5,
      "arabic": "وَقِيْلَ لَهُمْ اَيْنَ مَا كُنْتُمْ تَعْبُدُوْنَ ۙ ",
      "latin": "Wa qīla lahum ainamā kuntum ta‘budūn(a).",
      "translation": "Dikatakan kepada mereka, “Di mana berhala-berhala yang selalu kamu sembah",
      "footnotes": null
    },
    {
      "ayah": 93,
      "quarter_hizb": 37.75,
      "juz": 19,
      "manzil": 5,
      "arabic": "مِنْ دُوْنِ اللّٰهِ ۗهَلْ يَنْصُرُوْنَكُمْ اَوْ يَنْتَصِرُوْنَ ۗ  ",
      "latin": "Min dūnillāh(i), hal  yanṣurūnakum au yantaṣirūn(a).",
      "translation": "selain Allah? Dapatkah mereka menolongmu atau menolong dirinya sendiri?”",
      "footnotes": null
    },
    {
      "ayah": 94,
      "quarter_hizb": 37.75,
      "juz": 19,
      "manzil": 5,
      "arabic": "فَكُبْكِبُوْا فِيْهَا هُمْ وَالْغَاوٗنَ ۙ ",
      "latin": "Fa kubkibū fīhā hum wal-gāwūn(a).",
      "translation": "Mereka (sesembahan itu) dijungkirbalikkan di dalamnya (neraka) bersama orang-orang yang sesat.",
      "footnotes": null
    },
    {
      "ayah": 95,
      "quarter_hizb": 37.75,
      "juz": 19,
      "manzil": 5,
      "arabic": "وَجُنُوْدُ اِبْلِيْسَ اَجْمَعُوْنَ ۗ  ",
      "latin": "Wa junūdu iblīsa ajma‘ūn(a).",
      "translation": "(Begitu pula) bala tentara Iblis (dan) semuanya (dijungkirbalikkan).",
      "footnotes": null
    },
    {
      "ayah": 96,
      "quarter_hizb": 37.75,
      "juz": 19,
      "manzil": 5,
      "arabic": "قَالُوْا وَهُمْ فِيْهَا يَخْتَصِمُوْنَ  ",
      "latin": "Qālū wa hum fīhā yakhtaṣimūn(a).",
      "translation": "Mereka (orang-orang sesat) berkata sambil bertengkar di dalamnya (neraka),",
      "footnotes": null
    },
    {
      "ayah": 97,
      "quarter_hizb": 37.75,
      "juz": 19,
      "manzil": 5,
      "arabic": "تَاللّٰهِ اِنْ كُنَّا لَفِيْ ضَلٰلٍ مُّبِيْنٍ ۙ ",
      "latin": "Tallāhi in kunnā lafī ḍalālim mubīn(in).",
      "translation": "“Demi Allah, sesungguhnya kami dahulu (di dunia) benar-benar dalam kesesatan yang nyata.",
      "footnotes": null
    },
    {
      "ayah": 98,
      "quarter_hizb": 37.75,
      "juz": 19,
      "manzil": 5,
      "arabic": "اِذْ نُسَوِّيْكُمْ بِرَبِّ الْعٰلَمِيْنَ ",
      "latin": "Iż nusawwīkum birabbil-‘ālamīn(a).",
      "translation": "(Yaitu) ketika kami mempersamakan kamu (berhala-berhala) dengan Tuhan semesta alam.",
      "footnotes": null
    },
    {
      "ayah": 99,
      "quarter_hizb": 37.75,
      "juz": 19,
      "manzil": 5,
      "arabic": "وَمَآ اَضَلَّنَآ اِلَّا الْمُجْرِمُوْنَ ",
      "latin": "Wa mā aḍallanā illal-mujrimūn(a).",
      "translation": "Tidak ada yang menyesatkan kami, kecuali para pendosa.",
      "footnotes": null
    },
    {
      "ayah": 100,
      "quarter_hizb": 37.75,
      "juz": 19,
      "manzil": 5,
      "arabic": "فَمَا لَنَا مِنْ شٰفِعِيْنَ ۙ ",
      "latin": "Famā lanā min syāfi‘īn(a).",
      "translation": "Tidak ada pemberi syafaat (penolong) untuk kami.",
      "footnotes": null
    },
    {
      "ayah": 101,
      "quarter_hizb": 37.75,
      "juz": 19,
      "manzil": 5,
      "arabic": "وَلَا صَدِيْقٍ حَمِيْمٍ  ",
      "latin": "Wa lā ṣadīqin ḥamīm(in).",
      "translation": "Tidak pula ada teman akrab.",
      "footnotes": null
    },
    {
      "ayah": 102,
      "quarter_hizb": 37.75,
      "juz": 19,
      "manzil": 5,
      "arabic": "فَلَوْ اَنَّ لَنَا كَرَّةً فَنَكُوْنَ مِنَ الْمُؤْمِنِيْنَ  ",
      "latin": "Falau anna lanā karratan fa nakūna minal-mu'minīn(a).",
      "translation": "Seandainya dapat kembali (ke dunia), niscaya kami menjadi orang-orang yang beriman.”",
      "footnotes": null
    },
    {
      "ayah": 103,
      "quarter_hizb": 37.75,
      "juz": 19,
      "manzil": 5,
      "arabic": "اِنَّ فِيْ ذٰلِكَ لَاٰيَةً ۗوَمَا كَانَ اَكْثَرُهُمْ مُّؤْمِنِيْنَ  ",
      "latin": "Inna fī żālika la'āyah(tan), wa mā kāna akṡaruhum mu'minīn(a).",
      "translation": "Sesungguhnya pada yang demikian itu benar-benar terdapat tanda (kekuasaan Allah), tetapi kebanyakan mereka tidak beriman.",
      "footnotes": null
    },
    {
      "ayah": 104,
      "quarter_hizb": 37.75,
      "juz": 19,
      "manzil": 5,
      "arabic": "وَاِنَّ رَبَّكَ لَهُوَ الْعَزِيْزُ الرَّحِيْمُ ࣖ ",
      "latin": "Wa inna rabbaka lahuwal-‘azīzur-raḥīm(u).",
      "translation": "Sesungguhnya Tuhanmu, Dialah yang benar-benar Maha Perkasa lagi Maha Penyayang.",
      "footnotes": null
    },
    {
      "ayah": 105,
      "quarter_hizb": 37.75,
      "juz": 19,
      "manzil": 5,
      "arabic": "كَذَّبَتْ قَوْمُ نُوْحِ ِۨالْمُرْسَلِيْنَ ۚ ",
      "latin": "Każżabat  qaumu nūḥinil-mursalīn(a).",
      "translation": "Kaum Nuh telah mendustakan para rasul.",
      "footnotes": null
    },
    {
      "ayah": 106,
      "quarter_hizb": 37.75,
      "juz": 19,
      "manzil": 5,
      "arabic": "اِذْ قَالَ لَهُمْ اَخُوْهُمْ نُوْحٌ اَلَا تَتَّقُوْنَ ۚ ",
      "latin": "Iż qāla lahum akhūhum nūḥun alā tattaqūn(a).",
      "translation": "Ketika saudara mereka, Nuh, berkata kepada mereka, “Mengapa kamu tidak bertakwa?",
      "footnotes": null
    },
    {
      "ayah": 107,
      "quarter_hizb": 37.75,
      "juz": 19,
      "manzil": 5,
      "arabic": "اِنِّيْ لَكُمْ رَسُوْلٌ اَمِيْنٌ ۙ  ",
      "latin": "Innī lakum rasūlun amīn(un).",
      "translation": "Sesungguhnya aku adalah seorang rasul tepercaya (yang diutus) kepadamu.",
      "footnotes": null
    },
    {
      "ayah": 108,
      "quarter_hizb": 37.75,
      "juz": 19,
      "manzil": 5,
      "arabic": "فَاتَّقُوا اللّٰهَ وَاَطِيْعُوْنِۚ  ",
      "latin": "Fattaqullāha wa aṭī‘ūn(i).",
      "translation": "Maka, bertakwalah kepada Allah dan taatlah kepadaku.",
      "footnotes": null
    },
    {
      "ayah": 109,
      "quarter_hizb": 37.75,
      "juz": 19,
      "manzil": 5,
      "arabic": "وَمَآ اَسْـَٔلُكُمْ عَلَيْهِ مِنْ اَجْرٍۚ اِنْ اَجْرِيَ اِلَّا عَلٰى رَبِّ الْعٰلَمِيْنَ ۚ ",
      "latin": "Wa mā as'alukum ‘alaihi min ajr(in), in ajriya illā ‘alā rabbil-‘ālamīn(a).",
      "translation": "Aku tidak meminta imbalan kepadamu atas (ajakan) itu. Imbalanku tidak lain, kecuali dari Tuhan semesta alam.",
      "footnotes": null
    },
    {
      "ayah": 110,
      "quarter_hizb": 37.75,
      "juz": 19,
      "manzil": 5,
      "arabic": "فَاتَّقُوا اللّٰهَ وَاَطِيْعُوْنِ  ",
      "latin": "Fattaqullāha wa aṭī‘ūn(i).",
      "translation": "Maka, bertakwalah kepada Allah dan taatlah kepadaku.”",
      "footnotes": null
    },
    {
      "ayah": 111,
      "quarter_hizb": 38,
      "juz": 19,
      "manzil": 5,
      "arabic": "۞ قَالُوْٓا اَنُؤْمِنُ لَكَ وَاتَّبَعَكَ الْاَرْذَلُوْنَ ۗ ",
      "latin": "Qālū anu'minu laka wattaba‘akal-arżalūn(a). ",
      "translation": "Mereka berkata, “Apakah kami harus beriman kepadamu, padahal yang mengikutimu adalah orang-orang hina?”",
      "footnotes": null
    },
    {
      "ayah": 112,
      "quarter_hizb": 38,
      "juz": 19,
      "manzil": 5,
      "arabic": "قَالَ وَمَا عِلْمِيْ بِمَا كَانُوْا يَعْمَلُوْنَ ۚ  ",
      "latin": "Qāla wa mā ‘ilmī bimā kānū ya‘malūn(a).",
      "translation": "Dia (Nuh) menjawab, “Apa pengetahuanku tentang apa yang biasa mereka kerjakan?",
      "footnotes": null
    },
    {
      "ayah": 113,
      "quarter_hizb": 38,
      "juz": 19,
      "manzil": 5,
      "arabic": "اِنْ حِسَابُهُمْ اِلَّا عَلٰى رَبِّيْ لَوْ تَشْعُرُوْنَ ۚ  ",
      "latin": "In ḥisābuhum illā ‘alā rabbī lau tasy‘urūn(a).",
      "translation": "Perhitungan (amal) mereka tidak lain, kecuali ada pada Tuhanku jika kamu menyadari.",
      "footnotes": null
    },
    {
      "ayah": 114,
      "quarter_hizb": 38,
      "juz": 19,
      "manzil": 5,
      "arabic": "وَمَآ اَنَا۠ بِطَارِدِ الْمُؤْمِنِيْنَ ۚ ",
      "latin": "Wa mā ana biṭāridil-mu'minīn(a).",
      "translation": "Aku tidak akan mengusir orang-orang yang beriman.",
      "footnotes": null
    },
    {
      "ayah": 115,
      "quarter_hizb": 38,
      "juz": 19,
      "manzil": 5,
      "arabic": "اِنْ اَنَا۠ اِلَّا نَذِيْرٌ مُّبِيْنٌ ۗ ",
      "latin": "In ana illā nażīrum mubīn(un).",
      "translation": "Aku tidak lain, kecuali pemberi peringatan yang jelas.”",
      "footnotes": null
    },
    {
      "ayah": 116,
      "quarter_hizb": 38,
      "juz": 19,
      "manzil": 5,
      "arabic": "قَالُوْا لَىِٕنْ لَّمْ تَنْتَهِ يٰنُوْحُ لَتَكُوْنَنَّ مِنَ الْمَرْجُوْمِيْنَۗ  ",
      "latin": "Qālū la'illam tantahi yā nūḥu latakūnanna minal-marjūmīn(a).",
      "translation": "Mereka berkata, “Wahai Nuh, jika tidak berhenti (dalam berdakwah), niscaya engkau akan termasuk orang-orang yang dirajam.”",
      "footnotes": null
    },
    {
      "ayah": 117,
      "quarter_hizb": 38,
      "juz": 19,
      "manzil": 5,
      "arabic": "قَالَ رَبِّ اِنَّ قَوْمِيْ كَذَّبُوْنِۖ ",
      "latin": "Qāla rabbi inna qaumī każżabūn(i).",
      "translation": "Dia (Nuh) berkata, “Wahai Tuhanku, sesungguhnya kaumku telah mendustakanku.",
      "footnotes": null
    },
    {
      "ayah": 118,
      "quarter_hizb": 38,
      "juz": 19,
      "manzil": 5,
      "arabic": "فَافْتَحْ بَيْنِيْ وَبَيْنَهُمْ فَتْحًا وَّنَجِّنِيْ وَمَنْ مَّعِيَ مِنَ الْمُؤْمِنِيْنَ  ",
      "latin": "Faftaḥ bainī wa bainahum fatḥaw wa najjinī wa mam ma‘iya minal-mu'minīn(a).",
      "translation": "Maka, berilah keputusan antara aku dan mereka serta selamatkanlah aku dan orang-orang mukmin bersamaku.”",
      "footnotes": null
    },
    {
      "ayah": 119,
      "quarter_hizb": 38,
      "juz": 19,
      "manzil": 5,
      "arabic": "فَاَنْجَيْنٰهُ وَمَنْ مَّعَهٗ فِى الْفُلْكِ الْمَشْحُوْنِ  ",
      "latin": "Fa anjaināhu wa mam ma‘ahū fil-fulkil-masyḥūn(i).",
      "translation": "Kami selamatkan dia (Nuh) dan orang-orang yang bersamanya di dalam kapal yang penuh muatan.",
      "footnotes": null
    },
    {
      "ayah": 120,
      "quarter_hizb": 38,
      "juz": 19,
      "manzil": 5,
      "arabic": "ثُمَّ اَغْرَقْنَا بَعْدُ الْبَاقِيْنَ  ",
      "latin": "Ṡumma agraqnā ba‘dul-bāqīn(a).",
      "translation": "Kemudian, Kami tenggelamkan orang-orang yang tersisa (tidak beriman) setelah itu.",
      "footnotes": null
    },
    {
      "ayah": 121,
      "quarter_hizb": 38,
      "juz": 19,
      "manzil": 5,
      "arabic": "اِنَّ فِيْ ذٰلِكَ لَاٰيَةً ۗوَمَا كَانَ اَكْثَرُهُمْ مُّؤْمِنِيْنَ  ",
      "latin": "Inna fī żālika la'āyah(tan), wa mā kāna akṡaruhum mu'minīn(a).",
      "translation": "Sesungguhnya pada yang demikian itu benar-benar terdapat tanda (kekuasaan Allah), tetapi kebanyakan mereka tidak beriman.",
      "footnotes": null
    },
    {
      "ayah": 122,
      "quarter_hizb": 38,
      "juz": 19,
      "manzil": 5,
      "arabic": "وَاِنَّ رَبَّكَ لَهُوَ الْعَزِيْزُ الرَّحِيْمُ ࣖ ",
      "latin": "Wa inna rabbaka lahuwal-‘azīzur-raḥīm(u).",
      "translation": "Sesungguhnya Tuhanmu, Dialah yang benar-benar Maha Perkasa lagi Maha Penyayang.",
      "footnotes": null
    },
    {
      "ayah": 123,
      "quarter_hizb": 38,
      "juz": 19,
      "manzil": 5,
      "arabic": "كَذَّبَتْ عَادُ ِۨالْمُرْسَلِيْنَ ۖ ",
      "latin": "Każżabat ‘ādunil-mursalīn(a).",
      "translation": "(Kaum) ‘Ad telah mendustakan para rasul.",
      "footnotes": null
    },
    {
      "ayah": 124,
      "quarter_hizb": 38,
      "juz": 19,
      "manzil": 5,
      "arabic": "اِذْ قَالَ لَهُمْ اَخُوْهُمْ هُوْدٌ اَلَا تَتَّقُوْنَ ۚ ",
      "latin": "Iż qāla lahum akhūhum hūdun alā tattaqūn(a).",
      "translation": "Ketika saudara mereka, Hud, berkata kepada mereka, “Mengapa kamu tidak bertakwa?",
      "footnotes": null
    },
    {
      "ayah": 125,
      "quarter_hizb": 38,
      "juz": 19,
      "manzil": 5,
      "arabic": "اِنِّيْ لَكُمْ رَسُوْلٌ اَمِيْنٌ ۙ ",
      "latin": "Innī lakum rasūlun amīn(un).",
      "translation": "Sesungguhnya aku adalah seorang rasul tepercaya (yang diutus) kepadamu.",
      "footnotes": null
    },
    {
      "ayah": 126,
      "quarter_hizb": 38,
      "juz": 19,
      "manzil": 5,
      "arabic": "فَاتَّقُوا اللّٰهَ وَاَطِيْعُوْنِ ۚ ",
      "latin": "Fattaqullāha wa aṭī‘ūn(i). ",
      "translation": "Maka, bertakwalah kepada Allah dan taatlah kepadaku.",
      "footnotes": null
    },
    {
      "ayah": 127,
      "quarter_hizb": 38,
      "juz": 19,
      "manzil": 5,
      "arabic": "وَمَآ اَسْـَٔلُكُمْ عَلَيْهِ مِنْ اَجْرٍۚ اِنْ اَجْرِيَ اِلَّا عَلٰى رَبِّ الْعٰلَمِيْنَ ۗ ",
      "latin": "Wa mā as'alukum ‘alaihi min ajr(in), in ajriya illā ‘alā rabbil-‘ālamīn(a).",
      "translation": "Aku tidak meminta imbalan kepadamu atas (ajakan) itu. Imbalanku tidak lain, kecuali dari Tuhan semesta alam.",
      "footnotes": null
    },
    {
      "ayah": 128,
      "quarter_hizb": 38,
      "juz": 19,
      "manzil": 5,
      "arabic": "اَتَبْنُوْنَ بِكُلِّ رِيْعٍ اٰيَةً تَعْبَثُوْنَ ۙ ",
      "latin": "Atabnūna bikulli rī‘in āyatan ta‘baṡūn(a).",
      "translation": "Apakah kamu mendirikan istana di setiap tanah yang tinggi untuk kemegahan tanpa ditempati? ",
      "footnotes": null
    },
    {
      "ayah": 129,
      "quarter_hizb": 38,
      "juz": 19,
      "manzil": 5,
      "arabic": "وَتَتَّخِذُوْنَ مَصَانِعَ لَعَلَّكُمْ تَخْلُدُوْنَۚ  ",
      "latin": "Wa tattakhiżūna maṣāni‘a la‘allakum takhludūn(a).",
      "translation": "Kamu (juga) membuat benteng-benteng dengan harapan hidup kekal?",
      "footnotes": null
    },
    {
      "ayah": 130,
      "quarter_hizb": 38,
      "juz": 19,
      "manzil": 5,
      "arabic": "وَاِذَا بَطَشْتُمْ بَطَشْتُمْ جَبَّارِيْنَۚ  ",
      "latin": "Wa iżā baṭasytum baṭasytum jabbārīn(a).",
      "translation": "Apabila menyiksa, kamu lakukan secara kejam dan bengis.",
      "footnotes": null
    },
    {
      "ayah": 131,
      "quarter_hizb": 38,
      "juz": 19,
      "manzil": 5,
      "arabic": "فَاتَّقُوا اللّٰهَ وَاَطِيْعُوْنِۚ  ",
      "latin": "Fattaqullāha wa aṭī‘ūn(i).",
      "translation": "Maka, bertakwalah kepada Allah dan taatlah kepadaku.",
      "footnotes": null
    },
    {
      "ayah": 132,
      "quarter_hizb": 38,
      "juz": 19,
      "manzil": 5,
      "arabic": "وَاتَّقُوا الَّذِيْٓ اَمَدَّكُمْ بِمَا تَعْلَمُوْنَ  ۚ",
      "latin": "Wattaqul-lażī amaddakum bimā ta‘lamūn(a).",
      "translation": "Bertakwalah kepada (Allah) yang telah menganugerahkan kepadamu apa yang kamu ketahui.",
      "footnotes": null
    },
    {
      "ayah": 133,
      "quarter_hizb": 38,
      "juz": 19,
      "manzil": 5,
      "arabic": "اَمَدَّكُمْ بِاَنْعَامٍ وَّبَنِيْنَۙ  ",
      "latin": "Amaddakum bi'an‘āmiw wa banīn(a).",
      "translation": "Dia (Allah) telah menganugerahkan hewan ternak dan anak-anak kepadamu.",
      "footnotes": null
    },
    {
      "ayah": 134,
      "quarter_hizb": 38,
      "juz": 19,
      "manzil": 5,
      "arabic": "وَجَنّٰتٍ وَّعُيُوْنٍۚ  ",
      "latin": "Wa jannātiw wa ‘uyūn(in).",
      "translation": "(Dia juga menganugerahkan) kebun-kebun dan mata air.",
      "footnotes": null
    },
    {
      "ayah": 135,
      "quarter_hizb": 38,
      "juz": 19,
      "manzil": 5,
      "arabic": "اِنِّيْٓ اَخَافُ عَلَيْكُمْ عَذَابَ يَوْمٍ عَظِيْمٍ ۗ ",
      "latin": "Innī akhāfu ‘alaikum ‘ażāba yaumin ‘aẓīm(in).",
      "translation": "Sesungguhnya aku takut bahwa kamu akan ditimpa azab pada hari yang dahsyat.”",
      "footnotes": null
    },
    {
      "ayah": 136,
      "quarter_hizb": 38,
      "juz": 19,
      "manzil": 5,
      "arabic": "قَالُوْا سَوَاۤءٌ عَلَيْنَآ اَوَعَظْتَ اَمْ لَمْ تَكُنْ مِّنَ الْوٰعِظِيْنَ ۙ ",
      "latin": "Qālū sawā'un ‘alainā awa‘aẓta am lam takum minal-wā‘iẓīn(a).",
      "translation": "Mereka menjawab, “Sama saja bagi kami, apakah engkau memberi nasihat atau tidak memberi nasihat.",
      "footnotes": null
    },
    {
      "ayah": 137,
      "quarter_hizb": 38,
      "juz": 19,
      "manzil": 5,
      "arabic": "اِنْ هٰذَآ اِلَّا خُلُقُ الْاَوَّلِيْنَ ۙ ",
      "latin": "In hāżā illā khuluqul-awwalīn(a).",
      "translation": "(Agama kami) ini tidak lain adalah agama orang-orang terdahulu.",
      "footnotes": null
    },
    {
      "ayah": 138,
      "quarter_hizb": 38,
      "juz": 19,
      "manzil": 5,
      "arabic": "وَمَا نَحْنُ بِمُعَذَّبِيْنَ ۚ ",
      "latin": "Wa mā naḥnu bimu‘ażżabīn(a).",
      "translation": "Kami (sama sekali) tidak akan diazab.”",
      "footnotes": null
    },
    {
      "ayah": 139,
      "quarter_hizb": 38,
      "juz": 19,
      "manzil": 5,
      "arabic": "فَكَذَّبُوْهُ فَاَهْلَكْنٰهُمْۗ اِنَّ فِيْ ذٰلِكَ لَاٰيَةً ۗوَمَا كَانَ اَكْثَرُهُمْ مُّؤْمِنِيْنَ  ",
      "latin": "Fa każżabūhu fa ahlaknāhum, inna fī żālika la'āyah(tan),  wa mā kāna akṡaruhum mu'minīn(a).",
      "translation": "Maka, mereka mendustakannya (Hud). Lalu, Kami membinasakan mereka. Sesungguhnya pada yang demikian itu benar-benar terdapat tanda (kekuasaan Allah), tetapi kebanyakan mereka tidak beriman.",
      "footnotes": null
    },
    {
      "ayah": 140,
      "quarter_hizb": 38,
      "juz": 19,
      "manzil": 5,
      "arabic": "وَاِنَّ رَبَّكَ لَهُوَ الْعَزِيْزُ الرَّحِيْمُ ࣖ",
      "latin": "Wa inna rabbaka lahuwal-‘azīzur-raḥīm(u).",
      "translation": "Sesungguhnya Tuhanmu, Dialah yang benar-benar Maha Perkasa lagi Maha Penyayang.",
      "footnotes": null
    },
    {
      "ayah": 141,
      "quarter_hizb": 38,
      "juz": 19,
      "manzil": 5,
      "arabic": "كَذَّبَتْ ثَمُوْدُ الْمُرْسَلِيْنَ  ۖ ",
      "latin": "Każżabat ṡamūdul-mursalīn(a).",
      "translation": "(Kaum) Samud telah mendustakan para rasul.",
      "footnotes": null
    },
    {
      "ayah": 142,
      "quarter_hizb": 38,
      "juz": 19,
      "manzil": 5,
      "arabic": "اِذْ قَالَ لَهُمْ اَخُوْهُمْ صٰلِحٌ اَلَا تَتَّقُوْنَ ۚ ",
      "latin": "Iż qāla lahum akhūhum ṣāliḥun alā tattaqūn(a).",
      "translation": "Ketika saudara mereka, Saleh, berkata kepada mereka, “Mengapa kamu tidak bertakwa?",
      "footnotes": null
    },
    {
      "ayah": 143,
      "quarter_hizb": 38,
      "juz": 19,
      "manzil": 5,
      "arabic": "اِنِّيْ لَكُمْ رَسُوْلٌ اَمِيْنٌ ۙ  ",
      "latin": "Innī lakum rasūlun amīn(un).",
      "translation": "Sesungguhnya aku adalah seorang rasul tepercaya (yang diutus) kepadamu.",
      "footnotes": null
    },
    {
      "ayah": 144,
      "quarter_hizb": 38,
      "juz": 19,
      "manzil": 5,
      "arabic": "فَاتَّقُوا اللّٰهَ وَاَطِيْعُوْنِ ۚ  ",
      "latin": "Fattaqullāha wa aṭī‘ūn(i).",
      "translation": "Maka, bertakwalah kepada Allah dan taatlah kepadaku.",
      "footnotes": null
    },
    {
      "ayah": 145,
      "quarter_hizb": 38,
      "juz": 19,
      "manzil": 5,
      "arabic": "وَمَآ اَسْـَٔلُكُمْ عَلَيْهِ مِنْ اَجْرٍۚ اِنْ اَجْرِيَ اِلَّا عَلٰى رَبِّ الْعٰلَمِيْنَ ۗ ",
      "latin": "Wa mā as'alukum ‘alaihi min ajr(in), in ajriya illā ‘alā rabbil-‘ālamīn(a).",
      "translation": "Aku tidak meminta imbalan kepadamu atas (ajakan) itu. Imbalanku tidak lain, kecuali dari Tuhan semesta alam.",
      "footnotes": null
    },
    {
      "ayah": 146,
      "quarter_hizb": 38,
      "juz": 19,
      "manzil": 5,
      "arabic": "اَتُتْرَكُوْنَ فِيْ مَا هٰهُنَآ اٰمِنِيْنَ ۙ ",
      "latin": "Atutrakūna fīmā hāhunā āminīn(a).",
      "translation": "Apakah kamu (mengira) akan dibiarkan tinggal di sini (negerimu) dengan aman?",
      "footnotes": null
    },
    {
      "ayah": 147,
      "quarter_hizb": 38,
      "juz": 19,
      "manzil": 5,
      "arabic": "فِيْ جَنّٰتٍ وَّعُيُوْنٍ ۙ ",
      "latin": "Fī jannātiw wa ‘uyūn(in).",
      "translation": "(Yaitu,) di dalam kebun-kebun dan mata air.",
      "footnotes": null
    },
    {
      "ayah": 148,
      "quarter_hizb": 38,
      "juz": 19,
      "manzil": 5,
      "arabic": "وَّزُرُوْعٍ وَّنَخْلٍ طَلْعُهَا هَضِيْمٌ ۚ ",
      "latin": "Wa zurū‘iw wa nakhlin ṭal‘uhā haḍīm(un).",
      "translation": "Dan, tanam-tanaman serta pohon kurma yang mayangnya lembut.",
      "footnotes": null
    },
    {
      "ayah": 149,
      "quarter_hizb": 38,
      "juz": 19,
      "manzil": 5,
      "arabic": "وَتَنْحِتُوْنَ مِنَ الْجِبَالِ بُيُوْتًا فٰرِهِيْنَ ",
      "latin": "Wa tanḥitūna minal-jibāli buyūtan fārihīn(a).",
      "translation": "Kamu pahat dengan terampil sebagian gunung-gunung untuk dijadikan rumah-rumah yang mewah.",
      "footnotes": null
    },
    {
      "ayah": 150,
      "quarter_hizb": 38,
      "juz": 19,
      "manzil": 5,
      "arabic": "فَاتَّقُوا اللّٰهَ وَاَطِيْعُوْنِ ۚ ",
      "latin": "Fattaqullāha wa aṭī‘ūn(i).",
      "translation": "Maka, bertakwalah kepada Allah dan taatlah kepadaku.",
      "footnotes": null
    },
    {
      "ayah": 151,
      "quarter_hizb": 38,
      "juz": 19,
      "manzil": 5,
      "arabic": "وَلَا تُطِيْعُوْٓا اَمْرَ الْمُسْرِفِيْنَ ۙ ",
      "latin": "Wa lā tuṭī‘ū amral-musrifīn(a).",
      "translation": "Janganlah mengikuti perintah orang-orang yang melampaui batas.",
      "footnotes": null
    },
    {
      "ayah": 152,
      "quarter_hizb": 38,
      "juz": 19,
      "manzil": 5,
      "arabic": "الَّذِيْنَ يُفْسِدُوْنَ فِى الْاَرْضِ وَلَا يُصْلِحُوْنَ  ",
      "latin": "Allażīna yufsidūna fil-arḍi wa lā yaṣliḥūn(a).",
      "translation": "(Mereka) yang berbuat kerusakan di bumi dan tidak melakukan perbaikan.”",
      "footnotes": null
    },
    {
      "ayah": 153,
      "quarter_hizb": 38,
      "juz": 19,
      "manzil": 5,
      "arabic": "قَالُوْٓا اِنَّمَآ اَنْتَ مِنَ الْمُسَحَّرِيْنَ ۙ ",
      "latin": "Qālū innamā anta minal-musaḥḥarīn(a).",
      "translation": "Mereka berkata, “Sesungguhnya engkau hanyalah termasuk orang-orang yang terkena sihir.",
      "footnotes": null
    },
    {
      "ayah": 154,
      "quarter_hizb": 38,
      "juz": 19,
      "manzil": 5,
      "arabic": "مَآ اَنْتَ اِلَّا بَشَرٌ مِّثْلُنَاۙ فَأْتِ بِاٰيَةٍ اِنْ كُنْتَ مِنَ الصّٰدِقِيْنَ  ",
      "latin": "Mā anta illā basyarum miṡlunā, fa'ti bi'āyatin in kunta minaṣ-ṣādiqīn(a).",
      "translation": "Engkau tidak lain hanyalah manusia seperti kami. Maka, datangkanlah tanda (mukjizat) jika engkau termasuk orang-orang yang benar.”",
      "footnotes": null
    },
    {
      "ayah": 155,
      "quarter_hizb": 38,
      "juz": 19,
      "manzil": 5,
      "arabic": "قَالَ هٰذِهٖ نَاقَةٌ لَّهَا شِرْبٌ وَّلَكُمْ شِرْبُ يَوْمٍ مَّعْلُوْمٍ ۚ ",
      "latin": "Qāla hāżihī nāqatul lahā syirbuw wa lakum syirbu yaumim ma‘lūm(in).",
      "translation": "Dia (Saleh) menjawab, “Ini seekor unta betina. Dia punya (giliran) minum dan kamu punya (giliran) minum (pula) pada hari yang ditentukan.",
      "footnotes": null
    },
    {
      "ayah": 156,
      "quarter_hizb": 38,
      "juz": 19,
      "manzil": 5,
      "arabic": "وَلَا تَمَسُّوْهَا بِسُوْۤءٍ فَيَأْخُذَكُمْ عَذَابُ يَوْمٍ عَظِيْمٍ  ",
      "latin": "Wa lā tamassūhā bisū'in fa ya'khużakum ‘ażābu yaumin ‘aẓīm(in).",
      "translation": "Janganlah menyentuhnya dengan suatu kejahatan. Nanti kamu akan ditimpa azab pada hari yang dahsyat.”",
      "footnotes": null
    },
    {
      "ayah": 157,
      "quarter_hizb": 38,
      "juz": 19,
      "manzil": 5,
      "arabic": "فَعَقَرُوْهَا فَاَصْبَحُوْا نٰدِمِيْنَ ۙ ",
      "latin": "Fa ‘aqarūhā fa aṣbaḥū nādimīn(a).",
      "translation": "Mereka membunuhnya, lalu mereka menjadi orang-orang yang menyesal.",
      "footnotes": null
    },
    {
      "ayah": 158,
      "quarter_hizb": 38,
      "juz": 19,
      "manzil": 5,
      "arabic": "فَاَخَذَهُمُ الْعَذَابُۗ اِنَّ فِيْ ذٰلِكَ لَاٰيَةً ۗوَمَا كَانَ اَكْثَرُهُمْ مُّؤْمِنِيْنَ  ",
      "latin": "Fa akhażahumul-‘ażāb(u), inna fī żālika la'āyah(tan), wa mā kāna akṡaruhum mu'minīn(a).",
      "translation": "Mereka ditimpa azab. Sesungguhnya pada yang demikian itu benar-benar terdapat tanda (kekuasaan Allah), tetapi kebanyakan mereka tidak beriman.",
      "footnotes": null
    },
    {
      "ayah": 159,
      "quarter_hizb": 38,
      "juz": 19,
      "manzil": 5,
      "arabic": "وَاِنَّ رَبَّكَ لَهُوَ الْعَزِيْزُ الرَّحِيْمُ ࣖ ",
      "latin": "Wa inna rabbaka lahuwal-‘azīzur-raḥīm(u).",
      "translation": "Sesungguhnya Tuhanmu, Dialah yang benar-benar Maha Perkasa lagi Maha Penyayang.",
      "footnotes": null
    },
    {
      "ayah": 160,
      "quarter_hizb": 38,
      "juz": 19,
      "manzil": 5,
      "arabic": "كَذَّبَتْ قَوْمُ لُوْطِ ِۨالْمُرْسَلِيْنَ ۖ ",
      "latin": "Każżabat qaumu lūṭinil-mursalīn(a).",
      "translation": "Kaum Lut telah mendustakan para rasul.",
      "footnotes": null
    },
    {
      "ayah": 161,
      "quarter_hizb": 38,
      "juz": 19,
      "manzil": 5,
      "arabic": "اِذْ قَالَ لَهُمْ اَخُوْهُمْ لُوْطٌ اَلَا تَتَّقُوْنَ ۚ  ",
      "latin": "Iż qāla lahum akhūhum lūṭun alā tattaqūn(a).",
      "translation": "Ketika saudara mereka, Lut, berkata kepada mereka, “Mengapa kamu tidak bertakwa?”",
      "footnotes": null
    },
    {
      "ayah": 162,
      "quarter_hizb": 38,
      "juz": 19,
      "manzil": 5,
      "arabic": "اِنِّيْ لَكُمْ رَسُوْلٌ اَمِيْنٌ ۙ ",
      "latin": "Innī lakum rasūlun amīn(un).",
      "translation": "Sesungguhnya aku adalah seorang rasul tepercaya (yang diutus) kepadamu.",
      "footnotes": null
    },
    {
      "ayah": 163,
      "quarter_hizb": 38,
      "juz": 19,
      "manzil": 5,
      "arabic": "فَاتَّقُوا اللّٰهَ وَاَطِيْعُوْنِ ۚ ",
      "latin": "Fattaqullāha wa aṭī‘ūn(i).",
      "translation": "Maka, bertakwalah kepada Allah dan taatlah kepadaku.",
      "footnotes": null
    },
    {
      "ayah": 164,
      "quarter_hizb": 38,
      "juz": 19,
      "manzil": 5,
      "arabic": "وَمَآ اَسْـَٔلُكُمْ عَلَيْهِ مِنْ اَجْرٍ اِنْ اَجْرِيَ اِلَّا عَلٰى رَبِّ الْعٰلَمِيْنَ ۗ ",
      "latin": "Wa mā as'alukum ‘alaihi min ajrin in ajriya illā ‘alā rabbil-‘ālamīn(a).",
      "translation": "Aku tidak meminta imbalan kepadamu atas (ajakan) itu. Imbalanku tidak lain hanyalah dari Tuhan semesta alam.",
      "footnotes": null
    },
    {
      "ayah": 165,
      "quarter_hizb": 38,
      "juz": 19,
      "manzil": 5,
      "arabic": "اَتَأْتُوْنَ الذُّكْرَانَ مِنَ الْعٰلَمِيْنَ ۙ ",
      "latin": "Ata'tūnaż-żukrāna minal-‘ālamīn(a).",
      "translation": "Mengapa kamu mendatangi jenis laki-laki di antara manusia (berbuat homoseks)?",
      "footnotes": null
    },
    {
      "ayah": 166,
      "quarter_hizb": 38,
      "juz": 19,
      "manzil": 5,
      "arabic": "وَتَذَرُوْنَ مَا خَلَقَ لَكُمْ رَبُّكُمْ مِّنْ اَزْوَاجِكُمْۗ بَلْ اَنْتُمْ قَوْمٌ عَادُوْنَ",
      "latin": "Wa tażarūna mā khalaqa lakum rabbukum min azwājikum, bal antum qamun ‘ādūn(a).",
      "translation": "Sementara itu, kamu tinggalkan (perempuan) yang diciptakan Tuhan untuk menjadi istri-istrimu? Kamu (memang) kaum yang melampaui batas.”",
      "footnotes": null
    },
    {
      "ayah": 167,
      "quarter_hizb": 38,
      "juz": 19,
      "manzil": 5,
      "arabic": "قَالُوْا لَىِٕنْ لَّمْ تَنْتَهِ يٰلُوْطُ لَتَكُوْنَنَّ مِنَ الْمُخْرَجِيْنَ  ",
      "latin": "Qālū la'illam tantahi yā lūṭu latakūnanna minal-mukhrajīn(a).",
      "translation": "Mereka menjawab, “Wahai Lut, jika tidak berhenti (melarang kami), niscaya engkau benar-benar akan termasuk orang-orang yang diusir.”",
      "footnotes": null
    },
    {
      "ayah": 168,
      "quarter_hizb": 38,
      "juz": 19,
      "manzil": 5,
      "arabic": "قَالَ اِنِّيْ لِعَمَلِكُمْ مِّنَ الْقَالِيْنَ  ۗ",
      "latin": "Qāla innī li‘amalikum minal-qālīn(a).",
      "translation": "Dia (Lut) berkata, “Sesungguhnya aku termasuk orang-orang yang sangat benci terhadap perbuatanmu.”",
      "footnotes": null
    },
    {
      "ayah": 169,
      "quarter_hizb": 38,
      "juz": 19,
      "manzil": 5,
      "arabic": "رَبِّ نَجِّنِيْ وَاَهْلِيْ مِمَّا يَعْمَلُوْنَ  ",
      "latin": "Rabbi najjinī wa ahlī mimmā ya‘malūn(a).",
      "translation": "(Lut berdoa,) “Wahai Tuhanku, selamatkanlah aku dan keluargaku dari apa yang mereka perbuat.”",
      "footnotes": null
    },
    {
      "ayah": 170,
      "quarter_hizb": 38,
      "juz": 19,
      "manzil": 5,
      "arabic": "فَنَجَّيْنٰهُ وَاَهْلَهٗٓ اَجْمَعِيْنَ ۙ ",
      "latin": "Fa najjaināhu wa ahlahū ajma‘īn(a).",
      "translation": "Maka, Kami selamatkan dia bersama semua keluarganya,",
      "footnotes": null
    },
    {
      "ayah": 171,
      "quarter_hizb": 38,
      "juz": 19,
      "manzil": 5,
      "arabic": "اِلَّا عَجُوْزًا فِى الْغٰبِرِيْنَ ۚ  ",
      "latin": "Illā ‘ajūzan fil-gābirīn(a).",
      "translation": "kecuali seorang perempuan tua (istrinya) yang termasuk golongan (orang-orang kafir) yang tertinggal.",
      "footnotes": null
    },
    {
      "ayah": 172,
      "quarter_hizb": 38,
      "juz": 19,
      "manzil": 5,
      "arabic": "ثُمَّ دَمَّرْنَا الْاٰخَرِيْنَ ۚ ",
      "latin": "Ṡumma dammarnal-ākharīn(a).",
      "translation": "Kemudian, Kami binasakan yang lain.",
      "footnotes": null
    },
    {
      "ayah": 173,
      "quarter_hizb": 38,
      "juz": 19,
      "manzil": 5,
      "arabic": "وَاَمْطَرْنَا عَلَيْهِمْ مَّطَرًاۚ فَسَاۤءَ مَطَرُ الْمُنْذَرِيْنَ ",
      "latin": "Wa amṭarnā ‘alaihim maṭarā(n), fa sā'a maṭarul-munżarīn(a).",
      "translation": "Kami hujani mereka (dengan batu). Betapa buruk hujan yang menimpa orang-orang yang telah diberi peringatan itu.",
      "footnotes": null
    },
    {
      "ayah": 174,
      "quarter_hizb": 38,
      "juz": 19,
      "manzil": 5,
      "arabic": "اِنَّ فِيْ ذٰلِكَ لَاٰيَةً ۗوَمَا كَانَ اَكْثَرُهُمْ مُّؤْمِنِيْنَ  ",
      "latin": "Inna fī żālika la'āyah(tan),  wa mā kāna akṡaruhum mu'minīn(a).",
      "translation": "Sesungguhnya pada yang demikian itu benar-benar terdapat tanda (kekuasaan Allah), tetapi kebanyakan mereka tidak beriman.",
      "footnotes": null
    },
    {
      "ayah": 175,
      "quarter_hizb": 38,
      "juz": 19,
      "manzil": 5,
      "arabic": "وَاِنَّ رَبَّكَ لَهُوَ الْعَزِيْزُ الرَّحِيْمُ ࣖ",
      "latin": "Wa inna rabbaka lahuwal-‘azīzur-raḥīm(u).",
      "translation": "Sesungguhnya Tuhanmu, Dialah yang benar-benar Maha Perkasa lagi Maha Penyayang.",
      "footnotes": null
    },
    {
      "ayah": 176,
      "quarter_hizb": 38,
      "juz": 19,
      "manzil": 5,
      "arabic": "كَذَّبَ اَصْحٰبُ لْـَٔيْكَةِ الْمُرْسَلِيْنَ ۖ ",
      "latin": "Każżaba aṣḥābul-aikatil-mursalīn(a).",
      "translation": "Penduduk Aikah (Madyan) telah mendustakan para rasul.",
      "footnotes": null
    },
    {
      "ayah": 177,
      "quarter_hizb": 38,
      "juz": 19,
      "manzil": 5,
      "arabic": "اِذْ قَالَ لَهُمْ شُعَيْبٌ اَلَا تَتَّقُوْنَ ۚ ",
      "latin": "Iż qāla lahum syu‘aibun alā tattaqūn(a).",
      "translation": "Ketika Syu‘aib berkata kepada mereka, “Mengapa kamu tidak bertakwa?",
      "footnotes": null
    },
    {
      "ayah": 178,
      "quarter_hizb": 38,
      "juz": 19,
      "manzil": 5,
      "arabic": "اِنِّيْ لَكُمْ رَسُوْلٌ اَمِيْنٌ ۙ ",
      "latin": "Innī lakum rasūlun amīn(un).",
      "translation": "Sesungguhnya aku adalah seorang rasul tepercaya (yang diutus) kepadamu.",
      "footnotes": null
    },
    {
      "ayah": 179,
      "quarter_hizb": 38,
      "juz": 19,
      "manzil": 5,
      "arabic": "فَاتَّقُوا اللّٰهَ وَاَطِيْعُوْنِ ۚ ",
      "latin": "Fattaqullāha wa aṭī‘ūn(i).",
      "translation": "Maka, bertakwalah kepada Allah dan taatlah kepadaku.",
      "footnotes": null
    },
    {
      "ayah": 180,
      "quarter_hizb": 38,
      "juz": 19,
      "manzil": 5,
      "arabic": "وَمَآ اَسْـَٔلُكُمْ عَلَيْهِ مِنْ اَجْرٍ اِنْ اَجْرِيَ اِلَّا عَلٰى رَبِّ الْعٰلَمِيْنَ ۗ ",
      "latin": "Wa mā as'alukum ‘alaihi min ajrin in ajriya illā ‘alā rabbil-‘ālamīn(a).",
      "translation": "Aku tidak meminta imbalan kepadamu atas (ajakan) itu. Imbalanku tidak lain, kecuali dari Tuhan semesta alam.",
      "footnotes": null
    },
    {
      "ayah": 181,
      "quarter_hizb": 38.25,
      "juz": 19,
      "manzil": 5,
      "arabic": "۞ اَوْفُوا الْكَيْلَ وَلَا تَكُوْنُوْا مِنَ الْمُخْسِرِيْنَ ۚ ",
      "latin": "Auful-kaila wa lā takūnū minal-mukhsirīn(a).",
      "translation": "Sempurnakanlah takaran dan janganlah kamu termasuk orang-orang yang merugikan orang lain.",
      "footnotes": null
    },
    {
      "ayah": 182,
      "quarter_hizb": 38.25,
      "juz": 19,
      "manzil": 5,
      "arabic": "وَزِنُوْا بِالْقِسْطَاسِ الْمُسْتَقِيْمِ ۚ ",
      "latin": "Wazinū bil-qisṭāsil-mustaqīm(i).",
      "translation": "Timbanglah dengan timbangan yang benar.",
      "footnotes": null
    },
    {
      "ayah": 183,
      "quarter_hizb": 38.25,
      "juz": 19,
      "manzil": 5,
      "arabic": "وَلَا تَبْخَسُوا النَّاسَ اَشْيَاۤءَهُمْ وَلَا تَعْثَوْا فِى الْاَرْضِ مُفْسِدِيْنَ ۚ ",
      "latin": "Wa lā tabkhasun-nāsa asy-yā'ahum wa lā ta‘ṡau fil-arḍi mufsidīn(a).",
      "translation": "Janganlah kamu merugikan manusia dengan mengurangi hak-haknya dan janganlah membuat kerusakan di bumi.",
      "footnotes": null
    },
    {
      "ayah": 184,
      "quarter_hizb": 38.25,
      "juz": 19,
      "manzil": 5,
      "arabic": "وَاتَّقُوا الَّذِيْ خَلَقَكُمْ وَالْجِبِلَّةَ الْاَوَّلِيْنَ ۗ ",
      "latin": "Wattaqul-lażī khalaqakum wal-jibillatal-awwalīn(a).",
      "translation": "Bertakwalah kepada Allah yang telah menciptakanmu dan umat-umat yang terdahulu.”",
      "footnotes": null
    },
    {
      "ayah": 185,
      "quarter_hizb": 38.25,
      "juz": 19,
      "manzil": 5,
      "arabic": "قَالُوْٓا اِنَّمَآ اَنْتَ مِنَ الْمُسَحَّرِيْنَ ۙ ",
      "latin": "Qālū innamā anta minal-musaḥḥarīn(a).",
      "translation": "Mereka berkata, “Sesungguhnya engkau hanyalah termasuk orang-orang yang terkena sihir.",
      "footnotes": null
    },
    {
      "ayah": 186,
      "quarter_hizb": 38.25,
      "juz": 19,
      "manzil": 5,
      "arabic": "وَمَآ اَنْتَ اِلَّا بَشَرٌ مِّثْلُنَا وَاِنْ نَّظُنُّكَ لَمِنَ الْكٰذِبِيْنَ ۚ ",
      "latin": "Wa mā anta illā basyarum miṡlunā wa in naẓunnuka laminal-kāżibīn(a).",
      "translation": "Engkau tidak lain hanyalah seorang manusia seperti kami dan sesungguhnya kami yakin bahwa engkau benar-benar termasuk para pembohong.",
      "footnotes": null
    },
    {
      "ayah": 187,
      "quarter_hizb": 38.25,
      "juz": 19,
      "manzil": 5,
      "arabic": "فَاَسْقِطْ عَلَيْنَا كِسَفًا مِّنَ السَّمَاۤءِ اِنْ كُنْتَ مِنَ الصّٰدِقِيْنَ ۗ ",
      "latin": "Fa asqiṭ ‘alainā kisafam minas-samā'i in kunta minaṣ-ṣādiqīn(a).",
      "translation": "Maka, jatuhkanlah kepada kami kepingan-kepingan dari langit (agar kami binasa) jika engkau termasuk orang-orang yang benar.”",
      "footnotes": null
    },
    {
      "ayah": 188,
      "quarter_hizb": 38.25,
      "juz": 19,
      "manzil": 5,
      "arabic": "قَالَ رَبِّيْٓ اَعْلَمُ بِمَا تَعْمَلُوْنَ  ",
      "latin": "Qāla rabbī a‘lamu bimā ta‘malūn(a).",
      "translation": "Dia (Syu‘aib) berkata, “Tuhanku paling mengetahui apa yang kamu kerjakan.”",
      "footnotes": null
    },
    {
      "ayah": 189,
      "quarter_hizb": 38.25,
      "juz": 19,
      "manzil": 5,
      "arabic": "فَكَذَّبُوْهُ فَاَخَذَهُمْ عَذَابُ يَوْمِ الظُّلَّةِ ۗاِنَّهٗ كَانَ عَذَابَ يَوْمٍ عَظِيْمٍ ",
      "latin": "Fa każżabūhu fa akhażahum ‘ażābu yaumiẓ-ẓullah(ti), innahū kāna ‘ażāba yaumin ‘aẓīm(in).",
      "translation": "Lalu, mereka mendustakannya (Syu‘aib). Maka, mereka ditimpa azab pada hari yang berawan gelap. Sesungguhnya itu adalah azab hari yang dahsyat.",
      "footnotes": null
    },
    {
      "ayah": 190,
      "quarter_hizb": 38.25,
      "juz": 19,
      "manzil": 5,
      "arabic": "اِنَّ فِيْ ذٰلِكَ لَاٰيَةً ۗوَمَا كَانَ اَكْثَرُهُمْ مُّؤْمِنِيْنَ  ",
      "latin": "Inna fī żālika la'āyah(tan),  wa mā kāna akṡaruhum mu'minīn(a).",
      "translation": "Sesungguhnya pada yang demikian itu benar-benar terdapat tanda (kekuasaan Allah), tetapi kebanyakan mereka tidak beriman.",
      "footnotes": null
    },
    {
      "ayah": 191,
      "quarter_hizb": 38.25,
      "juz": 19,
      "manzil": 5,
      "arabic": "وَاِنَّ رَبَّكَ لَهُوَ الْعَزِيْزُ الرَّحِيْمُ ࣖ ",
      "latin": "Wa inna rabbaka lahuwal-‘azīzur-raḥīm(u).",
      "translation": "Sesungguhnya Tuhanmu, Dialah yang benar-benar Maha Perkasa lagi Maha Penyayang.",
      "footnotes": null
    },
    {
      "ayah": 192,
      "quarter_hizb": 38.25,
      "juz": 19,
      "manzil": 5,
      "arabic": "وَاِنَّهٗ لَتَنْزِيْلُ رَبِّ الْعٰلَمِيْنَ ۗ  ",
      "latin": "Wa innahū latanzīlu rabbil-‘ālamīn(a).",
      "translation": "Sesungguhnya ia (Al-Qur’an) benar-benar diturunkan Tuhan semesta alam.",
      "footnotes": null
    },
    {
      "ayah": 193,
      "quarter_hizb": 38.25,
      "juz": 19,
      "manzil": 5,
      "arabic": "نَزَلَ بِهِ الرُّوْحُ الْاَمِيْنُ ۙ ",
      "latin": "Nazala bihir rūḥul-amīn(u).",
      "translation": "Ia (Al-Qur’an) dibawa turun oleh Ruhulamin (Jibril).",
      "footnotes": null
    },
    {
      "ayah": 194,
      "quarter_hizb": 38.25,
      "juz": 19,
      "manzil": 5,
      "arabic": "عَلٰى قَلْبِكَ لِتَكُوْنَ مِنَ الْمُنْذِرِيْنَ ۙ  ",
      "latin": "‘Alā qalbika litakūna minal-munżirīn(a).",
      "translation": "(Diturunkan) ke dalam hatimu (Nabi Muhammad) agar engkau menjadi salah seorang pemberi peringatan.",
      "footnotes": null
    },
    {
      "ayah": 195,
      "quarter_hizb": 38.25,
      "juz": 19,
      "manzil": 5,
      "arabic": "بِلِسَانٍ عَرَبِيٍّ مُّبِيْنٍ ۗ ",
      "latin": "Bilisānin ‘arabiyyim mubīn(in).",
      "translation": "(Diturunkan) dengan bahasa Arab yang jelas.",
      "footnotes": null
    },
    {
      "ayah": 196,
      "quarter_hizb": 38.25,
      "juz": 19,
      "manzil": 5,
      "arabic": "وَاِنَّهٗ لَفِيْ زُبُرِ الْاَوَّلِيْنَ  ",
      "latin": "Wa innahū lafī zuburil-awwalīn(a).",
      "translation": "Sesungguhnya ia (Al-Qur’an) benar-benar (disebut) dalam kitab-kitab orang terdahulu.",
      "footnotes": null
    },
    {
      "ayah": 197,
      "quarter_hizb": 38.25,
      "juz": 19,
      "manzil": 5,
      "arabic": "اَوَلَمْ يَكُنْ لَّهُمْ اٰيَةً اَنْ يَّعْلَمَهٗ عُلَمٰۤؤُا بَنِيْٓ اِسْرَاۤءِيْلَ  ",
      "latin": "Awalam yakul lahum āyatan ay ya‘lamahū ‘ulamā'u banī isrā'īl(a).",
      "translation": "Apakah tidak (cukup) menjadi bukti bagi mereka bahwa ia (Al-Qur’an) diketahui oleh para ulama Bani Israil?",
      "footnotes": null
    },
    {
      "ayah": 198,
      "quarter_hizb": 38.25,
      "juz": 19,
      "manzil": 5,
      "arabic": "وَلَوْ نَزَّلْنٰهُ عَلٰى بَعْضِ الْاَعْجَمِيْنَ ۙ ",
      "latin": "Wa lau nazzalnāhū ‘alā ba‘ḍil-a‘jamīn(a).",
      "translation": "Seandainya Kami menurunkannya kepada sebagian dari golongan non-Arab.",
      "footnotes": null
    },
    {
      "ayah": 199,
      "quarter_hizb": 38.25,
      "juz": 19,
      "manzil": 5,
      "arabic": "فَقَرَاَهٗ عَلَيْهِمْ مَّا كَانُوْا بِهٖ مُؤْمِنِيْنَ ۗ  ",
      "latin": "Fa qara'ahū ‘alaihim mā kānū bihī mu'minīn(a).",
      "translation": "Lalu, dia membacakannya kepada mereka (orang-orang kafir), niscaya mereka tidak juga akan beriman kepadanya.",
      "footnotes": null
    },
    {
      "ayah": 200,
      "quarter_hizb": 38.25,
      "juz": 19,
      "manzil": 5,
      "arabic": "كَذٰلِكَ سَلَكْنٰهُ فِيْ قُلُوْبِ الْمُجْرِمِيْنَ ۗ  ",
      "latin": "Każālika salaknāhu fī qulūbil-mujrimīn(a).",
      "translation": "Demikianlah, Kami masukkan (sifat dusta dan ingkar) ke dalam hati para pendurhaka.",
      "footnotes": null
    },
    {
      "ayah": 201,
      "quarter_hizb": 38.25,
      "juz": 19,
      "manzil": 5,
      "arabic": "لَا يُؤْمِنُوْنَ بِهٖ حَتّٰى يَرَوُا الْعَذَابَ الْاَلِيْمَ  ",
      "latin": "Lā yu'minūna bihī ḥattā yarawul-‘ażābal-alīm(a).",
      "translation": "Mereka tidak akan beriman kepadanya hingga melihat azab yang pedih.",
      "footnotes": null
    },
    {
      "ayah": 202,
      "quarter_hizb": 38.25,
      "juz": 19,
      "manzil": 5,
      "arabic": "فَيَأْتِيَهُمْ بَغْتَةً وَّهُمْ لَا يَشْعُرُوْنَ ۙ  ",
      "latin": "Fa ya'tiyahum bagtataw wa hum lā yasy‘urūn(a).",
      "translation": "Maka, datanglah ia (azab) kepada mereka secara tiba-tiba, sedangkan mereka tidak menyadarinya.",
      "footnotes": null
    },
    {
      "ayah": 203,
      "quarter_hizb": 38.25,
      "juz": 19,
      "manzil": 5,
      "arabic": "فَيَقُوْلُوْا هَلْ نَحْنُ مُنْظَرُوْنَ ۗ ",
      "latin": "Fa yaqūlū hal naḥnu munẓarūn(a).",
      "translation": "Lalu, mereka berkata, “Apakah kami diberi penangguhan waktu?”",
      "footnotes": null
    },
    {
      "ayah": 204,
      "quarter_hizb": 38.25,
      "juz": 19,
      "manzil": 5,
      "arabic": "اَفَبِعَذَابِنَا يَسْتَعْجِلُوْنَ  ",
      "latin": "Afa bi‘ażābinā yasta‘jilūn(a).",
      "translation": "Bukankah mereka yang meminta agar azab Kami disegerakan?",
      "footnotes": null
    },
    {
      "ayah": 205,
      "quarter_hizb": 38.25,
      "juz": 19,
      "manzil": 5,
      "arabic": "اَفَرَءَيْتَ اِنْ مَّتَّعْنٰهُمْ سِنِيْنَ ۙ  ",
      "latin": "Afa ra'aita im matta‘nāhum sinīn(a).",
      "translation": "Bagaimana pendapatmu jika kepada mereka Kami berikan kenikmatan hidup beberapa tahun?",
      "footnotes": null
    },
    {
      "ayah": 206,
      "quarter_hizb": 38.25,
      "juz": 19,
      "manzil": 5,
      "arabic": "ثُمَّ جَاۤءَهُمْ مَّا كَانُوْا يُوْعَدُوْنَ ۙ  ",
      "latin": "Ṡumma jā'ahum mā kānū yū‘adūn(a).",
      "translation": "Kemudian, ia (azab) yang diancamkan datang kepada mereka.",
      "footnotes": null
    },
    {
      "ayah": 207,
      "quarter_hizb": 38.25,
      "juz": 19,
      "manzil": 5,
      "arabic": "مَآ اَغْنٰى عَنْهُمْ مَّا كَانُوْا يُمَتَّعُوْنَ ۗ ",
      "latin": "Mā agnā ‘anhum mā kānū yumatta‘ūn(a).",
      "translation": "Niscaya kenikmatan yang mereka rasakan tidak berguna baginya.",
      "footnotes": null
    },
    {
      "ayah": 208,
      "quarter_hizb": 38.25,
      "juz": 19,
      "manzil": 5,
      "arabic": "وَمَآ اَهْلَكْنَا مِنْ قَرْيَةٍ اِلَّا لَهَا مُنْذِرُوْنَ ۖ  ",
      "latin": "Wa mā ahlaknā min qaryatin illā lahā munżirūn(a).",
      "translation": "Kami tidak membinasakan suatu negeri, kecuali setelah ada pemberi peringatan kepadanya.",
      "footnotes": null
    },
    {
      "ayah": 209,
      "quarter_hizb": 38.25,
      "juz": 19,
      "manzil": 5,
      "arabic": "ذِكْرٰىۚ وَمَا كُنَّا ظٰلِمِيْنَ  ",
      "latin": "Żikrā, wa mā kunnā ẓālimīn(a).",
      "translation": "(Hal itu) sebagai peringatan. Kami sekali-kali bukanlah orang-orang zalim.",
      "footnotes": null
    },
    {
      "ayah": 210,
      "quarter_hizb": 38.25,
      "juz": 19,
      "manzil": 5,
      "arabic": "وَمَا تَنَزَّلَتْ بِهِ الشَّيٰطِيْنُ  ",
      "latin": "Wa mā tanazzalat bihisy-syayāṭīn(u).",
      "translation": "(Al-Qur’an) itu tidaklah dibawa turun oleh setan-setan.",
      "footnotes": null
    },
    {
      "ayah": 211,
      "quarter_hizb": 38.25,
      "juz": 19,
      "manzil": 5,
      "arabic": "وَمَا يَنْۢبَغِيْ لَهُمْ وَمَا يَسْتَطِيْعُوْنَ ۗ  ",
      "latin": "Wa mā yambagī lahum wa mā yastaṭī‘ūn(a).",
      "translation": "Tidaklah pantas bagi mereka (membawa turun Al-Qur’an itu) dan mereka pun tidak akan sanggup.",
      "footnotes": null
    },
    {
      "ayah": 212,
      "quarter_hizb": 38.25,
      "juz": 19,
      "manzil": 5,
      "arabic": "اِنَّهُمْ عَنِ السَّمْعِ لَمَعْزُوْلُوْنَ ۗ ",
      "latin": "Innahum ‘anis-sam‘i lama‘zūlūn(a).",
      "translation": "Sesungguhnya mereka (setan-setan) benar-benar dijauhkan (dari berita langit).",
      "footnotes": null
    },
    {
      "ayah": 213,
      "quarter_hizb": 38.25,
      "juz": 19,
      "manzil": 5,
      "arabic": "فَلَا تَدْعُ مَعَ اللّٰهِ اِلٰهًا اٰخَرَ فَتَكُوْنَ مِنَ الْمُعَذَّبِيْنَ",
      "latin": "Falā tad‘u ma‘allāhi ilāhan ākhara fa takūna minal-mu‘ażżabīn(a).",
      "translation": "Maka, janganlah engkau (Nabi Muhammad) menyembah Tuhan lain bersama Allah. Nanti kamu termasuk orang-orang yang diazab.",
      "footnotes": null
    },
    {
      "ayah": 214,
      "quarter_hizb": 38.25,
      "juz": 19,
      "manzil": 5,
      "arabic": "وَاَنْذِرْ عَشِيْرَتَكَ الْاَقْرَبِيْنَ ۙ ",
      "latin": "Wa anżir ‘asyīratakal-aqrabīn(a).",
      "translation": "Berilah peringatan kepada keluargamu yang terdekat.",
      "footnotes": null
    },
    {
      "ayah": 215,
      "quarter_hizb": 38.25,
      "juz": 19,
      "manzil": 5,
      "arabic": "وَاخْفِضْ جَنَاحَكَ لِمَنِ اتَّبَعَكَ مِنَ الْمُؤْمِنِيْنَ ۚ  ",
      "latin": "Wakhfiḍ janāḥaka limanittaba‘aka minal-mu'minīn(a).",
      "translation": "Rendahkanlah hatimu terhadap orang-orang yang mengikutimu, yaitu orang-orang mukmin.",
      "footnotes": null
    },
    {
      "ayah": 216,
      "quarter_hizb": 38.25,
      "juz": 19,
      "manzil": 5,
      "arabic": "فَاِنْ عَصَوْكَ فَقُلْ اِنِّيْ بَرِيْۤءٌ مِّمَّا تَعْمَلُوْنَ ۚ ",
      "latin": "Fa in ‘aṣauka faqul innī barī'um mimmā ta‘malūn(a).",
      "translation": "Jika mereka mendurhakaimu, katakanlah, “Sesungguhnya aku tidak bertanggung jawab terhadap apa yang kamu kerjakan.”",
      "footnotes": null
    },
    {
      "ayah": 217,
      "quarter_hizb": 38.25,
      "juz": 19,
      "manzil": 5,
      "arabic": "وَتَوَكَّلْ عَلَى الْعَزِيْزِ الرَّحِيْمِ ۙ ",
      "latin": "Wa tawakkal ‘alal-‘azīzir-raḥīm(i).",
      "translation": "Bertawakallah kepada (Allah) Yang Maha Perkasa lagi Maha Penyayang.",
      "footnotes": null
    },
    {
      "ayah": 218,
      "quarter_hizb": 38.25,
      "juz": 19,
      "manzil": 5,
      "arabic": "الَّذِيْ يَرٰىكَ حِيْنَ تَقُوْمُ  ",
      "latin": "Allażī yarāka ḥīna taqūm(u).",
      "translation": "(Dia) yang melihat ketika engkau berdiri (untuk salat).",
      "footnotes": null
    },
    {
      "ayah": 219,
      "quarter_hizb": 38.25,
      "juz": 19,
      "manzil": 5,
      "arabic": "وَتَقَلُّبَكَ فِى السّٰجِدِيْنَ  ",
      "latin": "Wa taqallubaka fis-sājidīn(a).",
      "translation": "Dan, (melihat) perubahan gerakan badanmu di antara orang-orang yang sujud.",
      "footnotes": null
    },
    {
      "ayah": 220,
      "quarter_hizb": 38.25,
      "juz": 19,
      "manzil": 5,
      "arabic": "اِنَّهٗ هُوَ السَّمِيْعُ الْعَلِيْمُ  ",
      "latin": "Innahū huwas-samī‘ul-‘alīm(u).",
      "translation": "Sesungguhnya Dialah Yang Maha Mendengar lagi Maha Mengetahui.",
      "footnotes": null
    },
    {
      "ayah": 221,
      "quarter_hizb": 38.25,
      "juz": 19,
      "manzil": 5,
      "arabic": "هَلْ اُنَبِّئُكُمْ عَلٰى مَنْ تَنَزَّلُ الشَّيٰطِيْنُ ۗ  ",
      "latin": "Hal unabbi'ukum ‘alā man tanazzalusy-syayāṭīn(u).",
      "translation": "Maukah Aku beritakan kepadamu, kepada siapa setan-setan itu turun?",
      "footnotes": null
    },
    {
      "ayah": 222,
      "quarter_hizb": 38.25,
      "juz": 19,
      "manzil": 5,
      "arabic": "تَنَزَّلُ عَلٰى كُلِّ اَفَّاكٍ اَثِيْمٍ ۙ ",
      "latin": "Tanazzalu ‘alā kulli affākin aṡīm(in).",
      "translation": "Mereka (setan) turun kepada setiap pendusta lagi banyak berdosa.",
      "footnotes": null
    },
    {
      "ayah": 223,
      "quarter_hizb": 38.25,
      "juz": 19,
      "manzil": 5,
      "arabic": "يُّلْقُوْنَ السَّمْعَ وَاَكْثَرُهُمْ كٰذِبُوْنَ ۗ  ",
      "latin": "Yulqūnas-sam‘a wa akṡaruhum kāżibūn(a).",
      "translation": "Mereka menyampaikan hasil pendengarannya, sedangkan kebanyakan mereka adalah para pendusta.",
      "footnotes": null
    },
    {
      "ayah": 224,
      "quarter_hizb": 38.25,
      "juz": 19,
      "manzil": 5,
      "arabic": "وَالشُّعَرَاۤءُ يَتَّبِعُهُمُ الْغَاوٗنَ ۗ ",
      "latin": "Wasy-syu‘arā'u yattabi‘uhumul-gāwūn(a).",
      "translation": "Para penyair itu diikuti oleh orang-orang yang sesat.",
      "footnotes": null
    },
    {
      "ayah": 225,
      "quarter_hizb": 38.25,
      "juz": 19,
      "manzil": 5,
      "arabic": "اَلَمْ تَرَ اَنَّهُمْ فِيْ كُلِّ وَادٍ يَّهِيْمُوْنَ ۙ ",
      "latin": "Alam tara annahum fī kulli wādiy yahīmūn(a).",
      "translation": "Tidakkah engkau melihat bahwa mereka merambah setiap lembah kepalsuan543)",
      "footnotes": "543) Maksud ayat ini adalah bahwa sebagian penyair itu suka bermain kata-kata, tidak mempunyai tujuan yang baik, dan tidak mempunyai pendirian."
    },
    {
      "ayah": 226,
      "quarter_hizb": 38.25,
      "juz": 19,
      "manzil": 5,
      "arabic": "وَاَنَّهُمْ يَقُوْلُوْنَ مَا لَا يَفْعَلُوْنَ ۙ  ",
      "latin": "Wa annahum yaqūlūna mā lā yaf‘alūn(a).",
      "translation": "dan bahwa mereka mengatakan apa yang mereka sendiri tidak mengerjakan(-nya)?",
      "footnotes": null
    },
    {
      "ayah": 227,
      "quarter_hizb": 38.25,
      "juz": 19,
      "manzil": 5,
      "arabic": "اِلَّا الَّذِيْنَ اٰمَنُوْا وَعَمِلُوا الصّٰلِحٰتِ وَذَكَرُوا اللّٰهَ كَثِيْرًا وَّانْتَصَرُوْا مِنْۢ بَعْدِ مَا ظُلِمُوْا ۗوَسَيَعْلَمُ الَّذِيْنَ ظَلَمُوْٓا اَيَّ مُنْقَلَبٍ يَّنْقَلِبُوْنَ ࣖ ",
      "latin": "Illal-lażīna āmanū wa ‘amiluṣ-ṣāliḥāti wa żakarullāha kaṡīraw wantaṣarū mim ba‘di mā ẓulimū, wa saya‘lamul-lażīna ẓalamū ayya munqalabiy yanqalibūn(a).",
      "translation": "Kecuali (para penyair) yang beriman, beramal saleh, banyak mengingat Allah, dan bangkit membela (kebenaran) setelah terzalimi. Orang-orang yang zalim kelak akan mengetahui ke mana mereka akan kembali.",
      "footnotes": null
    }
  ]
}