{
  "arabic": " العنكبوت",
  "latin": "Al-‘Ankabūt",
  "transliteration": "Al-‘Ankabut",
  "translation": "Laba-Laba",
  "num_ayah": 69,
  "location": "Makkiyah",
  "ayah": [
    {
      "ayah": 1,
      "quarter_hizb": 40.5,
      "juz": 20,
      "manzil": 5,
      "arabic": "الۤمّۤ ۗ ",
      "latin": "Alif lām mīm.",
      "translation": "Alif Lām Mīm.",
      "footnotes": null
    },
    {
      "ayah": 2,
      "quarter_hizb": 40.5,
      "juz": 20,
      "manzil": 5,
      "arabic": "اَحَسِبَ النَّاسُ اَنْ يُّتْرَكُوْٓا اَنْ يَّقُوْلُوْٓا اٰمَنَّا وَهُمْ لَا يُفْتَنُوْنَ ",
      "latin": "Aḥasiban-nāsu ay yutrakū ay yaqūlū āmannā wa hum lā yuftanūn(a).",
      "translation": "Apakah manusia mengira bahwa mereka akan dibiarkan (hanya dengan) berkata, “Kami telah beriman,” sedangkan mereka tidak diuji?",
      "footnotes": null
    },
    {
      "ayah": 3,
      "quarter_hizb": 40.5,
      "juz": 20,
      "manzil": 5,
      "arabic": "وَلَقَدْ فَتَنَّا الَّذِيْنَ مِنْ قَبْلِهِمْ فَلَيَعْلَمَنَّ اللّٰهُ الَّذِيْنَ صَدَقُوْا وَلَيَعْلَمَنَّ الْكٰذِبِيْنَ",
      "latin": "Wa laqad fatannal-lażīna min qablihim falaya‘lamannallāhul-lażīna ṣadaqū wa laya‘lamannal-kāżibīn(a).",
      "translation": "Sungguh, Kami benar-benar telah menguji orang-orang sebelum mereka. Allah pasti mengetahui orang-orang yang benar dan pasti mengetahui para pendusta.",
      "footnotes": null
    },
    {
      "ayah": 4,
      "quarter_hizb": 40.5,
      "juz": 20,
      "manzil": 5,
      "arabic": "اَمْ حَسِبَ الَّذِيْنَ يَعْمَلُوْنَ السَّيِّاٰتِ اَنْ يَّسْبِقُوْنَا ۗسَاۤءَ مَا يَحْكُمُوْنَ ",
      "latin": "Am ḥasibal-lażīna ya‘malūnas-sayyi'āti ay yasbiqūnā, sā'a mā yaḥkumūn(a).",
      "translation": "Ataukah orang-orang yang mengerjakan kejahatan itu mengira bahwa mereka akan luput dari (azab) Kami? (Alangkah) buruk apa yang mereka tetapkan itu!",
      "footnotes": null
    },
    {
      "ayah": 5,
      "quarter_hizb": 40.5,
      "juz": 20,
      "manzil": 5,
      "arabic": "مَنْ كَانَ يَرْجُوْا لِقَاۤءَ اللّٰهِ فَاِنَّ اَجَلَ اللّٰهِ لَاٰتٍ ۗوَهُوَ السَّمِيْعُ الْعَلِيْمُ ",
      "latin": "Man kāna yarjū liqā'allāhi fa'inna ajalallāhi la'āt(in), wa huwas-samī‘ul-‘alīm(u).",
      "translation": "Siapa yang mengharapkan pertemuan dengan Allah, sesungguhnya waktu (yang dijanjikan) Allah pasti datang. Dia Yang Maha Mendengar lagi Maha Mengetahui.",
      "footnotes": null
    },
    {
      "ayah": 6,
      "quarter_hizb": 40.5,
      "juz": 20,
      "manzil": 5,
      "arabic": "وَمَنْ جَاهَدَ فَاِنَّمَا يُجَاهِدُ لِنَفْسِهٖ ۗاِنَّ اللّٰهَ لَغَنِيٌّ عَنِ الْعٰلَمِيْنَ ",
      "latin": "Wa man jāhada fa'innamā yujāhidu linafsih(ī), innallāha laganiyyun ‘anil-‘ālamīn(a).",
      "translation": "Siapa yang berusaha dengan sungguh-sungguh (untuk berbuat kebajikan), sesungguhnya dia sedang berusaha untuk dirinya sendiri (karena manfaatnya kembali kepada dirinya). Sesungguhnya Allah benar-benar Maha Kaya (tidak memerlukan suatu apa pun) dari alam semesta.",
      "footnotes": null
    },
    {
      "ayah": 7,
      "quarter_hizb": 40.5,
      "juz": 20,
      "manzil": 5,
      "arabic": "وَالَّذِيْنَ اٰمَنُوْا وَعَمِلُوا الصّٰلِحٰتِ لَنُكَفِّرَنَّ عَنْهُمْ سَيِّاٰتِهِمْ وَلَنَجْزِيَنَّهُمْ اَحْسَنَ الَّذِيْ كَانُوْا يَعْمَلُوْنَ ",
      "latin": "Wal-lażīna āmanū wa ‘amiluṣ-ṣāliḥāti lanukaffiranna ‘anhum sayyi'ātihim wa lanajziyannahum aḥsanal-lażī kānū ya‘malūn(a).",
      "translation": "Orang-orang yang beriman dan beramal saleh pasti akan Kami hapus dosa-dosanya, dan mereka pasti akan Kami beri balasan yang terbaik dari apa yang selama ini mereka kerjakan.",
      "footnotes": null
    },
    {
      "ayah": 8,
      "quarter_hizb": 40.5,
      "juz": 20,
      "manzil": 5,
      "arabic": "وَوَصَّيْنَا الْاِنْسَانَ بِوَالِدَيْهِ حُسْنًا ۗوَاِنْ جَاهَدٰكَ لِتُشْرِكَ بِيْ مَا لَيْسَ لَكَ بِهٖ عِلْمٌ فَلَا تُطِعْهُمَا ۗاِلَيَّ مَرْجِعُكُمْ فَاُنَبِّئُكُمْ بِمَا كُنْتُمْ تَعْمَلُوْنَ ",
      "latin": "Wa waṣṣainal-insāna biwālidaihi ḥusnā(n), wa in jāhadāka litusyrika bī mā laisa laka bihī ‘ilmun falā tuṭi‘humā, ilayya marji‘ukum fa'unabbi'ukum bimā kuntum ta‘malūn(a).",
      "translation": "Kami telah mewasiatkan (kepada) manusia agar (berbuat) kebaikan kepada kedua orang tuanya. Jika keduanya memaksamu untuk mempersekutukan-Ku dengan sesuatu yang engkau tidak mempunyai ilmu tentang itu, janganlah engkau patuhi keduanya. Hanya kepada-Ku kamu kembali, lalu Aku beri tahukan kepadamu apa yang selama ini kamu kerjakan.",
      "footnotes": null
    },
    {
      "ayah": 9,
      "quarter_hizb": 40.5,
      "juz": 20,
      "manzil": 5,
      "arabic": "وَالَّذِيْنَ اٰمَنُوْا وَعَمِلُوا الصّٰلِحٰتِ لَنُدْخِلَنَّهُمْ فِى الصّٰلِحِيْنَ ",
      "latin": "Wal-lażīna āmanū wa ‘amiluṣ-ṣāliḥāti lanudkhilannahum fiṣ-ṣāliḥīn(a).",
      "translation": "Orang-orang yang beriman dan beramal saleh pasti akan Kami masukkan mereka dalam (golongan) orang-orang saleh.",
      "footnotes": null
    },
    {
      "ayah": 10,
      "quarter_hizb": 40.5,
      "juz": 20,
      "manzil": 5,
      "arabic": "وَمِنَ النَّاسِ مَنْ يَّقُوْلُ اٰمَنَّا بِاللّٰهِ فَاِذَآ اُوْذِيَ فِى اللّٰهِ جَعَلَ فِتْنَةَ النَّاسِ كَعَذَابِ اللّٰهِ ۗوَلَىِٕنْ جَاۤءَ نَصْرٌ مِّنْ رَّبِّكَ لَيَقُوْلُنَّ اِنَّا كُنَّا مَعَكُمْۗ اَوَلَيْسَ اللّٰهُ بِاَعْلَمَ بِمَا فِيْ صُدُوْرِ الْعٰلَمِيْنَ ",
      "latin": "Wa minan-nāsi may yaqūlu āmannā billāhi fa'iżā ūżiya  fillāhi ja‘ala fitnatan-nāsi ka‘ażābillāh(i), wa la'in jā'a naṣrum mir rabbika layaqūlunna innā kunnā ma‘akum, awa laisallāhu bi'a‘lama bimā fī ṣudūril-‘ālamīn(a).",
      "translation": "Di antara manusia ada yang berkata, “Kami beriman kepada Allah,” tetapi apabila dia disakiti karena (dia beriman kepada) Allah, dia menganggap cobaan manusia itu seperti siksaan Allah.570) Akan tetapi, jika datang pertolongan dari Tuhanmu, pasti mereka akan berkata, “Sesungguhnya kami bersama kamu.” Bukankah Allah paling mengetahui apa yang ada di dalam dada semua manusia?",
      "footnotes": "570) Orang itu menganggap dahsyatnya kezaliman manusia sama seperti dahsyatnya azab Allah Swt. sehingga dia meninggalkan imannya."
    },
    {
      "ayah": 11,
      "quarter_hizb": 40.5,
      "juz": 20,
      "manzil": 5,
      "arabic": "وَلَيَعْلَمَنَّ اللّٰهُ الَّذِيْنَ اٰمَنُوْا وَلَيَعْلَمَنَّ الْمُنٰفِقِيْنَ ",
      "latin": "Wa laya‘lamannallāhul-lażīna āmanū wa laya‘lamannal-munāfiqīn(a).",
      "translation": "Allah pasti mengetahui orang-orang yang beriman dan Dia pasti mengetahui orang-orang munafik.",
      "footnotes": null
    },
    {
      "ayah": 12,
      "quarter_hizb": 40.5,
      "juz": 20,
      "manzil": 5,
      "arabic": "وَقَالَ الَّذِيْنَ كَفَرُوْا لِلَّذِيْنَ اٰمَنُوا اتَّبِعُوْا سَبِيْلَنَا وَلْنَحْمِلْ خَطٰيٰكُمْۗ وَمَا هُمْ بِحٰمِلِيْنَ مِنْ خَطٰيٰهُمْ مِّنْ شَيْءٍۗ اِنَّهُمْ لَكٰذِبُوْنَ ",
      "latin": "Wa qālal-lażīna kafarū lil-lażīna āmanuttabi‘ū sabīlanā walnaḥmil khaṭāyākum, wa mā hum biḥāmilīna min khaṭāyāhum min syai'(in), innahum lakāżibūn(a).",
      "translation": "Orang-orang yang kufur berkata kepada orang-orang yang beriman, “Ikutilah jalan kami dan kami akan memikul dosa-dosa kamu.” Padahal, mereka tidak (sanggup) sedikit pun memikul dosa-dosa mereka sendiri. Sesungguhnya mereka (orang-orang kafir) benar-benar para pendusta.",
      "footnotes": null
    },
    {
      "ayah": 13,
      "quarter_hizb": 40.5,
      "juz": 20,
      "manzil": 5,
      "arabic": "وَلَيَحْمِلُنَّ اَثْقَالَهُمْ وَاَثْقَالًا مَّعَ اَثْقَالِهِمْ وَلَيُسْـَٔلُنَّ يَوْمَ الْقِيٰمَةِ عَمَّا كَانُوْا يَفْتَرُوْنَ ࣖ ",
      "latin": "Wa layaḥmilunna aṡqālahum wa aṡqālam ma‘a aṡqālihim wa layus'alunna yaumal-qiyāmati ‘ammā kānū yaftarūn(a).",
      "translation": "Mereka benar-benar akan memikul dosa-dosa mereka (sendiri) dan dosa-dosa (orang lain yang mereka perdaya) di samping dosa-dosa mereka. Pada hari Kiamat mereka pasti akan ditanya tentang kebohongan yang selalu mereka ada-adakan.",
      "footnotes": null
    },
    {
      "ayah": 14,
      "quarter_hizb": 40.5,
      "juz": 20,
      "manzil": 5,
      "arabic": "وَلَقَدْ اَرْسَلْنَا نُوْحًا اِلٰى قَوْمِهٖ فَلَبِثَ فِيْهِمْ اَلْفَ سَنَةٍ اِلَّا خَمْسِيْنَ عَامًا ۗفَاَخَذَهُمُ الطُّوْفَانُ وَهُمْ ظٰلِمُوْنَ ",
      "latin": "Wa laqad arsalnā nūḥan ilā qaumihī falabiṡa fīhim alfa sanatin illā khamsīna ‘āmā(n), fa'akhażahumuṭ-ṭūfānu wa hum ẓālimūn(a).",
      "translation": "Sungguh, Kami benar-benar telah mengutus Nuh kepada kaumnya, lalu dia tinggal bersama mereka selama seribu tahun kurang lima puluh tahun. Kemudian, mereka dilanda banjir besar dalam keadaan sebagai orang-orang zalim.",
      "footnotes": null
    },
    {
      "ayah": 15,
      "quarter_hizb": 40.5,
      "juz": 20,
      "manzil": 5,
      "arabic": "فَاَنْجَيْنٰهُ وَاَصْحٰبَ السَّفِيْنَةِ وَجَعَلْنٰهَآ اٰيَةً لِّلْعٰلَمِيْنَ ",
      "latin": "Fa'anjaināhu wa aṣḥābas-safīnati wa ja‘alnāhā āyatal lil-‘ālamīn(a).",
      "translation": "Maka, Kami selamatkan Nuh dan para penumpang bahtera serta Kami jadikannya sebagai pelajaran bagi alam semesta.",
      "footnotes": null
    },
    {
      "ayah": 16,
      "quarter_hizb": 40.5,
      "juz": 20,
      "manzil": 5,
      "arabic": "وَاِبْرٰهِيْمَ اِذْ قَالَ لِقَوْمِهِ اعْبُدُوا اللّٰهَ وَاتَّقُوْهُ ۗذٰلِكُمْ خَيْرٌ لَّكُمْ اِنْ كُنْتُمْ تَعْلَمُوْنَ ",
      "latin": "Wa ibrāhīma iż qāla liqaumihi‘budullāha wattaqūh(u), żālikum khairul lakum in kuntum ta‘lamūn(a).",
      "translation": "(Ingatlah) Ibrahim ketika berkata kepada kaumnya, “Sembahlah Allah dan bertakwalah kepada-Nya. Yang demikian itu lebih baik bagimu jika kamu mengetahui.",
      "footnotes": null
    },
    {
      "ayah": 17,
      "quarter_hizb": 40.5,
      "juz": 20,
      "manzil": 5,
      "arabic": "اِنَّمَا تَعْبُدُوْنَ مِنْ دُوْنِ اللّٰهِ اَوْثَانًا وَّتَخْلُقُوْنَ اِفْكًا ۗاِنَّ الَّذِيْنَ تَعْبُدُوْنَ مِنْ دُوْنِ اللّٰهِ لَا يَمْلِكُوْنَ لَكُمْ رِزْقًا فَابْتَغُوْا عِنْدَ اللّٰهِ الرِّزْقَ وَاعْبُدُوْهُ وَاشْكُرُوْا لَهٗ ۗاِلَيْهِ تُرْجَعُوْنَ ",
      "latin": "Innamā ta‘budūna min dūnillāhi auṡānaw wa takhluqūna ifkā(n), innal-lażīna ta‘budūna min dūnillāhi lā yamlikūna lakum rizqan fabtagū ‘indallāhir-rizqa wa‘budūhu wasykurū lah(ū), ilaihi turja‘ūn(a).",
      "translation": "Sesungguhnya apa yang kamu sembah selain Allah hanyalah berhala-berhala dan kamu membuat kebohongan. Sesungguhnya apa yang kamu sembah selain Allah tidak mampu memberikan rezeki kepadamu. Maka, mintalah rezeki dari sisi Allah, sembahlah Dia, dan bersyukurlah kepada-Nya. Hanya kepada-Nya kamu akan dikembalikan.",
      "footnotes": null
    },
    {
      "ayah": 18,
      "quarter_hizb": 40.5,
      "juz": 20,
      "manzil": 5,
      "arabic": "وَاِنْ تُكَذِّبُوْا فَقَدْ كَذَّبَ اُمَمٌ مِّنْ قَبْلِكُمْ ۗوَمَا عَلَى الرَّسُوْلِ اِلَّا الْبَلٰغُ الْمُبِيْنُ ",
      "latin": "Wa in tukażżibū faqad każżaba umamum min qablikum, wa mā ‘alar-rasūli illal-balāgul-mubīn(u).",
      "translation": "Jika kamu mendustakan (ajaran Allah), sungguh umat-umat sebelum kamu juga telah mendustakan (para rasul). Kewajiban rasul itu hanyalah menyampaikan (agama Allah) dengan jelas.”",
      "footnotes": null
    },
    {
      "ayah": 19,
      "quarter_hizb": 40.5,
      "juz": 20,
      "manzil": 5,
      "arabic": "اَوَلَمْ يَرَوْا كَيْفَ يُبْدِئُ اللّٰهُ الْخَلْقَ ثُمَّ يُعِيْدُهٗ ۗاِنَّ ذٰلِكَ عَلَى اللّٰهِ يَسِيْرٌ ",
      "latin": "Awalam yarau kaifa yubdi'ullāhul-khalqa ṡumma yu‘īduh(ū), inna żālika ‘alallāhi yasīr(un). ",
      "translation": "Apakah mereka tidak memperhatikan bagaimana Allah memulai penciptaan (makhluk), kemudian mengembalikannya (menghidupkannya lagi)? Sesungguhnya yang demikian itu mudah bagi Allah.",
      "footnotes": null
    },
    {
      "ayah": 20,
      "quarter_hizb": 40.5,
      "juz": 20,
      "manzil": 5,
      "arabic": "قُلْ سِيْرُوْا فِى الْاَرْضِ فَانْظُرُوْا كَيْفَ بَدَاَ الْخَلْقَ ثُمَّ اللّٰهُ يُنْشِئُ النَّشْاَةَ الْاٰخِرَةَ ۗاِنَّ اللّٰهَ عَلٰى كُلِّ شَيْءٍ قَدِيْرٌ ۚ",
      "latin": "Qul sīrū fil-arḍi fanẓurū kaifa bada'al-khalqa ṡummallāhu yunsyi'un-nasy'atal-ākhirah(ta), innallāha ‘alā kulli syai'in qadīr(un).",
      "translation": "Katakanlah, “Berjalanlah di (muka) bumi, lalu perhatikanlah bagaimana Allah memulai penciptaan (semua makhluk). Kemudian, Allah membuat kejadian yang akhir (setelah mati di akhirat kelak). Sesungguhnya Allah Maha Kuasa atas segala sesuatu.",
      "footnotes": null
    },
    {
      "ayah": 21,
      "quarter_hizb": 40.5,
      "juz": 20,
      "manzil": 5,
      "arabic": "يُعَذِّبُ مَنْ يَّشَاۤءُ وَيَرْحَمُ مَنْ يَّشَاۤءُ ۚوَاِلَيْهِ تُقْلَبُوْنَ ",
      "latin": "Yu‘ażżibu may yasyā'u wa yarḥamu may yasyā'(u), wa ilaihi tuqlabūn(a).",
      "translation": "Dia (Allah) akan mengazab siapa yang Dia kehendaki dan merahmati siapa yang Dia kehendaki. Kepada-Nyalah kamu akan dikembalikan.",
      "footnotes": null
    },
    {
      "ayah": 22,
      "quarter_hizb": 40.5,
      "juz": 20,
      "manzil": 5,
      "arabic": "وَمَآ اَنْتُمْ بِمُعْجِزِيْنَ فِى الْاَرْضِ وَلَا فِى السَّمَاۤءِ ۖوَمَا لَكُمْ مِّنْ دُوْنِ اللّٰهِ مِنْ وَّلِيٍّ وَّلَا نَصِيْرٍ ࣖ",
      "latin": "Wa mā antum bimu‘jizīna fil-arḍi wa lā fis-samā'(i), wa mā lakum min dūnillāhi miw waliyyiw wa lā naṣīr(in). ",
      "translation": "Kamu sama sekali tidak dapat melepaskan diri (dari azab Allah) di bumi dan di langit. Tidak ada pula pelindung dan penolong bagimu selain Allah.”",
      "footnotes": null
    },
    {
      "ayah": 23,
      "quarter_hizb": 40.5,
      "juz": 20,
      "manzil": 5,
      "arabic": "وَالَّذِيْنَ كَفَرُوْا بِاٰيٰتِ اللّٰهِ وَلِقَاۤىِٕهٖٓ اُولٰۤىِٕكَ يَىِٕسُوْا مِنْ رَّحْمَتِيْ وَاُولٰۤىِٕكَ لَهُمْ عَذَابٌ اَلِيْمٌ ",
      "latin": "Wal-lażīna kafarū bi'āyātillāhi wa liqā'ihī ulā'ika ya'isū mir raḥmatī wa ulā'ika lahum ‘ażābun alīm(un).",
      "translation": "Orang-orang yang kufur terhadap ayat-ayat Allah dan pertemuan dengan-Nya, mereka itu berputus asa dari rahmat-Ku dan mereka itu akan mendapat azab yang pedih.",
      "footnotes": null
    },
    {
      "ayah": 24,
      "quarter_hizb": 40.5,
      "juz": 20,
      "manzil": 5,
      "arabic": "فَمَا كَانَ جَوَابَ قَوْمِهٖٓ اِلَّآ اَنْ قَالُوا اقْتُلُوْهُ اَوْ حَرِّقُوْهُ فَاَنْجٰىهُ اللّٰهُ مِنَ النَّارِۗ اِنَّ فِيْ ذٰلِكَ لَاٰيٰتٍ لِّقَوْمٍ يُّؤْمِنُوْنَ ",
      "latin": "Famā kāna jawāba qaumihī illā an qaluqtulūhu au ḥarriqūhu fa anjāhullāhu minan-nār(i), inna fī żālika la'āyātil liqaumiy yu'minūn(a).",
      "translation": "Maka, tidak ada jawaban kaumnya (Ibrahim), selain mengatakan, “Bunuhlah atau bakarlah dia!” Lalu, Allah menyelamatkannya dari api. Sesungguhnya pada yang demikian itu benar-benar terdapat tanda-tanda (kekuasaan Allah) bagi kaum yang beriman.",
      "footnotes": null
    },
    {
      "ayah": 25,
      "quarter_hizb": 40.5,
      "juz": 20,
      "manzil": 5,
      "arabic": "وَقَالَ اِنَّمَا اتَّخَذْتُمْ مِّنْ دُوْنِ اللّٰهِ اَوْثَانًاۙ مَّوَدَّةَ بَيْنِكُمْ فِى الْحَيٰوةِ الدُّنْيَا ۚ ثُمَّ يَوْمَ الْقِيٰمَةِ يَكْفُرُ بَعْضُكُمْ بِبَعْضٍ وَّيَلْعَنُ بَعْضُكُمْ بَعْضًا ۖوَّمَأْوٰىكُمُ النَّارُ وَمَا لَكُمْ مِّنْ نّٰصِرِيْنَۖ ",
      "latin": "Wa qāla innamattakhażtum min dūnillāhi auṡānam mawaddata bainikum fil-ḥayātid-dun-yā, ṡumma yaumal-qiyāmati yakfuru ba‘ḍukum biba‘ḍiw wa yal‘anu ba‘ḍukum ba‘ḍā(n), wa ma'wākumun nāru wa mā lakum min nāṣirīn(a).",
      "translation": "Dia (Ibrahim) berkata, “Sesungguhnya apa yang kamu sembah selain Allah berupa berhala-berhala hanyalah untuk menciptakan hubungan harmonis di antara kamu dalam kehidupan dunia. Kemudian, pada hari Kiamat sebagian kamu akan saling mengingkari dan saling mengutuk. Tempat kembalimu adalah neraka dan sama sekali tidak ada penolong bagimu.”",
      "footnotes": null
    },
    {
      "ayah": 26,
      "quarter_hizb": 40.75,
      "juz": 20,
      "manzil": 5,
      "arabic": "۞ فَاٰمَنَ لَهٗ لُوْطٌۘ وَقَالَ اِنِّيْ مُهَاجِرٌ اِلٰى رَبِّيْ ۗاِنَّهٗ هُوَ الْعَزِيْزُ الْحَكِيْمُ ",
      "latin": "Fa āmana lahū lūṭ(un), wa qāla innī muhājirun ilā rabbī, innahū huwal-‘azīzul-ḥakīm(u).",
      "translation": "Maka, Lut membenarkan (kenabian Ibrahim). Dia (Ibrahim) pun berkata, “Sesungguhnya aku berhijrah ke (tempat yang diperintahkan) Tuhanku. Sesungguhnya Dialah Yang Maha Perkasa lagi Maha Bijaksana.”",
      "footnotes": null
    },
    {
      "ayah": 27,
      "quarter_hizb": 40.75,
      "juz": 20,
      "manzil": 5,
      "arabic": "وَوَهَبْنَا لَهٗٓ اِسْحٰقَ وَيَعْقُوْبَ وَجَعَلْنَا فِيْ ذُرِّيَّتِهِ النُّبُوَّةَ وَالْكِتٰبَ وَاٰتَيْنٰهُ اَجْرَهٗ فِى الدُّنْيَا ۚوَاِنَّهٗ فِى الْاٰخِرَةِ لَمِنَ الصّٰلِحِيْنَ ",
      "latin": "Wa wahabnā lahū isḥāqa wa ya‘qūba wa ja‘alnā fī żurriyyatihin nubuwwata wal-kitāba wa ātaināhu ajrahū fid-dun-yā, wa innahū fil-ākhirati laminaṣ-ṣāliḥīn(a).",
      "translation": "Kami anugerahkan kepadanya (Ibrahim) Ishaq dan Ya‘qub. Kami jadikan pada keturunannya kenabian dan kitab serta Kami berikan kepadanya balasan di dunia.571) Sesungguhnya di akhirat dia benar-benar termasuk orang-orang saleh. ",
      "footnotes": "571) Balasan yang dimaksud pada ayat ini adalah memberikan anak cucu yang baik, kenabian kepada keturunannya, dan pujian."
    },
    {
      "ayah": 28,
      "quarter_hizb": 40.75,
      "juz": 20,
      "manzil": 5,
      "arabic": "وَلُوْطًا اِذْ قَالَ لِقَوْمِهٖٓ اِنَّكُمْ لَتَأْتُوْنَ الْفَاحِشَةَ ۖمَا سَبَقَكُمْ بِهَا مِنْ اَحَدٍ مِّنَ الْعٰلَمِيْنَ ",
      "latin": "Wa lūṭan iż qāla liqaumihī innakum lata'tūnal-fāḥisyata mā sabaqakum bihā min aḥadim minal-‘ālamīn(a).",
      "translation": "(Ingatlah) ketika Lut berkata kepada kaumnya, “Sesungguhnya kamu benar-benar melakukan perbuatan yang sangat keji (homoseksual) yang tidak pernah dilakukan oleh seorang pun sebelum kamu di alam semesta. ",
      "footnotes": null
    },
    {
      "ayah": 29,
      "quarter_hizb": 40.75,
      "juz": 20,
      "manzil": 5,
      "arabic": "اَىِٕنَّكُمْ لَتَأْتُوْنَ الرِّجَالَ وَتَقْطَعُوْنَ السَّبِيْلَ ەۙ وَتَأْتُوْنَ فِيْ نَادِيْكُمُ الْمُنْكَرَ ۗفَمَا كَانَ جَوَابَ قَوْمِهٖٓ اِلَّآ اَنْ قَالُوا ائْتِنَا بِعَذَابِ اللّٰهِ اِنْ كُنْتَ مِنَ الصّٰدِقِيْنَ",
      "latin": "A'innakum lata'tūnar-rijāla wa taqṭa‘ūnas-sabīl(a), wa ta'tūna fī nādīkumul-munkar(a), famā kāna jawāba qaumihī illā an qālu'tinā bi‘ażābillāhi in kunta minaṣ-ṣādiqīn(a).",
      "translation": "Pantaskah kamu mendatangi laki-laki (untuk melampiaskan syahwat), menyamun,572) dan mengerjakan kemungkaran di tempat-tempat pertemuanmu?” Maka, jawaban kaumnya tidak lain hanyalah mengatakan, “Datangkanlah kepada kami azab Allah jika engkau termasuk orang-orang benar!” ",
      "footnotes": "572) Sebagian mufasir mengartikan taqṭa‘ūnas-sabīl dengan ‘melakukan perbuatan keji terhadap orang-orang yang dalam perjalanan’ karena sebagian besar mereka melakukan homoseks itu dengan tamu-tamu yang datang ke kampung mereka. Ada lagi yang mengartikannya dengan ‘memutus jalur keturunan’ karena mereka berbuat homoseks."
    },
    {
      "ayah": 30,
      "quarter_hizb": 40.75,
      "juz": 20,
      "manzil": 5,
      "arabic": "قَالَ رَبِّ انْصُرْنِيْ عَلَى الْقَوْمِ الْمُفْسِدِيْنَ ࣖ",
      "latin": "Qāla rabbinṣurnī ‘alal-qaumil-mufsidīn(a). ",
      "translation": "Dia (Lut) berdoa, “Ya Tuhanku, tolonglah aku (dengan menimpakan azab) atas kaum yang berbuat kerusakan itu.” ",
      "footnotes": null
    },
    {
      "ayah": 31,
      "quarter_hizb": 40.75,
      "juz": 20,
      "manzil": 5,
      "arabic": "وَلَمَّا جَاۤءَتْ رُسُلُنَآ اِبْرٰهِيْمَ بِالْبُشْرٰىۙ قَالُوْٓا اِنَّا مُهْلِكُوْٓا اَهْلِ هٰذِهِ الْقَرْيَةِ ۚاِنَّ اَهْلَهَا كَانُوْا ظٰلِمِيْنَ ۚ",
      "latin": "Wa lammā jā'at rusulunā ibrāhīma bil-busyrā, qālū innā muhlikū ahli hāżihil-qaryah(ti), inna ahlahā kānū ẓālimīn(a).",
      "translation": "Ketika utusan-utusan Kami (para malaikat) datang kepada Ibrahim membawa kabar gembira,573) mereka berkata, “Sesungguhnya kami akan membinasakan penduduk negeri ini. Sesungguhnya mereka adalah orang-orang zalim.” ",
      "footnotes": "573) Kabar gembira yang dimaksud adalah bahwa Nabi Ibrahim a.s. akan mendapatkan putra."
    },
    {
      "ayah": 32,
      "quarter_hizb": 40.75,
      "juz": 20,
      "manzil": 5,
      "arabic": "قَالَ اِنَّ فِيْهَا لُوْطًا ۗقَالُوْا نَحْنُ اَعْلَمُ بِمَنْ فِيْهَا ۖ لَنُنَجِّيَنَّهٗ وَاَهْلَهٗٓ اِلَّا امْرَاَتَهٗ كَانَتْ مِنَ الْغٰبِرِيْنَ ",
      "latin": "Qāla inna fīhā lūṭā(n), qālū naḥnu a‘lamu biman fīhā, lanunajjiyannahū wa ahlahū illamra'atahū kānat minal-gābirīn(a).",
      "translation": "Dia (Ibrahim) berkata, “Sesungguhnya di kota itu ada Lut.” Mereka berkata, “Kami lebih tahu siapa yang ada di kota itu. Kami pasti akan menyelamatkan dia dan pengikut-pengikutnya, kecuali istrinya. Dia termasuk (orang-orang kafir) yang tertinggal.” ",
      "footnotes": null
    },
    {
      "ayah": 33,
      "quarter_hizb": 40.75,
      "juz": 20,
      "manzil": 5,
      "arabic": "وَلَمَّآ اَنْ جَاۤءَتْ رُسُلُنَا لُوْطًا سِيْۤءَ بِهِمْ وَضَاقَ بِهِمْ ذَرْعًا وَّقَالُوْا لَا تَخَفْ وَلَا تَحْزَنْ ۗاِنَّا مُنَجُّوْكَ وَاَهْلَكَ اِلَّا امْرَاَتَكَ كَانَتْ مِنَ الْغٰبِرِيْنَ",
      "latin": "Wa lammā an jā'at rusulunā lūṭan sī'a bihim wa ḍāqa bihim żar‘aw wa qālū lā takhaf wa lā taḥzan, innā munajjūka wa ahlaka illamra'ataka kānat minal-gābirīn(a).",
      "translation": "Ketika para utusan Kami datang kepada Lut, ia sedih karena (kedatangan) mereka574) dan merasa tidak mempunyai kekuatan untuk melindunginya. Mereka pun berkata, “Janganlah takut dan jangan sedih. Sesungguhnya kami akan menyelamatkan kamu dan pengikut-pengikutmu, kecuali istrimu. Dia termasuk (orang-orang kafir) yang tertinggal.” ",
      "footnotes": "574) Nabi Lut a.s. merasa sedih akan kedatangan utusan-utusan Allah Swt. itu karena mereka adalah pemuda yang rupawan, sedangkan kaum Lut sangat menyukai pemuda-pemuda yang rupawan untuk diajak melakukan homoseks. Dia merasa tidak sanggup melindungi mereka jika ada gangguan dari kaumnya."
    },
    {
      "ayah": 34,
      "quarter_hizb": 40.75,
      "juz": 20,
      "manzil": 5,
      "arabic": "اِنَّا مُنْزِلُوْنَ عَلٰٓى اَهْلِ هٰذِهِ الْقَرْيَةِ رِجْزًا مِّنَ السَّمَاۤءِ بِمَا كَانُوْا يَفْسُقُوْنَ ",
      "latin": "Innā munzilūna ‘alā ahli hāżihil-qaryati rijzam minas-samā'i bimā kānū yafsuqūn(a).",
      "translation": "Sesungguhnya Kami akan menurunkan suatu azab dari langit kepada penduduk negeri ini karena mereka selalu berbuat fasik. ",
      "footnotes": null
    },
    {
      "ayah": 35,
      "quarter_hizb": 40.75,
      "juz": 20,
      "manzil": 5,
      "arabic": "وَلَقَدْ تَّرَكْنَا مِنْهَآ اٰيَةً ۢ بَيِّنَةً لِّقَوْمٍ يَّعْقِلُوْنَ ",
      "latin": "Wa laqad taraknā minhā āyatam bayyinatal liqaumiy ya‘qilūn(a).",
      "translation": "Sungguh, benar-benar telah Kami tinggalkan darinya suatu tanda yang nyata575) bagi kaum yang berpikir.",
      "footnotes": "575) Tanda yang nyata adalah bekas-bekas reruntuhan kota Sodom, negeri kaum Nabi Lut a.s."
    },
    {
      "ayah": 36,
      "quarter_hizb": 40.75,
      "juz": 20,
      "manzil": 5,
      "arabic": "وَاِلٰى مَدْيَنَ اَخَاهُمْ شُعَيْبًاۙ فَقَالَ يٰقَوْمِ اعْبُدُوا اللّٰهَ وَارْجُوا الْيَوْمَ الْاٰخِرَ وَلَا تَعْثَوْا فِى الْاَرْضِ مُفْسِدِيْنَ ۖ",
      "latin": "Wa ilā madyana akhāhum syu‘aibā(n), faqāla yā qaumi‘budullāha warjul-yaumal-ākhira wa lā ta‘ṡau fil-arḍi mufsidīn(a).",
      "translation": "Kepada penduduk Madyan (Kami utus) saudara mereka, (yaitu) Syuʻaib. Dia berkata, “Wahai kaumku, sembahlah Allah, harapkanlah (pahala) hari akhir, dan janganlah berkeliaran di bumi untuk berbuat kerusakan.” ",
      "footnotes": null
    },
    {
      "ayah": 37,
      "quarter_hizb": 40.75,
      "juz": 20,
      "manzil": 5,
      "arabic": "فَكَذَّبُوْهُ فَاَخَذَتْهُمُ الرَّجْفَةُ فَاَصْبَحُوْا فِيْ دَارِهِمْ جٰثِمِيْنَ ۙ",
      "latin": "Fa każżabūhu fa'akhażathumur-rajfatu fa'aṣbaḥū fī dārihim jāṡimīn(a).",
      "translation": "Mereka mendustakannya. Maka, gempa dahsyat menimpa mereka. Lalu, jadilah mereka (mayat-mayat yang) bergelimpangan di tempat tinggalnya.",
      "footnotes": null
    },
    {
      "ayah": 38,
      "quarter_hizb": 40.75,
      "juz": 20,
      "manzil": 5,
      "arabic": "وَعَادًا وَّثَمُوْدَا۟ وَقَدْ تَّبَيَّنَ لَكُمْ مِّنْ مَّسٰكِنِهِمْۗ وَزَيَّنَ لَهُمُ الشَّيْطٰنُ اَعْمَالَهُمْ فَصَدَّهُمْ عَنِ السَّبِيْلِ وَكَانُوْا مُسْتَبْصِرِيْنَ ۙ",
      "latin": "Wa ‘ādaw wa ṡamūda wa qat tabayyana lakum mim masākinihim, wa zayyana lahumusy-syaiṭānu a‘mālahum faṣaddahum ‘anis-sabīli wa kānū mustabṣirīn(a).",
      "translation": "Juga (ingatlah kaum) ‘Ad dan Samud. Sungguh telah nyata bagi kamu (kehancuran mereka) dari (puing-puing) tempat tinggal mereka. Setan menjadikan terasa indah perbuatan (buruk) mereka, sehingga menghalangi mereka dari jalan (Allah), sedangkan mereka dahulu adalah orang-orang yang berpandangan tajam, ",
      "footnotes": null
    },
    {
      "ayah": 39,
      "quarter_hizb": 40.75,
      "juz": 20,
      "manzil": 5,
      "arabic": "وَقَارُوْنَ وَفِرْعَوْنَ وَهَامٰنَۗ وَلَقَدْ جَاۤءَهُمْ مُّوْسٰى بِالْبَيِّنٰتِ فَاسْتَكْبَرُوْا فِى الْاَرْضِ وَمَا كَانُوْا سٰبِقِيْنَ ۚ",
      "latin": "Wa qārūna wa fir‘auna wa hāmān(a), wa laqad jā'ahum mūsā bil-bayyināti fastakbarū fil-arḍi wa mā kānū sābiqīn(a).",
      "translation": "dan (juga) Qarun, Fir‘aun, dan Haman. Sungguh, benar-benar telah datang kepada mereka Musa dengan (membawa) keterangan-keterangan yang nyata. Tetapi mereka berlaku sombong di bumi, dan mereka orang-orang yang tidak luput (dari azab Allah).",
      "footnotes": null
    },
    {
      "ayah": 40,
      "quarter_hizb": 40.75,
      "juz": 20,
      "manzil": 5,
      "arabic": "فَكُلًّا اَخَذْنَا بِذَنْۢبِهٖۙ فَمِنْهُمْ مَّنْ اَرْسَلْنَا عَلَيْهِ حَاصِبًا ۚوَمِنْهُمْ مَّنْ اَخَذَتْهُ الصَّيْحَةُ ۚوَمِنْهُمْ مَّنْ خَسَفْنَا بِهِ الْاَرْضَۚ وَمِنْهُمْ مَّنْ اَغْرَقْنَاۚ وَمَا كَانَ اللّٰهُ لِيَظْلِمَهُمْ وَلٰكِنْ كَانُوْٓا اَنْفُسَهُمْ يَظْلِمُوْنَ",
      "latin": "Fakullan akhażnā biżambih(ī), faminhum man arsalnā ‘alaihi ḥāṣibā(n), wa minhum man akhażathuṣ-ṣaiḥah(tu), wa minhum man khasafnā bihil-arḍ(a), wa minhum man agraqnā, wa mā kānallāhu liyaẓlimahum wa lākin kānū anfusahum yaẓlimūn(a).",
      "translation": "Masing-masing (dari mereka) Kami azab karena dosanya. Di antara mereka ada yang Kami timpakan angin kencang (yang mengandung) batu kerikil, ada yang ditimpa suara keras yang mengguntur, ada yang Kami benamkan ke dalam bumi, dan ada pula yang Kami tenggelamkan. Tidaklah Allah menzalimi mereka, tetapi merekalah yang menzalimi dirinya sendiri. ",
      "footnotes": null
    },
    {
      "ayah": 41,
      "quarter_hizb": 40.75,
      "juz": 20,
      "manzil": 5,
      "arabic": "مَثَلُ الَّذِيْنَ اتَّخَذُوْا مِنْ دُوْنِ اللّٰهِ اَوْلِيَاۤءَ كَمَثَلِ الْعَنْكَبُوْتِۚ اِتَّخَذَتْ بَيْتًاۗ وَاِنَّ اَوْهَنَ الْبُيُوْتِ لَبَيْتُ الْعَنْكَبُوْتِۘ لَوْ كَانُوْا يَعْلَمُوْنَ ",
      "latin": "Maṡalul-lażīnattakhażū min dūnillāhi auliyā'a kamaṡalil-‘ankabūt(i), ittakhażat baitā(n), wa inna auhanal-buyūti labaitul-‘ankabūt(i), lau kānū ya‘lamūn(a).",
      "translation": "Perumpamaan orang-orang yang menjadikan selain Allah sebagai pelindung576) adalah seperti laba-laba betina yang membuat rumah. Sesungguhnya rumah yang paling lemah ialah rumah laba-laba. Jika mereka tahu, (niscaya tidak akan menyembahnya). ",
      "footnotes": "576) Lihat catatan kaki surah Āli ‘Imrān (3): 28."
    },
    {
      "ayah": 42,
      "quarter_hizb": 40.75,
      "juz": 20,
      "manzil": 5,
      "arabic": "اِنَّ اللّٰهَ يَعْلَمُ مَا يَدْعُوْنَ مِنْ دُوْنِهٖ مِنْ شَيْءٍۗ وَهُوَ الْعَزِيْزُ الْحَكِيْمُ ",
      "latin": "Innallāha ya‘lamu mā yad‘ūna min dūnihī min syai'(in), wa huwal-‘azīzul-ḥakīm(u). ",
      "translation": "Sesungguhnya Allah mengetahui apa saja yang mereka sembah selain Dia. Dialah Yang Maha Perkasa lagi Maha Bijaksana.",
      "footnotes": null
    },
    {
      "ayah": 43,
      "quarter_hizb": 40.75,
      "juz": 20,
      "manzil": 5,
      "arabic": "وَتِلْكَ الْاَمْثَالُ نَضْرِبُهَا لِلنَّاسِۚ وَمَا يَعْقِلُهَآ اِلَّا الْعٰلِمُوْنَ ",
      "latin": "Wa tilkal-amṡālu naḍribuhā lin-nās(i), wa mā ya‘qiluhā illal-‘ālimūn(a).",
      "translation": "Perumpamaan-perumpamaan itu Kami buat untuk manusia. Namun, tidak ada yang memahaminya, kecuali orang-orang yang berilmu. ",
      "footnotes": null
    },
    {
      "ayah": 44,
      "quarter_hizb": 40.75,
      "juz": 20,
      "manzil": 5,
      "arabic": "خَلَقَ اللّٰهُ السَّمٰوٰتِ وَالْاَرْضَ بِالْحَقِّۗ اِنَّ فِيْ ذٰلِكَ لَاٰيَةً لِّلْمُؤْمِنِيْنَ ࣖ   ۔",
      "latin": "Khalaqallāhus-samāwāti wal-arḍa bil-ḥaqq(i), inna fī żālika la'āyatal lil-mu'minīn(a).",
      "translation": "Allah menciptakan langit dan bumi dengan hak.577) Sesungguhnya pada yang demikian itu benar-benar terdapat tanda (kebesaran Allah) bagi orang-orang mukmin.",
      "footnotes": "577) Allah Swt. menciptakan semua yang disebutkan itu bukan dengan percuma, melainkan dengan penuh hikmah."
    },
    {
      "ayah": 45,
      "quarter_hizb": 40.75,
      "juz": 21,
      "manzil": 5,
      "arabic": "اُتْلُ مَآ اُوْحِيَ اِلَيْكَ مِنَ الْكِتٰبِ وَاَقِمِ الصَّلٰوةَۗ اِنَّ الصَّلٰوةَ تَنْهٰى عَنِ الْفَحْشَاۤءِ وَالْمُنْكَرِ ۗوَلَذِكْرُ اللّٰهِ اَكْبَرُ ۗوَاللّٰهُ يَعْلَمُ مَا تَصْنَعُوْنَ",
      "latin": "Utlu mā ūḥiya ilaika minal-kitābi wa aqimiṣ-ṣalāh(ta), innaṣ-ṣalāta tanhā ‘anil-faḥsyā'i wal-munkar(i), wa lażikrullāhi akbar(u), wallāhu ya‘lamu mā taṣna‘ūn(a).",
      "translation": "Bacalah (Nabi Muhammad) Kitab (Al-Qur’an) yang telah diwahyukan kepadamu dan tegakkanlah salat. Sesungguhnya salat itu mencegah dari (perbuatan) keji dan mungkar. Sungguh, mengingat Allah (salat) itu lebih besar (keutamaannya daripada ibadah yang lain). Allah mengetahui apa yang kamu kerjakan. ",
      "footnotes": null
    },
    {
      "ayah": 46,
      "quarter_hizb": 41,
      "juz": 21,
      "manzil": 5,
      "arabic": "۞ وَلَا تُجَادِلُوْٓا اَهْلَ الْكِتٰبِ اِلَّا بِالَّتِيْ هِيَ اَحْسَنُۖ اِلَّا الَّذِيْنَ ظَلَمُوْا مِنْهُمْ وَقُوْلُوْٓا اٰمَنَّا بِالَّذِيْٓ اُنْزِلَ اِلَيْنَا وَاُنْزِلَ اِلَيْكُمْ وَاِلٰهُنَا وَاِلٰهُكُمْ وَاحِدٌ وَّنَحْنُ لَهٗ مُسْلِمُوْنَ",
      "latin": "Wa lā tujādilū ahlal-kitābi illā bil-latī hiya aḥsan(u), illal-lażīna ẓalamū minhum wa qūlū āmannā bil-lażī unzila ilainā wa unzila ilaikum wa ilāhunā wa ilāhukum wāḥiduw wa naḥnu lahū muslimūn(a).",
      "translation": "Janganlah kamu mendebat Ahlulkitab melainkan dengan cara yang lebih baik, kecuali terhadap orang-orang yang berbuat zalim di antara mereka. Katakanlah, “Kami beriman pada (kitab) yang diturunkan kepada kami dan yang diturunkan kepadamu. Tuhan kami dan Tuhanmu adalah satu. Hanya kepada-Nya kami berserah diri.”",
      "footnotes": null
    },
    {
      "ayah": 47,
      "quarter_hizb": 41,
      "juz": 21,
      "manzil": 5,
      "arabic": "وَكَذٰلِكَ اَنْزَلْنَآ اِلَيْكَ الْكِتٰبَۗ فَالَّذِيْنَ اٰتَيْنٰهُمُ الْكِتٰبَ يُؤْمِنُوْنَ بِهٖۚ وَمِنْ هٰٓؤُلَاۤءِ مَنْ يُّؤْمِنُ بِهٖۗ وَمَا يَجْحَدُ بِاٰيٰتِنَآ اِلَّا الْكٰفِرُوْنَ",
      "latin": "Wa każālika anzalnā ilaikal-kitāb(a), fal-lażīna ātaināhumul-kitāba yu'minūna bih(ī), wa min hā'ulā'i may yu'minu bih(ī), wa mā yajḥadu bi'āyātinā illal-kāfirūn(a).",
      "translation": "Demikianlah Kami turunkan Kitab (Al-Qur’an) kepadamu. Adapun orang-orang yang telah Kami berikan Kitab (Taurat dan Injil), mereka beriman kepadanya (Al-Qur’an). Di antara mereka (orang-orang kafir Makkah), ada (pula) yang beriman kepadanya. Tidaklah mengingkari ayat-ayat Kami, kecuali orang-orang kafir. ",
      "footnotes": null
    },
    {
      "ayah": 48,
      "quarter_hizb": 41,
      "juz": 21,
      "manzil": 5,
      "arabic": "وَمَا كُنْتَ تَتْلُوْا مِنْ قَبْلِهٖ مِنْ كِتٰبٍ وَّلَا تَخُطُّهٗ بِيَمِيْنِكَ اِذًا لَّارْتَابَ الْمُبْطِلُوْنَ",
      "latin": "Wa mā kunta tatlū min qablihī min kitābiw wa lā takhuṭṭuhū biyamīnika iżal lartābal-mubṭilūn(a).",
      "translation": "Engkau (Nabi Muhammad) tidak pernah membaca suatu kitab pun sebelumnya (Al-Qur’an) dan tidak (pula) menuliskannya dengan tangan kananmu. Sekiranya (engkau pernah membaca dan menulis,) niscaya orang-orang yang mengingkarinya ragu (bahwa ia dari Allah). ",
      "footnotes": null
    },
    {
      "ayah": 49,
      "quarter_hizb": 41,
      "juz": 21,
      "manzil": 5,
      "arabic": "بَلْ هُوَ اٰيٰتٌۢ بَيِّنٰتٌ فِيْ صُدُوْرِ الَّذِيْنَ اُوْتُوا الْعِلْمَۗ وَمَا يَجْحَدُ بِاٰيٰتِنَآ اِلَّا الظّٰلِمُوْنَ",
      "latin": "Bal huwa āyātum bayyinātun fī ṣudūril-lażīna ūtul-‘ilm(a), wa mā yajḥadu bi'āyātinā illaẓ-ẓālimūn(a).",
      "translation": "Sebenarnya, ia (Al-Qur’an) adalah ayat-ayat yang jelas di dalam dada orang-orang yang berilmu. Tidaklah mengingkari ayat-ayat Kami, kecuali orang-orang zalim.",
      "footnotes": null
    },
    {
      "ayah": 50,
      "quarter_hizb": 41,
      "juz": 21,
      "manzil": 5,
      "arabic": "وَقَالُوْا لَوْلَآ اُنْزِلَ عَلَيْهِ اٰيٰتٌ مِّنْ رَّبِّهٖ ۗ قُلْ اِنَّمَا الْاٰيٰتُ عِنْدَ اللّٰهِ ۗوَاِنَّمَآ اَنَا۠ نَذِيْرٌ مُّبِيْنٌ",
      "latin": "Wa qālū lau lā unzila ‘alaihi āyātum mir rabbih(ī), qul innamal-āyātu ‘indallāh(i), wa innamā ana nażīrum mubīn(un).",
      "translation": "Mereka (orang-orang kafir) berkata, “Mengapa tidak diturunkan kepadanya bukti-bukti (mukjizat) dari Tuhannya?” Katakanlah (Nabi Muhammad), “Bukti-bukti (mukjizat) itu hanya ada di sisi Allah, sedangkan aku hanyalah pemberi peringatan yang jelas.”",
      "footnotes": null
    },
    {
      "ayah": 51,
      "quarter_hizb": 41,
      "juz": 21,
      "manzil": 5,
      "arabic": "اَوَلَمْ يَكْفِهِمْ اَنَّآ اَنْزَلْنَا عَلَيْكَ الْكِتٰبَ يُتْلٰى عَلَيْهِمْ ۗاِنَّ فِيْ ذٰلِكَ لَرَحْمَةً وَّذِكْرٰى لِقَوْمٍ يُّؤْمِنُوْنَ ࣖ ",
      "latin": "Awalam yakfihim annā anzalnā ‘alaikal-kitāba yutlā ‘alaihim, inna fī żālika laraḥmataw wa żikrā liqaumiy yu'minūn(a).",
      "translation": "Tidak cukupkah bagi mereka bahwa Kami menurunkan Kitab (Al-Qur’an) kepadamu yang dibacakan kepada mereka? Sesungguhnya di dalam (Al-Qur’an) itu benar-benar terdapat rahmat dan pelajaran bagi orang-orang yang beriman. ",
      "footnotes": null
    },
    {
      "ayah": 52,
      "quarter_hizb": 41,
      "juz": 21,
      "manzil": 5,
      "arabic": "قُلْ كَفٰى بِاللّٰهِ بَيْنِيْ وَبَيْنَكُمْ شَهِيْدًاۚ يَعْلَمُ مَا فِى السَّمٰوٰتِ وَالْاَرْضِۗ وَالَّذِيْنَ اٰمَنُوْا بِالْبَاطِلِ وَكَفَرُوْا بِاللّٰهِ اُولٰۤىِٕكَ هُمُ الْخٰسِرُوْنَ",
      "latin": "Qul kafā billāhi bainī wa bainakum syahīdā(n), ya‘lamu mā fis-samāwāti wal-arḍ(i), wal-lażīna āmanū bil-bāṭili wa kafarū billāhi ulā'ika humul-khāsirūn(a).",
      "translation": "Katakanlah (Nabi Muhammad), “Cukuplah Allah menjadi saksi antara aku dan kamu. Dia mengetahui apa yang ada di langit dan di bumi. Orang-orang yang memercayai kebatilan dan kufur kepada Allah, mereka itulah orang-orang yang rugi.” ",
      "footnotes": null
    },
    {
      "ayah": 53,
      "quarter_hizb": 41,
      "juz": 21,
      "manzil": 5,
      "arabic": "وَيَسْتَعْجِلُوْنَكَ بِالْعَذَابِۗ وَلَوْلَآ اَجَلٌ مُّسَمًّى لَّجَاۤءَهُمُ الْعَذَابُۗ وَلَيَأْتِيَنَّهُمْ بَغْتَةً وَّهُمْ لَا يَشْعُرُوْنَ",
      "latin": "Wa yasta‘jilūnaka bil-‘ażāb(i), wa lau lā ajalum musammal lajā'ahumul-‘ażāb(u), wa laya'tiyannahum bagtataw wa hum lā yasy‘urūn(a).",
      "translation": "Mereka minta agar engkau menyegerakan (datangnya) azab. Kalau bukan karena waktunya telah ditetapkan, niscaya azab datang kepada mereka. (Azab itu) benar-benar akan datang kepada mereka dengan tiba-tiba, sedangkan mereka tidak menyadarinya. ",
      "footnotes": null
    },
    {
      "ayah": 54,
      "quarter_hizb": 41,
      "juz": 21,
      "manzil": 5,
      "arabic": "يَسْتَعْجِلُوْنَكَ بِالْعَذَابِۗ وَاِنَّ جَهَنَّمَ لَمُحِيْطَةٌ ۢبِالْكٰفِرِيْنَۙ",
      "latin": "Yasta‘jilūnaka bil-‘ażāb(i), wa inna jahannama lamuḥīṭatum bil-kāfirīn(a).",
      "translation": "Mereka minta agar engkau menyegerakan (turunnya) azab. Sesungguhnya (neraka) Jahanam benar-benar meliputi orang-orang kafir ",
      "footnotes": null
    },
    {
      "ayah": 55,
      "quarter_hizb": 41,
      "juz": 21,
      "manzil": 5,
      "arabic": "يَوْمَ يَغْشٰىهُمُ الْعَذَابُ مِنْ فَوْقِهِمْ وَمِنْ تَحْتِ اَرْجُلِهِمْ وَيَقُوْلُ ذُوْقُوْا مَا كُنْتُمْ تَعْمَلُوْنَ",
      "latin": "Yauma yagsyāhumul-‘ażābu min fauqihim wa min taḥti arjulihim wa yaqūlu żūqū mā kuntum ta‘malūn(a).",
      "translation": "pada hari (ketika) azab menutupi mereka dari atas dan dari bawah kakinya. (Allah) berfirman, “Rasakanlah (balasan) apa yang selama ini kamu kerjakan!”",
      "footnotes": null
    },
    {
      "ayah": 56,
      "quarter_hizb": 41,
      "juz": 21,
      "manzil": 5,
      "arabic": "يٰعِبَادِيَ الَّذِيْنَ اٰمَنُوْٓا اِنَّ اَرْضِيْ وَاسِعَةٌ فَاِيَّايَ فَاعْبُدُوْنِ",
      "latin": "Yā ‘ibādiyal-lażīna āmanū inna arḍī wāsi‘atun fa iyyāya fa‘budūn(i).",
      "translation": "Wahai hamba-hamba-Ku yang beriman, sesungguhnya bumi-Ku itu luas, maka menyembahlah hanya kepada-Ku. ",
      "footnotes": null
    },
    {
      "ayah": 57,
      "quarter_hizb": 41,
      "juz": 21,
      "manzil": 5,
      "arabic": "كُلُّ نَفْسٍ ذَاۤىِٕقَةُ الْمَوْتِۗ ثُمَّ اِلَيْنَا تُرْجَعُوْنَ",
      "latin": "Kullu nafsin żā'iqatul-maut(i), ṡumma ilainā turja‘ūn(a).",
      "translation": "Setiap yang bernyawa pasti akan merasakan kematian. Kemudian, hanya kepada Kami kamu dikembalikan. ",
      "footnotes": null
    },
    {
      "ayah": 58,
      "quarter_hizb": 41,
      "juz": 21,
      "manzil": 5,
      "arabic": "وَالَّذِيْنَ اٰمَنُوْا وَعَمِلُوا الصّٰلِحٰتِ لَنُبَوِّئَنَّهُمْ مِّنَ الْجَنَّةِ غُرَفًا تَجْرِيْ مِنْ تَحْتِهَا الْاَنْهٰرُ خٰلِدِيْنَ فِيْهَاۗ نِعْمَ اَجْرُ الْعٰمِلِيْنَۖ",
      "latin": "Wal-lażīna āmanū wa ‘amiluṣ-ṣāliḥāti lanubawwi'annahum minal-jannati gurafan tajrī min taḥtihal-anhāru khālidīna fīhā, ni‘ma ajrul-‘āmilīn(a).",
      "translation": "Orang-orang yang beriman dan beramal saleh benar-benar akan Kami tempatkan mereka pada tempat tinggal yang mulia di dalam surga. Mengalir di bawahnya sungai-sungai (dan) mereka kekal di dalamnya. Itulah sebaik-baik balasan bagi orang-orang yang beramal (saleh). ",
      "footnotes": null
    },
    {
      "ayah": 59,
      "quarter_hizb": 41,
      "juz": 21,
      "manzil": 5,
      "arabic": "الَّذِيْنَ صَبَرُوْا وَعَلٰى رَبِّهِمْ يَتَوَكَّلُوْنَ",
      "latin": "Al-lażīna ṣabarū wa ‘alā rabbihim yatawakkalūn(a).",
      "translation": "(Yaitu) orang-orang yang bersabar dan bertawakal kepada Tuhannya. ",
      "footnotes": null
    },
    {
      "ayah": 60,
      "quarter_hizb": 41,
      "juz": 21,
      "manzil": 5,
      "arabic": "وَكَاَيِّنْ مِّنْ دَاۤبَّةٍ لَّا تَحْمِلُ رِزْقَهَاۖ اللّٰهُ يَرْزُقُهَا وَاِيَّاكُمْ وَهُوَ السَّمِيْعُ الْعَلِيْمُ",
      "latin": "Wa ka'ayyim min dābbatil lā taḥmilu rizqahā, allāhu yarzuquhā wa iyyākum, wa huwas-samī‘ul-‘alīm(u).",
      "translation": "Betapa banyak hewan bergerak yang tidak dapat mengusahakan rezekinya sendiri. Allahlah yang memberi rezeki kepadanya dan kepadamu. Dia Maha Mendengar lagi Maha Mengetahui. ",
      "footnotes": null
    },
    {
      "ayah": 61,
      "quarter_hizb": 41,
      "juz": 21,
      "manzil": 5,
      "arabic": "وَلَىِٕنْ سَاَلْتَهُمْ مَّنْ خَلَقَ السَّمٰوٰتِ وَالْاَرْضَ وَسَخَّرَ الشَّمْسَ وَالْقَمَرَ لَيَقُوْلُنَّ اللّٰهُ ۗفَاَنّٰى يُؤْفَكُوْنَ",
      "latin": "Wa la'in sa'altahum man khalaqas-samāwāti wal-arḍa wa sakhkharasy-syamsa wal-qamara layaqūlunnallāh(u), fa'annā yu'fakūn(a).",
      "translation": "Jika engkau bertanya kepada mereka, “Siapakah yang menciptakan langit dan bumi serta menundukkan matahari dan bulan,” pasti mereka akan menjawab, “Allah.” Maka, mengapa mereka bisa dipalingkan? ",
      "footnotes": null
    },
    {
      "ayah": 62,
      "quarter_hizb": 41,
      "juz": 21,
      "manzil": 5,
      "arabic": "اَللّٰهُ يَبْسُطُ الرِّزْقَ لِمَنْ يَّشَاۤءُ مِنْ عِبَادِهٖ وَيَقْدِرُ لَهٗ ۗاِنَّ اللّٰهَ بِكُلِّ شَيْءٍ عَلِيْمٌ",
      "latin": "Allāhu yabsuṭur-rizqa limay yasyā'u min ‘ibādihī wa yaqdiru lah(ū), innallāha bikulli syai'in ‘alīm(un).",
      "translation": "Allah melapangkan rezeki bagi orang yang Dia kehendaki di antara hamba-hamba-Nya dan Dia (pula) yang menyempitkan (rezeki) baginya. Sesungguhnya Allah Maha Mengetahui segala sesuatu. ",
      "footnotes": null
    },
    {
      "ayah": 63,
      "quarter_hizb": 41,
      "juz": 21,
      "manzil": 5,
      "arabic": "وَلَىِٕنْ سَاَلْتَهُمْ مَّنْ نَّزَّلَ مِنَ السَّمَاۤءِ مَاۤءً فَاَحْيَا بِهِ الْاَرْضَ مِنْۢ بَعْدِ مَوْتِهَا لَيَقُوْلُنَّ اللّٰهُ ۙقُلِ الْحَمْدُ لِلّٰهِ ۗبَلْ اَكْثَرُهُمْ لَا يَعْقِلُوْنَ ࣖ",
      "latin": "Wa la'in sa'altahum man nazzala minas-samā'i mā'an fa'aḥyā bihil-arḍa mim ba‘di mautihā layaqūlunnallāh(u), qulil-ḥamdu lillāh(i), bal akṡaruhum lā ya‘qilūn(a).",
      "translation": "Jika engkau bertanya kepada mereka, “Siapakah yang menurunkan air dari langit, lalu dengan (air) itu menghidupkan bumi setelah mati,” pasti mereka akan menjawab, “Allah.” Katakanlah, “Segala puji bagi Allah.” Akan tetapi, kebanyakan mereka tidak mengerti. ",
      "footnotes": null
    },
    {
      "ayah": 64,
      "quarter_hizb": 41,
      "juz": 21,
      "manzil": 5,
      "arabic": "وَمَا هٰذِهِ الْحَيٰوةُ الدُّنْيَآ اِلَّا لَهْوٌ وَّلَعِبٌۗ وَاِنَّ الدَّارَ الْاٰخِرَةَ لَهِيَ الْحَيَوَانُۘ لَوْ كَانُوْا يَعْلَمُوْنَ",
      "latin": "Wa mā hāżihil-ḥayātud-dun-yā illā lahwuw wa la‘ib(un), wa innad-dāral-ākhirata  lahiyal-ḥayawān(u), lau kānū ya‘lamūn(a).",
      "translation": "Kehidupan dunia ini tidak lain hanyalah senda gurau dan permainan. Sesungguhnya negeri akhirat itulah kehidupan yang sebenarnya seandainya mereka mengetahui. ",
      "footnotes": null
    },
    {
      "ayah": 65,
      "quarter_hizb": 41,
      "juz": 21,
      "manzil": 5,
      "arabic": "فَاِذَا رَكِبُوْا فِى الْفُلْكِ دَعَوُا اللّٰهَ مُخْلِصِيْنَ لَهُ الدِّيْنَ ەۚ فَلَمَّا نَجّٰىهُمْ اِلَى الْبَرِّ اِذَا هُمْ يُشْرِكُوْنَۙ ",
      "latin": "Fa'iżā rakibū fil-fulki da‘awullāha mukhliṣīna lahud-dīn(a), falammā najjāhum ilal-barri iżā hum yusyrikūn(a).",
      "translation": "Apabila naik ke dalam bahtera, mereka berdoa kepada Allah dengan penuh rasa pengabdian (ikhlas) kepada-Nya. Akan tetapi, ketika Dia (Allah) menyelamatkan mereka sampai ke darat, tiba-tiba mereka (kembali) mempersekutukan (Allah). ",
      "footnotes": null
    },
    {
      "ayah": 66,
      "quarter_hizb": 41,
      "juz": 21,
      "manzil": 5,
      "arabic": "لِيَكْفُرُوْا بِمَآ اٰتَيْنٰهُمْۙ وَلِيَتَمَتَّعُوْاۗ فَسَوْفَ يَعْلَمُوْنَ",
      "latin": "Liyakfurū bimā ātaināhum wa liyatamatta‘ū, fasaufa ya‘lamūn(a). ",
      "translation": "Biarkanlah mereka mengingkari nikmat yang telah Kami anugerahkan kepada mereka dan biarkanlah mereka (hidup) bersenang-senang (dalam kekafiran). Kelak mereka akan mengetahui (akibat perbuatannya). ",
      "footnotes": null
    },
    {
      "ayah": 67,
      "quarter_hizb": 41,
      "juz": 21,
      "manzil": 5,
      "arabic": "اَوَلَمْ يَرَوْا اَنَّا جَعَلْنَا حَرَمًا اٰمِنًا وَّيُتَخَطَّفُ النَّاسُ مِنْ حَوْلِهِمْۗ اَفَبِالْبَاطِلِ يُؤْمِنُوْنَ وَبِنِعْمَةِ اللّٰهِ يَكْفُرُوْنَ",
      "latin": "Awalam yarau annā ja‘alnā ḥaraman āminaw wa yutakhaṭṭafun-nāsu min ḥaulihim, afabil-bāṭili yu'minūna wa bini‘matillāhi yakfurūn(a).",
      "translation": "Tidakkah mereka memperhatikan bahwa Kami telah menjadikan (negeri mereka) tanah suci yang aman, padahal manusia di sekitarnya sering mengalami penculikan? Mengapa (setelah nyata kebenaran) mereka masih percaya kepada yang batil dan ingkar kepada nikmat Allah?",
      "footnotes": null
    },
    {
      "ayah": 68,
      "quarter_hizb": 41,
      "juz": 21,
      "manzil": 5,
      "arabic": "وَمَنْ اَظْلَمُ مِمَّنِ افْتَرٰى عَلَى اللّٰهِ كَذِبًا اَوْ كَذَّبَ بِالْحَقِّ لَمَّا جَاۤءَهٗ ۗ اَلَيْسَ فِيْ جَهَنَّمَ مَثْوًى لِّلْكٰفِرِيْنَ",
      "latin": "Wa man aẓlamu mimmaniftarā ‘alallāhi każiban au każżaba bil-ḥaqqi lammā jā'ah(ū), alaisa fī jahannama maṡwal lil-kāfirīn(a).",
      "translation": "Siapakah yang lebih zalim daripada orang yang mengada-adakan kebohongan kepada Allah atau orang yang mendustakan kebenaran578) ketika (kebenaran) itu datang kepadanya? Bukankah dalam (neraka) Jahanam ada tempat bagi orang-orang kafir? ",
      "footnotes": "578) Salah satu bentuk mendustakan kebenaran adalah mendustakan kenabian Muhammad saw."
    },
    {
      "ayah": 69,
      "quarter_hizb": 41,
      "juz": 21,
      "manzil": 5,
      "arabic": "وَالَّذِيْنَ جَاهَدُوْا فِيْنَا لَنَهْدِيَنَّهُمْ سُبُلَنَاۗ وَاِنَّ اللّٰهَ لَمَعَ الْمُحْسِنِيْنَ ࣖ ",
      "latin": "Wal-lażīna jāhadū fīnā lanahdiyannahum subulanā, wa innallāha lama‘al-muḥsinīn(a).",
      "translation": "Orang-orang yang berusaha dengan sungguh-sungguh untuk (mencari keridaan) Kami benar-benar akan Kami tunjukkan kepada mereka jalan-jalan Kami. Sesungguhnya Allah benar-benar bersama orang-orang yang berbuat kebaikan.",
      "footnotes": null
    }
  ]
}