{
  "arabic": " السّجدة",
  "latin": "As-Sajdah",
  "transliteration": "As-Sajdah",
  "translation": "Sajdah",
  "num_ayah": 30,
  "location": "Makkiyah",
  "ayah": [
    {
      "ayah": 1,
      "quarter_hizb": 42,
      "juz": 21,
      "manzil": 5,
      "arabic": " الۤمّۤ ۗ ",
      "latin": "Alif lām mīm.",
      "translation": "Alif Lām Mīm.",
      "footnotes": null
    },
    {
      "ayah": 2,
      "quarter_hizb": 42,
      "juz": 21,
      "manzil": 5,
      "arabic": "تَنْزِيْلُ الْكِتٰبِ لَا رَيْبَ فِيْهِ مِنْ رَّبِّ الْعٰلَمِيْنَۗ ",
      "latin": "Tanzīlul-kitābi lā raiba fīhi mir rabbil-‘ālamīn(a).",
      "translation": "Turunnya Al-Qur’an yang tidak ada keraguan di dalamnya berasal dari Tuhan semesta alam.",
      "footnotes": null
    },
    {
      "ayah": 3,
      "quarter_hizb": 42,
      "juz": 21,
      "manzil": 5,
      "arabic": "اَمْ يَقُوْلُوْنَ افْتَرٰىهُ ۚ بَلْ هُوَ الْحَقُّ مِنْ رَّبِّكَ لِتُنْذِرَ قَوْمًا مَّآ اَتٰىهُمْ مِّنْ نَّذِيْرٍ مِّنْ قَبْلِكَ لَعَلَّهُمْ يَهْتَدُوْنَ",
      "latin": "Am yaqūlūnaftarāhu balhuwal-ḥaqqu mir rabbika litunżira qaumam mā atāhum min nażīrim min qablika la‘allahum yahtadūn(a).",
      "translation": "Akan tetapi, mengapa mereka (orang kafir) mengatakan, “Dia (Nabi Muhammad) telah mengada-adakannya.” Sebaliknya, Al-Qur’an itulah kebenaran (yang datang) dari Tuhanmu agar engkau memberi peringatan kepada kaum yang sama sekali belum pernah didatangi seorang pemberi peringatan sebelum engkau. (Demikian ini) agar mereka mendapat petunjuk.",
      "footnotes": null
    },
    {
      "ayah": 4,
      "quarter_hizb": 42,
      "juz": 21,
      "manzil": 5,
      "arabic": "اَللّٰهُ الَّذِيْ خَلَقَ السَّمٰوٰتِ وَالْاَرْضَ وَمَا بَيْنَهُمَا فِيْ سِتَّةِ اَيَّامٍ ثُمَّ اسْتَوٰى عَلَى الْعَرْشِۗ مَا لَكُمْ مِّنْ دُوْنِهٖ مِنْ وَّلِيٍّ وَّلَا شَفِيْعٍۗ  اَفَلَا تَتَذَكَّرُوْنَ",
      "latin": "Allāhul-lażī khalaqas-samāwāti wal-arḍa wa mā bainahumā fī sittati ayyāmin ṡummastawā ‘alal-‘arsy(i), mā lakum min dūnihī miw waliyyiw wa lā syafī‘(in), afalā tatażakkarūn(a).",
      "translation": "Allah adalah Zat yang menciptakan langit dan bumi serta apa yang ada di antara keduanya dalam enam masa, kemudian Dia bersemayam di atas ‘Arasy.604) Bagimu tidak ada seorang pun pelindung dan pemberi syafaat selain Dia. Maka, apakah kamu tidak memperhatikan?",
      "footnotes": "604) Lihat catatan kaki surah al-A‘rāf (7): 54."
    },
    {
      "ayah": 5,
      "quarter_hizb": 42,
      "juz": 21,
      "manzil": 5,
      "arabic": "يُدَبِّرُ الْاَمْرَ مِنَ السَّمَاۤءِ اِلَى الْاَرْضِ ثُمَّ يَعْرُجُ اِلَيْهِ فِيْ يَوْمٍ كَانَ مِقْدَارُهٗٓ اَلْفَ سَنَةٍ مِّمَّا تَعُدُّوْنَ",
      "latin": "Yudabbirul-amra minas-samā'i ilal-arḍi ṡumma ya‘ruju ilaihi fī yaumin kāna miqdāruhū alfa sanatim mimmā ta‘uddūn(a).",
      "translation": "Dia mengatur segala urusan dari langit ke bumi, kemudian (segala urusan) itu naik kepada-Nya605) pada hari yang kadarnya (lamanya) adalah seribu tahun menurut perhitunganmu.",
      "footnotes": "605) Yang dimaksud urusan itu naik kepada-Nya adalah beritanya dibawa oleh malaikat. Ayat ini merupakan tamsil bagi kebesaran Allah Swt. dan keagungan-Nya."
    },
    {
      "ayah": 6,
      "quarter_hizb": 42,
      "juz": 21,
      "manzil": 5,
      "arabic": "ذٰلِكَ عٰلِمُ الْغَيْبِ وَالشَّهَادَةِ الْعَزِيْزُ الرَّحِيْمُۙ ",
      "latin": "Żālika ‘ālimul-gaibi wasy-syahādatil-‘azīzur-raḥīm(u).",
      "translation": "Itu adalah (Tuhan) yang mengetahui yang gaib dan yang nyata, Yang Maha Perkasa lagi Maha Penyayang.",
      "footnotes": null
    },
    {
      "ayah": 7,
      "quarter_hizb": 42,
      "juz": 21,
      "manzil": 5,
      "arabic": "الَّذِيْٓ اَحْسَنَ كُلَّ شَيْءٍ خَلَقَهٗ وَبَدَاَ خَلْقَ الْاِنْسَانِ مِنْ طِيْنٍ",
      "latin": "Allażī aḥsana kulla syai'in khalaqahū wa bada'a khalqal-insāni min ṭīn(in).",
      "translation": "(Dia juga) yang memperindah segala sesuatu yang Dia ciptakan dan memulai penciptaan manusia dari tanah.",
      "footnotes": null
    },
    {
      "ayah": 8,
      "quarter_hizb": 42,
      "juz": 21,
      "manzil": 5,
      "arabic": "ثُمَّ جَعَلَ نَسْلَهٗ مِنْ سُلٰلَةٍ مِّنْ مَّاۤءٍ مَّهِيْنٍ ۚ ",
      "latin": "Ṡumma ja‘ala naslahū min sulālatim mim mā'im mahīn(in).",
      "translation": "Kemudian, Dia menjadikan keturunannya dari sari pati air yang hina (air mani).",
      "footnotes": null
    },
    {
      "ayah": 9,
      "quarter_hizb": 42,
      "juz": 21,
      "manzil": 5,
      "arabic": "ثُمَّ سَوّٰىهُ وَنَفَخَ فِيْهِ مِنْ رُّوْحِهٖ وَجَعَلَ لَكُمُ السَّمْعَ وَالْاَبْصَارَ وَالْاَفْـِٕدَةَۗ قَلِيْلًا مَّا تَشْكُرُوْنَ ",
      "latin": "Ṡumma sawwāhu wa nafakha fīhi mir rūḥihī wa ja‘ala lakumus-sam‘a wal-abṣāra wal-af'idah(ta), qalīlam mā tasykurūn(a).",
      "translation": "Kemudian, Dia menyempurnakannya dan meniupkan roh (ciptaan)-Nya ke dalam (tubuh)-nya. Dia menjadikan pendengaran, penglihatan, dan hati nurani untukmu. Sedikit sekali kamu bersyukur.",
      "footnotes": null
    },
    {
      "ayah": 10,
      "quarter_hizb": 42,
      "juz": 21,
      "manzil": 5,
      "arabic": "وَقَالُوْٓا ءَاِذَا ضَلَلْنَا فِى الْاَرْضِ ءَاِنَّا لَفِيْ خَلْقٍ جَدِيْدٍ ەۗ بَلْ هُمْ بِلِقَاۤءِ رَبِّهِمْ كٰفِرُوْنَ ",
      "latin": "Wa qālū a'iżā ḍalalnā fil-arḍi a'innā lafī khalqin jadīd(in), bal hum biliqā'i rabbihim kāfirūn(a).",
      "translation": "Mereka berkata, “Apakah apabila kami telah lenyap (hancur) di dalam tanah, kami akan (kembali) dalam ciptaan yang baru?”606) Bahkan (bukan hanya itu), mereka pun mengingkari pertemuan dengan Tuhannya.",
      "footnotes": "606) Mereka dihidupkan kembali untuk menerima balasan Allah Swt. pada hari Kiamat."
    },
    {
      "ayah": 11,
      "quarter_hizb": 42.25,
      "juz": 21,
      "manzil": 5,
      "arabic": "۞ قُلْ يَتَوَفّٰىكُمْ مَّلَكُ الْمَوْتِ الَّذِيْ وُكِّلَ بِكُمْ ثُمَّ اِلٰى رَبِّكُمْ تُرْجَعُوْنَ ࣖ ",
      "latin": "Qul yatawaffākum malakul-mautil-lażī wukkila bikum ṡumma ilā rabbikum turja‘ūn(a).",
      "translation": "Katakanlah, “Malaikat maut yang diserahi (tugas) untuk (mencabut nyawa)-mu akan mematikanmu, kemudian kepada Tuhanmulah kamu akan dikembalikan.”",
      "footnotes": null
    },
    {
      "ayah": 12,
      "quarter_hizb": 42.25,
      "juz": 21,
      "manzil": 5,
      "arabic": "وَلَوْ تَرٰىٓ اِذِ الْمُجْرِمُوْنَ نَاكِسُوْا رُءُوْسِهِمْ عِنْدَ رَبِّهِمْۗ رَبَّنَآ اَبْصَرْنَا وَسَمِعْنَا فَارْجِعْنَا نَعْمَلْ صَالِحًا اِنَّا مُوْقِنُوْنَ ",
      "latin": "Wa lau tarā iżil-mujrimūna nākisū ru'ūsihim ‘inda rabbihim, rabbanā abṣarnā wa sami‘nā farji‘nā na‘mal ṣāliḥan innā mūqinūn(a).",
      "translation": "Sekiranya kamu melihat orang-orang yang berdosa itu menundukkan kepalanya di hadapan Tuhannya, (kamu akan melihat sesuatu yang sangat luar biasa dan mereka berkata,) “Ya Tuhan kami, kami telah melihat (hari Kiamat yang kami ingkari) dan mendengar (dari-Mu kebenaran ucapan rasul-rasul-Mu). Maka, kembalikanlah kami (ke dunia), niscaya kami akan beramal saleh. Sesungguhnya kami (sekarang) adalah orang-orang yang yakin (akan adanya hari Kiamat).”",
      "footnotes": null
    },
    {
      "ayah": 13,
      "quarter_hizb": 42.25,
      "juz": 21,
      "manzil": 5,
      "arabic": "وَلَوْ شِئْنَا لَاٰتَيْنَا كُلَّ نَفْسٍ هُدٰىهَا وَلٰكِنْ حَقَّ الْقَوْلُ مِنِّيْ لَاَمْلَـَٔنَّ جَهَنَّمَ مِنَ الْجِنَّةِ وَالنَّاسِ اَجْمَعِيْنَ ",
      "latin": "Wa lau syi'nā la'ātainā kulla nafsin hudāhā wa lākin ḥaqqal-qaulu minnī la'amla'anna  jahannama minal-jinnati wan-nāsi ajma‘īn(a).",
      "translation": "Seandainya Kami menghendaki, niscaya Kami menganugerahkan kepada setiap jiwa petunjuk (bagi)-nya, tetapi telah berlaku ketetapan dari-Ku (bahwa) sungguh Aku pasti akan memenuhi (neraka) Jahanam dengan jin dan manusia bersama-sama.",
      "footnotes": null
    },
    {
      "ayah": 14,
      "quarter_hizb": 42.25,
      "juz": 21,
      "manzil": 5,
      "arabic": "فَذُوْقُوْا بِمَا نَسِيْتُمْ لِقَاۤءَ يَوْمِكُمْ هٰذَاۚ اِنَّا نَسِيْنٰكُمْ وَذُوْقُوْا عَذَابَ الْخُلْدِ بِمَا كُنْتُمْ تَعْمَلُوْنَ",
      "latin": "Fa żūqū bimā nasītum liqā'a yaumikum hāżā, innā nasīnākum wa żūqū ‘ażābal-khuldi bimā kuntum ta‘malūn(a).",
      "translation": "Rasakanlah olehmu (azab ini) karena kamu melalaikan pertemuan dengan harimu ini (hari Kiamat). Sesungguhnya Kami pun melalaikanmu. Rasakanlah azab yang kekal karena apa yang selalu kamu kerjakan!”",
      "footnotes": null
    },
    {
      "ayah": 15,
      "quarter_hizb": 42.25,
      "juz": 21,
      "manzil": 5,
      "arabic": "اِنَّمَا يُؤْمِنُ بِاٰيٰتِنَا الَّذِيْنَ اِذَا ذُكِّرُوْا بِهَا خَرُّوْا سُجَّدًا وَّسَبَّحُوْا بِحَمْدِ رَبِّهِمْ وَهُمْ لَا يَسْتَكْبِرُوْنَ ۩ ",
      "latin": "Innamā yu'minu bi'āyātinal-lażīna iżā żukkirū bihā kharrū sujjadaw wa sabbaḥū biḥamdi rabbihim wa hum lā yastakbirūn(a).",
      "translation": "Sesungguhnya orang-orang yang beriman dengan ayat-ayat Kami, hanyalah orang-orang yang apabila diperingatkan dengannya (ayat-ayat Kami), mereka menyungkur (dalam keadaan) sujud dan bertasbih serta memuji Tuhannya dan mereka pun tidak menyombongkan diri.",
      "footnotes": null
    },
    {
      "ayah": 16,
      "quarter_hizb": 42.25,
      "juz": 21,
      "manzil": 5,
      "arabic": "تَتَجَافٰى جُنُوْبُهُمْ عَنِ الْمَضَاجِعِ يَدْعُوْنَ رَبَّهُمْ خَوْفًا وَّطَمَعًاۖ وَّمِمَّا رَزَقْنٰهُمْ يُنْفِقُوْنَ",
      "latin": "Tatajāfā junūbuhum ‘anil-maḍāji‘i yad‘ūna rabbahum khaufaw wa ṭama‘ā(n), wa mimmā razaqnāhum yunfiqūn(a). ",
      "translation": "Lambung (tubuh) mereka jauh dari tempat tidur (untuk salat malam) seraya berdoa kepada Tuhannya dengan rasa takut (akan siksa-Nya) dan penuh harap (akan rahmat-Nya) dan mereka menginfakkan sebagian dari rezeki yang Kami anugerahkan kepada mereka.",
      "footnotes": null
    },
    {
      "ayah": 17,
      "quarter_hizb": 42.25,
      "juz": 21,
      "manzil": 5,
      "arabic": "فَلَا تَعْلَمُ نَفْسٌ مَّآ اُخْفِيَ لَهُمْ مِّنْ قُرَّةِ اَعْيُنٍۚ جَزَاۤءًۢ بِمَا كَانُوْا يَعْمَلُوْنَ",
      "latin": "Falā ta‘lamu nafsum mā ukhfiya lahum min qurrati a‘yun(in), jazā'am bimā kānū ya‘malūn(a).",
      "translation": "Tidak seorang pun mengetahui apa yang disembunyikan untuk mereka berupa (macam-macam nikmat) yang menyenangkan hati sebagai balasan terhadap apa yang selalu mereka kerjakan.",
      "footnotes": null
    },
    {
      "ayah": 18,
      "quarter_hizb": 42.25,
      "juz": 21,
      "manzil": 5,
      "arabic": "اَفَمَنْ كَانَ مُؤْمِنًا كَمَنْ كَانَ فَاسِقًاۗ  لَا يَسْتَوٗنَ",
      "latin": "Afaman kāna mu'minan kaman kāna fāsiqā(n), lā yastawūn(a).",
      "translation": "Apakah orang mukmin sama dengan orang fasik (kafir)? (Pastilah) mereka tidak sama.",
      "footnotes": null
    },
    {
      "ayah": 19,
      "quarter_hizb": 42.25,
      "juz": 21,
      "manzil": 5,
      "arabic": "اَمَّا الَّذِيْنَ اٰمَنُوْا وَعَمِلُوا الصّٰلِحٰتِ فَلَهُمْ جَنّٰتُ الْمَأْوٰىۖ  نُزُلًا ۢبِمَا كَانُوْا يَعْمَلُوْنَ",
      "latin": "Ammal-lażīna āmanū wa ‘amiluṣ-ṣāliḥāti falahum jannātul-ma'wā, nuzulam bimā kānū ya‘malūn(a).",
      "translation": "Adapun orang-orang yang beriman dan mengerjakan amal saleh, mereka akan mendapat surga-surga (sebagai) tempat kediaman sebagai balasan atas apa yang selalu mereka kerjakan.",
      "footnotes": null
    },
    {
      "ayah": 20,
      "quarter_hizb": 42.25,
      "juz": 21,
      "manzil": 5,
      "arabic": "وَاَمَّا الَّذِيْنَ فَسَقُوْا فَمَأْوٰىهُمُ النَّارُ كُلَّمَآ اَرَادُوْٓا اَنْ يَّخْرُجُوْا مِنْهَآ اُعِيْدُوْا فِيْهَا وَقِيْلَ لَهُمْ ذُوْقُوْا عَذَابَ النَّارِ الَّذِيْ كُنْتُمْ بِهٖ تُكَذِّبُوْنَ",
      "latin": "Wa ammal-lażīna fasaqū fa ma'wākumun nāru kullamā arādū ay yakhrujū minhā u‘īdū fīhā wa qīla lahum żūqū ‘ażāban nāril-lażī kuntum bihī tukażżibūn(a).",
      "translation": "Adapun orang-orang yang fasik (kafir), tempat kediaman mereka adalah neraka. Setiap kali mereka hendak keluar darinya, mereka dikembalikan (lagi) ke dalamnya dan dikatakan kepada mereka, “Rasakanlah azab neraka yang dahulu selalu kamu dustakan.”",
      "footnotes": null
    },
    {
      "ayah": 21,
      "quarter_hizb": 42.25,
      "juz": 21,
      "manzil": 5,
      "arabic": "وَلَنُذِيْقَنَّهُمْ مِّنَ الْعَذَابِ الْاَدْنٰى دُوْنَ الْعَذَابِ الْاَكْبَرِ لَعَلَّهُمْ يَرْجِعُوْنَ",
      "latin": "Wa lanużīqannahum minal-‘ażābil-adnā dūnal-‘ażābil-akbari la‘allahum yarji‘ūn(a).",
      "translation": "Kami pasti akan menimpakan kepada mereka sebagian azab yang dekat (di dunia) sebelum azab yang lebih besar (di akhirat) agar mereka kembali (ke jalan yang benar).",
      "footnotes": null
    },
    {
      "ayah": 22,
      "quarter_hizb": 42.25,
      "juz": 21,
      "manzil": 5,
      "arabic": "وَمَنْ اَظْلَمُ مِمَّنْ ذُكِّرَ بِاٰيٰتِ رَبِّهٖ ثُمَّ اَعْرَضَ عَنْهَا ۗاِنَّا مِنَ الْمُجْرِمِيْنَ مُنْتَقِمُوْنَ ࣖ",
      "latin": "Wa man aẓlamu mimman żukkira bi'āyāti rabbihī ṡumma a‘raḍa ‘anhā, innā minal-mujrimīna muntaqimūn(a).",
      "translation": "Siapakah yang lebih zalim daripada orang yang telah diperingatkan dengan ayat-ayat Tuhannya, kemudian dia berpaling darinya? Sesungguhnya Kami akan memberikan balasan kepada para pendosa.",
      "footnotes": null
    },
    {
      "ayah": 23,
      "quarter_hizb": 42.25,
      "juz": 21,
      "manzil": 5,
      "arabic": "وَلَقَدْ اٰتَيْنَا مُوْسَى الْكِتٰبَ فَلَا تَكُنْ فِيْ مِرْيَةٍ مِّنْ لِّقَاۤىِٕهٖ وَجَعَلْنٰهُ هُدًى لِّبَنِيْٓ اِسْرَاۤءِيْلَۚ",
      "latin": "Wa laqad ātainā mūsal-kitāba falā takun fī miryatim mil liqā'ihī wa ja‘alnāhu hudal libanī isrā'īl(a).",
      "translation": "Sungguh, Kami benar-benar telah menganugerahkan Kitab (Taurat) kepada Musa. Maka, janganlah engkau (Nabi Muhammad) ragu-ragu menerimanya (Al-Qur’an) dan Kami menjadikan Kitab (Taurat) itu sebagai petunjuk bagi Bani Israil.",
      "footnotes": null
    },
    {
      "ayah": 24,
      "quarter_hizb": 42.25,
      "juz": 21,
      "manzil": 5,
      "arabic": "وَجَعَلْنَا مِنْهُمْ اَىِٕمَّةً يَّهْدُوْنَ بِاَمْرِنَا لَمَّا صَبَرُوْاۗ وَكَانُوْا بِاٰيٰتِنَا يُوْقِنُوْنَ",
      "latin": "Wa ja‘alnā minhum a'immatay yahdūna bi'amrinā lammā ṣabarū, wa kānū bi'āyātinā yūqinūn(a).",
      "translation": "Kami menjadikan di antara mereka itu pemimpin-pemimpin yang memberi petunjuk dengan perintah Kami selama mereka bersabar. Mereka selalu meyakini ayat-ayat Kami.",
      "footnotes": null
    },
    {
      "ayah": 25,
      "quarter_hizb": 42.25,
      "juz": 21,
      "manzil": 5,
      "arabic": "اِنَّ رَبَّكَ هُوَ يَفْصِلُ بَيْنَهُمْ يَوْمَ الْقِيٰمَةِ فِيْمَا كَانُوْا فِيْهِ يَخْتَلِفُوْنَ",
      "latin": "Inna rabbaka huwa yafṣilu bainahum yaumal-qiyāmati fīmā kānū fīhi yakhtalifūn(a).",
      "translation": "Sesungguhnya Tuhanmu, Dialah yang memutuskan di antara mereka pada hari Kiamat apa yang dahulu selalu mereka perselisihkan. ",
      "footnotes": null
    },
    {
      "ayah": 26,
      "quarter_hizb": 42.25,
      "juz": 21,
      "manzil": 5,
      "arabic": "اَوَلَمْ يَهْدِ لَهُمْ كَمْ اَهْلَكْنَا مِنْ قَبْلِهِمْ مِّنَ الْقُرُوْنِ يَمْشُوْنَ فِيْ مَسٰكِنِهِمْ ۗاِنَّ فِيْ ذٰلِكَ لَاٰيٰتٍۗ اَفَلَا يَسْمَعُوْنَ",
      "latin": "Awalam yahdi lahum kam ahlaknā min qablihim minal-qurūni yamsyūna fī masākinihim, inna fī żālika la'āyāt(in), afalā yasma‘ūn(a).",
      "translation": "Tidakkah menjadi petunjuk bagi mereka (kaum kafir Makkah), betapa banyak umat sebelum mereka yang telah Kami binasakan, sedangkan mereka sendiri berjalan di tempat-tempat kediaman mereka itu. Sesungguhnya pada yang demikian itu terdapat tanda-tanda (kekuasaan Allah). Apakah mereka tidak mendengarkan (memperhatikan)?",
      "footnotes": null
    },
    {
      "ayah": 27,
      "quarter_hizb": 42.25,
      "juz": 21,
      "manzil": 5,
      "arabic": "اَوَلَمْ يَرَوْا اَنَّا نَسُوْقُ الْمَاۤءَ اِلَى الْاَرْضِ الْجُرُزِ فَنُخْرِجُ بِهٖ زَرْعًا تَأْكُلُ مِنْهُ اَنْعَامُهُمْ وَاَنْفُسُهُمْۗ اَفَلَا يُبْصِرُوْنَ",
      "latin": "Awalam yarau annā nasūqul-mā'a ilal-arḍil juruzi fanukhriju bihī zar‘an ta'kulu minhu an‘āmuhum wa anfushum, afalā yubṣirūn(a).",
      "translation": "Tidakkah mereka memperhatikan bahwa Kami mengarahkan (awan yang mengandung) air ke bumi yang tandus, lalu Kami menumbuhkan dengannya (air hujan) tanam-tanaman, sehingga hewan-hewan ternak mereka dan mereka sendiri dapat makan darinya. Maka, mengapa mereka tidak memperhatikan?",
      "footnotes": null
    },
    {
      "ayah": 28,
      "quarter_hizb": 42.25,
      "juz": 21,
      "manzil": 5,
      "arabic": "وَيَقُوْلُوْنَ مَتٰى هٰذَا الْفَتْحُ اِنْ كُنْتُمْ صٰدِقِيْنَ",
      "latin": "Wa yaqūlūna matā hāżal-fatḥu in kuntum ṣādiqīn(a).",
      "translation": "Mereka bertanya, “Kapankah kemenangan itu (datang) jika engkau orang yang benar?”",
      "footnotes": null
    },
    {
      "ayah": 29,
      "quarter_hizb": 42.25,
      "juz": 21,
      "manzil": 5,
      "arabic": "قُلْ يَوْمَ الْفَتْحِ لَا يَنْفَعُ الَّذِيْنَ كَفَرُوْٓا اِيْمَانُهُمْ وَلَا هُمْ يُنْظَرُوْنَ",
      "latin": "Qul yaumal-fatḥi lā yanfa‘ul-lażīna kafarū īmānuhum wa lā hum yunẓarūn(a).",
      "translation": "Katakanlah, “Pada hari kemenangan itu tidak berguna lagi bagi orang-orang kafir keimanan mereka dan mereka tidak diberi penangguhan.”",
      "footnotes": null
    },
    {
      "ayah": 30,
      "quarter_hizb": 42.25,
      "juz": 21,
      "manzil": 5,
      "arabic": "فَاَعْرِضْ عَنْهُمْ وَانْتَظِرْ اِنَّهُمْ مُّنْتَظِرُوْنَ ࣖ",
      "latin": "Fa a‘riḍ ‘anhum wantaẓir innahum muntaẓirūn(a).",
      "translation": "Maka, berpalinglah dari mereka dan tunggulah! Sesungguhnya mereka (juga) menunggu.",
      "footnotes": null
    }
  ]
}