{
  "arabic": " سبأ",
  "latin": "Saba' ",
  "transliteration": "Saba'",
  "translation": "Saba'",
  "num_ayah": 54,
  "location": "Makkiyah",
  "ayah": [
    {
      "ayah": 1,
      "quarter_hizb": 43.5,
      "juz": 22,
      "manzil": 5,
      "arabic": "اَلْحَمْدُ لِلّٰهِ الَّذِيْ لَهٗ مَا فِى السَّمٰوٰتِ وَمَا فِى الْاَرْضِ وَلَهُ الْحَمْدُ فِى الْاٰخِرَةِۗ وَهُوَ الْحَكِيْمُ الْخَبِيْرُ",
      "latin": "Al-ḥamdu lillāhil-lażī lahū mā fis-samāwāti wa mā fil-arḍi wa lahul-ḥamdu fil-ākhirah(ti), wa huwal-ḥakīmul-khabīr(u).",
      "translation": "Segala puji bagi Allah yang memiliki segala yang di langit dan yang di bumi serta bagi-Nya segala puji di akhirat. Dialah Yang Maha Bijaksana lagi Maha Teliti. ",
      "footnotes": null
    },
    {
      "ayah": 2,
      "quarter_hizb": 43.5,
      "juz": 22,
      "manzil": 5,
      "arabic": "يَعْلَمُ مَا يَلِجُ فِى الْاَرْضِ وَمَا يَخْرُجُ مِنْهَا وَمَا يَنْزِلُ مِنَ السَّمَاۤءِ وَمَا يَعْرُجُ فِيْهَاۗ وَهُوَ الرَّحِيْمُ الْغَفُوْرُ",
      "latin": "Ya‘lamu mā yaliju fil-arḍi wa mā yakhruju minhā wa mā yanzilu minas-samā'i wa mā ya‘ruju fīhā, wa huwar-raḥīmul-gafūr(u).",
      "translation": "Dia mengetahui apa yang masuk ke dalam bumi, apa yang keluar darinya, apa yang turun dari langit dan apa yang naik kepadanya. Dialah Yang Maha Penyayang lagi Maha Pengampun.",
      "footnotes": null
    },
    {
      "ayah": 3,
      "quarter_hizb": 43.5,
      "juz": 22,
      "manzil": 5,
      "arabic": "وَقَالَ الَّذِيْنَ كَفَرُوْا لَا تَأْتِيْنَا السَّاعَةُ ۗقُلْ بَلٰى وَرَبِّيْ لَتَأْتِيَنَّكُمْۙ عٰلِمِ الْغَيْبِۙ لَا يَعْزُبُ عَنْهُ مِثْقَالُ ذَرَّةٍ فِى السَّمٰوٰتِ وَلَا فِى الْاَرْضِ وَلَآ اَصْغَرُ مِنْ ذٰلِكَ وَلَآ اَكْبَرُ اِلَّا فِيْ كِتٰبٍ مُّبِيْنٍۙ  ",
      "latin": "Wa qālal-lażīna kafarū lā ta'tīnas-sā‘ah(tu), qul balā wa rabbī lata'tiyannakum, ‘ālimul-gaib(i), lā ya‘zubu ‘anhu miṡqālu żarratin fis-samāwāti wa lā fil-arḍi wa lā aṣgaru min żālika wa lā akbaru illā fī kitābim mubīn(in).",
      "translation": "Orang-orang yang kufur berkata, “Hari Kiamat itu tidak akan datang kepada kami.” Katakanlah (Nabi Muhammad), “Pasti datang. Demi Tuhanku yang mengetahui yang gaib, kiamat itu pasti mendatangi kamu. Tidak ada yang tersembunyi bagi-Nya sekalipun seberat atom, baik yang di langit maupun yang di bumi, yang lebih kecil daripada itu atau yang lebih besar, kecuali semuanya ada dalam kitab yang jelas (Lauhulmahfuz).”",
      "footnotes": null
    },
    {
      "ayah": 4,
      "quarter_hizb": 43.5,
      "juz": 22,
      "manzil": 5,
      "arabic": "لِّيَجْزِيَ الَّذِيْنَ اٰمَنُوْا وَعَمِلُوا الصّٰلِحٰتِۗ اُولٰۤىِٕكَ لَهُمْ مَّغْفِرَةٌ وَّرِزْقٌ كَرِيْمٌ ",
      "latin": "Liyajziyal-lażīna āmanū wa ‘amiluṣ-ṣāliḥāt(i), ulā'ika lahum magfiratuw wa rizqun karīm(un).",
      "translation": "Supaya Dia memberi balasan kepada orang-orang yang beriman dan beramal saleh. Mereka itulah orang-orang yang memperoleh ampunan dan rezeki yang mulia.",
      "footnotes": null
    },
    {
      "ayah": 5,
      "quarter_hizb": 43.5,
      "juz": 22,
      "manzil": 5,
      "arabic": "وَالَّذِيْنَ سَعَوْ فِيْٓ اٰيٰتِنَا مُعٰجِزِيْنَ اُولٰۤىِٕكَ لَهُمْ عَذَابٌ مِّنْ رِّجْزٍ اَلِيْمٌ ",
      "latin": "Wal-lażīna sa‘au fī āyātinā mu‘ājizīna ulā'ika lahum ‘ażābum mir rijzin alīm(un).",
      "translation": "Orang-orang yang berusaha untuk (menentang) ayat-ayat Kami dengan anggapan dapat melemahkan (Kami), mereka itulah orang-orang yang memperoleh azab, yaitu siksa yang sangat pedih.",
      "footnotes": null
    },
    {
      "ayah": 6,
      "quarter_hizb": 43.5,
      "juz": 22,
      "manzil": 5,
      "arabic": "وَيَرَى الَّذِيْنَ اُوْتُوا الْعِلْمَ الَّذِيْٓ اُنْزِلَ اِلَيْكَ مِنْ رَّبِّكَ هُوَ الْحَقَّۙ وَيَهْدِيْٓ اِلٰى صِرَاطِ الْعَزِيْزِ الْحَمِيْدِ ",
      "latin": "Wa yaral-lażīna ūtul-‘ilmal-lażī unzila ilaika mir rabbika huwal-ḥaqq(a), wa yahdī ilā ṣirāṭil-‘azīzil-ḥamīd(i).",
      "translation": "Orang-orang yang diberi ilmu berpendapat bahwa (wahyu) yang diturunkan kepadamu (Nabi Muhammad) dari Tuhanmu itulah yang benar dan memberi petunjuk ke jalan (Allah) Yang Maha Perkasa lagi Maha Terpuji.",
      "footnotes": null
    },
    {
      "ayah": 7,
      "quarter_hizb": 43.5,
      "juz": 22,
      "manzil": 5,
      "arabic": "وَقَالَ الَّذِيْنَ كَفَرُوْا هَلْ نَدُلُّكُمْ عَلٰى رَجُلٍ يُّنَبِّئُكُمْ اِذَا مُزِّقْتُمْ كُلَّ مُمَزَّقٍۙ اِنَّكُمْ لَفِيْ خَلْقٍ جَدِيْدٍۚ ",
      "latin": "Wa qālal-lażīna kafarū hal nadullukum ‘alā rajuliy yunabbi'ukum iżā muzziqtum kulla mumazzaq(in), innakum lafī khalqin jadīd(in).",
      "translation": "Orang-orang yang kufur berkata (kepada teman-temannya), “Maukah kami tunjukkan kepadamu seorang laki-laki (Nabi Muhammad) yang memberitakan kepadamu bahwa apabila badanmu telah dihancurkan sehancur-hancurnya, sesungguhnya kamu pasti (akan dibangkitkan kembali) dalam ciptaan yang baru.",
      "footnotes": null
    },
    {
      "ayah": 8,
      "quarter_hizb": 43.5,
      "juz": 22,
      "manzil": 5,
      "arabic": "اَفْتَرٰى عَلَى اللّٰهِ كَذِبًا اَمْ بِهٖ جِنَّةٌ  ۗبَلِ الَّذِيْنَ لَا يُؤْمِنُوْنَ بِالْاٰخِرَةِ فِى الْعَذَابِ وَالضَّلٰلِ الْبَعِيْدِ ",
      "latin": "Aftarā ‘alallāhi każiban am bihī jinnah(tun), balil-lażīna lā yu'minūna bil-ākhirati fil-‘ażābi waḍ-ḍalālil-ba‘īd(i).",
      "translation": "Apakah dia mengada-adakan kebohongan besar terhadap Allah atau gila?” (Tidak), tetapi orang-orang yang tidak beriman kepada akhirat itu dalam siksaan dan kesesatan yang jauh.",
      "footnotes": null
    },
    {
      "ayah": 9,
      "quarter_hizb": 43.5,
      "juz": 22,
      "manzil": 5,
      "arabic": "اَفَلَمْ يَرَوْا اِلٰى مَا بَيْنَ اَيْدِيْهِمْ وَمَا خَلْفَهُمْ مِّنَ السَّمَاۤءِ وَالْاَرْضِۗ اِنْ نَّشَأْ نَخْسِفْ بِهِمُ الْاَرْضَ اَوْ نُسْقِطْ عَلَيْهِمْ كِسَفًا مِّنَ السَّمَاۤءِۗ اِنَّ فِيْ ذٰلِكَ لَاٰيَةً لِّكُلِّ عَبْدٍ مُّنِيْبٍ ࣖ ",
      "latin": "Afalam yarau ilā mā baina aidīhim wa mā khalfahum minas-samā'i wal-arḍ(i), in nasya' nakhsif bihimul-arḍa au nusqiṭ ‘alaihim kisafam minas-samā'(i), inna fī żālika la'āyatal likulli ‘abdim munīb(in).",
      "translation": "Tidakkah mereka memperhatikan langit dan bumi yang ada di hadapan dan di belakang mereka? Jika menghendakinya, niscaya Kami membenamkan mereka di bumi atau menjatuhkan kepingan-kepingan (benda-benda angkasa) dari langit di atas mereka. Sesungguhnya pada yang demikian itu benar-benar terdapat tanda (kebesaran dan kekuasaan Allah) bagi setiap hamba yang kembali (kepada-Nya).",
      "footnotes": null
    },
    {
      "ayah": 10,
      "quarter_hizb": 43.75,
      "juz": 22,
      "manzil": 5,
      "arabic": "۞ وَلَقَدْ اٰتَيْنَا دَاوٗدَ مِنَّا فَضْلًاۗ يٰجِبَالُ اَوِّبِيْ مَعَهٗ وَالطَّيْرَ ۚوَاَلَنَّا لَهُ الْحَدِيْدَۙ ",
      "latin": "Wa laqad ātainā dāwūda minnā faḍlā(n), yā jibālu awwibī ma‘ahū waṭ-ṭair(a), wa alannā lahul-ḥadīd(a).",
      "translation": "Sungguh, benar-benar telah Kami anugerahkan kepada Daud karunia dari Kami. (Kami berfirman), “Wahai gunung-gunung dan burung-burung, bertasbihlah berulang kali bersama Daud!” Kami telah melunakkan besi untuknya.",
      "footnotes": null
    },
    {
      "ayah": 11,
      "quarter_hizb": 43.75,
      "juz": 22,
      "manzil": 5,
      "arabic": "اَنِ اعْمَلْ سٰبِغٰتٍ وَّقَدِّرْ فِى السَّرْدِ وَاعْمَلُوْا صَالِحًاۗ اِنِّيْ بِمَا تَعْمَلُوْنَ بَصِيْرٌ ",
      "latin": "Ani‘mal sābigātiw wa qaddir fis-sardi wa‘malū ṣāliḥā(n), innī bimā ta‘malūna baṣīr(un).",
      "translation": "Buatlah baju-baju besi besar dan ukurlah anyamannya serta kerjakanlah amal saleh. Sesungguhnya Aku Maha Melihat apa yang kamu kerjakan.",
      "footnotes": null
    },
    {
      "ayah": 12,
      "quarter_hizb": 43.75,
      "juz": 22,
      "manzil": 5,
      "arabic": "وَلِسُلَيْمٰنَ الرِّيْحَ غُدُوُّهَا شَهْرٌ وَّرَوَاحُهَا شَهْرٌۚ وَاَسَلْنَا لَهٗ عَيْنَ الْقِطْرِۗ وَمِنَ الْجِنِّ مَنْ يَّعْمَلُ بَيْنَ يَدَيْهِ بِاِذْنِ رَبِّهٖۗ وَمَنْ يَّزِغْ مِنْهُمْ عَنْ اَمْرِنَا نُذِقْهُ مِنْ عَذَابِ السَّعِيْرِ ",
      "latin": "Wa lisulaimānar-rīḥa guduwwuhā syahruw wa rawāḥuhā syahr(un), wa asalnā lahū ‘ainal-qiṭr(i), wa minal-jinni may ya‘malu baina yadaihi bi'iżni rabbih(ī), wa may yazig minhum ‘an amrinā nużiqhu min ‘ażābis-sa‘īr(i).  ",
      "translation": "Bagi Sulaiman (Kami tundukkan) angin yang (jarak tempuh) perjalanannya pada waktu pagi sama dengan perjalanan sebulan dan perjalanannya pada waktu sore sama dengan perjalanan sebulan (pula)623) serta Kami alirkan cairan tembaga baginya. Sebagian dari jin ada yang bekerja di hadapannya dengan izin Tuhannya. Siapa yang menyimpang di antara mereka dari perintah Kami, Kami rasakan kepadanya azab (neraka) Sa‘ir (yang apinya menyala-nyala).",
      "footnotes": "623) Apabila Nabi Sulaiman a.s. melakukan perjalanan dari pagi sampai dengan tengah hari, jarak yang ditempuhnya sama dengan jarak perjalanan unta dalam sebulan."
    },
    {
      "ayah": 13,
      "quarter_hizb": 43.75,
      "juz": 22,
      "manzil": 5,
      "arabic": "يَعْمَلُوْنَ لَهٗ مَا يَشَاۤءُ مِنْ مَّحَارِيْبَ وَتَمَاثِيْلَ وَجِفَانٍ كَالْجَوَابِ وَقُدُوْرٍ رّٰسِيٰتٍۗ اِعْمَلُوْٓا اٰلَ دَاوٗدَ شُكْرًا ۗوَقَلِيْلٌ مِّنْ عِبَادِيَ الشَّكُوْرُ ",
      "latin": "Ya‘malūna lahū mā yasyā'u mim maḥārība wa tamāṡīla wa jifānin kal-jawābi wa qudūrir-rāsiyāt(in), i‘malū āla dāwūda syukrā(n), wa qalīlum min ‘ibādiyasy-syakūr(u).",
      "translation": "Mereka (para jin) selalu bekerja untuk Sulaiman sesuai dengan kehendaknya. Di antaranya (membuat) gedung-gedung tinggi, patung-patung, piring-piring (besarnya) seperti kolam dan periuk-periuk yang tetap (di atas tungku). Bekerjalah wahai keluarga Daud untuk bersyukur. Sedikit sekali dari hamba-hamba-Ku yang banyak bersyukur.",
      "footnotes": null
    },
    {
      "ayah": 14,
      "quarter_hizb": 43.75,
      "juz": 22,
      "manzil": 5,
      "arabic": "فَلَمَّا قَضَيْنَا عَلَيْهِ الْمَوْتَ مَا دَلَّهُمْ عَلٰى مَوْتِهٖٓ اِلَّا دَاۤبَّةُ الْاَرْضِ تَأْكُلُ مِنْسَاَتَهٗ ۚفَلَمَّا خَرَّ تَبَيَّنَتِ الْجِنُّ اَنْ لَّوْ كَانُوْا يَعْلَمُوْنَ الْغَيْبَ مَا لَبِثُوْا فِى الْعَذَابِ الْمُهِيْنِۗ ",
      "latin": "Falammā qaḍainā ‘alaihil-mauta mā dallahum ‘alā mautihī illā dābbatul-arḍi ta'kulu minsa'atah(ū), falammā kharra tabayyanatil-jinnu allau kānū ya‘lamūnal-gaiba mā labiṡū fil-‘ażābil-muhīn(i).",
      "translation": "Maka, ketika telah Kami tetapkan kematian (Sulaiman), tidak ada yang menunjukkan kepada mereka kematiannya itu, kecuali rayap yang memakan tongkatnya. Ketika dia telah tersungkur, jin menyadari bahwa sekiranya mengetahui yang gaib, tentu mereka tidak berada dalam siksa yang menghinakan.",
      "footnotes": null
    },
    {
      "ayah": 15,
      "quarter_hizb": 43.75,
      "juz": 22,
      "manzil": 5,
      "arabic": "لَقَدْ كَانَ لِسَبَاٍ فِيْ مَسْكَنِهِمْ اٰيَةٌ  ۚجَنَّتٰنِ عَنْ يَّمِيْنٍ وَّشِمَالٍ ەۗ كُلُوْا مِنْ رِّزْقِ رَبِّكُمْ وَاشْكُرُوْا لَهٗ  ۗبَلْدَةٌ طَيِّبَةٌ وَّرَبٌّ غَفُوْرٌ",
      "latin": "Laqad kāna lisaba'in fī maskanihim āyah(tun), jannatāni ‘ay yamīniw wa syimāl(in), kulū mir rizqi rabbikum wasykurū lah(ū), baldatun ṭayyibatuw wa rabbun gafūr(un).",
      "translation": "Sungguh, pada (kaum) Saba’ benar-benar ada suatu tanda (kebesaran dan kekuasaan Allah) di tempat kediaman mereka, yaitu dua bidang kebun di sebelah kanan dan kiri. (Kami berpesan kepada mereka,) “Makanlah rezeki (yang dianugerahkan) Tuhanmu dan bersyukurlah kepada-Nya. (Negerimu) adalah negeri yang baik (nyaman), sedangkan (Tuhanmu) Tuhan Yang Maha Pengampun.”",
      "footnotes": null
    },
    {
      "ayah": 16,
      "quarter_hizb": 43.75,
      "juz": 22,
      "manzil": 5,
      "arabic": "فَاَعْرَضُوْا فَاَرْسَلْنَا عَلَيْهِمْ سَيْلَ الْعَرِمِ وَبَدَّلْنٰهُمْ بِجَنَّتَيْهِمْ جَنَّتَيْنِ ذَوَاتَيْ اُكُلٍ خَمْطٍ وَّاَثْلٍ وَّشَيْءٍ مِّنْ سِدْرٍ قَلِيْلٍ ",
      "latin": "Fa a‘raḍū fa arsalnā ‘alaihim sailal-‘arimi wa baddalnāhum bijannataihim jannataini żawātai ukulin khamṭiw wa aṡliw wa syai'im min sidrin qalīl(in).",
      "translation": "Akan tetapi, mereka berpaling sehingga Kami datangkan kepada mereka banjir besar624) dan Kami ganti kedua kebun mereka dengan dua kebun yang ditumbuhi (pohon-pohon) berbuah pahit, pohon asal (sejenis cemara) dan sedikit pohon sidir (bidara).",
      "footnotes": "624) Banjir besar akibat jebolnya bendungan Ma‘rib. "
    },
    {
      "ayah": 17,
      "quarter_hizb": 43.75,
      "juz": 22,
      "manzil": 5,
      "arabic": "ذٰلِكَ جَزَيْنٰهُمْ بِمَا كَفَرُوْاۗ وَهَلْ نُجٰزِيْٓ اِلَّا الْكَفُوْرَ ",
      "latin": "Żālika jazaināhum bimā kafarū, wa hal nujāzī illal-kafūr(a).",
      "translation": "Demikianlah, Kami balas mereka karena kekafirannya. Kami tidak menjatuhkan azab, kecuali hanya kepada orang-orang yang sangat kufur.",
      "footnotes": null
    },
    {
      "ayah": 18,
      "quarter_hizb": 43.75,
      "juz": 22,
      "manzil": 5,
      "arabic": "وَجَعَلْنَا بَيْنَهُمْ وَبَيْنَ الْقُرَى الَّتِيْ بٰرَكْنَا فِيْهَا قُرًى ظَاهِرَةً وَّقَدَّرْنَا فِيْهَا السَّيْرَۗ سِيْرُوْا فِيْهَا لَيَالِيَ وَاَيَّامًا اٰمِنِيْنَ ",
      "latin": "Wa ja‘alnā bainahum wa bainal-qural-latī bāraknā fīhā quran ẓāhirataw wa qaddarnā fihas-sair(a), sīrū fīhā layāliya wa ayyāman āminīn(a).",
      "translation": "Kami jadikan antara mereka dan negeri-negeri yang Kami berkahi (Syam) beberapa negeri yang berdekatan dan Kami tetapkan antara negeri-negeri itu (jarak) perjalanan. Berjalanlah kamu di negeri-negeri itu pada malam dan siang hari dengan aman.625)",
      "footnotes": "625) Negeri Syam yang terkenal subur dan negeri-negeri lain yang terletak di antara Yaman dan Syam. Orang dapat berjalan dengan mudah dan aman pada siang dan malam hari tanpa harus berhenti di padang pasir."
    },
    {
      "ayah": 19,
      "quarter_hizb": 43.75,
      "juz": 22,
      "manzil": 5,
      "arabic": "فَقَالُوْا رَبَّنَا بٰعِدْ بَيْنَ اَسْفَارِنَا وَظَلَمُوْٓا اَنْفُسَهُمْ فَجَعَلْنٰهُمْ اَحَادِيْثَ وَمَزَّقْنٰهُمْ كُلَّ مُمَزَّقٍۗ اِنَّ فِيْ ذٰلِكَ لَاٰيٰتٍ لِّكُلِّ صَبَّارٍ شَكُوْرٍ ",
      "latin": "Fa qālū rabbanā bā‘id baina asfārinā wa ẓalamū anfusahum fa ja‘alnāhum aḥādīṡa wa mazzaqnāhum kulla mumazzaq(in), inna fī żālika la'āyātil likulli ṣabbārin syakūr(in).",
      "translation": "Mereka berkata, “Ya Tuhan kami, jauhkanlah jarak perjalanan kami,”626) dan (mereka) menzalimi diri sendiri. Kami jadikan mereka buah bibir dan Kami hancurkan mereka sehancur-hancurnya. Sesungguhnya pada yang demikian itu benar-benar terdapat tanda-tanda (kebesaran dan kekuasaan Allah) bagi setiap orang yang sangat sabar lagi sangat bersyukur.",
      "footnotes": "626) Mereka meminta agar kota-kota yang berdekatan itu dihapuskan supaya perjalanan menjadi panjang dan mereka dapat melakukan monopoli dalam perdagangan itu sehingga memperoleh keuntungan lebih besar."
    },
    {
      "ayah": 20,
      "quarter_hizb": 43.75,
      "juz": 22,
      "manzil": 5,
      "arabic": "وَلَقَدْ صَدَّقَ عَلَيْهِمْ اِبْلِيْسُ ظَنَّهٗ فَاتَّبَعُوْهُ اِلَّا فَرِيْقًا مِّنَ الْمُؤْمِنِيْنَ ",
      "latin": "Wa laqad ṣaddaqa ‘alaihim iblīsu ẓannahū fattaba‘ūhu illā farīqam minal-mu'minīn(a).",
      "translation": "Sungguh, Iblis benar-benar telah meyakinkan mereka terhadap kebenaran sangkaannya. Lalu, mereka mengikutinya, kecuali sebagian dari orang-orang mukmin.",
      "footnotes": null
    },
    {
      "ayah": 21,
      "quarter_hizb": 43.75,
      "juz": 22,
      "manzil": 5,
      "arabic": "وَمَا كَانَ لَهٗ عَلَيْهِمْ مِّنْ سُلْطَانٍ اِلَّا لِنَعْلَمَ مَنْ يُّؤْمِنُ بِالْاٰخِرَةِ مِمَّنْ هُوَ مِنْهَا فِيْ شَكٍّ ۗوَرَبُّكَ عَلٰى كُلِّ شَيْءٍ حَفِيْظٌ ࣖ ",
      "latin": "Wa mā kāna lahū ‘alaihim min sulṭānin illā lina‘lama may yu'minu bil-ākhirati mimman huwa minhā fī syakk(in), wa rabbuka ‘alā kulli syai'in ḥafīẓ(un).",
      "translation": "Tidak ada kekuasaan (Iblis) terhadap mereka, kecuali agar Kami dapat membedakan siapa yang beriman pada akhirat dan siapa yang ragu-ragu tentang (akhirat) itu. Tuhanmu Maha Memelihara segala sesuatu.",
      "footnotes": null
    },
    {
      "ayah": 22,
      "quarter_hizb": 43.75,
      "juz": 22,
      "manzil": 5,
      "arabic": "قُلِ ادْعُوا الَّذِيْنَ زَعَمْتُمْ مِّنْ دُوْنِ اللّٰهِۚ لَا يَمْلِكُوْنَ مِثْقَالَ ذَرَّةٍ فِى السَّمٰوٰتِ وَلَا فِى الْاَرْضِ وَمَا لَهُمْ فِيْهِمَا مِنْ شِرْكٍ وَّمَا لَهٗ مِنْهُمْ مِّنْ ظَهِيْرٍ ",
      "latin": "Qulid‘ul-lażīna za‘amtum min dūnillāh(i), lā yamlikūna miṡqāla żarratin fis-samāwāti wa lā fil-arḍi wa mā lahum fīhimā min syirkiw wa mā lahū minhum min ẓahīr(in).",
      "translation": "Katakanlah (Nabi Muhammad), “Serulah mereka yang kamu anggap (sebagai tuhan) selain Allah! Mereka tidak memiliki (kekuasaan) seberat zarah pun di langit dan di bumi. Mereka juga sama sekali tidak mempunyai peran serta dalam (penciptaan) langit dan bumi dan tidak ada di antara mereka yang menjadi pembantu bagi-Nya.”",
      "footnotes": null
    },
    {
      "ayah": 23,
      "quarter_hizb": 43.75,
      "juz": 22,
      "manzil": 5,
      "arabic": "وَلَا تَنْفَعُ الشَّفَاعَةُ عِنْدَهٗٓ اِلَّا لِمَنْ اَذِنَ لَهٗ ۗحَتّٰىٓ اِذَا فُزِّعَ عَنْ قُلُوْبِهِمْ قَالُوْا مَاذَاۙ قَالَ رَبُّكُمْۗ قَالُوا الْحَقَّۚ وَهُوَ الْعَلِيُّ الْكَبِيْرُ ",
      "latin": "Wa lā tanfa‘usy-syafā‘atu ‘indahū illā liman ażina lah(ū), ḥattā iżā fuzzi‘a ‘an qulūbihim qālū māżā, qāla rabbukum, qālul-ḥaqq(a), wa huwal-‘aliyyul-kabīr(u).",
      "translation": "Tidaklah berguna syafaat (pertolongan) di sisi-Nya, kecuali bagi orang yang diizinkan-Nya sehingga apabila telah dihilangkan ketakutan dari hatinya, mereka berkata, “Apa yang difirmankan Tuhanmu?” Mereka menjawab, “Kebenaran.” Dialah Yang Maha Tinggi lagi Maha Besar.627)",
      "footnotes": "627) Pemberian syafaat hanya berlaku dengan seizin Allah Swt. Orang-orang yang akan diberi izin memberi syafaat dan yang mendapatkannya sama-sama merasa takut dan harap-harap cemas menunggu izin Allah Swt."
    },
    {
      "ayah": 24,
      "quarter_hizb": 44,
      "juz": 22,
      "manzil": 5,
      "arabic": "۞ قُلْ مَنْ يَّرْزُقُكُمْ مِّنَ السَّمٰوٰتِ وَالْاَرْضِۗ قُلِ اللّٰهُ ۙوَاِنَّآ اَوْ اِيَّاكُمْ لَعَلٰى هُدًى اَوْ فِيْ ضَلٰلٍ مُّبِيْنٍ ",
      "latin": "Qul may yarzuqukum minas-samāwāti wal-arḍ(i), qulillāh(u), wa innā au iyyākum la‘alā hudan au fī ḍalālim mubīn(in).",
      "translation": "Katakanlah (Nabi Muhammad), “Siapakah yang menganugerahkan rezeki kepadamu dari langit dan bumi?” Katakanlah, “Allah.” Sesungguhnya kami atau kamu (orang-orang musyrik) benar-benar berada di dalam petunjuk atau dalam kesesatan yang nyata.",
      "footnotes": null
    },
    {
      "ayah": 25,
      "quarter_hizb": 44,
      "juz": 22,
      "manzil": 5,
      "arabic": "قُلْ لَّا تُسْـَٔلُوْنَ عَمَّآ اَجْرَمْنَا وَلَا نُسْـَٔلُ عَمَّا تَعْمَلُوْنَ ",
      "latin": "Qul lā tus'alūna ‘ammā ajramnā wa lā nus'alu ‘ammā ta‘malūn(a).",
      "translation": "Katakanlah, “Kamu tidak akan dimintai pertanggungjawaban atas apa yang kami kerjakan dan kami tidak akan dimintai pertanggungjawaban atas apa yang kamu kerjakan.”",
      "footnotes": null
    },
    {
      "ayah": 26,
      "quarter_hizb": 44,
      "juz": 22,
      "manzil": 5,
      "arabic": "قُلْ يَجْمَعُ بَيْنَنَا رَبُّنَا ثُمَّ يَفْتَحُ بَيْنَنَا بِالْحَقِّۗ وَهُوَ الْفَتَّاحُ الْعَلِيْمُ ",
      "latin": "Qul yajma‘u bainanā rabbunā ṡumma yaftaḥu bainanā bil-ḥaqq(i), wa huwal-fattāḥul-‘alīm(u).",
      "translation": "Katakanlah, “Tuhan kita (pada hari Kiamat) akan mengumpulkan kita, kemudian memutuskan (perkara) di antara kita dengan hak. Dialah Yang Maha Pemberi keputusan lagi Maha Mengetahui.”",
      "footnotes": null
    },
    {
      "ayah": 27,
      "quarter_hizb": 44,
      "juz": 22,
      "manzil": 5,
      "arabic": "قُلْ اَرُوْنِيَ الَّذِيْنَ اَلْحَقْتُمْ بِهٖ شُرَكَاۤءَ كَلَّا ۗبَلْ هُوَ اللّٰهُ الْعَزِيْزُ الْحَكِيْمُ ",
      "latin": "Qul arūniyal-lażīna alḥaqtum bihī syurakā'a kallā, bal huwallāhul-‘azīzul-ḥakīm(u).",
      "translation": "Katakanlah, “Perlihatkanlah kepadaku (sesembahan) yang kamu sertakan dengan-Nya sebagai sekutu-sekutu. Tidaklah (sama). Akan tetapi, Dialah Allah Yang Maha Perkasa lagi Maha Bijaksana.”",
      "footnotes": null
    },
    {
      "ayah": 28,
      "quarter_hizb": 44,
      "juz": 22,
      "manzil": 5,
      "arabic": "وَمَآ اَرْسَلْنٰكَ اِلَّا كَاۤفَّةً لِّلنَّاسِ بَشِيْرًا وَّنَذِيْرًا وَّلٰكِنَّ اَكْثَرَ النَّاسِ لَا يَعْلَمُوْنَ ",
      "latin": "Wa mā arsalnāka illā kāffatal lin-nāsi basyīraw wa nażīraw wa lākinna akṡaran-nāsi lā ya‘lamūn(a).",
      "translation": "Tidaklah Kami mengutus engkau (Nabi Muhammad), kecuali kepada seluruh manusia sebagai pembawa berita gembira dan pemberi peringatan. Akan tetapi, kebanyakan manusia tidak mengetahuinya.",
      "footnotes": null
    },
    {
      "ayah": 29,
      "quarter_hizb": 44,
      "juz": 22,
      "manzil": 5,
      "arabic": "وَيَقُوْلُوْنَ مَتٰى هٰذَا الْوَعْدُ اِنْ كُنْتُمْ صٰدِقِيْنَ ",
      "latin": "Wa yaqūlūna matā hāżal-wa‘du in kuntum ṣādiqīn(a).",
      "translation": "Mereka berkata, “Kapankah (datangnya) janji ini jika kamu orang-orang benar?”",
      "footnotes": null
    },
    {
      "ayah": 30,
      "quarter_hizb": 44,
      "juz": 22,
      "manzil": 5,
      "arabic": "قُلْ لَّكُمْ مِّيْعَادُ يَوْمٍ لَّا تَسْتَأْخِرُوْنَ عَنْهُ سَاعَةً وَّلَا تَسْتَقْدِمُوْنَ ࣖ ",
      "latin": "Qul lakum mī‘ādu yaumil lā tasta'khirūna ‘anhu sā‘ataw wa lā tastaqdimūn(a).",
      "translation": "Katakanlah (Nabi Muhammad), “Bagimu ada hari yang telah dijanjikan (hari Kiamat). Kamu tidak dapat meminta penundaan sesaat pun dan tidak pula percepatan.”",
      "footnotes": null
    },
    {
      "ayah": 31,
      "quarter_hizb": 44,
      "juz": 22,
      "manzil": 5,
      "arabic": "وَقَالَ الَّذِيْنَ كَفَرُوْا لَنْ نُّؤْمِنَ بِهٰذَا الْقُرْاٰنِ وَلَا بِالَّذِيْ بَيْنَ يَدَيْهِۗ وَلَوْ تَرٰىٓ اِذِ الظّٰلِمُوْنَ مَوْقُوْفُوْنَ عِنْدَ رَبِّهِمْۖ يَرْجِعُ بَعْضُهُمْ اِلٰى بَعْضِ ِۨالْقَوْلَۚ يَقُوْلُ الَّذِيْنَ اسْتُضْعِفُوْا لِلَّذِيْنَ اسْتَكْبَرُوْا لَوْلَآ اَنْتُمْ لَكُنَّا مُؤْمِنِيْنَ ",
      "latin": "Wa qālal-lażīna kafarū lan nu'mina bihāżal-qur'āni wa lā bil-lażī baina yadaih(i), wa lau tarā iżiẓ-ẓālimūna mauqūfūna ‘inda rabbihim, yarji‘u ba‘ḍuhum ilā ba‘ḍinil-qaul(a), yaqūlul-lażīnastuḍ‘ifū lil-lażīnastakbarū lau lā antum lakunnā mu'minīn(a).",
      "translation": "Orang-orang yang kufur berkata, “Kami tidak akan pernah beriman kepada Al-Qur’an ini dan tidak (pula) kepada (kitab) yang sebelumnya.” (Alangkah mengerikan) jika engkau (Nabi Muhammad) melihat orang-orang zalim ketika mereka dihadapkan kepada Tuhannya (saat) sebagian mereka mengembalikan perkataan kepada sebagian yang lain (saling berbantah). (Para pengikut) yang dianggap lemah berkata kepada (para pemimpin) yang menyombongkan diri, “Seandainya bukan karenamu, niscaya kami menjadi orang-orang mukmin.”",
      "footnotes": null
    },
    {
      "ayah": 32,
      "quarter_hizb": 44,
      "juz": 22,
      "manzil": 5,
      "arabic": "قَالَ الَّذِيْنَ اسْتَكْبَرُوْا لِلَّذِيْنَ اسْتُضْعِفُوْٓا اَنَحْنُ صَدَدْنٰكُمْ عَنِ الْهُدٰى بَعْدَ اِذْ جَاۤءَكُمْ بَلْ كُنْتُمْ مُّجْرِمِيْنَ ",
      "latin": "Qālal-lażīnastakbarū lil-lażīnastuḍ‘ifū anaḥnu ṣadadnākum ‘anil-hudā ba‘da iż jā'akum bal kuntum mujrimīn(a).",
      "translation": "(Para pemimpin) yang menyombongkan diri berkata kepada (para pengikut) yang dianggap lemah, “Kamikah yang telah menghalangimu untuk memperoleh petunjuk setelah ia datang kepadamu? (Tidak!) Sebenarnya kamulah para pendurhaka.”",
      "footnotes": null
    },
    {
      "ayah": 33,
      "quarter_hizb": 44,
      "juz": 22,
      "manzil": 5,
      "arabic": "وَقَالَ الَّذِيْنَ اسْتُضْعِفُوْا لِلَّذِيْنَ اسْتَكْبَرُوْا بَلْ مَكْرُ الَّيْلِ وَالنَّهَارِ اِذْ تَأْمُرُوْنَنَآ اَنْ نَّكْفُرَ بِاللّٰهِ وَنَجْعَلَ لَهٗٓ اَنْدَادًا ۗوَاَسَرُّوا النَّدَامَةَ لَمَّا رَاَوُا الْعَذَابَۗ وَجَعَلْنَا الْاَغْلٰلَ فِيْٓ اَعْنَاقِ الَّذِيْنَ كَفَرُوْاۗ هَلْ يُجْزَوْنَ اِلَّا مَا كَانُوْا يَعْمَلُوْنَ ",
      "latin": "Wa qālal-lażīnastuḍ‘ifū lil-lażīnastakbarū bal makrul-laili wan-nahāri iż ta'murūnanā an nakfura billāhi wa naj‘ala lahū andādā(n), wa asarrun-nadāmata lammā ra'awul-‘ażāb(a), wa ja‘alnal-aglāla fī a‘nāqil-lażīna kafarū, hal yujzauna illā mā kānū ya‘malūn(a).",
      "translation": "Orang-orang yang dianggap lemah berkata kepada orang-orang yang menyombongkan diri, “(Tidak!) Sebenarnya tipu daya(-mu) pada waktu malam dan siang (yang menghalangi kami) ketika kamu menyuruh kami agar kufur kepada Allah dan menjadikan tandingan-tandingan bagi-Nya.” (Kedua kelompok itu) menyembunyikan penyesalan ketika melihat azab dan Kami pasangkan belenggu di leher orang-orang yang kufur. Bukankah mereka (tidak) akan dibalas, melainkan (sesuai dengan) apa yang telah mereka kerjakan?",
      "footnotes": null
    },
    {
      "ayah": 34,
      "quarter_hizb": 44,
      "juz": 22,
      "manzil": 5,
      "arabic": "وَمَآ اَرْسَلْنَا فِيْ قَرْيَةٍ مِّنْ نَّذِيْرٍ اِلَّا قَالَ مُتْرَفُوْهَآ  ۙاِنَّا بِمَآ اُرْسِلْتُمْ بِهٖ كٰفِرُوْنَ",
      "latin": "Wa mā arsalnā min qaryatim min nażīrin illā qāla mutrafūhā, innā bimā ursiltum bihī kāfirūn(a).",
      "translation": "Tidaklah Kami utus pemberi peringatan ke suatu negeri, kecuali orang-orang yang hidup mewah (di negeri itu) berkata, “Sesungguhnya kami ingkar pada kerasulanmu.”",
      "footnotes": null
    },
    {
      "ayah": 35,
      "quarter_hizb": 44,
      "juz": 22,
      "manzil": 5,
      "arabic": "وَقَالُوْا نَحْنُ اَكْثَرُ اَمْوَالًا وَّاَوْلَادًاۙ وَّمَا نَحْنُ بِمُعَذَّبِيْنَ ",
      "latin": "Wa qālū naḥnu akṡaru amwālaw wa aulādā(n), wa mā naḥnu bimu‘ażżabīn(a).",
      "translation": "Mereka berkata, “Kami memiliki lebih banyak harta dan anak (daripadamu) dan kami tidak akan diazab.”628)",
      "footnotes": "628) Mereka menganggap bahwa nikmat yang besar di dunia adalah tanda keridaan Allah Swt. rida kepadanya sehingga mereka yakin tidak akan menerima azab di akhirat."
    },
    {
      "ayah": 36,
      "quarter_hizb": 44,
      "juz": 22,
      "manzil": 5,
      "arabic": "قُلْ اِنَّ رَبِّيْ يَبْسُطُ الرِّزْقَ لِمَنْ يَّشَاۤءُ وَيَقْدِرُ وَلٰكِنَّ اَكْثَرَ النَّاسِ لَا يَعْلَمُوْنَ ࣖ",
      "latin": "Qul inna rabbī yabsuṭur-rizqa limay yasyā'u wa yaqdiru wa lākinna akṡaran-nāsi lā ya‘lamūn(a).",
      "translation": "Katakanlah (Nabi Muhammad), “Sesungguhnya Allah melapangkan rezeki kepada siapa yang Dia kehendaki dan menyempitkan(-nya). Akan tetapi, kebanyakan manusia tidak mengetahui(-nya).”",
      "footnotes": null
    },
    {
      "ayah": 37,
      "quarter_hizb": 44,
      "juz": 22,
      "manzil": 5,
      "arabic": "وَمَآ اَمْوَالُكُمْ وَلَآ اَوْلَادُكُمْ بِالَّتِيْ تُقَرِّبُكُمْ عِنْدَنَا زُلْفٰىٓ اِلَّا مَنْ اٰمَنَ وَعَمِلَ صَالِحًاۙ فَاُولٰۤىِٕكَ لَهُمْ جَزَاۤءُ الضِّعْفِ بِمَا عَمِلُوْا وَهُمْ فِى الْغُرُفٰتِ اٰمِنُوْنَ ",
      "latin": "Wa mā amwālukum wa lā aulādukum bil-latī tuqarribukum ‘indanā zulfā illā man āmana wa ‘amila ṣāliḥā(n), fa'ulā'ika lahum jazā'uḍ-ḍi‘fi bimā ‘amilū wa hum fil-gurufāti āminūn(a).",
      "translation": "Bukanlah harta atau anak-anakmu yang mendekatkan kamu kepada Kami sedekat-dekatnya, melainkan orang yang beriman dan beramal saleh. Mereka itulah yang memperoleh balasan yang berlipat ganda atas apa yang mereka kerjakan. Mereka aman sentosa di tempat-tempat yang tinggi (dalam surga).",
      "footnotes": null
    },
    {
      "ayah": 38,
      "quarter_hizb": 44,
      "juz": 22,
      "manzil": 5,
      "arabic": "وَالَّذِيْنَ يَسْعَوْنَ فِيْٓ اٰيٰتِنَا مُعٰجِزِيْنَ اُولٰۤىِٕكَ فِى الْعَذَابِ مُحْضَرُوْنَ ",
      "latin": "Wal-lażīna yas‘auna fī āyātinā mu‘ājizīna ulā'ika fil-‘ażābi muḥḍarūn(a).",
      "translation": "Orang-orang yang berusaha (menentang) ayat-ayat Kami untuk melemahkan (kemauan untuk beriman), mereka itu dihadirkan di dalam azab (neraka).",
      "footnotes": null
    },
    {
      "ayah": 39,
      "quarter_hizb": 44,
      "juz": 22,
      "manzil": 5,
      "arabic": "قُلْ اِنَّ رَبِّيْ يَبْسُطُ الرِّزْقَ لِمَنْ يَّشَاۤءُ مِنْ عِبَادِهٖ وَيَقْدِرُ لَهٗ  ۗوَمَآ اَنْفَقْتُمْ مِّنْ شَيْءٍ فَهُوَ يُخْلِفُهٗ ۚوَهُوَ خَيْرُ الرّٰزِقِيْنَ ",
      "latin": "Qul inna rabbī yabsuṭur-rizqa limay yasyā'u min ‘ibādihī wa yaqdiru lah(ū), wa mā anfaqtum min syai'in fahuwa yukhlifuh(ū), wa huwa khairur-rāziqīn(a).",
      "translation": "Katakanlah (Nabi Muhammad), “Sesungguhnya Tuhanku melapangkan rezeki kepada siapa yang Dia kehendaki di antara hamba-hamba-Nya dan menyempitkannya.” Suatu apa pun yang kamu infakkan pasti Dia akan menggantinya. Dialah sebaik-baik pemberi rezeki.",
      "footnotes": null
    },
    {
      "ayah": 40,
      "quarter_hizb": 44,
      "juz": 22,
      "manzil": 5,
      "arabic": "وَيَوْمَ يَحْشُرُهُمْ جَمِيْعًا ثُمَّ يَقُوْلُ لِلْمَلٰۤىِٕكَةِ اَهٰٓؤُلَاۤءِ اِيَّاكُمْ كَانُوْا يَعْبُدُوْنَ ",
      "latin": "Wa yauma yaḥsyuruhum jamī‘an ṡumma yaqūlu lil-malā'ikati ahā'ulā'i iyyākum kānū ya‘budūn(a).",
      "translation": "(Ingatlah) pada hari ketika Dia mengumpulkan mereka semua, kemudian berfirman kepada malaikat, “Apakah hanya kepadamu selama ini mereka menyembah?”",
      "footnotes": null
    },
    {
      "ayah": 41,
      "quarter_hizb": 44,
      "juz": 22,
      "manzil": 5,
      "arabic": "قَالُوْا سُبْحٰنَكَ اَنْتَ وَلِيُّنَا مِنْ دُوْنِهِمْ ۚبَلْ كَانُوْا يَعْبُدُوْنَ الْجِنَّ اَكْثَرُهُمْ بِهِمْ مُّؤْمِنُوْنَ ",
      "latin": "Qālū subḥānaka anta waliyyunā min dūnihim, bal kānū ya‘budūnal-jinna akṡaruhum bihim mu'minūn(a).",
      "translation": "Malaikat menjawab, “Maha Suci Engkau. Engkaulah pelindung kami, bukan mereka. Sebenarnya, mereka selalu menyembah jin (dan) kebanyakan mereka beriman kepadanya.”",
      "footnotes": null
    },
    {
      "ayah": 42,
      "quarter_hizb": 44,
      "juz": 22,
      "manzil": 5,
      "arabic": "فَالْيَوْمَ لَا يَمْلِكُ بَعْضُكُمْ لِبَعْضٍ نَّفْعًا وَّلَا ضَرًّا ۗوَنَقُوْلُ لِلَّذِيْنَ ظَلَمُوْا ذُوْقُوْا عَذَابَ النَّارِ الَّتِيْ كُنْتُمْ بِهَا تُكَذِّبُوْنَ ",
      "latin": "Fal-yauma lā yamliku ba‘ḍukum liba‘ḍin naf‘aw wa ḍarrā(n), wa naqūlu lil-lażīna ẓalamū żūqū ‘ażāban-nāril-latī kuntum bihā tukażżibūn(a).",
      "translation": "Pada hari ini sebagian kamu tidak kuasa (mendatangkan) manfaat dan (menolak) mudarat kepada sebagian yang lain. Kami katakan kepada orang-orang yang zalim, “Rasakanlah olehmu azab neraka yang selalu kamu dustakan!”",
      "footnotes": null
    },
    {
      "ayah": 43,
      "quarter_hizb": 44,
      "juz": 22,
      "manzil": 5,
      "arabic": "وَاِذَا تُتْلٰى عَلَيْهِمْ اٰيٰتُنَا بَيِّنٰتٍ قَالُوْا مَا هٰذَآ اِلَّا رَجُلٌ يُّرِيْدُ اَنْ يَّصُدَّكُمْ عَمَّا كَانَ يَعْبُدُ اٰبَاۤؤُكُمْ ۚوَقَالُوْا مَا هٰذَآ اِلَّآ اِفْكٌ مُّفْتَرًىۗ وَقَالَ الَّذِيْنَ كَفَرُوْا لِلْحَقِّ لَمَّا جَاۤءَهُمْۙ اِنْ هٰذَآ اِلَّا سِحْرٌ مُّبِيْنٌ ",
      "latin": "Wa iżā tutlā ‘alaihim āyātunā bayyinātin qālū mā hāżā illā rajuluy yurīdu ay yaṣuddakum ‘ammā kāna ya‘budu ābā'ukum, wa qālū mā hāżā illā ifkum muftarā(n), wa qālal-lażīna kafarū lil-ḥaqqi lammā jā'ahum, in hāżā illā siḥrum mubīn(un).",
      "translation": "Apabila dibacakan kepada mereka ayat-ayat Kami yang terang, mereka berkata, “Orang ini tidak lain hanya ingin menghalang-halangi kamu dari apa yang biasa disembah oleh nenek moyangmu.” Mereka berkata, “(Al-Qur’an) ini tidak lain hanyalah kebohongan yang diada-adakan saja.” Orang-orang yang kufur berkata tentang kebenaran (Al-Qur’an) ketika ia datang kepada mereka, “Ini tidak lain hanyalah sihir yang nyata.”",
      "footnotes": null
    },
    {
      "ayah": 44,
      "quarter_hizb": 44,
      "juz": 22,
      "manzil": 5,
      "arabic": "وَمَآ اٰتَيْنٰهُمْ مِّنْ كُتُبٍ يَّدْرُسُوْنَهَا وَمَآ اَرْسَلْنَآ اِلَيْهِمْ قَبْلَكَ مِنْ نَّذِيْرٍۗ ",
      "latin": "Wa mā ātaināhum min kutubiy yadrusūnahā wa mā arsalnā ilaihim qablaka min nażīr(in).",
      "translation": "Tidaklah Kami berikan kepada mereka kitab apa pun yang mereka pelajari dan tidak (pula) Kami utus seorang pemberi peringatan kepada mereka sebelum engkau (Nabi Muhammad).",
      "footnotes": null
    },
    {
      "ayah": 45,
      "quarter_hizb": 44,
      "juz": 22,
      "manzil": 5,
      "arabic": "وَكَذَّبَ الَّذِيْنَ مِنْ قَبْلِهِمْۙ وَمَا بَلَغُوْا مِعْشَارَ مَآ اٰتَيْنٰهُمْ فَكَذَّبُوْا رُسُلِيْۗ فَكَيْفَ كَانَ نَكِيْرِ ࣖ",
      "latin": "Wa każżabal-lażīna min qablihim, wa mā balagū mi‘syāra mā ātaināhum fakażżabū rusulī, fakaifa kāna nakīr(i). ",
      "translation": "Orang-orang sebelum mereka (kafir Makkah) telah mendustakan (para rasul). Padahal, mereka (kafir Makkah) itu belum sampai (menerima) sepersepuluh dari apa (nikmat) yang telah Kami anugerahkan kepada orang-orang terdahulu itu, lalu mereka mendustakan para rasul-Ku. Maka, (lihatlah) bagaimana dahsyatnya akibat kemurkaan-Ku.",
      "footnotes": null
    },
    {
      "ayah": 46,
      "quarter_hizb": 44.25,
      "juz": 22,
      "manzil": 5,
      "arabic": "۞ قُلْ اِنَّمَآ اَعِظُكُمْ بِوَاحِدَةٍۚ اَنْ تَقُوْمُوْا لِلّٰهِ مَثْنٰى وَفُرَادٰى ثُمَّ تَتَفَكَّرُوْاۗ مَا بِصَاحِبِكُمْ مِّنْ جِنَّةٍۗ اِنْ هُوَ اِلَّا نَذِيْرٌ لَّكُمْ بَيْنَ يَدَيْ عَذَابٍ شَدِيْدٍ ",
      "latin": "Qul innamā a‘iẓukum biwāḥidah(tin), an taqūmū lillāhi maṡnā wa furādā ṡumma tatafakkarū, mā biṣāḥibikum min jinnah(tin), in huwa illā nażīrul lakum baina yadai ‘ażābin syadīd(in).",
      "translation": "Katakanlah (Nabi Muhammad), “Aku hendak menasihatimu dengan satu hal saja, (yaitu) agar kamu bangkit karena Allah, baik berdua-dua maupun sendiri-sendiri, kemudian memikirkan (perihal Nabi Muhammad). Kawanmu itu tidak gila sedikit pun. Dia tidak lain hanyalah pemberi peringatan bagi kamu bahwa di hadapanmu ada azab yang keras.”",
      "footnotes": null
    },
    {
      "ayah": 47,
      "quarter_hizb": 44.25,
      "juz": 22,
      "manzil": 5,
      "arabic": "قُلْ مَا سَاَلْتُكُمْ مِّنْ اَجْرٍ فَهُوَ لَكُمْۗ اِنْ اَجْرِيَ اِلَّا عَلَى اللّٰهِ ۚوَهُوَ عَلٰى كُلِّ شَيْءٍ شَهِيْدٌ ",
      "latin": "Qul mā sa'altukum min ajrin fahuwa lakum, in ajriya illā ‘alallāh(i), wa huwa ‘alā kulli syai'in syahīd(un).",
      "translation": "Katakanlah (Nabi Muhammad), “Imbalan yang aku minta kepadamu (dari dakwah ini) hanya untuk kamu (sendiri). Imbalanku hanyalah dari Allah dan Dia Maha Menyaksikan segala sesuatu.”",
      "footnotes": null
    },
    {
      "ayah": 48,
      "quarter_hizb": 44.25,
      "juz": 22,
      "manzil": 5,
      "arabic": "قُلْ اِنَّ رَبِّيْ يَقْذِفُ بِالْحَقِّۚ عَلَّامُ الْغُيُوْبِ ",
      "latin": "Qul inna rabbī yaqżifu bil-ḥaqq(i), ‘allāmul-guyūb(i).",
      "translation": "Katakanlah (Nabi Muhammad), “Sesungguhnya Tuhanku melempar (kebatilan) dengan kebenaran. Dia Maha Mengetahui segala yang gaib.”",
      "footnotes": null
    },
    {
      "ayah": 49,
      "quarter_hizb": 44.25,
      "juz": 22,
      "manzil": 5,
      "arabic": "قُلْ جَاۤءَ الْحَقُّ وَمَا يُبْدِئُ الْبَاطِلُ وَمَا يُعِيْدُ ",
      "latin": "Qul jā'al-ḥaqqu wa mā yubdi'ul-bāṭilu wa mā yu‘īd(u).",
      "translation": "Katakanlah, “Kebenaran telah datang dan yang batil itu tidak akan memulai dan tidak (pula) akan mengulangi.”629)",
      "footnotes": "629) Apabila kebenaran sudah datang, kebatilan akan hancur binasa. Tidak ada yang mampu berbuat apa pun untuk melawan dan meruntuhkan kebenaran itu."
    },
    {
      "ayah": 50,
      "quarter_hizb": 44.25,
      "juz": 22,
      "manzil": 5,
      "arabic": "قُلْ اِنْ ضَلَلْتُ فَاِنَّمَآ اَضِلُّ عَلٰى نَفْسِيْۚ وَاِنِ اهْتَدَيْتُ فَبِمَا يُوْحِيْٓ اِلَيَّ رَبِّيْۗ اِنَّهٗ سَمِيْعٌ قَرِيْبٌ ",
      "latin": "Qul in ḍalaltu fa'innamā aḍillu ‘alā nafsī, wa inihtadaitu  fabimā yūḥī ilayya rabbī, innahū samī‘un qarīb(un).",
      "translation": "Katakanlah, “Jika aku sesat, sesungguhnya aku sesat untuk diriku sendiri dan jika aku mendapat petunjuk, hal itu disebabkan apa yang diwahyukan Tuhanku kepadaku. Sesungguhnya Dia Maha Mendengar lagi Maha Dekat.”",
      "footnotes": null
    },
    {
      "ayah": 51,
      "quarter_hizb": 44.25,
      "juz": 22,
      "manzil": 5,
      "arabic": "وَلَوْ تَرٰىٓ اِذْ فَزِعُوْا فَلَا فَوْتَ وَاُخِذُوْا مِنْ مَّكَانٍ قَرِيْبٍۙ ",
      "latin": "Wa lau tarā iż fazi‘ū falā fauta wa ukhiżū mim makānin qarīb(in).",
      "translation": "(Alangkah mengerikan) seandainya engkau melihat ketika mereka (orang-orang kafir) terperanjat ketakutan (pada hari Kiamat). Mereka tidak dapat melepaskan diri dan ditangkap dari tempat yang dekat (untuk diseret ke neraka).",
      "footnotes": null
    },
    {
      "ayah": 52,
      "quarter_hizb": 44.25,
      "juz": 22,
      "manzil": 5,
      "arabic": "وَّقَالُوْٓا اٰمَنَّا بِهٖۚ وَاَنّٰى لَهُمُ التَّنَاوُشُ مِنْ مَّكَانٍۢ بَعِيْدٍۚ ",
      "latin": "Wa qālū āmannā bih(ī), wa annā lahumut-tanāwusyu mim makānim ba‘īd(in).",
      "translation": "(Ketika melihat azab) mereka berkata, “Kami beriman kepadanya (kebenaran).” Namun, bagaimana mungkin (di akhirat) mereka dapat mencapai keimanan (dengan mudah) dari tempat yang jauh (dunia fana)?",
      "footnotes": null
    },
    {
      "ayah": 53,
      "quarter_hizb": 44.25,
      "juz": 22,
      "manzil": 5,
      "arabic": "وَقَدْ كَفَرُوْا بِهٖ مِنْ قَبْلُۚ وَيَقْذِفُوْنَ بِالْغَيْبِ مِنْ مَّكَانٍۢ بَعِيْدٍۚ ",
      "latin": "Wa qad kafarū bihī min qabl(u), wa yaqżifūna bil-gaibi mim makānim ba‘īd(in).",
      "translation": "Sungguh, mereka telah kufur terhadap kebenaran sebelum itu (ketika di dunia) dan melontarkan (keraguan) tentang yang gaib dari tempat yang jauh.",
      "footnotes": null
    },
    {
      "ayah": 54,
      "quarter_hizb": 44.25,
      "juz": 22,
      "manzil": 5,
      "arabic": "وَحِيْلَ بَيْنَهُمْ وَبَيْنَ مَا يَشْتَهُوْنَۙ  كَمَا فُعِلَ بِاَشْيَاعِهِمْ مِّنْ قَبْلُۗ اِنَّهُمْ كَانُوْا فِيْ شَكٍّ مُّرِيْبٍ ࣖ",
      "latin": "Wa ḥīla bainahum wa baina mā yasytahūn(a), kamā fu‘ila bi'asy-yā‘ihim min qabl(u), innahum fī syakkim murīb(in).",
      "translation": "Diberilah penghalang antara mereka dan apa yang mereka inginkan630) sebagaimana yang dilakukan terhadap orang-orang terdahulu yang serupa dengan mereka. Sesungguhnya mereka dahulu (di dunia) dalam keraguan yang mendalam.",
      "footnotes": "630) Yang mereka inginkan itu adalah beriman atau kembali ke dunia untuk bertobat."
    }
  ]
}