{
  "arabic": " فاطر",
  "latin": "Fāṭir",
  "transliteration": "Fatir",
  "translation": "Pencipta",
  "num_ayah": 45,
  "location": "Makkiyah",
  "ayah": [
    {
      "ayah": 1,
      "quarter_hizb": 44.25,
      "juz": 22,
      "manzil": 5,
      "arabic": "اَلْحَمْدُ لِلّٰهِ فَاطِرِ السَّمٰوٰتِ وَالْاَرْضِ جَاعِلِ الْمَلٰۤىِٕكَةِ رُسُلًاۙ اُولِيْٓ اَجْنِحَةٍ مَّثْنٰى وَثُلٰثَ وَرُبٰعَۗ يَزِيْدُ فِى الْخَلْقِ مَا يَشَاۤءُۗ اِنَّ اللّٰهَ عَلٰى كُلِّ شَيْءٍ قَدِيْرٌ ",
      "latin": "Al-ḥamdu lillāhi fāṭiris-samāwāti wal-arḍi jā‘ilil-malāikati rusulā(n), ulī ajniḥatim maṡnā wa ṡulāṡa wa rubā‘(a), yazīdu fil-khalqi mā yasyā'(u), innallāha ‘alā kulli syai'in qadīr(un).",
      "translation": "Segala puji bagi Allah, Pencipta langit dan bumi yang menjadikan malaikat sebagai utusan-utusan (untuk mengurus berbagai macam urusan) yang mempunyai sayap. Masing-masing (ada yang) dua, tiga, dan empat. Dia menambahkan pada ciptaan-Nya apa yang Dia kehendaki. Sesungguhnya Allah Maha Kuasa atas segala sesuatu.",
      "footnotes": null
    },
    {
      "ayah": 2,
      "quarter_hizb": 44.25,
      "juz": 22,
      "manzil": 5,
      "arabic": "مَا يَفْتَحِ اللّٰهُ لِلنَّاسِ مِنْ رَّحْمَةٍ فَلَا مُمْسِكَ لَهَا ۚوَمَا يُمْسِكْۙ فَلَا مُرْسِلَ لَهٗ مِنْۢ بَعْدِهٖۗ وَهُوَ الْعَزِيْزُ الْحَكِيْمُ ",
      "latin": "Mā yaftaḥillāhu lin-nāsi mir raḥmatin falā mumsika lahā, wa mā yumsik falā mursila lahū mim ba‘dih(ī), wa huwal-‘azīzul-ḥakīm(u).",
      "translation": "Apa saja yang Allah anugerahkan kepada manusia berupa rahmat, tidak ada yang dapat menahannya. (Demikian pula) apa saja yang ditahan-Nya, tidak ada yang sanggup untuk melepaskannya. Dialah Yang Maha Perkasa lagi Maha Bijaksana.",
      "footnotes": null
    },
    {
      "ayah": 3,
      "quarter_hizb": 44.25,
      "juz": 22,
      "manzil": 5,
      "arabic": "يٰٓاَيُّهَا النَّاسُ اذْكُرُوْا نِعْمَتَ اللّٰهِ عَلَيْكُمْۗ هَلْ مِنْ خَالِقٍ غَيْرُ اللّٰهِ يَرْزُقُكُمْ مِّنَ السَّمَاۤءِ وَالْاَرْضِۗ  لَآ اِلٰهَ اِلَّا هُوَۖ فَاَنّٰى تُؤْفَكُوْنَ ",
      "latin": "Yā ayyuhan-nāsużkurū ni‘matallāhi ‘alaikum, hal min khāliqin gairullāhi yarzuqukum minas-samā'i wal-arḍ(i), lā ilāha illā huw(a), fa'annā tu'fakūn(a).",
      "translation": "Wahai manusia, ingatlah nikmat Allah kepadamu! Adakah pencipta selain Allah yang dapat memberikan rezeki kepadamu dari langit dan bumi? Tidak ada Tuhan selain Dia. Lalu, bagaimana kamu dapat dipalingkan (dari ketauhidan)?",
      "footnotes": null
    },
    {
      "ayah": 4,
      "quarter_hizb": 44.25,
      "juz": 22,
      "manzil": 5,
      "arabic": "وَاِنْ يُّكَذِّبُوْكَ فَقَدْ كُذِّبَتْ رُسُلٌ مِّنْ قَبْلِكَۗ وَاِلَى اللّٰهِ تُرْجَعُ الْاُمُوْرُ ",
      "latin": "Wa iy yukażżibūka faqad kużżibat rusulum min qablik(a), wa ilallāhi turja‘ul-umūr(u).",
      "translation": "Jika mereka mendustakan engkau (Nabi Muhammad), sungguh rasul-rasul sebelum engkau telah didustakan pula. Hanya kepada Allah segala urusan dikembalikan.",
      "footnotes": null
    },
    {
      "ayah": 5,
      "quarter_hizb": 44.25,
      "juz": 22,
      "manzil": 5,
      "arabic": "يٰٓاَيُّهَا النَّاسُ اِنَّ وَعْدَ اللّٰهِ حَقٌّ فَلَا تَغُرَّنَّكُمُ الْحَيٰوةُ الدُّنْيَاۗ وَلَا يَغُرَّنَّكُمْ بِاللّٰهِ الْغَرُوْرُ ",
      "latin": "Yā ayyuhan-nāsu inna wa‘dallāhi ḥaqqun falā tagurrannakumul-ḥayātud-dun-yā, wa lā yagurrannakum billāhil-garūr(u).",
      "translation": "Wahai manusia, sesungguhnya janji Allah itu benar. Maka, janganlah sekali-kali kehidupan dunia memperdayakan kamu dan janganlah (setan) yang pandai menipu memperdayakan kamu tentang Allah.",
      "footnotes": null
    },
    {
      "ayah": 6,
      "quarter_hizb": 44.25,
      "juz": 22,
      "manzil": 5,
      "arabic": "اِنَّ الشَّيْطٰنَ لَكُمْ عَدُوٌّ فَاتَّخِذُوْهُ عَدُوًّاۗ اِنَّمَا يَدْعُوْا حِزْبَهٗ لِيَكُوْنُوْا مِنْ اَصْحٰبِ السَّعِيْرِۗ ",
      "latin": "Innasy-syaiṭāna lakum ‘aduwwun fattakhiżūhu ‘aduwwā(n), innamā yad‘ū  ḥizbahū liyakūnū min aṣḥābis-sa‘īr(i).",
      "translation": "Sesungguhnya setan itu musuh bagimu. Maka, perlakukanlah ia sebagai musuh! Sesungguhnya setan itu hanya mengajak golongannya agar mereka menjadi penghuni (neraka) Sa‘ir (yang menyala-nyala).",
      "footnotes": null
    },
    {
      "ayah": 7,
      "quarter_hizb": 44.25,
      "juz": 22,
      "manzil": 5,
      "arabic": "اَلَّذِيْنَ كَفَرُوْا لَهُمْ عَذَابٌ شَدِيْدٌ ەۗ وَالَّذِيْنَ اٰمَنُوْا وَعَمِلُوا الصّٰلِحٰتِ لَهُمْ مَّغْفِرَةٌ وَّاَجْرٌ كَبِيْرٌ ࣖ ",
      "latin": "Allażīna kafarū lahum ‘ażābun syadīd(un), wal-lażīna āmanū wa ‘amiluṣ-ṣāliḥāti lahum magfiratuw wa ajrun kabīr(un).  ",
      "translation": "Orang-orang yang kufur bagi mereka azab yang sangat keras, (sedangkan) orang-orang yang beriman dan beramal saleh bagi mereka ampunan dan pahala yang besar.",
      "footnotes": null
    },
    {
      "ayah": 8,
      "quarter_hizb": 44.25,
      "juz": 22,
      "manzil": 5,
      "arabic": "اَفَمَنْ زُيِّنَ لَهٗ سُوْۤءُ عَمَلِهٖ فَرَاٰهُ حَسَنًاۗ فَاِنَّ اللّٰهَ يُضِلُّ مَنْ يَّشَاۤءُ وَيَهْدِيْ مَنْ يَّشَاۤءُۖ فَلَا تَذْهَبْ نَفْسُكَ عَلَيْهِمْ حَسَرٰتٍۗ اِنَّ اللّٰهَ عَلِيْمٌ ۢبِمَا يَصْنَعُوْنَ ",
      "latin": "Afaman zuyyina lahū sū'u ‘amalihī fara'āhu ḥasanā(n), fa'innallāha yuḍillu may yasyā'u wa yahdī may yasyā'(u), falā tażhab nafsuka ‘alaihim ḥasarāt(in), innallāha ‘alīmum bimā yaṣna‘ūn(a).",
      "translation": "Maka, apakah pantas orang yang dijadikan terasa indah perbuatan buruknya (oleh setan), lalu menganggap baik perbuatannya itu (sama dengan yang mendapat petunjuk)? Sesungguhnya Allah menyesatkan siapa yang Dia kehendaki (berdasarkan pilihannya) dan memberi petunjuk kepada siapa yang Dia kehendaki (berdasarkan kesiapannya untuk menerima petunjuk). Maka, jangan engkau (Nabi Muhammad) biarkan dirimu binasa karena kesedihan terhadap (sikap) mereka. Sesungguhnya Allah Maha Mengetahui apa yang mereka perbuat.",
      "footnotes": null
    },
    {
      "ayah": 9,
      "quarter_hizb": 44.25,
      "juz": 22,
      "manzil": 5,
      "arabic": "وَاللّٰهُ الَّذِيْٓ اَرْسَلَ الرِّيٰحَ فَتُثِيْرُ سَحَابًا فَسُقْنٰهُ اِلٰى بَلَدٍ مَّيِّتٍ فَاَحْيَيْنَا بِهِ الْاَرْضَ بَعْدَ مَوْتِهَاۗ  كَذٰلِكَ النُّشُوْرُ ",
      "latin": "Wallāhul-lażī arsalar-riyāḥa fatuṡīru saḥāban fasuqnāhu ilā baladim mayyitin fa'aḥyainā bihil-arḍa ba‘da mautihā, każālikan-nusyūr(u).",
      "translation": "Allahlah yang mengirimkan bermacam angin, lalu ia (angin) menggerakkan awan. (Selanjutnya) Kami arahkan awan itu ke suatu negeri yang mati (tandus), lalu dengannya (hujan) Kami hidupkan bumi setelah matinya. Demikianlah kebangkitan itu.",
      "footnotes": null
    },
    {
      "ayah": 10,
      "quarter_hizb": 44.25,
      "juz": 22,
      "manzil": 5,
      "arabic": "مَنْ كَانَ يُرِيْدُ الْعِزَّةَ فَلِلّٰهِ الْعِزَّةُ جَمِيْعًاۗ اِلَيْهِ يَصْعَدُ الْكَلِمُ الطَّيِّبُ وَالْعَمَلُ الصَّالِحُ يَرْفَعُهٗ ۗوَالَّذِيْنَ يَمْكُرُوْنَ السَّيِّاٰتِ لَهُمْ عَذَابٌ شَدِيْدٌ ۗوَمَكْرُ اُولٰۤىِٕكَ هُوَ يَبُوْرُ ",
      "latin": "Man kāna yurīdul-‘izzata falillāhil-‘izzatu jamī‘ā(n), ilaihi yaṣ‘adul-kalimuṭ-ṭayyibu wal-‘amaluṣ-ṣāliḥu yarfa‘uh(ū), wal-lażīna yamkurūnas-sayyi'āti lahum ‘ażābun syadīd(un), wa makru ulā'ika huwa yabūr(u).",
      "translation": "Siapa yang menghendaki kemuliaan (ketahuilah) kemuliaan itu semuanya milik Allah. Kepada-Nyalah akan naik perkataan-perkataan yang baik631) dan amal saleh akan diangkat-Nya. Adapun orang-orang yang merencanakan kejahatan akan mendapat azab yang sangat keras dan rencana jahat mereka akan hancur.",
      "footnotes": "631) Menurut sebagian mufasir, perkataan yang baik itu adalah kalimat lā ilāha illallāh. Namun, ada pula yang mengatakan bahwa yang dimaksud adalah zikir kepada Allah Swt. atau semua perkataan yang baik yang diucapkan karena Allah Swt."
    },
    {
      "ayah": 11,
      "quarter_hizb": 44.25,
      "juz": 22,
      "manzil": 5,
      "arabic": "وَاللّٰهُ خَلَقَكُمْ مِّنْ تُرَابٍ ثُمَّ مِنْ نُّطْفَةٍ ثُمَّ جَعَلَكُمْ اَزْوَاجًاۗ وَمَا تَحْمِلُ مِنْ اُنْثٰى وَلَا تَضَعُ اِلَّا بِعِلْمِهٖۗ وَمَا يُعَمَّرُ مِنْ مُّعَمَّرٍ وَّلَا يُنْقَصُ مِنْ عُمُرِهٖٓ اِلَّا فِيْ كِتٰبٍۗ اِنَّ ذٰلِكَ عَلَى اللّٰهِ يَسِيْرٌ ",
      "latin": "Wallāhu khalaqakum min turābin ṡumma min nuṭfatin ṡumma ja‘alakum azwājā(n), wa mā taḥmilu min unṡā wa lā taḍa‘u illā bi‘ilmih(ī), wa mā yu‘ammaru mim mu‘ammariw wa lā yunqaṣu min ‘umurihī illā fī kitāb(in), inna żālika ‘alallāhi yasīr(un).",
      "translation": "Allah menciptakanmu dari tanah, dari air mani, kemudian Dia menjadikanmu berpasang-pasangan (laki-laki dan perempuan). Tidak ada seorang perempuan pun yang mengandung dan melahirkan, kecuali dengan sepengetahuan-Nya. Tidak dipanjangkan umur seseorang dan tidak pula dikurangi umurnya, kecuali (sudah ditetapkan) dalam Kitab (Lauhulmahfuz). Sesungguhnya yang demikian itu sangat mudah bagi Allah.",
      "footnotes": null
    },
    {
      "ayah": 12,
      "quarter_hizb": 44.25,
      "juz": 22,
      "manzil": 5,
      "arabic": "وَمَا يَسْتَوِى الْبَحْرٰنِۖ هٰذَا عَذْبٌ فُرَاتٌ سَاۤىِٕغٌ شَرَابُهٗ وَهٰذَا مِلْحٌ اُجَاجٌۗ وَمِنْ كُلٍّ تَأْكُلُوْنَ لَحْمًا طَرِيًّا وَّتَسْتَخْرِجُوْنَ حِلْيَةً تَلْبَسُوْنَهَا ۚوَتَرَى الْفُلْكَ فِيْهِ مَوَاخِرَ لِتَبْتَغُوْا مِنْ فَضْلِهٖ وَلَعَلَّكُمْ تَشْكُرُوْنَ ",
      "latin": "Wa mā yastawil-baḥrān(i), hāżā ‘ażbun furātun sā'igun syarābuhū wa hāżā milḥun ujāj(un), wa min kullin ta'kulūna laḥman ṭariyyaw wa tastakhrijūna ḥilyatan talbasūnahā, wa taral-fulka fīhi mawākhira litabtagū min faḍlihī wa la‘allakum tasykurūn(a).",
      "translation": "Tidak sama (antara) dua laut: yang ini tawar, segar, dan mudah diminum serta yang lain sangat asin. Dari masing-masing itu kamu dapat memakan daging yang segar dan dapat mengeluarkan perhiasan yang kamu pakai. Di sana kamu melihat bahtera (berlayar) membelah (lautan) agar kamu dapat mencari sebagian karunia-Nya dan agar kamu bersyukur.",
      "footnotes": null
    },
    {
      "ayah": 13,
      "quarter_hizb": 44.25,
      "juz": 22,
      "manzil": 5,
      "arabic": "يُوْلِجُ الَّيْلَ فِى النَّهَارِ وَيُوْلِجُ النَّهَارَ فِى الَّيْلِۚ وَسَخَّرَ الشَّمْسَ وَالْقَمَرَ كُلٌّ يَّجْرِيْ لِاَجَلٍ مُّسَمًّىۗ ذٰلِكُمُ اللّٰهُ رَبُّكُمْ لَهُ الْمُلْكُۗ وَالَّذِيْنَ تَدْعُوْنَ مِنْ دُوْنِهٖ مَا يَمْلِكُوْنَ مِنْ قِطْمِيْرٍۗ ",
      "latin": "Yūlijul-laila fin-nahāri wa yūlijun-nahāra fil-lail(i), wa sakhkharasy-syamsa wal-qamara kulluy yajrī li'ajalim musammā(n), żālikumullāhu rabbukum lahul-mulk(u), wal-lażīna tad‘ūna min dūnihī mā yamlikūna min qiṭmīr(in).",
      "translation": "Dia memasukkan malam ke dalam siang dan memasukkan siang ke dalam malam. Dia (pula yang) menundukkan matahari dan bulan. Masing-masing beredar sampai batas waktu yang ditentukan. (Yang berbuat demikian) itulah Allah Tuhanmu. Milik-Nyalah segala kerajaan. Mereka yang kamu seru (sembah) selain-Nya tidak mempunyai (sesuatu walaupun) setipis kulit ari.",
      "footnotes": null
    },
    {
      "ayah": 14,
      "quarter_hizb": 44.25,
      "juz": 22,
      "manzil": 5,
      "arabic": "اِنْ تَدْعُوْهُمْ لَا يَسْمَعُوْا دُعَاۤءَكُمْۚ وَلَوْ سَمِعُوْا مَا اسْتَجَابُوْا لَكُمْۗ وَيَوْمَ الْقِيٰمَةِ يَكْفُرُوْنَ بِشِرْكِكُمْۗ وَلَا يُنَبِّئُكَ مِثْلُ خَبِيْرٍ ࣖ",
      "latin": "In tad‘ūhum lā yasma‘ū du‘ā'akum, wa lau sami‘ū mastajābū lakum, wa yaumal-qiyāmati yakfurūna bisyirkikum, wa lā yunabbi'uka miṡlu khabīr(in).",
      "translation": "Jika kamu menyeru mereka, mereka tidak mendengar seruanmu dan sekiranya mendengar, mereka tidak dapat memenuhi permintaanmu. Pada hari Kiamat mereka akan mengingkari kemusyrikanmu dan tidak ada yang dapat memberikan keterangan kepadamu seperti (yang diberikan oleh Allah) Yang Maha Teliti.",
      "footnotes": null
    },
    {
      "ayah": 15,
      "quarter_hizb": 44.5,
      "juz": 22,
      "manzil": 5,
      "arabic": "۞ يٰٓاَيُّهَا النَّاسُ اَنْتُمُ الْفُقَرَاۤءُ اِلَى اللّٰهِ ۚوَاللّٰهُ هُوَ الْغَنِيُّ الْحَمِيْدُ ",
      "latin": "Yā ayyuhan-nāsu antumul-fuqarā'u ilallāh(i), wallāhu huwal-ganiyyul-ḥamīd(u).",
      "translation": "Wahai manusia, kamulah yang memerlukan Allah. Hanya Allah Yang Maha Kaya lagi Maha Terpuji.",
      "footnotes": null
    },
    {
      "ayah": 16,
      "quarter_hizb": 44.5,
      "juz": 22,
      "manzil": 5,
      "arabic": "اِنْ يَّشَأْ يُذْهِبْكُمْ وَيَأْتِ بِخَلْقٍ جَدِيْدٍۚ ",
      "latin": "Iy yasya' yużhibkum wa ya'ti bikhalqin jadīd(in).",
      "translation": "Jika berkehendak, niscaya Dia membinasakan kamu dan mendatangkan makhluk yang baru.",
      "footnotes": null
    },
    {
      "ayah": 17,
      "quarter_hizb": 44.5,
      "juz": 22,
      "manzil": 5,
      "arabic": "وَمَا ذٰلِكَ عَلَى اللّٰهِ بِعَزِيْزٍ ",
      "latin": "Wa mā żālika ‘alallāhi bi‘azīz(in).",
      "translation": "Yang demikian itu bagi Allah tidak sulit.",
      "footnotes": null
    },
    {
      "ayah": 18,
      "quarter_hizb": 44.5,
      "juz": 22,
      "manzil": 5,
      "arabic": "وَلَا تَزِرُ وَازِرَةٌ وِّزْرَ اُخْرٰى ۗوَاِنْ تَدْعُ مُثْقَلَةٌ اِلٰى حِمْلِهَا لَا يُحْمَلْ مِنْهُ شَيْءٌ وَّلَوْ كَانَ ذَا قُرْبٰىۗ اِنَّمَا تُنْذِرُ الَّذِيْنَ يَخْشَوْنَ رَبَّهُمْ بِالْغَيْبِ وَاَقَامُوا الصَّلٰوةَ ۗوَمَنْ تَزَكّٰى فَاِنَّمَا يَتَزَكّٰى لِنَفْسِهٖ ۗوَاِلَى اللّٰهِ الْمَصِيْرُ ",
      "latin": "Wa lā taziru wāziratuw wizra ukhrā, wa in tad‘u muṡqalatun ilā ḥimlihā lā yuḥmal minhu syai'uw wa lau kāna żā qurbā, innamā tunżirul-lażīna yakhsyauna rabbahum bil-gaibi wa aqāmuṣ-ṣalāh(ta), wa man tazakkā fa innamā yatazakkā linafsih(ī), wa ilallāhil-maṣīr(u).",
      "translation": "Orang yang berdosa tidak akan memikul dosa orang lain. Jika seseorang yang (dibebani dengan) dosa yang berat (lalu) memanggil (orang lain) untuk memikul bebannya itu tidak akan dipikulkan sedikit pun meskipun (yang dipanggilnya itu) kaum kerabatnya. Sesungguhnya yang dapat engkau beri peringatan632)  hanya orang-orang yang takut kepada Tuhannya (sekalipun) tidak melihat-Nya dan mereka yang menegakkan salat. Siapa yang menyucikan dirinya sesungguhnya menyucikan diri untuk kebaikan dirinya sendiri. Hanya kepada Allah tempat kembali.",
      "footnotes": "632) Maksudnya adalah orang-orang yang dapat engkau beri peringatan dan mau menerimanya."
    },
    {
      "ayah": 19,
      "quarter_hizb": 44.5,
      "juz": 22,
      "manzil": 5,
      "arabic": "وَمَا يَسْتَوِى الْاَعْمٰى وَالْبَصِيْرُ ۙ ",
      "latin": "Wa mā yastawil-a‘mā wal-baṣīr(u).",
      "translation": "Tidaklah sama orang yang buta dengan orang yang melihat.",
      "footnotes": null
    },
    {
      "ayah": 20,
      "quarter_hizb": 44.5,
      "juz": 22,
      "manzil": 5,
      "arabic": "وَلَا الظُّلُمٰتُ وَلَا النُّوْرُۙ ",
      "latin": "Wa laẓ-ẓulumātu wa lan-nūr(u).",
      "translation": "Tidak (pula) sama gelap gulita dengan cahaya.",
      "footnotes": null
    },
    {
      "ayah": 21,
      "quarter_hizb": 44.5,
      "juz": 22,
      "manzil": 5,
      "arabic": "وَلَا الظِّلُّ وَلَا الْحَرُوْرُۚ ",
      "latin": "Wa laẓ-ẓillu wa lal-ḥarūr(u).",
      "translation": "Tidak (sama) pula yang teduh dengan yang panas.",
      "footnotes": null
    },
    {
      "ayah": 22,
      "quarter_hizb": 44.5,
      "juz": 22,
      "manzil": 5,
      "arabic": "وَمَا يَسْتَوِى الْاَحْيَاۤءُ وَلَا الْاَمْوَاتُۗ اِنَّ اللّٰهَ يُسْمِعُ مَنْ يَّشَاۤءُ ۚوَمَآ اَنْتَ بِمُسْمِعٍ مَّنْ فِى الْقُبُوْرِ ",
      "latin": "Wa mā yastawil-aḥyā'u wa lal-amwāt(u), innallāha yusmi‘u may yasyā'(u), wa mā anta bimusmi‘im man fil-qubūr(i).",
      "translation": "Tidak (pula) sama orang yang hidup dengan orang yang mati. Sesungguhnya Allah memberikan pendengaran kepada siapa yang Dia kehendaki dan engkau (Nabi Muhammad) tidak akan sanggup menjadikan orang yang di dalam kubur dapat mendengar.",
      "footnotes": null
    },
    {
      "ayah": 23,
      "quarter_hizb": 44.5,
      "juz": 22,
      "manzil": 5,
      "arabic": "اِنْ اَنْتَ اِلَّا نَذِيْرٌ",
      "latin": "In anta illā nażīr(un).",
      "translation": "Engkau tidak lain hanyalah seorang pemberi peringatan.",
      "footnotes": null
    },
    {
      "ayah": 24,
      "quarter_hizb": 44.5,
      "juz": 22,
      "manzil": 5,
      "arabic": "اِنَّآ اَرْسَلْنٰكَ بِالْحَقِّ بَشِيْرًا وَّنَذِيْرًا ۗوَاِنْ مِّنْ اُمَّةٍ اِلَّا خَلَا فِيْهَا نَذِيْرٌ ",
      "latin": "Innā arsalnāka bil-ḥaqqi basyīraw wa nażīrā(n), wa im min ummatin illā khalā fīhā nażīr(un).",
      "translation": "Sesungguhnya Kami mengutus engkau dengan membawa kebenaran633) sebagai pembawa berita gembira dan sebagai pemberi peringatan. Tidak ada satu umat pun, kecuali telah datang kepadanya seorang pemberi peringatan.",
      "footnotes": "633) Kebenaran pada ayat ini adalah agama tauhid dan hukum-hukum."
    },
    {
      "ayah": 25,
      "quarter_hizb": 44.5,
      "juz": 22,
      "manzil": 5,
      "arabic": "وَاِنْ يُّكَذِّبُوْكَ فَقَدْ كَذَّبَ الَّذِيْنَ مِنْ قَبْلِهِمْ ۚجَاۤءَتْهُمْ رُسُلُهُمْ بِالْبَيِّنٰتِ وَبِالزُّبُرِ وَبِالْكِتٰبِ الْمُنِيْرِ ",
      "latin": "Wa iy yukażżibūka faqad każżabal-lażīna min qablihim, jā'athum rusuluhum bil-bayyināti wa biz-zuburi wa bil-kitābil-munīr(i).",
      "translation": "Jika mereka mendustakanmu, sungguh orang-orang yang sebelum mereka pun telah mendustakan (kebenaran). Telah datang rasul-rasul mereka dengan membawa keterangan yang nyata (mukjizat), zubur,634) dan kitab yang memberi penjelasan yang sempurna.",
      "footnotes": "634) Zubur adalah lembaran-lembaran wahyu yang mengandung ketetapan hukum dan nasihat yang diberikan kepada para nabi terdahulu."
    },
    {
      "ayah": 26,
      "quarter_hizb": 44.5,
      "juz": 22,
      "manzil": 5,
      "arabic": "ثُمَّ اَخَذْتُ الَّذِيْنَ كَفَرُوْا فَكَيْفَ كَانَ نَكِيْرِ ࣖ ",
      "latin": "Ṡumma akhażtul-lażīna kafarū fakaifa kāna nakīr(i).",
      "translation": "Kemudian, Aku azab orang-orang yang kufur. Maka, (lihatlah) bagaimana akibat kemurkaan-Ku.",
      "footnotes": null
    },
    {
      "ayah": 27,
      "quarter_hizb": 44.5,
      "juz": 22,
      "manzil": 5,
      "arabic": "اَلَمْ تَرَ اَنَّ اللّٰهَ اَنْزَلَ مِنَ السَّمَاۤءِ مَاۤءًۚ فَاَخْرَجْنَا بِهٖ ثَمَرٰتٍ مُّخْتَلِفًا اَلْوَانُهَا ۗوَمِنَ الْجِبَالِ جُدَدٌ ۢبِيْضٌ وَّحُمْرٌ مُّخْتَلِفٌ اَلْوَانُهَا وَغَرَابِيْبُ سُوْدٌ ",
      "latin": "Alam tara annallāha anzala minas-samā'i mā'ā(n), fa'akhrajnā bihī ṡamarātim mukhtalifan alwānuhā, wa minal-jibāli judadum bīḍuw wa khumrum mukhtalifun alwānuhā wa garābību sūd(un).",
      "translation": "Tidakkah engkau melihat bahwa sesungguhnya Allah menurunkan air dari langit, lalu dengan (air) itu Kami mengeluarkan hasil tanaman yang beraneka macam warnanya. Di antara gunung-gunung itu ada bergaris-garis putih dan merah yang beraneka macam warnanya dan ada (pula) yang hitam pekat.",
      "footnotes": null
    },
    {
      "ayah": 28,
      "quarter_hizb": 44.5,
      "juz": 22,
      "manzil": 5,
      "arabic": "وَمِنَ النَّاسِ وَالدَّوَاۤبِّ وَالْاَنْعَامِ مُخْتَلِفٌ اَلْوَانُهٗ كَذٰلِكَۗ اِنَّمَا يَخْشَى اللّٰهَ مِنْ عِبَادِهِ الْعُلَمٰۤؤُاۗ اِنَّ اللّٰهَ عَزِيْزٌ غَفُوْرٌ ",
      "latin": "Wa minan-nāsi wad-dawābbi wal-an‘āmi mukhtalifun alwānuhū każālik(a), innamā yakhsyallāha min ‘ibādihil-ulamā'(u), innallāha ‘azīzun gafūr(un).",
      "translation": "(Demikian pula) di antara manusia, makhluk bergerak yang bernyawa, dan hewan-hewan ternak ada yang bermacam-macam warnanya (dan jenisnya). Di antara hamba-hamba Allah yang takut kepada-Nya, hanyalah para ulama.635) Sesungguhnya Allah Maha Perkasa lagi Maha Pengampun.",
      "footnotes": "635) Yang dimaksud dengan para ulama adalah orang yang mempunyai pengetahuan tentang syariat serta fenomena alam dan sosial yang menghasilkan rasa takut disertai pengagungan kepada Allah Swt."
    },
    {
      "ayah": 29,
      "quarter_hizb": 44.5,
      "juz": 22,
      "manzil": 5,
      "arabic": "اِنَّ الَّذِيْنَ يَتْلُوْنَ كِتٰبَ اللّٰهِ وَاَقَامُوا الصَّلٰوةَ وَاَنْفَقُوْا مِمَّا رَزَقْنٰهُمْ سِرًّا وَّعَلَانِيَةً يَّرْجُوْنَ تِجَارَةً لَّنْ تَبُوْرَۙ ",
      "latin": "Innal-lażīna yatlūna kitāballāhi wa aqāmuṣ-ṣalāta wa anfaqū mimmā razaqnāhum sirraw wa ‘alāniyatay yarjūna tijāratal lan tabūr(a).",
      "translation": "Sesungguhnya orang-orang yang selalu membaca Kitab Allah (Al-Qur’an), menegakkan salat, dan menginfakkan sebagian rezeki yang Kami anugerahkan kepadanya secara sembunyi-sembunyi dan terang-terangan, mereka itu mengharapkan perdagangan yang tidak akan pernah rugi.",
      "footnotes": null
    },
    {
      "ayah": 30,
      "quarter_hizb": 44.5,
      "juz": 22,
      "manzil": 5,
      "arabic": "لِيُوَفِّيَهُمْ اُجُوْرَهُمْ وَيَزِيْدَهُمْ مِّنْ فَضْلِهٖۗ اِنَّهٗ غَفُوْرٌ شَكُوْرٌ ",
      "latin": "Liyuwaffiyahum ujūrahum wa yazīdahum min faḍlih(ī), innahū gafūrun syakūr(un).",
      "translation": "(Demikian itu) agar Allah menyempurnakan pahala mereka dan menambah karunia-Nya. Sesungguhnya Allah Maha Pengampun lagi Maha Mensyukuri.",
      "footnotes": null
    },
    {
      "ayah": 31,
      "quarter_hizb": 44.5,
      "juz": 22,
      "manzil": 5,
      "arabic": "وَالَّذِيْٓ اَوْحَيْنَآ اِلَيْكَ مِنَ الْكِتٰبِ هُوَ الْحَقُّ مُصَدِّقًا لِّمَا بَيْنَ يَدَيْهِۗ اِنَّ اللّٰهَ بِعِبَادِهٖ لَخَبِيْرٌۢ بَصِيْرٌ ",
      "latin": "Wal-lażī auḥainā ilaika minal-kitābi huwal-ḥaqqu muṣaddiqal limā baina yadaih(i), innallāha bi‘ibādihī lakhabīrum baṣīr(un).",
      "translation": "Apa yang telah Kami wahyukan kepadamu (Nabi Muhammad), yaitu Kitab Suci (Al-Qur’an), itulah yang benar yang membenarkan kitab-kitab sebelumnya. Sesungguhnya Allah benar-benar Maha Mengetahui lagi Maha Melihat (keadaan) hamba-hamba-Nya.",
      "footnotes": null
    },
    {
      "ayah": 32,
      "quarter_hizb": 44.5,
      "juz": 22,
      "manzil": 5,
      "arabic": "ثُمَّ اَوْرَثْنَا الْكِتٰبَ الَّذِيْنَ اصْطَفَيْنَا مِنْ عِبَادِنَاۚ فَمِنْهُمْ ظَالِمٌ لِّنَفْسِهٖ ۚوَمِنْهُمْ مُّقْتَصِدٌ ۚوَمِنْهُمْ سَابِقٌۢ بِالْخَيْرٰتِ بِاِذْنِ اللّٰهِ ۗذٰلِكَ هُوَ الْفَضْلُ الْكَبِيْرُۗ ",
      "latin": "Ṡumma auraṡnal-kitābal-lażīnaṣṭafainā min ‘ibādinā, fa minhum ẓālimul linafsih(ī), wa minhum muqtaṣid(un), wa minhum sābiqum bil-khairāti bi'iżnillāh(i), żālika huwal-faḍlul-kabīr(u).",
      "translation": "Kemudian, Kitab Suci itu Kami wariskan kepada orang-orang yang Kami pilih di antara hamba-hamba Kami. Lalu, di antara mereka ada yang menzalimi diri sendiri, ada yang pertengahan, dan ada (pula) yang lebih dahulu berbuat kebaikan636) dengan izin Allah. Itulah (dianugerahkannya kitab suci adalah) karunia yang besar.",
      "footnotes": "636) Ungkapan menzalimi diri sendiri berarti melakukan dosa, sedangkan kata pertengahan mengacu kepada orang yang melakukan amalan yang wajib saja dan menjauhi dosa. Adapun orang-orang yang lebih dahulu dalam berbuat kebaikan adalah orang-orang yang tidak hanya mengerjakan yang wajib, tetapi juga mengerjakan yang sunah. "
    },
    {
      "ayah": 33,
      "quarter_hizb": 44.5,
      "juz": 22,
      "manzil": 5,
      "arabic": "جَنّٰتُ عَدْنٍ يَّدْخُلُوْنَهَا يُحَلَّوْنَ فِيْهَا مِنْ اَسَاوِرَ مِنْ ذَهَبٍ وَّلُؤْلُؤًا ۚوَلِبَاسُهُمْ فِيْهَا حَرِيْرٌ ",
      "latin": "Jannātu ‘adniy yadkhulūnahā yuḥallauna fīhā min asāwira min żahabiw wa lu'lu'ā(n), wa libāsuhum fīhā ḥarīr(un).",
      "translation": "(Balasan mereka di akhirat adalah) surga ‘Adn yang mereka masuki. Di dalamnya mereka dihiasi gelang-gelang dari emas dan mutiara. Pakaian mereka di dalamnya adalah sutra.",
      "footnotes": null
    },
    {
      "ayah": 34,
      "quarter_hizb": 44.5,
      "juz": 22,
      "manzil": 5,
      "arabic": "وَقَالُوا الْحَمْدُ لِلّٰهِ الَّذِيْٓ اَذْهَبَ عَنَّا الْحَزَنَۗ اِنَّ رَبَّنَا لَغَفُوْرٌ شَكُوْرٌۙ ",
      "latin": "Wa qālul-ḥamdu lillāhil-lażī ażhaba ‘annal-ḥazan(a), inna rabbanā lagafūrun syakūr(un).",
      "translation": "Mereka berkata, “Segala puji bagi Allah yang telah menghilangkan kesedihan dari kami. Sesungguhnya Tuhan kami benar-benar Maha Pengampun lagi Maha Mensyukuri.",
      "footnotes": null
    },
    {
      "ayah": 35,
      "quarter_hizb": 44.5,
      "juz": 22,
      "manzil": 5,
      "arabic": " ۨالَّذِيْٓ اَحَلَّنَا دَارَ الْمُقَامَةِ مِنْ فَضْلِهٖۚ  لَا يَمَسُّنَا فِيْهَا نَصَبٌ وَّلَا يَمَسُّنَا فِيْهَا لُغُوْبٌ ",
      "latin": "Allażī aḥallanā dāral-muqāmati min faḍlih(ī), lā yamassunā fīhā naṣabuw wa lā yamassunā fīhā lugūb(un).",
      "translation": "(Dia) yang menempatkan kami di tempat yang kekal (surga) dengan karunia-Nya. Di dalamnya kami tidak lelah dan lesu.”",
      "footnotes": null
    },
    {
      "ayah": 36,
      "quarter_hizb": 44.5,
      "juz": 22,
      "manzil": 5,
      "arabic": "وَالَّذِيْنَ كَفَرُوْا لَهُمْ نَارُ جَهَنَّمَۚ  لَا يُقْضٰى عَلَيْهِمْ فَيَمُوْتُوْا وَلَا يُخَفَّفُ عَنْهُمْ مِّنْ عَذَابِهَاۗ  كَذٰلِكَ نَجْزِيْ كُلَّ كَفُوْرٍ ۚ",
      "latin": "Wal-lażīna kafarū lahum nāru jahannam(a), lā yuqḍā ‘alaihim fayamūtū wa lā yukhaffafu ‘anhum min ‘ażābihā, każālika najzī kulla kafūr(in).",
      "translation": "Orang-orang yang kufur, bagi mereka neraka Jahanam. Mereka tidak dibinasakan hingga mereka mati dan tidak diringankan dari mereka azabnya. Demikianlah Kami membalas setiap orang yang sangat kufur.",
      "footnotes": null
    },
    {
      "ayah": 37,
      "quarter_hizb": 44.5,
      "juz": 22,
      "manzil": 5,
      "arabic": "وَهُمْ يَصْطَرِخُوْنَ فِيْهَاۚ رَبَّنَآ اَخْرِجْنَا نَعْمَلْ صَالِحًا غَيْرَ الَّذِيْ كُنَّا نَعْمَلُۗ اَوَلَمْ نُعَمِّرْكُمْ مَّا يَتَذَكَّرُ فِيْهِ مَنْ تَذَكَّرَ وَجَاۤءَكُمُ النَّذِيْرُۗ فَذُوْقُوْا فَمَا لِلظّٰلِمِيْنَ مِنْ نَّصِيْرٍ ࣖ",
      "latin": "Wa hum yaṣṭarikhūna fīhā, rabbanā akhirjnā na‘mal ṣāliḥan gairal-lażī kunnā na‘mal(u), awalam nu‘ammirkum mā yatażakkaru fīhi man tażakkara wa jā'akumun nażīr(u), fa żūqū famā liẓ-ẓālimīna min naṣīr(in).",
      "translation": "Mereka berteriak di dalam (neraka) itu, “Ya Tuhan kami, keluarkanlah kami (dari neraka), niscaya kami akan mengerjakan kebajikan, bukan (seperti perbuatan) yang pernah kami kerjakan dahulu.” (Dikatakan kepada mereka,) “Bukankah Kami telah memanjangkan umurmu dalam masa (yang cukup) untuk dapat berpikir bagi orang yang mau berpikir. (Bukankah pula) telah datang kepadamu seorang pemberi peringatan? Maka, rasakanlah (azab Kami). Bagi orang-orang zalim tidak ada seorang penolong pun.” ",
      "footnotes": null
    },
    {
      "ayah": 38,
      "quarter_hizb": 44.5,
      "juz": 22,
      "manzil": 5,
      "arabic": "اِنَّ اللّٰهَ عَالِمُ غَيْبِ السَّمٰوٰتِ وَالْاَرْضِۗ اِنَّهٗ عَلِيْمٌ ۢبِذَاتِ الصُّدُوْرِ ",
      "latin": "Innallāha ‘ālimu gaibis-samāwāti wal-arḍ(i), innahū ‘alīmum biżātiṣ-ṣudūr(i).",
      "translation": "Sesungguhnya Allah mengetahui yang gaib di langit dan di bumi. Sesungguhnya Dia Maha Mengetahui segala isi hati.",
      "footnotes": null
    },
    {
      "ayah": 39,
      "quarter_hizb": 44.5,
      "juz": 22,
      "manzil": 5,
      "arabic": "هُوَ الَّذِيْ جَعَلَكُمْ خَلٰۤىِٕفَ فِى الْاَرْضِۗ فَمَنْ كَفَرَ فَعَلَيْهِ كُفْرُهٗۗ وَلَا يَزِيْدُ الْكٰفِرِيْنَ كُفْرُهُمْ عِنْدَ رَبِّهِمْ اِلَّا مَقْتًا ۚوَلَا يَزِيْدُ الْكٰفِرِيْنَ كُفْرُهُمْ اِلَّا خَسَارًا ",
      "latin": "Huwal-lażī ja‘alakum khalā'ifa fil-arḍ(i), faman kafara fa‘alaihi kufruh(ū), wa lā yazīdul-kāfirīna kufruhum ‘inda rabbihim illā maqtā(n), wa lā yazīdul-kāfirīna kufruhum illā khasārā(n).",
      "translation": "Dialah yang menjadikan kamu sebagai khalifah-khalifah di bumi. Siapa yang kufur, (akibat) kekufurannya akan menimpa dirinya sendiri. Kekufuran orang-orang kafir itu hanya akan menambah kemurkaan di sisi Tuhan mereka. Kekufuran orang-orang kafir itu juga hanya akan menambah kerugian mereka.",
      "footnotes": null
    },
    {
      "ayah": 40,
      "quarter_hizb": 44.5,
      "juz": 22,
      "manzil": 5,
      "arabic": "قُلْ اَرَءَيْتُمْ شُرَكَاۤءَكُمُ الَّذِيْنَ تَدْعُوْنَ مِنْ دُوْنِ اللّٰهِ ۗاَرُوْنِيْ مَاذَا خَلَقُوْا مِنَ الْاَرْضِ اَمْ لَهُمْ شِرْكٌ فِى السَّمٰوٰتِۚ اَمْ اٰتَيْنٰهُمْ كِتٰبًا فَهُمْ عَلٰى بَيِّنَتٍ مِّنْهُۚ بَلْ اِنْ يَّعِدُ الظّٰلِمُوْنَ بَعْضُهُمْ بَعْضًا اِلَّا غُرُوْرًا ",
      "latin": "Qul ara'aitum syurakā'akumul-lażīna tad‘ūna min dūnillāh(i), arūnī māżā khalaqū minal-arḍi am lahum syirkun fis-samāwāt(i), am ātaināhum kitāban fahum ‘alā bayyinatim minh(u), bal iy ya‘iduẓ-ẓālimūna ba‘ḍuhum ba‘ḍan illā gurūrā(n).",
      "translation": "Katakanlah, “Terangkanlah (perihal) sesembahanmu yang kamu seru selain Allah. Perlihatkanlah kepada-Ku (bagian) manakah dari bumi ini yang telah mereka ciptakan ataukah mereka mempunyai peran serta dalam (penciptaan) langit atau adakah Kami menganugerahkan kitab kepada mereka sehingga mereka mendapat keterangan-keterangan yang jelas darinya?” Sebenarnya orang-orang zalim itu, sebagian mereka, hanya menjanjikan tipuan belaka kepada sebagian yang lain.",
      "footnotes": null
    },
    {
      "ayah": 41,
      "quarter_hizb": 44.75,
      "juz": 22,
      "manzil": 5,
      "arabic": "۞ اِنَّ اللّٰهَ يُمْسِكُ السَّمٰوٰتِ وَالْاَرْضَ اَنْ تَزُوْلَا ەۚ وَلَىِٕنْ زَالَتَآ اِنْ اَمْسَكَهُمَا مِنْ اَحَدٍ مِّنْۢ بَعْدِهٖ ۗاِنَّهٗ كَانَ حَلِيْمًا غَفُوْرًا",
      "latin": "Innallāha yumsikus-samāwāti wal-arḍa an tazūlā, wa la'in zālatā in amsakahumā min aḥadim mim ba‘dih(ī), innahū kāna ḥalīman gafūrā(n).",
      "translation": "Sesungguhnya Allah yang menahan langit dan bumi agar tidak lenyap. Jika keduanya akan lenyap, tidak ada seorang pun yang mampu menahannya selain-Nya. Sesungguhnya Dia Maha Penyantun lagi Maha Pengampun.",
      "footnotes": null
    },
    {
      "ayah": 42,
      "quarter_hizb": 44.75,
      "juz": 22,
      "manzil": 5,
      "arabic": "وَاَقْسَمُوْا بِاللّٰهِ جَهْدَ اَيْمَانِهِمْ لَىِٕنْ جَاۤءَهُمْ نَذِيْرٌ لَّيَكُوْنُنَّ اَهْدٰى مِنْ اِحْدَى الْاُمَمِۚ فَلَمَّا جَاۤءَهُمْ نَذِيْرٌ مَّا زَادَهُمْ اِلَّا نُفُوْرًاۙ ",
      "latin": "Wa aqsamū billāhi jahda aimānihim la'in jā'ahum nażīrul layakūnunna ahdā min iḥdal-umam(i), falammā jā'ahum nażīrum mā zādahum illā nufūrā(n).",
      "translation": "Mereka bersumpah atas (nama) Allah dengan sungguh-sungguh bahwa jika datang kepada mereka seorang pemberi peringatan, niscaya mereka akan lebih banyak mendapat petunjuk daripada salah satu umat (yang lain). Akan tetapi, ketika pemberi peringatan datang kepada mereka, tidak menambah (apa-apa) kepada mereka, kecuali makin jauh dari (kebenaran)",
      "footnotes": null
    },
    {
      "ayah": 43,
      "quarter_hizb": 44.75,
      "juz": 22,
      "manzil": 5,
      "arabic": " ۨاسْتِكْبَارًا فِى الْاَرْضِ وَمَكْرَ السَّيِّئِۗ وَلَا يَحِيْقُ الْمَكْرُ السَّيِّئُ اِلَّا بِاَهْلِهٖ ۗفَهَلْ يَنْظُرُوْنَ اِلَّا سُنَّتَ الْاَوَّلِيْنَۚ فَلَنْ تَجِدَ لِسُنَّتِ اللّٰهِ تَبْدِيْلًا ەۚ وَلَنْ تَجِدَ لِسُنَّتِ اللّٰهِ تَحْوِيْلًا",
      "latin": "Istikbāran fil-arḍi wa makras-sayyi'(i), wa lā yaḥīqul-makrus-sayyi'u illā bi'ahlih(ī), fahal yanẓurūna illā sunnatal-awwalīn(a), falan tajida lisunnatillāhi tabdīlā(n), wa lan tajida lisunnatillāhi taḥwīlā(n).",
      "translation": "karena kesombongan (mereka) di bumi dan karena rencana jahat mereka. Akibat (buruk) dari rencana jahat itu hanya akan menimpa orang yang merencanakannya sendiri. Mereka hanya menunggu ketetapan (yang berlaku) kepada orang-orang yang terdahulu.637) Maka, kamu tidak akan mendapatkan perubahan atas ketetapan Allah dan tidak (pula) akan menemukan penyimpangan bagi ketetapan Allah itu.",
      "footnotes": "637) Yang dimaksud dengan ketetapan (yang berlaku) kepada orang-orang yang terdahulu adalah turunnya azab kepada orang-orang yang mendustakan rasul."
    },
    {
      "ayah": 44,
      "quarter_hizb": 44.75,
      "juz": 22,
      "manzil": 5,
      "arabic": "اَوَلَمْ يَسِيْرُوْا فِى الْاَرْضِ فَيَنْظُرُوْا كَيْفَ كَانَ عَاقِبَةُ الَّذِيْنَ مِنْ قَبْلِهِمْ وَكَانُوْٓا اَشَدَّ مِنْهُمْ قُوَّةً ۗوَمَا كَانَ اللّٰهُ لِيُعْجِزَهٗ مِنْ شَيْءٍ فِى السَّمٰوٰتِ وَلَا فِى الْاَرْضِۗ اِنَّهٗ كَانَ عَلِيْمًا قَدِيْرًا ",
      "latin": "Awalam yasīrū fil-arḍi fa yanẓurū kaifa kāna ‘āqibatul-lażīna min qablihim wa kānū asyadda minhum quwwah(tan), wa mā kānallāhu liyu‘jizahū min syai'in fis-samāwāti wa lā fil-arḍ(i), innahū kāna ‘alīman qadīrā(n).",
      "translation": "Tidakkah mereka bepergian di bumi lalu melihat bagaimana kesudahan orang-orang sebelum mereka (yang mendustakan rasul), padahal orang-orang itu lebih besar kekuatannya dari mereka? Tidak ada sesuatu pun yang dapat melemahkan Allah, baik di langit maupun di bumi. Sesungguhnya Dia Maha Mengetahui lagi Maha Kuasa.",
      "footnotes": null
    },
    {
      "ayah": 45,
      "quarter_hizb": 44.75,
      "juz": 22,
      "manzil": 5,
      "arabic": "وَلَوْ يُؤَاخِذُ اللّٰهُ النَّاسَ بِمَا كَسَبُوْا مَا تَرَكَ عَلٰى ظَهْرِهَا مِنْ دَاۤبَّةٍ وَّلٰكِنْ يُّؤَخِّرُهُمْ اِلٰٓى اَجَلٍ مُّسَمًّىۚ فَاِذَا جَاۤءَ اَجَلُهُمْ فَاِنَّ اللّٰهَ كَانَ بِعِبَادِهٖ بَصِيْرًا ࣖ ",
      "latin": "Wa lau yu'ākhiżullāhun-nāsa bimā kasabū mā taraka ‘alā ẓahrihā min dābbatiw wa lākiy yu'akhkhiruhum ilā ajalim musammā(n), fa iżā jā'a ajaluhum fa innallāha kāna bi‘ibādihī baṣīrā(n).",
      "translation": "Sekiranya Allah menghukum manusia disebabkan apa yang telah mereka perbuat, niscaya Dia tidak akan menyisakan satu makhluk pun yang bergerak dan bernyawa di bumi ini. Akan tetapi, Dia menangguhkan (hukuman)-nya sampai waktu yang sudah ditentukan. Maka, apabila datang ajal (waktu ditimpakannya hukuman atas) mereka, sesungguhnya Allah Maha Melihat (keadaan) hamba-hamba-Nya.",
      "footnotes": null
    }
  ]
}