{
  "arabic": " يٰسۤ",
  "latin": "Yāsīn",
  "transliteration": "Yasin",
  "translation": "Yasin",
  "num_ayah": 83,
  "location": "Makkiyah",
  "ayah": [
    {
      "ayah": 1,
      "quarter_hizb": 44.75,
      "juz": 22,
      "manzil": 5,
      "arabic": "يٰسۤ ۚ",
      "latin": "Yā sīn.",
      "translation": "Yā Sīn. ",
      "footnotes": null
    },
    {
      "ayah": 2,
      "quarter_hizb": 44.75,
      "juz": 22,
      "manzil": 5,
      "arabic": "وَالْقُرْاٰنِ الْحَكِيْمِۙ ",
      "latin": "Wal-qur'ānil-ḥakīm(i).",
      "translation": "Demi Al-Qur’an yang penuh hikmah,",
      "footnotes": null
    },
    {
      "ayah": 3,
      "quarter_hizb": 44.75,
      "juz": 22,
      "manzil": 5,
      "arabic": "اِنَّكَ لَمِنَ الْمُرْسَلِيْنَۙ ",
      "latin": "Innaka laminal-mursalīn(a).",
      "translation": "sesungguhnya engkau (Nabi Muhammad) benar-benar salah seorang dari rasul-rasul",
      "footnotes": null
    },
    {
      "ayah": 4,
      "quarter_hizb": 44.75,
      "juz": 22,
      "manzil": 5,
      "arabic": "عَلٰى صِرَاطٍ مُّسْتَقِيْمٍۗ ",
      "latin": "‘Alā ṣirāṭim mustaqīm(in).",
      "translation": "(yang berada) di atas jalan yang lurus,",
      "footnotes": null
    },
    {
      "ayah": 5,
      "quarter_hizb": 44.75,
      "juz": 22,
      "manzil": 5,
      "arabic": "تَنْزِيْلَ الْعَزِيْزِ الرَّحِيْمِۙ ",
      "latin": "Tanzīlal-‘azīzir-raḥīm(i).",
      "translation": "(sebagai wahyu) yang diturunkan oleh (Allah) Yang Maha Perkasa lagi Maha Penyayang,",
      "footnotes": null
    },
    {
      "ayah": 6,
      "quarter_hizb": 44.75,
      "juz": 22,
      "manzil": 5,
      "arabic": "لِتُنْذِرَ قَوْمًا مَّآ اُنْذِرَ اٰبَاۤؤُهُمْ فَهُمْ غٰفِلُوْنَ ",
      "latin": "Litunżira qaumam mā unżira ābā'uhum fahum gāfilūn(a).",
      "translation": "agar engkau (Nabi Muhammad) memberi peringatan kepada suatu kaum yang nenek moyang mereka belum pernah diberi peringatan, sehingga mereka lalai.",
      "footnotes": null
    },
    {
      "ayah": 7,
      "quarter_hizb": 44.75,
      "juz": 22,
      "manzil": 5,
      "arabic": "لَقَدْ حَقَّ الْقَوْلُ عَلٰٓى اَكْثَرِهِمْ فَهُمْ لَا يُؤْمِنُوْنَ ",
      "latin": "Laqad ḥaqqal-qaulu ‘alā akṡarihim fahum lā yu'minūn(a).",
      "translation": "Sungguh, benar-benar berlaku perkataan (ketetapan takdir) terhadap kebanyakan mereka, maka mereka tidak akan beriman.",
      "footnotes": null
    },
    {
      "ayah": 8,
      "quarter_hizb": 44.75,
      "juz": 22,
      "manzil": 5,
      "arabic": "اِنَّا جَعَلْنَا فِيْٓ اَعْنَاقِهِمْ اَغْلٰلًا فَهِيَ اِلَى الْاَذْقَانِ فَهُمْ مُّقْمَحُوْنَ ",
      "latin": "Innā ja‘alnā fī a‘nāqihim aglālan fa hiya ilal-ażqāni fahum muqmaḥūn(a).",
      "translation": "Sesungguhnya Kami telah memasang belenggu di leher mereka, lalu (tangan mereka yang terbelenggu diangkat) ke dagu, karena itu mereka tertengadah.",
      "footnotes": null
    },
    {
      "ayah": 9,
      "quarter_hizb": 44.75,
      "juz": 22,
      "manzil": 5,
      "arabic": "وَجَعَلْنَا مِنْۢ بَيْنِ اَيْدِيْهِمْ سَدًّا وَّمِنْ خَلْفِهِمْ سَدًّا فَاَغْشَيْنٰهُمْ فَهُمْ لَا يُبْصِرُوْنَ ",
      "latin": "Wa ja‘alnā mim baini aidīhim saddaw wa min khalfihim saddan fa agsyaināhum fahum lā yubṣirūn(a).",
      "translation": "Kami memasang penghalang di hadapan mereka dan di belakang mereka, sehingga Kami menutupi (pandangan) mereka. Mereka pun tidak dapat melihat.",
      "footnotes": null
    },
    {
      "ayah": 10,
      "quarter_hizb": 44.75,
      "juz": 22,
      "manzil": 5,
      "arabic": "وَسَوَاۤءٌ عَلَيْهِمْ ءَاَنْذَرْتَهُمْ اَمْ لَمْ تُنْذِرْهُمْ لَا يُؤْمِنُوْنَ ",
      "latin": "Wa sawā'un ‘alaihim a'anżartahum am lam tunżirhum lā yu'minūn(a).",
      "translation": "Sama saja bagi mereka, apakah engkau (Nabi Muhammad) memberi peringatan kepada mereka atau tidak. Mereka (tetap) tidak akan beriman.",
      "footnotes": null
    },
    {
      "ayah": 11,
      "quarter_hizb": 44.75,
      "juz": 22,
      "manzil": 5,
      "arabic": "اِنَّمَا تُنْذِرُ مَنِ اتَّبَعَ الذِّكْرَ وَخَشِيَ الرَّحْمٰنَ بِالْغَيْبِۚ فَبَشِّرْهُ بِمَغْفِرَةٍ وَّاَجْرٍ كَرِيْمٍ ",
      "latin": "Innamā tunżiru manittaba‘aż-żikra  wa khasyiyar-raḥmāna bil-gaib(i), fa basysyirhu bimagfiratiw wa ajrin karīm(in).",
      "translation": "Sesungguhnya engkau (Nabi Muhammad) hanya (bisa) memberi peringatan kepada orang-orang yang mau mengikutinya638) dan yang takut kepada Tuhan Yang Maha Pengasih tanpa melihat-Nya. Berilah mereka kabar gembira dengan ampunan dan pahala yang mulia.",
      "footnotes": "638) Peringatan yang diberikan oleh Nabi Muhammad saw. hanya berguna bagi orang yang mau mengikutinya."
    },
    {
      "ayah": 12,
      "quarter_hizb": 44.75,
      "juz": 22,
      "manzil": 5,
      "arabic": "اِنَّا نَحْنُ نُحْيِ الْمَوْتٰى وَنَكْتُبُ مَا قَدَّمُوْا وَاٰثَارَهُمْۗ وَكُلَّ شَيْءٍ اَحْصَيْنٰهُ فِيْٓ اِمَامٍ مُّبِيْنٍ ࣖ",
      "latin": "Innā naḥnu nuḥyil-mautā wa naktubu mā qaddamū wa āṡārahum, wa kulla syai'in aḥṣaināhu fī imāmim mubīn(in).",
      "translation": "Sesungguhnya Kamilah yang menghidupkan orang-orang yang mati dan Kami (pulalah) yang mencatat apa yang telah mereka kerjakan dan bekas-bekas yang mereka (tinggalkan). Segala sesuatu Kami kumpulkan dalam kitab induk yang nyata (Lauhulmahfuz).",
      "footnotes": null
    },
    {
      "ayah": 13,
      "quarter_hizb": 44.75,
      "juz": 22,
      "manzil": 5,
      "arabic": "وَاضْرِبْ لَهُمْ مَّثَلًا اَصْحٰبَ الْقَرْيَةِۘ اِذْ جَاۤءَهَا الْمُرْسَلُوْنَۚ ",
      "latin": "Waḍrib lahum maṡalan aṣḥābal-qaryah(ti), iż jā'ahal-mursalūn(a).",
      "translation": "Buatlah suatu perumpamaan bagi mereka (kaum kafir Makkah), yaitu penduduk suatu negeri, ketika para utusan datang kepada mereka,",
      "footnotes": null
    },
    {
      "ayah": 14,
      "quarter_hizb": 44.75,
      "juz": 22,
      "manzil": 5,
      "arabic": "اِذْ اَرْسَلْنَآ اِلَيْهِمُ اثْنَيْنِ فَكَذَّبُوْهُمَا فَعَزَّزْنَا بِثَالِثٍ فَقَالُوْٓا اِنَّآ اِلَيْكُمْ مُّرْسَلُوْنَ ",
      "latin": "Iż arsalnā ilaihimuṡnaini fa każżabūhumā fa ‘azzaznā biṡāliṡin faqālū innā ilaikum mursalūn(a).",
      "translation": "(yaitu) ketika Kami mengutus kepada mereka dua orang utusan, lalu mereka mendustakan keduanya. Kemudian Kami menguatkan dengan (utusan) yang ketiga. Maka, ketiga (utusan itu) berkata, “Sesungguhnya kami adalah orang-orang yang diutus kepadamu.”",
      "footnotes": null
    },
    {
      "ayah": 15,
      "quarter_hizb": 44.75,
      "juz": 22,
      "manzil": 5,
      "arabic": "قَالُوْا مَآ اَنْتُمْ اِلَّا بَشَرٌ مِّثْلُنَاۙ وَمَآ اَنْزَلَ الرَّحْمٰنُ مِنْ شَيْءٍۙ اِنْ اَنْتُمْ اِلَّا تَكْذِبُوْنَ ",
      "latin": "Qālū mā antum illā basyarum miṡlunā, wa mā anzalar-raḥmānu min syai'(in), in antum illā takżibūn(a).",
      "translation": "Mereka (penduduk negeri) menjawab, “Kamu tidak lain hanyalah manusia seperti kami. (Allah) Yang Maha Pengasih tidak (pernah) menurunkan sesuatu apa pun. Kamu hanyalah berdusta.”",
      "footnotes": null
    },
    {
      "ayah": 16,
      "quarter_hizb": 44.75,
      "juz": 22,
      "manzil": 5,
      "arabic": "قَالُوْا رَبُّنَا يَعْلَمُ اِنَّآ اِلَيْكُمْ لَمُرْسَلُوْنَ ",
      "latin": "Qālū rabbunā ya‘lamu innā ilaikum lamursalūn(a).",
      "translation": "Mereka (para rasul) berkata, “Tuhan kami mengetahui bahwa sesungguhnya kami benar-benar para utusan(-Nya) kepadamu.",
      "footnotes": null
    },
    {
      "ayah": 17,
      "quarter_hizb": 44.75,
      "juz": 22,
      "manzil": 5,
      "arabic": "وَمَا عَلَيْنَآ اِلَّا الْبَلٰغُ الْمُبِيْنُ ",
      "latin": "Wa mā ‘alainā illal-balāgul-mubīn(u).",
      "translation": "Adapun kewajiban kami hanyalah menyampaikan (perintah Allah) yang jelas.”",
      "footnotes": null
    },
    {
      "ayah": 18,
      "quarter_hizb": 44.75,
      "juz": 22,
      "manzil": 5,
      "arabic": "قَالُوْٓا اِنَّا تَطَيَّرْنَا بِكُمْۚ  لَىِٕنْ لَّمْ تَنْتَهُوْا لَنَرْجُمَنَّكُمْ وَلَيَمَسَّنَّكُمْ مِّنَّا عَذَابٌ اَلِيْمٌ ",
      "latin": "Qālū innā taṭayyarnā bikum, la'il lam tantahū lanarjumannakum wa layamassannakum minnā ‘ażābun alīm(un).",
      "translation": "Mereka (penduduk negeri) menjawab, “Sesungguhnya kami bernasib malang karenamu. Sungguh, jika kamu tidak berhenti (menyeru kami), niscaya kami merajam kamu dan kamu pasti akan merasakan siksaan yang pedih dari kami.”",
      "footnotes": null
    },
    {
      "ayah": 19,
      "quarter_hizb": 44.75,
      "juz": 22,
      "manzil": 5,
      "arabic": "قَالُوْا طَاۤىِٕرُكُمْ مَّعَكُمْۗ اَىِٕنْ ذُكِّرْتُمْۗ بَلْ اَنْتُمْ قَوْمٌ مُّسْرِفُوْنَ ",
      "latin": "Qālū ṭā'irukum ma‘akum, a'in żukkirtum, bal antum qaumum musrifūn(a).",
      "translation": "Mereka (para rasul) berkata, “Kemalangan kamu itu (akibat perbuatan) kamu sendiri. Apakah karena kamu diberi peringatan, (lalu kamu menjadi malang)? Sebenarnya kamu adalah kaum yang melampaui batas.”",
      "footnotes": null
    },
    {
      "ayah": 20,
      "quarter_hizb": 44.75,
      "juz": 22,
      "manzil": 5,
      "arabic": "وَجَاۤءَ مِنْ اَقْصَا الْمَدِيْنَةِ رَجُلٌ يَّسْعٰى قَالَ يٰقَوْمِ اتَّبِعُوا الْمُرْسَلِيْنَۙ  ",
      "latin": "Wa jā'a min aqṣal-madīnati rajuluy yas‘ā qāla yā qaumittabi‘ul-mursalīn(a).",
      "translation": "Datanglah dengan bergegas dari ujung kota, seorang laki-laki.639) Dia berkata, “Wahai kaumku, ikutilah para rasul itu!",
      "footnotes": "639) Menurut sebagian mufasir, laki-laki tersebut bernama Habib an-Najjar."
    },
    {
      "ayah": 21,
      "quarter_hizb": 44.75,
      "juz": 22,
      "manzil": 5,
      "arabic": "اتَّبِعُوْا مَنْ لَّا يَسْـَٔلُكُمْ اَجْرًا وَّهُمْ مُّهْتَدُوْنَ  ۔",
      "latin": "Ittabi‘ū mal lā yas'alukum ajraw wa hum muhtadūn(a).",
      "translation": "Ikutilah orang yang tidak meminta imbalan (dalam berdakwah) kepadamu. Mereka adalah orang-orang yang mendapat petunjuk.",
      "footnotes": null
    },
    {
      "ayah": 22,
      "quarter_hizb": 44.75,
      "juz": 23,
      "manzil": 5,
      "arabic": "وَمَا لِيَ لَآ اَعْبُدُ الَّذِيْ فَطَرَنِيْ وَاِلَيْهِ تُرْجَعُوْنَ ",
      "latin": "Wa mā liya lā a‘budul-lażī faṭaranī wa ilaihi turja‘ūn(a).",
      "translation": "Apa (alasanku) untuk tidak menyembah (Allah) yang telah menciptakanku dan hanya kepada-Nyalah kamu akan dikembalikan?",
      "footnotes": null
    },
    {
      "ayah": 23,
      "quarter_hizb": 44.75,
      "juz": 23,
      "manzil": 5,
      "arabic": "ءَاَتَّخِذُ مِنْ دُوْنِهٖٓ اٰلِهَةً اِنْ يُّرِدْنِ الرَّحْمٰنُ بِضُرٍّ لَّا تُغْنِ عَنِّيْ شَفَاعَتُهُمْ شَيْـًٔا وَّلَا يُنْقِذُوْنِۚ ",
      "latin": "A'attakhiżu min dūnihī ālihatan iy yuridnir-raḥmānu biḍurril lā tugni ‘annī syafā‘atuhum syai'aw wa lā yunqiżūn(i).",
      "translation": "Mengapa aku (harus) mengambil sembahan-sembahan selain-Nya? Jika (Allah) Yang Maha Pengasih menghendaki bencana terhadapku, pasti pertolongan mereka tidak berguna sama sekali bagi diriku dan mereka (juga) tidak dapat menyelamatkanku.",
      "footnotes": null
    },
    {
      "ayah": 24,
      "quarter_hizb": 44.75,
      "juz": 23,
      "manzil": 5,
      "arabic": "اِنِّيْٓ اِذًا لَّفِيْ ضَلٰلٍ مُّبِيْنٍ ",
      "latin": "Innī iżal lafī ḍalālim mubīn(in).",
      "translation": "Sesungguhnya aku (jika berbuat) begitu, pasti berada dalam kesesatan yang nyata.",
      "footnotes": null
    },
    {
      "ayah": 25,
      "quarter_hizb": 44.75,
      "juz": 23,
      "manzil": 5,
      "arabic": "اِنِّيْٓ اٰمَنْتُ بِرَبِّكُمْ فَاسْمَعُوْنِۗ  ",
      "latin": "Innī  āmantu birabbikum fasma‘ūn(i).",
      "translation": "Sesungguhnya aku telah beriman kepada Tuhanmu. Maka, dengarkanlah (pengakuan)-ku.”",
      "footnotes": null
    },
    {
      "ayah": 26,
      "quarter_hizb": 44.75,
      "juz": 23,
      "manzil": 5,
      "arabic": "قِيْلَ ادْخُلِ الْجَنَّةَ ۗقَالَ يٰلَيْتَ قَوْمِيْ يَعْلَمُوْنَۙ",
      "latin": "Qīladkhulil-jannah(ta), qāla yā laita qaumī ya‘lamūn(a).",
      "translation": "Dikatakan (kepadanya), “Masuklah ke surga.”640) Dia (laki-laki itu) berkata, “Aduhai, sekiranya kaumku mengetahui",
      "footnotes": "640) Menurut riwayat, laki-laki itu dibunuh oleh kaumnya sebagaimana tersebut dalam ayat 20‒25. Pada saat sakratulmaut, malaikat turun untuk memberinya kabar gembira bahwa Allah Swt. telah mengampuni dosanya dan menyediakan surga untuknya."
    },
    {
      "ayah": 27,
      "quarter_hizb": 44.75,
      "juz": 23,
      "manzil": 5,
      "arabic": "بِمَا غَفَرَ لِيْ رَبِّيْ وَجَعَلَنِيْ مِنَ الْمُكْرَمِيْنَ",
      "latin": "Bimā gafaralī rabbī wa ja‘alanī minal-mukramīn(a).",
      "translation": "(bagaimana) Tuhanku mengampuniku dan menjadikanku termasuk orang-orang yang dimuliakan.”",
      "footnotes": null
    },
    {
      "ayah": 28,
      "quarter_hizb": 45,
      "juz": 23,
      "manzil": 5,
      "arabic": "۞ وَمَآ اَنْزَلْنَا عَلٰى قَوْمِهٖ مِنْۢ بَعْدِهٖ مِنْ جُنْدٍ مِّنَ السَّمَاۤءِ وَمَا كُنَّا مُنْزِلِيْنَ  ",
      "latin": "Wa mā anzalnā ‘alā qaumihī mim ba‘dihī min jundim minas-samā'i wa mā kunnā munzilīn(a).",
      "translation": "Setelah dia (dibunuh), Kami tidak menurunkan satu pasukan pun dari langit kepada kaumnya dan Kami tidak perlu menurunkannya.",
      "footnotes": null
    },
    {
      "ayah": 29,
      "quarter_hizb": 45,
      "juz": 23,
      "manzil": 5,
      "arabic": "اِنْ كَانَتْ اِلَّا صَيْحَةً وَّاحِدَةً فَاِذَا هُمْ خٰمِدُوْنَ ",
      "latin": "In kānat illā ṣaiḥataw wāḥidatan fa'iżā hum khāmidūn(a).",
      "translation": "(Azab mereka) itu cukup dengan satu teriakan saja. Maka, seketika itu mereka mati. ",
      "footnotes": null
    },
    {
      "ayah": 30,
      "quarter_hizb": 45,
      "juz": 23,
      "manzil": 5,
      "arabic": "يٰحَسْرَةً عَلَى الْعِبَادِۚ مَا يَأْتِيْهِمْ مِّنْ رَّسُوْلٍ اِلَّا كَانُوْا بِهٖ يَسْتَهْزِءُوْنَ ",
      "latin": "Yā ḥasratan ‘alal-‘ibād(i), mā ya'tīhim mir rasūlin illā kānū bihī yastahzi'ūn(a).",
      "translation": "Alangkah besar penyesalan diri para hamba itu. Setiap datang seorang rasul kepada mereka, mereka selalu memperolok-olokkannya.",
      "footnotes": null
    },
    {
      "ayah": 31,
      "quarter_hizb": 45,
      "juz": 23,
      "manzil": 5,
      "arabic": "اَلَمْ يَرَوْا كَمْ اَهْلَكْنَا قَبْلَهُمْ مِّنَ الْقُرُوْنِ اَنَّهُمْ اِلَيْهِمْ لَا يَرْجِعُوْنَ ",
      "latin": "Alam yarau kam ahlaknā qablahum minal-qurūni annahum ilaihim lā yarji‘ūn(a).",
      "translation": "Tidakkah mereka mengetahui berapa banyak umat sebelum mereka yang telah Kami binasakan? Mereka (setelah binasa) tidak ada yang kembali kepada mereka (di dunia).",
      "footnotes": null
    },
    {
      "ayah": 32,
      "quarter_hizb": 45,
      "juz": 23,
      "manzil": 5,
      "arabic": "وَاِنْ كُلٌّ لَّمَّا جَمِيْعٌ لَّدَيْنَا مُحْضَرُوْنَ ࣖ",
      "latin": "Wa in kullul lammā jamī‘ul ladainā muḥḍarūn(a).",
      "translation": "Tidak ada satu (umat) pun, kecuali semuanya akan dihadirkan kepada Kami (untuk dihisab).",
      "footnotes": null
    },
    {
      "ayah": 33,
      "quarter_hizb": 45,
      "juz": 23,
      "manzil": 5,
      "arabic": "وَاٰيَةٌ لَّهُمُ الْاَرْضُ الْمَيْتَةُ ۖاَحْيَيْنٰهَا وَاَخْرَجْنَا مِنْهَا حَبًّا فَمِنْهُ يَأْكُلُوْنَ",
      "latin": "Wa āyatul lahumul-arḍul-maitah(tu), aḥyaināhā wa akhrajnā minhā ḥabban faminhu ya'kulūn(a).",
      "translation": "Suatu tanda (kekuasaan-Nya) bagi mereka adalah bumi yang mati (tandus lalu) Kami menghidupkannya dan mengeluarkan darinya biji-bijian kemudian dari (biji-bijian) itu mereka makan.",
      "footnotes": null
    },
    {
      "ayah": 34,
      "quarter_hizb": 45,
      "juz": 23,
      "manzil": 5,
      "arabic": "وَجَعَلْنَا فِيْهَا جَنّٰتٍ مِّنْ نَّخِيْلٍ وَّاَعْنَابٍ وَّفَجَّرْنَا فِيْهَا مِنَ الْعُيُوْنِۙ",
      "latin": "Wa ja‘alnā fīhā jannātim min nakhīliw wa a‘nābiw wa fajjarnā fīhā minal-‘uyūn(i).",
      "translation": "Kami (juga) menjadikan padanya (bumi) kebun-kebun kurma dan anggur serta Kami memancarkan padanya beberapa mata air",
      "footnotes": null
    },
    {
      "ayah": 35,
      "quarter_hizb": 45,
      "juz": 23,
      "manzil": 5,
      "arabic": "لِيَأْكُلُوْا مِنْ ثَمَرِهٖۙ وَمَا عَمِلَتْهُ اَيْدِيْهِمْ ۗ اَفَلَا يَشْكُرُوْنَ ",
      "latin": "Liya'kulū min ṡamarihī wa mā ‘amilathu aidīhim, afalā yasykurūn(a).",
      "translation": "agar mereka dapat makan dari buahnya, dan dari hasil usaha tangan mereka. Mengapa mereka tidak bersyukur?",
      "footnotes": null
    },
    {
      "ayah": 36,
      "quarter_hizb": 45,
      "juz": 23,
      "manzil": 5,
      "arabic": "سُبْحٰنَ الَّذِيْ خَلَقَ الْاَزْوَاجَ كُلَّهَا مِمَّا تُنْۢبِتُ الْاَرْضُ وَمِنْ اَنْفُسِهِمْ وَمِمَّا لَا يَعْلَمُوْنَ",
      "latin": "Subḥānal-lażī khalaqal-azwāja kullahā mimmā tumbitul-arḍu wa min anfusihim wa mimmā lā ya‘lamūn(a).",
      "translation": "Maha Suci (Allah) yang telah menciptakan semuanya berpasang-pasangan, baik dari apa yang ditumbuhkan oleh bumi dan dari diri mereka sendiri maupun dari apa yang tidak mereka ketahui.",
      "footnotes": null
    },
    {
      "ayah": 37,
      "quarter_hizb": 45,
      "juz": 23,
      "manzil": 5,
      "arabic": "وَاٰيَةٌ لَّهُمُ الَّيْلُ ۖنَسْلَخُ مِنْهُ النَّهَارَ فَاِذَا هُمْ مُّظْلِمُوْنَۙ",
      "latin": "Wa āyatul lahumul-lailu naslakhu minhun-nahāra fa'iżā hum muẓlimūn(a).",
      "translation": "Suatu tanda juga (atas kekuasaan Allah) bagi mereka adalah malam. Kami pisahkan siang dari (malam) itu. Maka, seketika itu mereka (berada dalam) kegelapan.",
      "footnotes": null
    },
    {
      "ayah": 38,
      "quarter_hizb": 45,
      "juz": 23,
      "manzil": 5,
      "arabic": "وَالشَّمْسُ تَجْرِيْ لِمُسْتَقَرٍّ لَّهَا ۗذٰلِكَ تَقْدِيْرُ الْعَزِيْزِ الْعَلِيْمِۗ ",
      "latin": "Wasy-syamsu tajrī limustaqarril lahā, żālika taqdīrul-‘azīzil-‘alīm(i).",
      "translation": "(Suatu tanda juga atas kekuasaan Allah bagi mereka adalah) matahari yang berjalan di tempat peredarannya. Demikianlah ketetapan (Allah) Yang Maha Perkasa lagi Maha Mengetahui.",
      "footnotes": null
    },
    {
      "ayah": 39,
      "quarter_hizb": 45,
      "juz": 23,
      "manzil": 5,
      "arabic": "وَالْقَمَرَ قَدَّرْنٰهُ مَنَازِلَ حَتّٰى عَادَ كَالْعُرْجُوْنِ الْقَدِيْمِ ",
      "latin": "Wal-qamara qaddarnāhu manāzila ḥattā ‘āda kal-‘urjūnil-qadīm(i).",
      "translation": "(Begitu juga) bulan, Kami tetapkan bagi(-nya) tempat-tempat peredaran sehingga (setelah ia sampai ke tempat peredaran yang terakhir,) kembalilah ia seperti bentuk tandan yang tua.641)",
      "footnotes": "641) Bulan itu mulanya berbentuk seperti sabit, kemudian secara berangsur makin besar dan bundar sempurna pada saat purnama. Kemudian, bulan berangsur mengecil kembali hingga terlihat seperti tandan kering yang melengkung."
    },
    {
      "ayah": 40,
      "quarter_hizb": 45,
      "juz": 23,
      "manzil": 5,
      "arabic": "لَا الشَّمْسُ يَنْۢبَغِيْ لَهَآ اَنْ تُدْرِكَ الْقَمَرَ وَلَا الَّيْلُ سَابِقُ النَّهَارِ ۗوَكُلٌّ فِيْ فَلَكٍ يَّسْبَحُوْنَ",
      "latin": "Lasy-syamsu yambagī lahā an tudrikal-qamara wa lal-lailu sābiqun-nahār(i), wa kullun fī falakiy yasbaḥūn(a).",
      "translation": "Tidaklah mungkin bagi matahari mengejar bulan dan malam pun tidak dapat mendahului siang. Masing-masing beredar pada garis edarnya.",
      "footnotes": null
    },
    {
      "ayah": 41,
      "quarter_hizb": 45,
      "juz": 23,
      "manzil": 5,
      "arabic": "وَاٰيَةٌ لَّهُمْ اَنَّا حَمَلْنَا ذُرِّيَّتَهُمْ فِى الْفُلْكِ الْمَشْحُوْنِۙ",
      "latin": "Wa āyatul lahum annā ḥamalnā żurriyyatahum fil-fulkil-masyḥūn(i).",
      "translation": "Suatu tanda (kebesaran Allah) bagi mereka adalah bahwa Kami mengangkut keturunan mereka dalam kapal yang penuh muatan.",
      "footnotes": null
    },
    {
      "ayah": 42,
      "quarter_hizb": 45,
      "juz": 23,
      "manzil": 5,
      "arabic": "وَخَلَقْنَا لَهُمْ مِّنْ مِّثْلِهٖ مَا يَرْكَبُوْنَ",
      "latin": "Wa khalaqnā lahum mim miṡlihī mā yarkabūn(a).",
      "translation": "(Begitu juga) Kami menciptakan untuk mereka dari jenis itu angkutan (lain) yang mereka kendarai.642)",
      "footnotes": "642) Maksudnya adalah hewan-hewan tunggangan dan alat-alat angkutan pada umumnya."
    },
    {
      "ayah": 43,
      "quarter_hizb": 45,
      "juz": 23,
      "manzil": 5,
      "arabic": "وَاِنْ نَّشَأْ نُغْرِقْهُمْ فَلَا صَرِيْخَ لَهُمْ وَلَاهُمْ يُنْقَذُوْنَۙ",
      "latin": "Wa in nasya' nugriqhum falā ṣarīkha lahum wa lā hum yunqażūn(a).",
      "translation": "Jika Kami menghendaki, Kami akan menenggelamkan mereka. Kemudian, tidak ada penolong bagi mereka dan tidak (pula) mereka diselamatkan.",
      "footnotes": null
    },
    {
      "ayah": 44,
      "quarter_hizb": 45,
      "juz": 23,
      "manzil": 5,
      "arabic": "اِلَّا رَحْمَةً مِّنَّا وَمَتَاعًا اِلٰى حِيْنٍ",
      "latin": "Illā raḥmatam minnā wa matā‘an ilā ḥīn(in).",
      "translation": "Akan tetapi, (Kami menyelamatkan mereka) karena rahmat yang besar dari Kami dan untuk memberi mereka kesenangan hidup sampai waktu tertentu.",
      "footnotes": null
    },
    {
      "ayah": 45,
      "quarter_hizb": 45,
      "juz": 23,
      "manzil": 5,
      "arabic": "وَاِذَا قِيْلَ لَهُمُ اتَّقُوْا مَا بَيْنَ اَيْدِيْكُمْ وَمَا خَلْفَكُمْ لَعَلَّكُمْ تُرْحَمُوْنَ",
      "latin": "Wa iżā qīla lahumuttaqū mā baina aidīkum wa mā khalfakum la‘allakum turḥamūn(a).",
      "translation": "Ketika dikatakan kepada mereka, “Takutlah kamu akan (siksa) yang ada di hadapanmu (di dunia) dan azab yang ada di belakangmu (akhirat) agar kamu mendapat rahmat,” (maka mereka berpaling).",
      "footnotes": null
    },
    {
      "ayah": 46,
      "quarter_hizb": 45,
      "juz": 23,
      "manzil": 5,
      "arabic": "وَمَا تَأْتِيْهِمْ مِّنْ اٰيَةٍ مِّنْ اٰيٰتِ رَبِّهِمْ اِلَّا كَانُوْا عَنْهَا مُعْرِضِيْنَ ",
      "latin": "Wa mā ta'tīhim min āyatim min āyāti rabbihim illā kānū ‘anhā mu‘riḍīn(a).",
      "translation": "Tidak satu pun dari tanda-tanda (kebesaran) Tuhan datang kepada mereka, kecuali mereka berpaling darinya.",
      "footnotes": null
    },
    {
      "ayah": 47,
      "quarter_hizb": 45,
      "juz": 23,
      "manzil": 5,
      "arabic": "وَاِذَا قِيْلَ لَهُمْ اَنْفِقُوْا مِمَّا رَزَقَكُمُ اللّٰهُ ۙقَالَ الَّذِيْنَ كَفَرُوْا لِلَّذِيْنَ اٰمَنُوْٓا اَنُطْعِمُ مَنْ لَّوْ يَشَاۤءُ اللّٰهُ اَطْعَمَهٗٓ  ۖاِنْ اَنْتُمْ اِلَّا فِيْ ضَلٰلٍ مُّبِيْنٍ",
      "latin": "Wa iżā qīla lahum anfiqū mimmā razaqakumullāh(u), qālal-lażīna kafarū lil-lażīna āmanū anuṭ‘imu mal lau yasyā'ullāhu aṭ‘amah(ū), in antum illā fī ḍalālim mubīn(in).",
      "translation": "Apabila dikatakan kepada mereka, “Infakkanlah sebagian rezeki yang diberikan Allah kepadamu,” orang-orang yang kufur itu berkata kepada orang-orang yang beriman, “Apakah pantas kami memberi makan kepada orang-orang yang jika Allah menghendaki, Dia akan memberinya makan? Kamu benar-benar dalam kesesatan yang nyata.”",
      "footnotes": null
    },
    {
      "ayah": 48,
      "quarter_hizb": 45,
      "juz": 23,
      "manzil": 5,
      "arabic": "وَيَقُوْلُوْنَ مَتٰى هٰذَا الْوَعْدُ اِنْ كُنْتُمْ صٰدِقِيْنَ",
      "latin": "Wa yaqūlūna matā hāżal-wa‘du in kuntum ṣādiqīn(a).",
      "translation": "Mereka berkata, “Kapankah janji (hari Kebangkitan) ini (terjadi) jika kamu orang-orang benar?”",
      "footnotes": null
    },
    {
      "ayah": 49,
      "quarter_hizb": 45,
      "juz": 23,
      "manzil": 5,
      "arabic": "مَا يَنْظُرُوْنَ اِلَّا صَيْحَةً وَّاحِدَةً تَأْخُذُهُمْ وَهُمْ يَخِصِّمُوْنَ",
      "latin": "Mā yanẓurūna illā ṣaiḥataw wāḥidatan ta'khużuhum wa hum yakhiṣṣimūn(a).",
      "translation": "Mereka hanya menunggu satu teriakan643) yang akan membinasakan mereka saat mereka (sibuk) bertengkar (tentang urusan dunia).",
      "footnotes": "643) Yang dimaksud dengan teriakan adalah suara tiupan sangkakala pertama yang menghancurkan alam ini."
    },
    {
      "ayah": 50,
      "quarter_hizb": 45,
      "juz": 23,
      "manzil": 5,
      "arabic": "فَلَا يَسْتَطِيْعُوْنَ تَوْصِيَةً وَّلَآ اِلٰٓى اَهْلِهِمْ يَرْجِعُوْنَ ࣖ  ",
      "latin": "Falā yastaṭī‘ūna tauṣiyataw wa lā ilā ahlihim yarji‘ūn(a).",
      "translation": "Oleh sebab itu, mereka tidak dapat berwasiat dan tidak dapat kembali kepada keluarganya. ",
      "footnotes": null
    },
    {
      "ayah": 51,
      "quarter_hizb": 45,
      "juz": 23,
      "manzil": 5,
      "arabic": "وَنُفِخَ فِى الصُّوْرِ فَاِذَا هُمْ مِّنَ الْاَجْدَاثِ اِلٰى رَبِّهِمْ يَنْسِلُوْنَ",
      "latin": "Wa nufikha fiṣ-ṣūri fa'iżā hum minal-ajdāṡi ilā rabbihim yansilūn(a).",
      "translation": "Sangkakala pun ditiup644) dan seketika itu mereka bergerak cepat dari kuburnya menuju kepada Tuhannya.",
      "footnotes": "644) Ini adalah tiupan sangkakala yang kedua yang membangkitkan orang-orang dari kubur."
    },
    {
      "ayah": 52,
      "quarter_hizb": 45,
      "juz": 23,
      "manzil": 5,
      "arabic": "قَالُوْا يٰوَيْلَنَا مَنْۢ بَعَثَنَا مِنْ مَّرْقَدِنَا ۜهٰذَا مَا وَعَدَ الرَّحْمٰنُ وَصَدَقَ الْمُرْسَلُوْنَ",
      "latin": "Qālū yā wailanā mam ba‘aṡanā mim marqadinā…hāżā mā wa‘adar-raḥmānu wa ṣadaqal-mursalūn(a).",
      "translation": "Mereka berkata, “Celakalah kami! Siapakah yang membangkitkan kami dari tempat tidur kami (kubur)?” (Lalu, dikatakan kepada mereka,) “Inilah yang dijanjikan (Allah) Yang Maha Pengasih dan benarlah para rasul(-Nya).”",
      "footnotes": null
    },
    {
      "ayah": 53,
      "quarter_hizb": 45,
      "juz": 23,
      "manzil": 5,
      "arabic": "اِنْ كَانَتْ اِلَّا صَيْحَةً وَّاحِدَةً فَاِذَا هُمْ جَمِيْعٌ لَّدَيْنَا مُحْضَرُوْنَ",
      "latin": "In kānat illā ṣaiḥataw wāḥidatan fa'iżā hum jamī‘ul ladainā muḥḍarūn(a).",
      "translation": "Teriakan itu hanya sekali saja, maka seketika itu mereka semua dihadapkan kepada Kami (untuk dihisab).",
      "footnotes": null
    },
    {
      "ayah": 54,
      "quarter_hizb": 45,
      "juz": 23,
      "manzil": 5,
      "arabic": "فَالْيَوْمَ لَا تُظْلَمُ نَفْسٌ شَيْـًٔا وَّلَا تُجْزَوْنَ اِلَّا مَا كُنْتُمْ تَعْمَلُوْنَ",
      "latin": "Fal-yauma lā tuẓlamu nafsun syai'aw wa lā tujzauna illā mā kuntum ta‘malūn(a).",
      "translation": "Pada hari itu tidak ada sama sekali orang yang dirugikan sedikit pun. Kamu tidak akan diberi balasan, kecuali atas apa yang telah kamu kerjakan.",
      "footnotes": null
    },
    {
      "ayah": 55,
      "quarter_hizb": 45,
      "juz": 23,
      "manzil": 5,
      "arabic": "اِنَّ اَصْحٰبَ الْجَنَّةِ الْيَوْمَ فِيْ شُغُلٍ فٰكِهُوْنَ ۚ  ",
      "latin": "Inna aṣḥābal-jannatil-yauma fī syugulin fākihūn(a).",
      "translation": "Sesungguhnya penghuni surga pada hari itu berada dalam kesibukan (sehingga tidak sempat berpikir tentang penghuni neraka) lagi bersenang-senang.",
      "footnotes": null
    },
    {
      "ayah": 56,
      "quarter_hizb": 45,
      "juz": 23,
      "manzil": 5,
      "arabic": "هُمْ وَاَزْوَاجُهُمْ فِيْ ظِلٰلٍ عَلَى الْاَرَاۤىِٕكِ مُتَّكِـُٔوْنَ ۚ   ",
      "latin": "Hum wa azwājuhum fī ẓilālin ‘alal-arā'iki muttaki'ūn(a).",
      "translation": "Mereka dan pasangan-pasangannya berada dalam tempat yang teduh sambil berbaring di atas ranjang berkelambu.",
      "footnotes": null
    },
    {
      "ayah": 57,
      "quarter_hizb": 45,
      "juz": 23,
      "manzil": 5,
      "arabic": "لَهُمْ فِيْهَا فَاكِهَةٌ وَّلَهُمْ مَّا يَدَّعُوْنَ ۚ ",
      "latin": "Lahum fīhā fākihatuw wa lahum mā yadda‘ūn(a).",
      "translation": "Di (surga) itu mereka memperoleh buah-buahan dan apa saja yang mereka inginkan.",
      "footnotes": null
    },
    {
      "ayah": 58,
      "quarter_hizb": 45,
      "juz": 23,
      "manzil": 5,
      "arabic": "سَلٰمٌۗ قَوْلًا مِّنْ رَّبٍّ رَّحِيْمٍ",
      "latin": "Salāmun qaulam mir rabbir raḥīm(in).",
      "translation": "(Kepada mereka dikatakan,) “Salam sejahtera” sebagai ucapan dari Tuhan Yang Maha Penyayang.",
      "footnotes": null
    },
    {
      "ayah": 59,
      "quarter_hizb": 45,
      "juz": 23,
      "manzil": 5,
      "arabic": "وَامْتَازُوا الْيَوْمَ اَيُّهَا الْمُجْرِمُوْنَ",
      "latin": "Wamtāzul-yauma  ayyuhal-mujrimūn(a).",
      "translation": "(Dikatakan kepada orang-orang kafir,) “Berpisahlah kamu (dari orang-orang mukmin) pada hari ini, wahai para pendurhaka!",
      "footnotes": null
    },
    {
      "ayah": 60,
      "quarter_hizb": 45.25,
      "juz": 23,
      "manzil": 5,
      "arabic": "۞ اَلَمْ اَعْهَدْ اِلَيْكُمْ يٰبَنِيْٓ اٰدَمَ اَنْ لَّا تَعْبُدُوا الشَّيْطٰنَۚ اِنَّهٗ لَكُمْ عَدُوٌّ مُّبِيْنٌ ",
      "latin": "Alam a‘had ilaikum yā banī ādama allā ta‘budusy-syaiṭān(a), innahū lakum ‘aduwwum mubīn(un).",
      "translation": "Bukankah Aku telah berpesan kepadamu dengan sungguh-sungguh, wahai anak cucu Adam, bahwa janganlah kamu menyembah setan? Sesungguhnya setan itu musuh yang nyata bagi kamu.",
      "footnotes": null
    },
    {
      "ayah": 61,
      "quarter_hizb": 45.25,
      "juz": 23,
      "manzil": 5,
      "arabic": "وَاَنِ اعْبُدُوْنِيْ ۗهٰذَا صِرَاطٌ مُّسْتَقِيْمٌ ",
      "latin": "Wa ani‘budūnī, hāżā ṣirāṭum mustaqīm(un).",
      "translation": "(Begitu juga bahwa) sembahlah Aku. Inilah jalan yang lurus.”",
      "footnotes": null
    },
    {
      "ayah": 62,
      "quarter_hizb": 45.25,
      "juz": 23,
      "manzil": 5,
      "arabic": "وَلَقَدْ اَضَلَّ مِنْكُمْ جِبِلًّا كَثِيْرًا ۗاَفَلَمْ تَكُوْنُوْا تَعْقِلُوْنَ ",
      "latin": "Wa laqad aḍalla minkum jibillan kaṡīrā(n), afalam takūnū ta‘qilūn(a).",
      "translation": "Sungguh, ia (setan itu) benar-benar telah menyesatkan sangat banyak orang dari kamu. Maka, apakah kamu tidak mengerti?",
      "footnotes": null
    },
    {
      "ayah": 63,
      "quarter_hizb": 45.25,
      "juz": 23,
      "manzil": 5,
      "arabic": "هٰذِهٖ جَهَنَّمُ الَّتِيْ كُنْتُمْ تُوْعَدُوْنَ",
      "latin": "Hāżihī jahannamul-latī kuntum tū‘adūn(a).",
      "translation": "Inilah (neraka) Jahanam yang dahulu telah diperingatkan kepadamu.",
      "footnotes": null
    },
    {
      "ayah": 64,
      "quarter_hizb": 45.25,
      "juz": 23,
      "manzil": 5,
      "arabic": "اِصْلَوْهَا الْيَوْمَ بِمَا كُنْتُمْ تَكْفُرُوْنَ ",
      "latin": "Iṣlauhal-yauma bimā kuntum takfurūn(a).",
      "translation": "Masuklah ke dalamnya pada hari ini karena dahulu kamu mengingkarinya.",
      "footnotes": null
    },
    {
      "ayah": 65,
      "quarter_hizb": 45.25,
      "juz": 23,
      "manzil": 5,
      "arabic": "اَلْيَوْمَ نَخْتِمُ عَلٰٓى اَفْوَاهِهِمْ وَتُكَلِّمُنَآ اَيْدِيْهِمْ وَتَشْهَدُ اَرْجُلُهُمْ بِمَا كَانُوْا يَكْسِبُوْنَ ",
      "latin": "Al-yauma nakhtimu ‘alā afwāhihim wa tukallimunā aidīhim wa tasyhadu arjuluhum bimā kānū yaksibūn(a).",
      "translation": "Pada hari ini Kami membungkam mulut mereka. Tangan merekalah yang berkata kepada Kami dan kaki merekalah yang akan bersaksi terhadap apa yang dahulu mereka kerjakan.",
      "footnotes": null
    },
    {
      "ayah": 66,
      "quarter_hizb": 45.25,
      "juz": 23,
      "manzil": 5,
      "arabic": "وَلَوْ نَشَاۤءُ لَطَمَسْنَا عَلٰٓى اَعْيُنِهِمْ فَاسْتَبَقُوا الصِّرَاطَ فَاَنّٰى يُبْصِرُوْنَ",
      "latin": "Wa lau nasyā'u laṭamasnā ‘alā a‘yunihim fastabaquṣ-ṣirāṭa fa annā yubṣirūn(a). ",
      "translation": "Seandainya Kami menghendaki, pastilah Kami akan menghapus penglihatan (membutakan) mereka sehingga mereka berlomba-lomba (mencari) jalan (selamat). Maka, bagaimana mungkin mereka dapat melihat?",
      "footnotes": null
    },
    {
      "ayah": 67,
      "quarter_hizb": 45.25,
      "juz": 23,
      "manzil": 5,
      "arabic": "وَلَوْ نَشَاۤءُ لَمَسَخْنٰهُمْ عَلٰى مَكَانَتِهِمْ فَمَا اسْتَطَاعُوْا مُضِيًّا وَّلَا يَرْجِعُوْنَ ࣖ ",
      "latin": "Wa lau nasyā'u lamasakhnāhum ‘alā makānatihim famastaṭā‘ū muḍiyyaw wa lā yarji‘ūn(a).",
      "translation": "Seandainya Kami menghendaki, pastilah Kami akan mengubah bentuk mereka di tempat mereka berada, sehingga mereka tidak sanggup meneruskan perjalanan dan juga tidak sanggup pulang kembali.",
      "footnotes": null
    },
    {
      "ayah": 68,
      "quarter_hizb": 45.25,
      "juz": 23,
      "manzil": 5,
      "arabic": "وَمَنْ نُّعَمِّرْهُ نُنَكِّسْهُ فِى الْخَلْقِۗ اَفَلَا يَعْقِلُوْنَ ",
      "latin": "Wa man nu‘ammirhu nunakkishu fil-khalq(i), afalā ya‘qilūn(a).",
      "translation": "Siapa yang Kami panjangkan umurnya niscaya Kami balik proses penciptaannya (dari kuat menuju lemah). Maka, apakah mereka tidak mengerti?",
      "footnotes": null
    },
    {
      "ayah": 69,
      "quarter_hizb": 45.25,
      "juz": 23,
      "manzil": 5,
      "arabic": "وَمَا عَلَّمْنٰهُ الشِّعْرَ وَمَا يَنْۢبَغِيْ لَهٗ ۗاِنْ هُوَ اِلَّا ذِكْرٌ وَّقُرْاٰنٌ مُّبِيْنٌ ۙ",
      "latin": "Wa mā ‘allamnāhusy-syi‘ra wa mā yambagī lah(ū), in huwa illā żikruw wa qur'ānum mubīn(un).",
      "translation": "Kami tidak mengajarkan syair kepadanya (Nabi Muhammad) dan (bersyair) itu tidaklah pantas baginya. (Wahyu yang Kami turunkan kepadanya) itu tidak lain hanyalah pelajaran dan Al-Qur’an yang jelas",
      "footnotes": null
    },
    {
      "ayah": 70,
      "quarter_hizb": 45.25,
      "juz": 23,
      "manzil": 5,
      "arabic": "لِّيُنْذِرَ مَنْ كَانَ حَيًّا وَّيَحِقَّ الْقَوْلُ عَلَى الْكٰفِرِيْنَ",
      "latin": "Liyunżira man kāna ḥayyaw wa yaḥiqqal-qaulu ‘alal-kāfirīn(a).",
      "translation": "agar dia (Nabi Muhammad) memberi peringatan kepada orang-orang yang hidup (hatinya) dan agar ketetapan (azab) terhadap orang-orang kafir itu menjadi pasti.",
      "footnotes": null
    },
    {
      "ayah": 71,
      "quarter_hizb": 45.25,
      "juz": 23,
      "manzil": 5,
      "arabic": "اَوَلَمْ يَرَوْا اَنَّا خَلَقْنَا لَهُمْ مِّمَّا عَمِلَتْ اَيْدِيْنَآ اَنْعَامًا فَهُمْ لَهَا مٰلِكُوْنَ ",
      "latin": "Awalam yarau annā khalaqnā lahum mimmā ‘amilat aidīnā an‘āman fahum lahā mālikūn(a).",
      "translation": "Tidakkah mereka mengetahui bahwa Kami telah menciptakan untuk mereka hewan-hewan ternak dari ciptaan tangan Kami (sendiri), lalu mereka menjadi pemiliknya?",
      "footnotes": null
    },
    {
      "ayah": 72,
      "quarter_hizb": 45.25,
      "juz": 23,
      "manzil": 5,
      "arabic": "وَذَلَّلْنٰهَا لَهُمْ فَمِنْهَا رَكُوْبُهُمْ وَمِنْهَا يَأْكُلُوْنَ ",
      "latin": "Wa żallalnāhā lahum fa minhā rakūbuhum wa minhā ya'kulūn(a).",
      "translation": "Kami menjadikannya (hewan-hewan itu) tunduk kepada mereka. Sebagian di antaranya menjadi tunggangan mereka dan sebagian (lagi) mereka makan.",
      "footnotes": null
    },
    {
      "ayah": 73,
      "quarter_hizb": 45.25,
      "juz": 23,
      "manzil": 5,
      "arabic": "وَلَهُمْ فِيْهَا مَنَافِعُ وَمَشَارِبُۗ اَفَلَا يَشْكُرُوْنَ ",
      "latin": "Wa lahum fīhā manāfi‘u wa masyārib(u), afalā yasykurūn(a).",
      "translation": "Pada dirinya (hewan-hewan ternak itu) terdapat berbagai manfaat dan minuman untuk mereka. Apakah mereka tidak bersyukur?",
      "footnotes": null
    },
    {
      "ayah": 74,
      "quarter_hizb": 45.25,
      "juz": 23,
      "manzil": 5,
      "arabic": "وَاتَّخَذُوْا مِنْ دُوْنِ اللّٰهِ اٰلِهَةً لَّعَلَّهُمْ يُنْصَرُوْنَ ۗ ",
      "latin": "Wattakhażū min dūnillāhi ālihatal la‘allahum yunṣarūn(a).",
      "translation": "Mereka menjadikan sesembahan selain Allah agar mereka mendapat pertolongan.",
      "footnotes": null
    },
    {
      "ayah": 75,
      "quarter_hizb": 45.25,
      "juz": 23,
      "manzil": 5,
      "arabic": "لَا يَسْتَطِيْعُوْنَ نَصْرَهُمْۙ وَهُمْ لَهُمْ جُنْدٌ مُّحْضَرُوْنَ",
      "latin": "Lā yastaṭī‘ūna naṣrahum, wa hum lahum jundum muḥḍarūn(a).",
      "translation": "(Sesembahan) itu tidak mampu menolong mereka, padahal (sesembahan) itu adalah tentara yang dihadirkan untuk menjaganya.",
      "footnotes": null
    },
    {
      "ayah": 76,
      "quarter_hizb": 45.25,
      "juz": 23,
      "manzil": 5,
      "arabic": "فَلَا يَحْزُنْكَ قَوْلُهُمْ ۘاِنَّا نَعْلَمُ مَا يُسِرُّوْنَ وَمَا يُعْلِنُوْنَ ",
      "latin": "Falā yaḥzunka qauluhum, innā na‘lamu mā yusirrūna wa mā yu‘linūn(a).",
      "translation": "Maka, jangan sampai ucapan mereka membuat engkau (Nabi Muhammad) bersedih hati. Sesungguhnya Kami mengetahui apa yang mereka rahasiakan dan apa yang mereka nyatakan.",
      "footnotes": null
    },
    {
      "ayah": 77,
      "quarter_hizb": 45.25,
      "juz": 23,
      "manzil": 5,
      "arabic": "اَوَلَمْ يَرَ الْاِنْسَانُ اَنَّا خَلَقْنٰهُ مِنْ نُّطْفَةٍ فَاِذَا هُوَ خَصِيْمٌ مُّبِيْنٌ ",
      "latin": "Awalam yaral-insānu annā khalaqnāhu min nuṭfatin fa'iżā huwa khaṣīmum mubīn(un).",
      "translation": "Tidakkah manusia mengetahui bahwa Kami menciptakannya dari setetes mani? Kemudian tiba-tiba saja dia menjadi musuh yang nyata.",
      "footnotes": null
    },
    {
      "ayah": 78,
      "quarter_hizb": 45.25,
      "juz": 23,
      "manzil": 5,
      "arabic": "وَضَرَبَ لَنَا مَثَلًا وَّنَسِيَ خَلْقَهٗۗ قَالَ مَنْ يُّحْيِ الْعِظَامَ وَهِيَ رَمِيْمٌ ",
      "latin": "Wa ḍaraba lanā maṡalaw wa nasiya khalqah(ū), qāla may yuḥyil-‘iẓāma wa hiya ramīm(un).",
      "translation": "Dia membuat perumpamaan bagi Kami dan melupakan asal penciptaannya. Dia berkata, “Siapakah yang bisa menghidupkan tulang-belulang yang telah hancur luluh?”645)",
      "footnotes": "645) Ayat ini terkait dengan kisah al-‘As bin Wa’il yang mendatangi Nabi Muhammad saw. dengan membawa tulang belulang yang sudah hancur, lalu berkata, “Siapakah yang bisa menghidupkan tulang-belulang yang telah hancur luluh ini?”"
    },
    {
      "ayah": 79,
      "quarter_hizb": 45.25,
      "juz": 23,
      "manzil": 5,
      "arabic": "قُلْ يُحْيِيْهَا الَّذِيْٓ اَنْشَاَهَآ اَوَّلَ مَرَّةٍ ۗوَهُوَ بِكُلِّ خَلْقٍ عَلِيْمٌ ۙ",
      "latin": "Qul yuḥyīhal-lażī ansya'ahā awwala marrah(tin), wa huwa bikulli khalqin ‘alīm(un).",
      "translation": "Katakanlah (Nabi Muhammad), “Yang akan menghidupkannya adalah Zat yang menciptakannya pertama kali. Dia Maha Mengetahui setiap makhluk.",
      "footnotes": null
    },
    {
      "ayah": 80,
      "quarter_hizb": 45.25,
      "juz": 23,
      "manzil": 5,
      "arabic": " ۨالَّذِيْ جَعَلَ لَكُمْ مِّنَ الشَّجَرِ الْاَخْضَرِ نَارًاۙ فَاِذَآ اَنْتُمْ مِّنْهُ تُوْقِدُوْنَ ",
      "latin": "Allażī ja‘ala lakum minasy-syajaril-akhḍari nārā(n), fa'iżā antum minhu tūqidūn(a).",
      "translation": "(Dialah) yang menjadikan api untukmu dari kayu yang hijau. Kemudian, seketika itu kamu menyalakan (api) darinya.”",
      "footnotes": null
    },
    {
      "ayah": 81,
      "quarter_hizb": 45.25,
      "juz": 23,
      "manzil": 5,
      "arabic": "اَوَلَيْسَ الَّذِيْ خَلَقَ السَّمٰوٰتِ وَالْاَرْضَ بِقٰدِرٍ عَلٰٓى اَنْ يَّخْلُقَ مِثْلَهُمْ ۗبَلٰى وَهُوَ الْخَلّٰقُ الْعَلِيْمُ ",
      "latin": "Awa laisal-lażī khalaqas-samāwāti wal-arḍa biqādirin ‘alā ay yakhluqa miṡlahum, balā wa huwal-khallāqul-‘alīm(u).",
      "translation": "Bukankah Zat yang menciptakan langit dan bumi mampu menciptakan manusia yang serupa mereka itu (di akhirat kelak)? Benar. Dialah yang Maha Banyak Mencipta lagi Maha Mengetahui.",
      "footnotes": null
    },
    {
      "ayah": 82,
      "quarter_hizb": 45.25,
      "juz": 23,
      "manzil": 5,
      "arabic": "اِنَّمَآ اَمْرُهٗٓ اِذَآ اَرَادَ شَيْـًٔاۖ اَنْ يَّقُوْلَ لَهٗ كُنْ فَيَكُوْنُ ",
      "latin": "Innamā amruhū iżā arāda syai'an ay yaqūla lahū kun fa yakūn(u).",
      "translation": "Sesungguhnya ketetapan-Nya, jika Dia menghendaki sesuatu, Dia hanya berkata kepadanya, “Jadilah!” Maka, jadilah (sesuatu) itu.",
      "footnotes": null
    },
    {
      "ayah": 83,
      "quarter_hizb": 45.25,
      "juz": 23,
      "manzil": 5,
      "arabic": "فَسُبْحٰنَ الَّذِيْ بِيَدِهٖ مَلَكُوْتُ كُلِّ شَيْءٍ وَّاِلَيْهِ تُرْجَعُوْنَ ࣖ",
      "latin": "Fa subḥānal-lażī biyadihī malakūtu kulli syai'iw wa ilaihi turja‘ūn(a).",
      "translation": "Maka, Maha Suci (Allah) yang di tangan-Nya kekuasaan atas segala sesuatu dan kepada-Nya kamu dikembalikan.",
      "footnotes": null
    }
  ]
}