{
  "arabic": " الصّٰۤفّٰت",
  "latin": "Aṣ-Ṣāffāt",
  "transliteration": "As-Saffat",
  "translation": "Barisan-Barisan",
  "num_ayah": 182,
  "location": "Makkiyah",
  "ayah": [
    {
      "ayah": 1,
      "quarter_hizb": 45.5,
      "juz": 23,
      "manzil": 6,
      "arabic": "وَالصّٰۤفّٰتِ صَفًّاۙ",
      "latin": "Waṣ-ṣāffāti ṣaffā(n).",
      "translation": "Demi (rombongan malaikat) yang berbaris bersaf-saf, (untuk beribadah kepada Allah),",
      "footnotes": null
    },
    {
      "ayah": 2,
      "quarter_hizb": 45.5,
      "juz": 23,
      "manzil": 6,
      "arabic": "فَالزّٰجِرٰتِ زَجْرًاۙ",
      "latin": "Faz-zājirāti zajrā(n).",
      "translation": "demi (rombongan malaikat) yang mencegah (segala sesuatu) dengan sungguh-sungguh,",
      "footnotes": null
    },
    {
      "ayah": 3,
      "quarter_hizb": 45.5,
      "juz": 23,
      "manzil": 6,
      "arabic": "فَالتّٰلِيٰتِ ذِكْرًاۙ",
      "latin": "Fat-tāliyāti żikrā(n).",
      "translation": "demi (rombongan malaikat) yang membacakan peringatan,",
      "footnotes": null
    },
    {
      "ayah": 4,
      "quarter_hizb": 45.5,
      "juz": 23,
      "manzil": 6,
      "arabic": "اِنَّ اِلٰهَكُمْ لَوَاحِدٌۗ ",
      "latin": "Inna ilāhakum lawāḥid(un).",
      "translation": "sungguh, Tuhanmu benar-benar Esa.",
      "footnotes": null
    },
    {
      "ayah": 5,
      "quarter_hizb": 45.5,
      "juz": 23,
      "manzil": 6,
      "arabic": "رَبُّ السَّمٰوٰتِ وَالْاَرْضِ وَمَا بَيْنَهُمَا وَرَبُّ الْمَشَارِقِۗ ",
      "latin": "Rabbus-samāwāti wal-arḍi wa mā bainahumā wa rabbul-masyāriq(i).",
      "translation": "Tuhan langit dan bumi dan apa yang berada di antara keduanya dan Tuhan tempat-tempat terbitnya matahari.",
      "footnotes": null
    },
    {
      "ayah": 6,
      "quarter_hizb": 45.5,
      "juz": 23,
      "manzil": 6,
      "arabic": "اِنَّا زَيَّنَّا السَّمَاۤءَ الدُّنْيَا بِزِيْنَةِ ِۨالْكَوَاكِبِۙ",
      "latin": "Innā zayyannas-samā'ad-dun-yā bizīnatinil-kawākib(i).",
      "translation": "Sesungguhnya Kami telah menghiasi langit dunia (yang terdekat) dengan hiasan (berupa) bintang-bintang.",
      "footnotes": null
    },
    {
      "ayah": 7,
      "quarter_hizb": 45.5,
      "juz": 23,
      "manzil": 6,
      "arabic": "وَحِفْظًا مِّنْ كُلِّ شَيْطٰنٍ مَّارِدٍۚ ",
      "latin": "Wa ḥifẓam min kulli syaiṭānim mārid(in).",
      "translation": "(Kami telah menjaganya dengan) penjagaan yang sempurna dari setiap setan yang durhaka.",
      "footnotes": null
    },
    {
      "ayah": 8,
      "quarter_hizb": 45.5,
      "juz": 23,
      "manzil": 6,
      "arabic": "لَا يَسَّمَّعُوْنَ اِلَى الْمَلَاِ الْاَعْلٰى وَيُقْذَفُوْنَ مِنْ كُلِّ جَانِبٍۖ ",
      "latin": "Lā yassammā‘ūna ilal-mala'il-a‘lā wa yuqżafūna min kulli jānib(in).",
      "translation": "Mereka (setan-setan) tidak dapat mendengar (percakapan) para malaikat dan mereka dilempari dari segala penjuru",
      "footnotes": null
    },
    {
      "ayah": 9,
      "quarter_hizb": 45.5,
      "juz": 23,
      "manzil": 6,
      "arabic": "دُحُوْرًا وَّلَهُمْ عَذَابٌ وَّاصِبٌ ",
      "latin": "Duḥūraw wa lahum ‘ażābuw wāṣib(un).",
      "translation": "untuk mengusir mereka. Bagi mereka azab yang kekal (di akhirat),",
      "footnotes": null
    },
    {
      "ayah": 10,
      "quarter_hizb": 45.5,
      "juz": 23,
      "manzil": 6,
      "arabic": "اِلَّا مَنْ خَطِفَ الْخَطْفَةَ فَاَتْبَعَهٗ شِهَابٌ ثَاقِبٌ ",
      "latin": "Illā man khaṭifal-khaṭfata fa'atba‘ahū syihābun ṡāqib(un).",
      "translation": "kecuali (setan) yang menyambar pembicaraan dengan sekali sambar; maka ia dikejar oleh bintang yang menyala.",
      "footnotes": null
    },
    {
      "ayah": 11,
      "quarter_hizb": 45.5,
      "juz": 23,
      "manzil": 6,
      "arabic": "فَاسْتَفْتِهِمْ اَهُمْ اَشَدُّ خَلْقًا اَمْ مَّنْ خَلَقْنَا ۗاِنَّا خَلَقْنٰهُمْ مِّنْ طِيْنٍ لَّازِبٍ ",
      "latin": "Fastaftihim ahum asyaddu khalqan am man khalaqnā, innā khalaqnāhum min ṭīnil lāzib(in).",
      "translation": "Maka, tanyakanlah kepada mereka (musyrik Makkah), “Apakah mereka (manusia) lebih sulit penciptaannya ataukah selainnya (langit, bumi, dan lainnya) yang telah Kami ciptakan?” Sesungguhnya Kami telah menciptakan (bapak) mereka (Adam) dari tanah liat.",
      "footnotes": null
    },
    {
      "ayah": 12,
      "quarter_hizb": 45.5,
      "juz": 23,
      "manzil": 6,
      "arabic": "بَلْ عَجِبْتَ وَيَسْخَرُوْنَ ۖ ",
      "latin": "Bal ‘ajibta wa yaskharūn(a).",
      "translation": "Bahkan, engkau (Nabi Muhammad) menjadi heran (terhadap keingkaran mereka) dan mereka selalu menghinamu.",
      "footnotes": null
    },
    {
      "ayah": 13,
      "quarter_hizb": 45.5,
      "juz": 23,
      "manzil": 6,
      "arabic": "وَاِذَا ذُكِّرُوْا لَا يَذْكُرُوْنَ ۖ ",
      "latin": "Wa iżā żukkirū lā yażkurūn(a).",
      "translation": "Apabila diberi peringatan, mereka tidak mengingat (mengindahkannya).",
      "footnotes": null
    },
    {
      "ayah": 14,
      "quarter_hizb": 45.5,
      "juz": 23,
      "manzil": 6,
      "arabic": "وَاِذَا رَاَوْا اٰيَةً يَّسْتَسْخِرُوْنَۖ ",
      "latin": "Wa iżā ra'au āyatay yastaskhirūn(a).",
      "translation": "Apabila melihat suatu tanda (kebesaran Allah atau kebenaran Nabi Muhammad), mereka sangat menghina.",
      "footnotes": null
    },
    {
      "ayah": 15,
      "quarter_hizb": 45.5,
      "juz": 23,
      "manzil": 6,
      "arabic": "وَقَالُوْٓا اِنْ هٰذَآ اِلَّا سِحْرٌ مُّبِيْنٌ ۚ ",
      "latin": "Wa qālū in hāżā illā siḥrum mubīn(un).",
      "translation": "Mereka berkata, “Ini tidak lain hanyalah sihir yang nyata.",
      "footnotes": null
    },
    {
      "ayah": 16,
      "quarter_hizb": 45.5,
      "juz": 23,
      "manzil": 6,
      "arabic": "ءَاِذَا مِتْنَا وَكُنَّا تُرَابًا وَّعِظَامًا ءَاِنَّا لَمَبْعُوْثُوْنَۙ",
      "latin": "A'iżā mitnā wa kunnā turābaw wa ‘iẓāman a'innā lamab‘ūṡūn(a).",
      "translation": "Apabila kami telah mati, (lalu) menjadi tanah dan tulang-belulang, apakah kami benar-benar akan dibangkitkan?",
      "footnotes": null
    },
    {
      "ayah": 17,
      "quarter_hizb": 45.5,
      "juz": 23,
      "manzil": 6,
      "arabic": "اَوَاٰبَاۤؤُنَا الْاَوَّلُوْنَۗ ",
      "latin": "Awa ābā'unal-awwalūn(a).",
      "translation": "Apakah nenek moyang kami yang terdahulu (akan dibangkitkan pula)?”",
      "footnotes": null
    },
    {
      "ayah": 18,
      "quarter_hizb": 45.5,
      "juz": 23,
      "manzil": 6,
      "arabic": "قُلْ نَعَمْ وَاَنْتُمْ دٰخِرُوْنَۚ ",
      "latin": "Qul na‘am wa antum dākhirūn(a).",
      "translation": "Katakanlah (Nabi Muhammad), “Ya (kamu akan dibangkitkan) dan kamu akan terhina.”",
      "footnotes": null
    },
    {
      "ayah": 19,
      "quarter_hizb": 45.5,
      "juz": 23,
      "manzil": 6,
      "arabic": "فَاِنَّمَا هِيَ زَجْرَةٌ وَّاحِدَةٌ فَاِذَا هُمْ يَنْظُرُوْنَ ",
      "latin": "Fa'innamā hiya zajratuw wāḥidatun fa'iżā hum yanẓurūn(a).",
      "translation": "Sesungguhnya kebangkitan itu hanya dengan satu teriakan (tiupan sangkakala kedua). Maka, seketika itu mereka (bangun dari kematiannya) melihat (apa yang terjadi).",
      "footnotes": null
    },
    {
      "ayah": 20,
      "quarter_hizb": 45.5,
      "juz": 23,
      "manzil": 6,
      "arabic": "وَقَالُوْا يٰوَيْلَنَا هٰذَا يَوْمُ الدِّيْنِ ",
      "latin": "Wa qālū yā wailanā hāżā yaumud-dīn(i).",
      "translation": "Mereka berkata, “Alangkah celaka kami! (Kiranya) inilah hari Pembalasan itu.”",
      "footnotes": null
    },
    {
      "ayah": 21,
      "quarter_hizb": 45.5,
      "juz": 23,
      "manzil": 6,
      "arabic": "هٰذَا يَوْمُ الْفَصْلِ الَّذِيْ كُنْتُمْ بِهٖ تُكَذِّبُوْنَ ࣖ",
      "latin": "Hāżā yaumul-faṣlil-lażī kuntum bihī tukażżibūn(a).",
      "translation": "Inilah hari keputusan yang dahulu (selalu) kamu dustakan.",
      "footnotes": null
    },
    {
      "ayah": 22,
      "quarter_hizb": 45.5,
      "juz": 23,
      "manzil": 6,
      "arabic": "اُحْشُرُوا الَّذِيْنَ ظَلَمُوْا وَاَزْوَاجَهُمْ وَمَا كَانُوْا يَعْبُدُوْنَ ۙ",
      "latin": "Uḥsyurul-lażīna ẓalamū wa azwājahum wa mā kānū ya‘budūn(a).",
      "translation": "(Lalu, diperintahkan kepada para malaikat,) “Kumpulkanlah orang-orang yang zalim beserta teman sejawat mereka dan apa yang dahulu mereka sembah",
      "footnotes": null
    },
    {
      "ayah": 23,
      "quarter_hizb": 45.5,
      "juz": 23,
      "manzil": 6,
      "arabic": "مِنْ دُوْنِ اللّٰهِ فَاهْدُوْهُمْ اِلٰى صِرَاطِ الْجَحِيْمِ ",
      "latin": "Min dūnillāhi fahdūhum ilā ṣirāṭil-jaḥīm(i).",
      "translation": "selain Allah. Lalu, tunjukkanlah kepada mereka jalan ke (neraka) Jahim.",
      "footnotes": null
    },
    {
      "ayah": 24,
      "quarter_hizb": 45.5,
      "juz": 23,
      "manzil": 6,
      "arabic": "وَقِفُوْهُمْ اِنَّهُمْ مَّسْـُٔوْلُوْنَ ۙ",
      "latin": "Waqifūhum innahum mas'ūlūn(a).",
      "translation": "Tahanlah mereka (di tempat perhentian). Sesungguhnya mereka akan ditanya (tentang keyakinan dan perilaku mereka).”",
      "footnotes": null
    },
    {
      "ayah": 25,
      "quarter_hizb": 45.5,
      "juz": 23,
      "manzil": 6,
      "arabic": "مَا لَكُمْ لَا تَنَاصَرُوْنَ ",
      "latin": "Mā lakum lā tanāṣarūn(a).",
      "translation": "(Mereka lalu dikecam,) “Mengapa kamu tidak tolong-menolong (sebagaimana kamu di dunia)?”",
      "footnotes": null
    },
    {
      "ayah": 26,
      "quarter_hizb": 45.5,
      "juz": 23,
      "manzil": 6,
      "arabic": "بَلْ هُمُ الْيَوْمَ مُسْتَسْلِمُوْنَ",
      "latin": "Bal humul-yauma mustaslimūn(a).",
      "translation": "Bahkan, mereka pada hari itu menyerah (kepada putusan Allah).",
      "footnotes": null
    },
    {
      "ayah": 27,
      "quarter_hizb": 45.5,
      "juz": 23,
      "manzil": 6,
      "arabic": "وَاَقْبَلَ بَعْضُهُمْ عَلٰى بَعْضٍ يَّتَسَاۤءَلُوْنَ ",
      "latin": "Wa aqbala ba‘ḍuhum ‘alā ba‘ḍiy yatasā'alūn(a).",
      "translation": "Sebagian mereka menghadap kepada sebagian yang lain saling bertanya (berbantah-bantahan).",
      "footnotes": null
    },
    {
      "ayah": 28,
      "quarter_hizb": 45.5,
      "juz": 23,
      "manzil": 6,
      "arabic": "قَالُوْٓا اِنَّكُمْ كُنْتُمْ تَأْتُوْنَنَا عَنِ الْيَمِيْنِ ",
      "latin": "Qālū innakum kuntum ta'tūnanā ‘anil-yamīn(i).",
      "translation": "(Pengikut) mereka berkata (kepada pemimpinnya), “Sesungguhnya kamulah yang dahulu selalu mendatangi kami dari arah kanan (untuk menghalangi kami dari kebajikan).”",
      "footnotes": null
    },
    {
      "ayah": 29,
      "quarter_hizb": 45.5,
      "juz": 23,
      "manzil": 6,
      "arabic": "قَالُوْا بَلْ لَّمْ تَكُوْنُوْا مُؤْمِنِيْنَۚ ",
      "latin": "Qālū bal lam takūnū mu'minīn(a).",
      "translation": "(Pemimpin) mereka menjawab, “(Tidak,) bahkan kamulah yang tidak (mau) menjadi orang mukmin.",
      "footnotes": null
    },
    {
      "ayah": 30,
      "quarter_hizb": 45.5,
      "juz": 23,
      "manzil": 6,
      "arabic": "وَمَا كَانَ لَنَا عَلَيْكُمْ مِّنْ سُلْطٰنٍۚ بَلْ كُنْتُمْ قَوْمًا طٰغِيْنَ ",
      "latin": "Wa mā kāna lanā ‘alaikum min sulṭān(in), bal kuntum qauman ṭāgīn(a).",
      "translation": "(Sebenarnya,) kami sedikit pun tidak berkuasa terhadapmu (untuk menghalang-halangimu), bahkan kamulah kaum yang melampaui batas.",
      "footnotes": null
    },
    {
      "ayah": 31,
      "quarter_hizb": 45.5,
      "juz": 23,
      "manzil": 6,
      "arabic": "فَحَقَّ عَلَيْنَا قَوْلُ رَبِّنَآ  ۖاِنَّا لَذَاۤىِٕقُوْنَ ",
      "latin": "Fa ḥaqqa ‘alainā qaulu rabbinā, innā lażā'iqūn(a).",
      "translation": "Maka, putusan (azab) Tuhan (akan) benar-benar menimpa kita. Pasti kita akan merasakan (azab itu).",
      "footnotes": null
    },
    {
      "ayah": 32,
      "quarter_hizb": 45.5,
      "juz": 23,
      "manzil": 6,
      "arabic": "فَاَغْوَيْنٰكُمْ اِنَّا كُنَّا غٰوِيْنَ ",
      "latin": "Fa agwainākum innā kunnā gāwīn(a).",
      "translation": "Kami (mengakui) telah menyesatkan kamu. Sesungguhnya kami sendiri orang-orang yang sesat.”",
      "footnotes": null
    },
    {
      "ayah": 33,
      "quarter_hizb": 45.5,
      "juz": 23,
      "manzil": 6,
      "arabic": "فَاِنَّهُمْ يَوْمَىِٕذٍ فِى الْعَذَابِ مُشْتَرِكُوْنَ",
      "latin": "Fa innahum yauma'iżin fil-‘ażābi musytarikūn(a).",
      "translation": "Sesungguhnya mereka pada hari itu bersama-sama merasakan azab.",
      "footnotes": null
    },
    {
      "ayah": 34,
      "quarter_hizb": 45.5,
      "juz": 23,
      "manzil": 6,
      "arabic": "اِنَّا كَذٰلِكَ نَفْعَلُ بِالْمُجْرِمِيْنَ",
      "latin": "Innā każālika naf‘alu bil-mujrimīn(a).",
      "translation": "Sesungguhnya demikianlah Kami memperlakukan orang-orang yang berbuat dosa.",
      "footnotes": null
    },
    {
      "ayah": 35,
      "quarter_hizb": 45.5,
      "juz": 23,
      "manzil": 6,
      "arabic": "اِنَّهُمْ كَانُوْٓا اِذَا قِيْلَ لَهُمْ لَآ اِلٰهَ اِلَّا اللّٰهُ يَسْتَكْبِرُوْنَ ۙ",
      "latin": "Innahum kānū iżā qīla lahum lā ilāha illallāhu yastakbirūn(a).",
      "translation": "Sesungguhnya dahulu apabila dikatakan kepada mereka, “Lā ilāha illallāh” (Tidak ada tuhan selain Allah), mereka menyombongkan diri.",
      "footnotes": null
    },
    {
      "ayah": 36,
      "quarter_hizb": 45.5,
      "juz": 23,
      "manzil": 6,
      "arabic": "وَيَقُوْلُوْنَ اَىِٕنَّا لَتَارِكُوْٓا اٰلِهَتِنَا لِشَاعِرٍ مَّجْنُوْنٍ ۗ ",
      "latin": "Wa yaqūlūna a'innā latārikū ālihatinā lisyā‘irim majnūn(in).",
      "translation": "Mereka berkata, “Apakah kami harus meninggalkan sesembahan kami karena seorang penyair gila?”",
      "footnotes": null
    },
    {
      "ayah": 37,
      "quarter_hizb": 45.5,
      "juz": 23,
      "manzil": 6,
      "arabic": "بَلْ جَاۤءَ بِالْحَقِّ وَصَدَّقَ الْمُرْسَلِيْنَ",
      "latin": "Bal jā'a bil-ḥaqqi wa ṣaddaqal-mursalīn(a).",
      "translation": "Padahal dia (Nabi Muhammad) datang dengan membawa kebenaran dan membenarkan para rasul (sebelumnya).",
      "footnotes": null
    },
    {
      "ayah": 38,
      "quarter_hizb": 45.5,
      "juz": 23,
      "manzil": 6,
      "arabic": "اِنَّكُمْ لَذَاۤىِٕقُوا الْعَذَابِ الْاَلِيْمِ ۚ ",
      "latin": "Innakum lażā'iqul-‘ażābil-alīm(i).",
      "translation": "Sesungguhnya kamu pasti akan merasakan azab yang pedih.",
      "footnotes": null
    },
    {
      "ayah": 39,
      "quarter_hizb": 45.5,
      "juz": 23,
      "manzil": 6,
      "arabic": "وَمَا تُجْزَوْنَ اِلَّا مَا كُنْتُمْ تَعْمَلُوْنَۙ",
      "latin": "Wa mā tujzauna illā mā kuntum ta‘malūn(a).",
      "translation": "Kamu tidak diberi balasan, kecuali terhadap apa yang telah kamu kerjakan.",
      "footnotes": null
    },
    {
      "ayah": 40,
      "quarter_hizb": 45.5,
      "juz": 23,
      "manzil": 6,
      "arabic": "اِلَّا عِبَادَ اللّٰهِ الْمُخْلَصِيْنَ ",
      "latin": "Illā ‘ibādallāhil-mukhlaṣīn(a).",
      "translation": "Akan tetapi, hamba-hamba Allah yang terpilih (karena keikhlasannya),",
      "footnotes": null
    },
    {
      "ayah": 41,
      "quarter_hizb": 45.5,
      "juz": 23,
      "manzil": 6,
      "arabic": "اُولٰۤىِٕكَ لَهُمْ رِزْقٌ مَّعْلُوْمٌۙ",
      "latin": "Ulā'ika lahum rizqum ma‘lūm(un).",
      "translation": "mereka itu memperoleh rezeki yang sudah ditentukan,",
      "footnotes": null
    },
    {
      "ayah": 42,
      "quarter_hizb": 45.5,
      "juz": 23,
      "manzil": 6,
      "arabic": "فَوَاكِهُ ۚوَهُمْ مُّكْرَمُوْنَۙ",
      "latin": "Fawākihu wa hum mukramūn(a).",
      "translation": "(yaitu) buah-buahan. Mereka adalah orang-orang yang dimuliakan",
      "footnotes": null
    },
    {
      "ayah": 43,
      "quarter_hizb": 45.5,
      "juz": 23,
      "manzil": 6,
      "arabic": "فِيْ جَنّٰتِ النَّعِيْمِۙ",
      "latin": "Fī jannātin na‘īm(i).",
      "translation": "di dalam surga-surga yang penuh kenikmatan.",
      "footnotes": null
    },
    {
      "ayah": 44,
      "quarter_hizb": 45.5,
      "juz": 23,
      "manzil": 6,
      "arabic": "عَلٰى سُرُرٍ مُّتَقٰبِلِيْنَ",
      "latin": "‘Alā sururim mutaqābilīn(a).",
      "translation": "(Mereka duduk) berhadap-hadapan di atas dipan-dipan.",
      "footnotes": null
    },
    {
      "ayah": 45,
      "quarter_hizb": 45.5,
      "juz": 23,
      "manzil": 6,
      "arabic": "يُطَافُ عَلَيْهِمْ بِكَأْسٍ مِّنْ مَّعِيْنٍۢ ۙ",
      "latin": "Yuṭāfu ‘alaihim bika'sim mim ma‘īn(in).",
      "translation": "Kepada mereka diedarkan gelas (yang berisi minuman) dari mata air (surga).",
      "footnotes": null
    },
    {
      "ayah": 46,
      "quarter_hizb": 45.5,
      "juz": 23,
      "manzil": 6,
      "arabic": "بَيْضَاۤءَ لَذَّةٍ لِّلشّٰرِبِيْنَۚ ",
      "latin": "Baiḍā'a lażżatil lisy-syāribīn(a).",
      "translation": "(Warnanya) putih bersih dan lezat rasanya bagi orang-orang yang meminum(-nya).",
      "footnotes": null
    },
    {
      "ayah": 47,
      "quarter_hizb": 45.5,
      "juz": 23,
      "manzil": 6,
      "arabic": "لَا فِيْهَا غَوْلٌ وَّلَا هُمْ عَنْهَا يُنْزَفُوْنَ",
      "latin": "Lā fīhā gauluw wa lā hum ‘anhā yunzafūn(a).",
      "translation": "Tidak ada di dalamnya (unsur) yang membahayakan dan mereka tidak mabuk karenanya.",
      "footnotes": null
    },
    {
      "ayah": 48,
      "quarter_hizb": 45.5,
      "juz": 23,
      "manzil": 6,
      "arabic": "وَعِنْدَهُمْ قٰصِرٰتُ الطَّرْفِ عِيْنٌ ۙ",
      "latin": "Wa ‘indahum qāṣirātuṭ-ṭarfi ‘īn(un).",
      "translation": "Di sisi mereka ada (bidadari-bidadari) yang bermata indah dan membatasi pandangannya (dari selain pasangan mereka).",
      "footnotes": null
    },
    {
      "ayah": 49,
      "quarter_hizb": 45.5,
      "juz": 23,
      "manzil": 6,
      "arabic": "كَاَنَّهُنَّ بَيْضٌ مَّكْنُوْنٌ",
      "latin": "Ka'annahum baiḍum maknūn(un).",
      "translation": "(Warna kulit) mereka seperti (warna) telur yang tersimpan dengan baik.",
      "footnotes": null
    },
    {
      "ayah": 50,
      "quarter_hizb": 45.5,
      "juz": 23,
      "manzil": 6,
      "arabic": "فَاَقْبَلَ بَعْضُهُمْ عَلٰى بَعْضٍ يَّتَسَاۤءَلُوْنَ",
      "latin": "Fa'aqbala ba‘ḍuhum ‘alā ba‘ḍiy yatasā'alūn(a).",
      "translation": "Mereka berhadap-hadapan satu sama lain sambil bercakap-cakap.",
      "footnotes": null
    },
    {
      "ayah": 51,
      "quarter_hizb": 45.5,
      "juz": 23,
      "manzil": 6,
      "arabic": "قَالَ قَاۤىِٕلٌ مِّنْهُمْ اِنِّيْ كَانَ لِيْ قَرِيْنٌۙ",
      "latin": "Qāla qā'ilum minhum innī kāna lī qarīn(un).",
      "translation": "Berkatalah salah seorang di antara mereka, “Sesungguhnya aku dahulu (di dunia) pernah mempunyai seorang teman",
      "footnotes": null
    },
    {
      "ayah": 52,
      "quarter_hizb": 45.5,
      "juz": 23,
      "manzil": 6,
      "arabic": "يَّقُوْلُ اَءِنَّكَ لَمِنَ الْمُصَدِّقِيْنَ",
      "latin": "Yaqūlu a'innaka laminal-muṣaddiqīn(a).",
      "translation": "yang berkata, ‘Apakah sesungguhnya kamu termasuk orang-orang yang membenarkan (hari Kebangkitan)?",
      "footnotes": null
    },
    {
      "ayah": 53,
      "quarter_hizb": 45.5,
      "juz": 23,
      "manzil": 6,
      "arabic": "ءَاِذَا مِتْنَا وَكُنَّا تُرَابًا وَّعِظَامًا ءَاِنَّا لَمَدِيْنُوْنَ",
      "latin": "A'iżā mitnā wa kunnā turāban a'innā lamadīnūn(a).",
      "translation": "Apabila kami telah mati (lalu) menjadi tanah dan tulang-belulang, apakah kami benar-benar (akan dibangkitkan untuk) diberi balasan?’”",
      "footnotes": null
    },
    {
      "ayah": 54,
      "quarter_hizb": 45.5,
      "juz": 23,
      "manzil": 6,
      "arabic": "قَالَ هَلْ اَنْتُمْ مُّطَّلِعُوْنَ",
      "latin": "Qāla hal antum muṭṭali‘ūn(a).",
      "translation": "Dia berkata, “Maukah kamu menengok (temanku itu)?”",
      "footnotes": null
    },
    {
      "ayah": 55,
      "quarter_hizb": 45.5,
      "juz": 23,
      "manzil": 6,
      "arabic": "فَاطَّلَعَ فَرَاٰهُ فِيْ سَوَاۤءِ الْجَحِيْمِ",
      "latin": "Faṭṭala‘a fa ra'āhu fī sawā'il-jaḥīm(i).",
      "translation": "Maka, dia menengoknya. Lalu, dia melihat (teman)-nya itu di tengah-tengah (neraka) Jahim.",
      "footnotes": null
    },
    {
      "ayah": 56,
      "quarter_hizb": 45.5,
      "juz": 23,
      "manzil": 6,
      "arabic": "قَالَ تَاللّٰهِ اِنْ كِدْتَّ لَتُرْدِيْنِ ۙ",
      "latin": "Qāla tallāhi in kitta laturdīn(i).",
      "translation": "Dia berkata, “Demi Allah, engkau hampir saja mencelakakanku.",
      "footnotes": null
    },
    {
      "ayah": 57,
      "quarter_hizb": 45.5,
      "juz": 23,
      "manzil": 6,
      "arabic": "وَلَوْلَا نِعْمَةُ رَبِّيْ لَكُنْتُ مِنَ الْمُحْضَرِيْنَ",
      "latin": "Wa lau lā ni‘matu rabbī lakuntu minal-muḥḍarīn(a).",
      "translation": "Sekiranya bukan karena nikmat Tuhanku, pastilah aku termasuk orang-orang yang diseret (ke neraka).",
      "footnotes": null
    },
    {
      "ayah": 58,
      "quarter_hizb": 45.5,
      "juz": 23,
      "manzil": 6,
      "arabic": "اَفَمَا نَحْنُ بِمَيِّتِيْنَۙ",
      "latin": "Afamā naḥnu bimayyitīn(a).",
      "translation": "Apakah kita tidak akan mati,",
      "footnotes": null
    },
    {
      "ayah": 59,
      "quarter_hizb": 45.5,
      "juz": 23,
      "manzil": 6,
      "arabic": "اِلَّا مَوْتَتَنَا الْاُوْلٰى وَمَا نَحْنُ بِمُعَذَّبِيْنَ",
      "latin": "Illā mautatunal-ūlā wa mā naḥnu bimu‘ażżabīn(a).",
      "translation": "kecuali kematian kita yang pertama saja (di dunia) dan kita tidak akan diazab (di akhirat ini)?”",
      "footnotes": null
    },
    {
      "ayah": 60,
      "quarter_hizb": 45.5,
      "juz": 23,
      "manzil": 6,
      "arabic": "اِنَّ هٰذَا لَهُوَ الْفَوْزُ الْعَظِيْمُ",
      "latin": "Inna hāżā lahuwal-fauzul-‘aẓīm(u).",
      "translation": "Sesungguhnya ini benar-benar kemenangan yang agung.",
      "footnotes": null
    },
    {
      "ayah": 61,
      "quarter_hizb": 45.5,
      "juz": 23,
      "manzil": 6,
      "arabic": "لِمِثْلِ هٰذَا فَلْيَعْمَلِ الْعٰمِلُوْنَ",
      "latin": "Limiṡli hāżā falya‘malil-‘āmilūn(a).",
      "translation": "Untuk (kemenangan) seperti ini, hendaklah beramal (di dunia) orang-orang yang mampu beramal.",
      "footnotes": null
    },
    {
      "ayah": 62,
      "quarter_hizb": 45.5,
      "juz": 23,
      "manzil": 6,
      "arabic": "اَذٰلِكَ خَيْرٌ نُّزُلًا اَمْ شَجَرَةُ الزَّقُّوْمِ",
      "latin": "Ażālika khairun nuzulan am syajaratuz-zaqqūm(i).",
      "translation": "Apakah (makanan surga) itu hidangan yang lebih baik ataukah pohon zaqum?",
      "footnotes": null
    },
    {
      "ayah": 63,
      "quarter_hizb": 45.5,
      "juz": 23,
      "manzil": 6,
      "arabic": "اِنَّا جَعَلْنٰهَا فِتْنَةً لِّلظّٰلِمِيْنَ",
      "latin": "Innā ja‘alnāhā fitnatal liẓ-ẓālimīn(a).",
      "translation": "Sesungguhnya Kami menjadikannya (pohon zaqum itu) sebagai azab bagi orang-orang zalim.",
      "footnotes": null
    },
    {
      "ayah": 64,
      "quarter_hizb": 45.5,
      "juz": 23,
      "manzil": 6,
      "arabic": "اِنَّهَا شَجَرَةٌ تَخْرُجُ فِيْٓ اَصْلِ الْجَحِيْمِۙ",
      "latin": "Innahā syajaratun takhruju fī aṣlil-jaḥīm(i).",
      "translation": "Sesungguhnya itu adalah pohon yang keluar dari dasar (neraka) Jahim.",
      "footnotes": null
    },
    {
      "ayah": 65,
      "quarter_hizb": 45.5,
      "juz": 23,
      "manzil": 6,
      "arabic": "طَلْعُهَا كَاَنَّهٗ رُءُوْسُ الشَّيٰطِيْنِ",
      "latin": "Ṭal‘uhā ka'annahū ru'ūsusy-syayāṭīn(i).",
      "translation": "Mayangnya seperti kepala-kepala setan.",
      "footnotes": null
    },
    {
      "ayah": 66,
      "quarter_hizb": 45.5,
      "juz": 23,
      "manzil": 6,
      "arabic": "فَاِنَّهُمْ لَاٰكِلُوْنَ مِنْهَا فَمَالِـُٔوْنَ مِنْهَا الْبُطُوْنَۗ ",
      "latin": "Fa innahum la'ākilūna minhā fa māli'ūna minhal-buṭūn(a).",
      "translation": "Sesungguhnya mereka benar-benar memakan sebagian darinya (buah pohon itu) dan mereka memenuhi perutnya dengan buahnya (zaqum).",
      "footnotes": null
    },
    {
      "ayah": 67,
      "quarter_hizb": 45.5,
      "juz": 23,
      "manzil": 6,
      "arabic": "ثُمَّ اِنَّ لَهُمْ عَلَيْهَا لَشَوْبًا مِّنْ حَمِيْمٍۚ ",
      "latin": "Ṡumma inna lahum ‘alaihā lasyaubam min ḥamīm(in).",
      "translation": "(Setelah makan buah zaqum,) sesungguhnya bagi mereka minuman yang dicampur dengan air yang sangat panas.",
      "footnotes": null
    },
    {
      "ayah": 68,
      "quarter_hizb": 45.5,
      "juz": 23,
      "manzil": 6,
      "arabic": "ثُمَّ اِنَّ مَرْجِعَهُمْ لَاِلَى الْجَحِيْمِ",
      "latin": "Ṡumma inna marji‘ahum la'ilal-jaḥīm(i).",
      "translation": "Kemudian, tempat kembali mereka pasti ke (neraka) Jahim.",
      "footnotes": null
    },
    {
      "ayah": 69,
      "quarter_hizb": 45.5,
      "juz": 23,
      "manzil": 6,
      "arabic": "اِنَّهُمْ اَلْفَوْا اٰبَاۤءَهُمْ ضَاۤلِّيْنَۙ",
      "latin": "Innahum alfau ābā'ahum ḍāllīn(a).",
      "translation": "Sesungguhnya mereka mendapati nenek moyang mereka dalam keadaan sesat.",
      "footnotes": null
    },
    {
      "ayah": 70,
      "quarter_hizb": 45.5,
      "juz": 23,
      "manzil": 6,
      "arabic": "فَهُمْ عَلٰٓى اٰثٰرِهِمْ يُهْرَعُوْنَ",
      "latin": "Fahum ‘alā āṡārihim yuhra‘ūn(a).",
      "translation": "Mereka tergesa-gesa mengikuti jejak (nenek moyang) mereka.",
      "footnotes": null
    },
    {
      "ayah": 71,
      "quarter_hizb": 45.5,
      "juz": 23,
      "manzil": 6,
      "arabic": "وَلَقَدْ ضَلَّ قَبْلَهُمْ اَكْثَرُ الْاَوَّلِيْنَۙ",
      "latin": "Wa laqad ḍalla qablahum akṡarul-awwalīn(a).",
      "translation": "Sungguh, sebelum mereka (kaum Quraisy), benar-benar telah sesat sebagian besar dari orang-orang yang dahulu.",
      "footnotes": null
    },
    {
      "ayah": 72,
      "quarter_hizb": 45.5,
      "juz": 23,
      "manzil": 6,
      "arabic": "وَلَقَدْ اَرْسَلْنَا فِيْهِمْ مُّنْذِرِيْنَ",
      "latin": "Wa laqad arsalnā fīhim munżirīn(a).",
      "translation": "Sungguh, Kami benar-benar telah mengutus (rasul) pemberi peringatan di kalangan mereka.",
      "footnotes": null
    },
    {
      "ayah": 73,
      "quarter_hizb": 45.5,
      "juz": 23,
      "manzil": 6,
      "arabic": "فَانْظُرْ كَيْفَ كَانَ عَاقِبَةُ الْمُنْذَرِيْنَۙ",
      "latin": "Fanẓur kaifa kāna ‘āqibatul-munżarīn(a).",
      "translation": "Maka, perhatikanlah bagaimana kesudahan orang-orang yang diberi peringatan itu,",
      "footnotes": null
    },
    {
      "ayah": 74,
      "quarter_hizb": 45.5,
      "juz": 23,
      "manzil": 6,
      "arabic": "اِلَّا عِبَادَ اللّٰهِ الْمُخْلَصِيْنَ ࣖ ",
      "latin": "Illā ‘ibādallāhil-mukhlaṣīn(a).",
      "translation": "kecuali hamba-hamba Allah yang terpilih (karena keikhlasannya).",
      "footnotes": null
    },
    {
      "ayah": 75,
      "quarter_hizb": 45.5,
      "juz": 23,
      "manzil": 6,
      "arabic": "وَلَقَدْ نَادٰىنَا نُوْحٌ فَلَنِعْمَ الْمُجِيْبُوْنَۖ ",
      "latin": "Wa laqad nādānā nūḥun falani‘mal-mujībūn(a).",
      "translation": "Sungguh, Nuh benar-benar telah berdoa kepada Kami dan sungguh, Kamilah sebaik-baik yang memperkenankan doa.",
      "footnotes": null
    },
    {
      "ayah": 76,
      "quarter_hizb": 45.5,
      "juz": 23,
      "manzil": 6,
      "arabic": "وَنَجَّيْنٰهُ وَاَهْلَهٗ مِنَ الْكَرْبِ الْعَظِيْمِۖ ",
      "latin": "Wa najjaināhu wa ahlahū minal-karbil-‘aẓīm(i).",
      "translation": "Kami telah menyelamatkan dia dan pengikutnya dari bencana yang besar.",
      "footnotes": null
    },
    {
      "ayah": 77,
      "quarter_hizb": 45.5,
      "juz": 23,
      "manzil": 6,
      "arabic": "وَجَعَلْنَا ذُرِّيَّتَهٗ هُمُ الْبَاقِيْنَ",
      "latin": "Wa ja‘alnā żurriyyatahū humul-bāqīn(a).",
      "translation": "Kami menjadikan keturunannya orang-orang yang bertahan (di bumi).",
      "footnotes": null
    },
    {
      "ayah": 78,
      "quarter_hizb": 45.5,
      "juz": 23,
      "manzil": 6,
      "arabic": "وَتَرَكْنَا عَلَيْهِ فِى الْاٰخِرِيْنَ ۖ ",
      "latin": "Wa taraknā ‘alaihi fil-ākhirīn(a).",
      "translation": "Kami mengabadikan untuknya (pujian) pada orang-orang yang datang kemudian,",
      "footnotes": null
    },
    {
      "ayah": 79,
      "quarter_hizb": 45.5,
      "juz": 23,
      "manzil": 6,
      "arabic": "سَلٰمٌ عَلٰى نُوْحٍ فِى الْعٰلَمِيْنَ",
      "latin": "Salāmun ‘alā nūḥin fil-‘ālamīn(a).",
      "translation": "“Kesejahteraan (Kami limpahkan) atas Nuh di semesta alam.”",
      "footnotes": null
    },
    {
      "ayah": 80,
      "quarter_hizb": 45.5,
      "juz": 23,
      "manzil": 6,
      "arabic": "اِنَّا كَذٰلِكَ نَجْزِى الْمُحْسِنِيْنَ",
      "latin": "Innā każālika najzil-muḥsinīn(a).",
      "translation": "Sesungguhnya, demikianlah Kami memberi balasan kepada orang-orang yang berbuat kebaikan.",
      "footnotes": null
    },
    {
      "ayah": 81,
      "quarter_hizb": 45.5,
      "juz": 23,
      "manzil": 6,
      "arabic": "اِنَّهٗ مِنْ عِبَادِنَا الْمُؤْمِنِيْنَ",
      "latin": "Innahū min ‘ibādinal-mu'minīn(a).",
      "translation": "Sesungguhnya dia termasuk hamba-hamba Kami yang mukmin.",
      "footnotes": null
    },
    {
      "ayah": 82,
      "quarter_hizb": 45.5,
      "juz": 23,
      "manzil": 6,
      "arabic": "ثُمَّ اَغْرَقْنَا الْاٰخَرِيْنَ",
      "latin": "Ṡumma agraqnal-ākharīn(a).",
      "translation": "Kemudian, Kami menenggelamkan yang lain.",
      "footnotes": null
    },
    {
      "ayah": 83,
      "quarter_hizb": 45.75,
      "juz": 23,
      "manzil": 6,
      "arabic": "۞ وَاِنَّ مِنْ شِيْعَتِهٖ لَاِبْرٰهِيْمَ ۘ ",
      "latin": "Wa inna min syī‘atihī la'ibrāhīm(a).",
      "translation": "Sesungguhnya Ibrahim termasuk golongannya (Nuh).646)",
      "footnotes": "646) Maksudnya, keduanya mempunyai kesamaan dalam hal keimanan kepada Allah Swt. dan pokok-pokok ajaran agama."
    },
    {
      "ayah": 84,
      "quarter_hizb": 45.75,
      "juz": 23,
      "manzil": 6,
      "arabic": "اِذْ جَاۤءَ رَبَّهٗ بِقَلْبٍ سَلِيْمٍۙ",
      "latin": "Iż jā'a rabbahū biqalbin salīm(in).",
      "translation": "(Ingatlah) ketika dia datang kepada Tuhannya dengan hati yang suci,647)",
      "footnotes": "647) Mengikhlaskan hatinya kepada Allah dengan sepenuhnya."
    },
    {
      "ayah": 85,
      "quarter_hizb": 45.75,
      "juz": 23,
      "manzil": 6,
      "arabic": "اِذْ قَالَ لِاَبِيْهِ وَقَوْمِهٖ مَاذَا تَعْبُدُوْنَ ۚ ",
      "latin": "Iż qāla li'abīhi wa qaumihī māżā ta‘budūn(a).",
      "translation": "ketika dia berkata kepada ayahnya dan kaumnya, “Apa yang kamu sembah itu?",
      "footnotes": null
    },
    {
      "ayah": 86,
      "quarter_hizb": 45.75,
      "juz": 23,
      "manzil": 6,
      "arabic": "اَىِٕفْكًا اٰلِهَةً دُوْنَ اللّٰهِ تُرِيْدُوْنَۗ ",
      "latin": "A'ifkan ālihatan dūnallāhi turīdūn(a).",
      "translation": "Apakah kamu menghendaki kebohongan dengan sesembahan selain Allah?",
      "footnotes": null
    },
    {
      "ayah": 87,
      "quarter_hizb": 45.75,
      "juz": 23,
      "manzil": 6,
      "arabic": "فَمَا ظَنُّكُمْ بِرَبِّ الْعٰلَمِيْنَ",
      "latin": "Famā ẓannukum birabbil-‘ālamīn(a).",
      "translation": "Maka, bagaimana anggapanmu terhadap Tuhan semesta alam?”",
      "footnotes": null
    },
    {
      "ayah": 88,
      "quarter_hizb": 45.75,
      "juz": 23,
      "manzil": 6,
      "arabic": "فَنَظَرَ نَظْرَةً فِى النُّجُوْمِۙ",
      "latin": "Fa naẓara naẓratan fin-nujūm(i).",
      "translation": "Lalu, dia (Ibrahim) memandang sekilas ke arah bintang-bintang,",
      "footnotes": null
    },
    {
      "ayah": 89,
      "quarter_hizb": 45.75,
      "juz": 23,
      "manzil": 6,
      "arabic": "فَقَالَ اِنِّيْ سَقِيْمٌ",
      "latin": "Fa qāla innī saqīm(un).",
      "translation": "kemudian dia berkata, “Sesungguhnya aku sakit.”",
      "footnotes": null
    },
    {
      "ayah": 90,
      "quarter_hizb": 45.75,
      "juz": 23,
      "manzil": 6,
      "arabic": "فَتَوَلَّوْا عَنْهُ مُدْبِرِيْنَ",
      "latin": "Fa tawallau ‘anhu mudbirīn(a).",
      "translation": "Mereka lalu berpaling darinya seraya meninggalkannya.",
      "footnotes": null
    },
    {
      "ayah": 91,
      "quarter_hizb": 45.75,
      "juz": 23,
      "manzil": 6,
      "arabic": "فَرَاغَ اِلٰٓى اٰلِهَتِهِمْ فَقَالَ اَلَا تَأْكُلُوْنَۚ ",
      "latin": "Farāga ilā ālihatihim faqāla alā ta'kulūn(a).",
      "translation": "Kemudian, dia langsung menuju ke berhala-berhala mereka (secara diam-diam), lalu berkata, “Mengapa kamu tidak makan?648)",
      "footnotes": "648) Pertanyaan tersebut diajukan sebagai ejekan pada berhala-berhala yang diberi sajian makanan, tetapi tidak bisa memakannya."
    },
    {
      "ayah": 92,
      "quarter_hizb": 45.75,
      "juz": 23,
      "manzil": 6,
      "arabic": "مَا لَكُمْ لَا تَنْطِقُوْنَ",
      "latin": "Mā lakum lā tanṭiqūn(a).",
      "translation": "Mengapa kamu tidak menjawab?”",
      "footnotes": null
    },
    {
      "ayah": 93,
      "quarter_hizb": 45.75,
      "juz": 23,
      "manzil": 6,
      "arabic": "فَرَاغَ عَلَيْهِمْ ضَرْبًا ۢبِالْيَمِيْنِ",
      "latin": "Farāga ‘alaihim ḍarbam bil-yamīn(i).",
      "translation": "Dia lalu menghadap ke (berhala-berhala) itu sambil memukul dengan tangan kanan(-nya).",
      "footnotes": null
    },
    {
      "ayah": 94,
      "quarter_hizb": 45.75,
      "juz": 23,
      "manzil": 6,
      "arabic": "فَاَقْبَلُوْٓا اِلَيْهِ يَزِفُّوْنَ",
      "latin": "Fa aqbalū ilaihi yaziffūn(a).",
      "translation": "Kemudian, mereka (kaumnya) datang bergegas kepadanya.",
      "footnotes": null
    },
    {
      "ayah": 95,
      "quarter_hizb": 45.75,
      "juz": 23,
      "manzil": 6,
      "arabic": "قَالَ اَتَعْبُدُوْنَ مَا تَنْحِتُوْنَۙ",
      "latin": "Qāla ata‘budūna mā tanḥitūn(a).",
      "translation": "Dia (Ibrahim) berkata, “Apakah kamu menyembah patung-patung yang kamu pahat itu?",
      "footnotes": null
    },
    {
      "ayah": 96,
      "quarter_hizb": 45.75,
      "juz": 23,
      "manzil": 6,
      "arabic": "وَاللّٰهُ خَلَقَكُمْ وَمَا تَعْمَلُوْنَ",
      "latin": "Wallāhu khalaqakum wa mā ta‘malūn(a).",
      "translation": "Padahal Allahlah yang menciptakanmu dan apa yang kamu perbuat itu.”",
      "footnotes": null
    },
    {
      "ayah": 97,
      "quarter_hizb": 45.75,
      "juz": 23,
      "manzil": 6,
      "arabic": "قَالُوا ابْنُوْا لَهٗ بُنْيَانًا فَاَلْقُوْهُ فِى الْجَحِيْمِ",
      "latin": "Qālubnū lahū bun-yānan fa'alqūhu fil-jaḥīm(i).",
      "translation": "Mereka berkata, “Buatlah bangunan (perapian) untuk (membakar)-nya, lalu lemparkan dia ke dalam api yang menyala-nyala itu.”",
      "footnotes": null
    },
    {
      "ayah": 98,
      "quarter_hizb": 45.75,
      "juz": 23,
      "manzil": 6,
      "arabic": "فَاَرَادُوْا بِهٖ كَيْدًا فَجَعَلْنٰهُمُ الْاَسْفَلِيْنَ",
      "latin": "Fa arādū bihī kaidan faja‘alnāhumul-asfalīn(a).",
      "translation": "Mereka bermaksud memperdayainya, (namun Allah menyelamatkannya), lalu Kami menjadikan mereka orang-orang yang hina.",
      "footnotes": null
    },
    {
      "ayah": 99,
      "quarter_hizb": 45.75,
      "juz": 23,
      "manzil": 6,
      "arabic": "وَقَالَ اِنِّيْ ذَاهِبٌ اِلٰى رَبِّيْ سَيَهْدِيْنِ",
      "latin": "Wa qāla innī żāhibun ilā rabbī sayahdīn(i).",
      "translation": "Dia (Ibrahim) berkata, “Sesungguhnya aku akan pergi (menghadap) kepada Tuhanku.649) Dia akan memberiku petunjuk.”",
      "footnotes": "649) Nabi Ibrahim a.s. pergi ke suatu negeri agar dapat menyembah Allah dan berdakwah."
    },
    {
      "ayah": 100,
      "quarter_hizb": 45.75,
      "juz": 23,
      "manzil": 6,
      "arabic": "رَبِّ هَبْ لِيْ مِنَ الصّٰلِحِيْنَ",
      "latin": "Rabbi hab lī minaṣ-ṣāliḥīn(a).",
      "translation": "100. (Ibrahim berdoa,) “Ya Tuhanku, anugerahkanlah kepadaku (keturunan) yang termasuk orang-orang saleh.”",
      "footnotes": null
    },
    {
      "ayah": 101,
      "quarter_hizb": 45.75,
      "juz": 23,
      "manzil": 6,
      "arabic": "فَبَشَّرْنٰهُ بِغُلٰمٍ حَلِيْمٍ",
      "latin": "Fa basysyarnāhu bigulāmin ḥalīm(in).",
      "translation": "Maka, Kami memberi kabar gembira kepadanya dengan (kelahiran) seorang anak (Ismail) yang sangat santun.",
      "footnotes": null
    },
    {
      "ayah": 102,
      "quarter_hizb": 45.75,
      "juz": 23,
      "manzil": 6,
      "arabic": "فَلَمَّا بَلَغَ مَعَهُ السَّعْيَ قَالَ يٰبُنَيَّ اِنِّيْٓ اَرٰى فِى الْمَنَامِ اَنِّيْٓ اَذْبَحُكَ فَانْظُرْ مَاذَا تَرٰىۗ قَالَ يٰٓاَبَتِ افْعَلْ مَا تُؤْمَرُۖ سَتَجِدُنِيْٓ اِنْ شَاۤءَ اللّٰهُ مِنَ الصّٰبِرِيْنَ",
      "latin": "Falammā balaga ma‘ahus-sa‘ya qāla yā bunayya innī arā fil-manāmi annī ażbaḥuka fanẓur māżā tarā, qāla yā abatif‘al mā tu'mar(u), satajidunī in syā'allāhu minaṣ-ṣābirīn(a).",
      "translation": "Ketika anak itu sampai pada (umur) ia sanggup bekerja bersamanya, ia (Ibrahim) berkata, “Wahai anakku, sesungguhnya aku bermimpi bahwa aku menyembelihmu. Pikirkanlah apa pendapatmu?” Dia (Ismail) menjawab, “Wahai ayahku, lakukanlah apa yang diperintahkan (Allah) kepadamu! Insyaallah engkau akan mendapatiku termasuk orang-orang sabar.”",
      "footnotes": null
    },
    {
      "ayah": 103,
      "quarter_hizb": 45.75,
      "juz": 23,
      "manzil": 6,
      "arabic": "فَلَمَّآ اَسْلَمَا وَتَلَّهٗ لِلْجَبِيْنِۚ ",
      "latin": "Falammā aslamā wa tallahū lil-jabīn(i).",
      "translation": "Ketika keduanya telah berserah diri dan dia (Ibrahim) meletakkan pelipis anaknya di atas gundukan (untuk melaksanakan perintah Allah),",
      "footnotes": null
    },
    {
      "ayah": 104,
      "quarter_hizb": 45.75,
      "juz": 23,
      "manzil": 6,
      "arabic": "وَنَادَيْنٰهُ اَنْ يّٰٓاِبْرٰهِيْمُ ۙ",
      "latin": "Wa nādaināhu ay yā ibrāhīm(u).",
      "translation": "Kami memanggil dia, “Wahai Ibrahim,",
      "footnotes": null
    },
    {
      "ayah": 105,
      "quarter_hizb": 45.75,
      "juz": 23,
      "manzil": 6,
      "arabic": "قَدْ صَدَّقْتَ الرُّءْيَا ۚاِنَّا كَذٰلِكَ نَجْزِى الْمُحْسِنِيْنَ",
      "latin": "Qad ṣaddaqtar-ru'yā, innā każālika najzil-muḥsinīn(a).",
      "translation": "sungguh, engkau telah membenarkan mimpi itu.” Sesungguhnya demikianlah Kami memberi balasan kepada orang-orang yang berbuat kebaikan.",
      "footnotes": null
    },
    {
      "ayah": 106,
      "quarter_hizb": 45.75,
      "juz": 23,
      "manzil": 6,
      "arabic": "اِنَّ هٰذَا لَهُوَ الْبَلٰۤؤُا الْمُبِيْنُ",
      "latin": "Inna hāżā lahuwal-balā'ul-mubīn(u).",
      "translation": "Sesungguhnya ini benar-benar suatu ujian yang nyata.",
      "footnotes": null
    },
    {
      "ayah": 107,
      "quarter_hizb": 45.75,
      "juz": 23,
      "manzil": 6,
      "arabic": "وَفَدَيْنٰهُ بِذِبْحٍ عَظِيْمٍ",
      "latin": "Wa fadaināhu biżibḥin ‘aẓīm(in).",
      "translation": "Kami menebusnya dengan seekor (hewan) sembelihan yang besar.650)",
      "footnotes": "650) Peristiwa itu menjadi dasar disyariatkannya penyembelihan hewan kurban pada hari raya Iduladha. "
    },
    {
      "ayah": 108,
      "quarter_hizb": 45.75,
      "juz": 23,
      "manzil": 6,
      "arabic": "وَتَرَكْنَا عَلَيْهِ فِى الْاٰخِرِيْنَ ۖ ",
      "latin": "Wa taraknā ‘alaihi fil-ākhirīn(a).",
      "translation": "Kami mengabadikan untuknya (pujian) pada orang-orang yang datang kemudian,",
      "footnotes": null
    },
    {
      "ayah": 109,
      "quarter_hizb": 45.75,
      "juz": 23,
      "manzil": 6,
      "arabic": "سَلٰمٌ عَلٰٓى اِبْرٰهِيْمَ",
      "latin": "Salāmun ‘alā ibrāhīm(a).",
      "translation": "“Salam sejahtera atas Ibrahim.”",
      "footnotes": null
    },
    {
      "ayah": 110,
      "quarter_hizb": 45.75,
      "juz": 23,
      "manzil": 6,
      "arabic": "كَذٰلِكَ نَجْزِى الْمُحْسِنِيْنَ",
      "latin": "Każālika najzil-muḥsinīn(a).",
      "translation": "Demikianlah Kami memberi balasan kepada orang-orang yang berbuat kebaikan.",
      "footnotes": null
    },
    {
      "ayah": 111,
      "quarter_hizb": 45.75,
      "juz": 23,
      "manzil": 6,
      "arabic": "اِنَّهٗ مِنْ عِبَادِنَا الْمُؤْمِنِيْنَ",
      "latin": "Innahū min ‘ibādinal-mu'minīn(a).",
      "translation": "Sesungguhnya dia termasuk hamba-hamba Kami yang mukmin.",
      "footnotes": null
    },
    {
      "ayah": 112,
      "quarter_hizb": 45.75,
      "juz": 23,
      "manzil": 6,
      "arabic": "وَبَشَّرْنٰهُ بِاِسْحٰقَ نَبِيًّا مِّنَ الصّٰلِحِيْنَ",
      "latin": "Wa basysyarnāhu bi'isḥāqa nabiyyam minaṣ-ṣāliḥīn(a).",
      "translation": "Kami telah memberinya kabar gembira tentang (akan dilahirkannya) Ishaq, seorang nabi yang termasuk orang-orang saleh.",
      "footnotes": null
    },
    {
      "ayah": 113,
      "quarter_hizb": 45.75,
      "juz": 23,
      "manzil": 6,
      "arabic": "وَبٰرَكْنَا عَلَيْهِ وَعَلٰٓى اِسْحٰقَۗ وَمِنْ ذُرِّيَّتِهِمَا مُحْسِنٌ وَّظَالِمٌ لِّنَفْسِهٖ مُبِيْنٌ ࣖ",
      "latin": "Wa bāraknā ‘alaihi wa ‘alā isḥāq(a), wa min żurriyyatihimā muḥsinuw wa ẓālimul linafsihī mubīn(un).",
      "translation": "Kami melimpahkan keberkahan kepadanya dan Ishaq. Sebagian keturunan keduanya ada yang berbuat baik dan ada (pula) yang terang-terangan berbuat zalim terhadap dirinya sendiri.",
      "footnotes": null
    },
    {
      "ayah": 114,
      "quarter_hizb": 45.75,
      "juz": 23,
      "manzil": 6,
      "arabic": "وَلَقَدْ مَنَنَّا عَلٰى مُوْسٰى وَهٰرُوْنَ ۚ ",
      "latin": "Wa laqad manannā ‘alā mūsā wa hārūn(a).",
      "translation": "Sungguh, Kami benar-benar telah melimpahkan nikmat kepada Musa dan Harun.",
      "footnotes": null
    },
    {
      "ayah": 115,
      "quarter_hizb": 45.75,
      "juz": 23,
      "manzil": 6,
      "arabic": "وَنَجَّيْنٰهُمَا وَقَوْمَهُمَا مِنَ الْكَرْبِ الْعَظِيْمِۚ ",
      "latin": "Wa najjaināhumā wa qaumahumā minal-karbil-‘aẓīm(i).",
      "translation": "Kami telah menyelamatkan keduanya dan kaumnya dari bencana yang besar.",
      "footnotes": null
    },
    {
      "ayah": 116,
      "quarter_hizb": 45.75,
      "juz": 23,
      "manzil": 6,
      "arabic": "وَنَصَرْنٰهُمْ فَكَانُوْا هُمُ الْغٰلِبِيْنَۚ ",
      "latin": "Wa naṣarnāhum fakānū humul-gālibīn(a).",
      "translation": "Kami telah menolong mereka sehingga mereka menjadi orang-orang yang menang.",
      "footnotes": null
    },
    {
      "ayah": 117,
      "quarter_hizb": 45.75,
      "juz": 23,
      "manzil": 6,
      "arabic": "وَاٰتَيْنٰهُمَا الْكِتٰبَ الْمُسْتَبِيْنَ ۚ ",
      "latin": "Wa ātaināhumal-kitābal-mustabīn(a).",
      "translation": "Kami telah menganugerahkan kepada keduanya Kitab yang sangat jelas (Taurat).",
      "footnotes": null
    },
    {
      "ayah": 118,
      "quarter_hizb": 45.75,
      "juz": 23,
      "manzil": 6,
      "arabic": "وَهَدَيْنٰهُمَا الصِّرَاطَ الْمُسْتَقِيْمَۚ ",
      "latin": "Wa hadaināhumaṣ-ṣirāṭal-mustaqīm(a).",
      "translation": "Kami telah membimbing keduanya ke jalan yang lurus.",
      "footnotes": null
    },
    {
      "ayah": 119,
      "quarter_hizb": 45.75,
      "juz": 23,
      "manzil": 6,
      "arabic": "وَتَرَكْنَا عَلَيْهِمَا فِى الْاٰخِرِيْنَ ۖ ",
      "latin": "Wa taraknā ‘alaihimā fil-ākhirīn(a).",
      "translation": "Kami telah mengabadikan untuk keduanya (pujian) pada orang-orang yang datang kemudian,",
      "footnotes": null
    },
    {
      "ayah": 120,
      "quarter_hizb": 45.75,
      "juz": 23,
      "manzil": 6,
      "arabic": "سَلٰمٌ عَلٰى مُوْسٰى وَهٰرُوْنَ",
      "latin": "Salāmun ‘alā mūsā wa hārūn(a).",
      "translation": "“Salam sejahtera atas Musa dan Harun.”",
      "footnotes": null
    },
    {
      "ayah": 121,
      "quarter_hizb": 45.75,
      "juz": 23,
      "manzil": 6,
      "arabic": "اِنَّا كَذٰلِكَ نَجْزِى الْمُحْسِنِيْنَ",
      "latin": "Innā każālika najzil-muḥsinīn(a).",
      "translation": "Sesungguhnya, demikianlah Kami memberi balasan kepada orang-orang yang berbuat kebaikan.",
      "footnotes": null
    },
    {
      "ayah": 122,
      "quarter_hizb": 45.75,
      "juz": 23,
      "manzil": 6,
      "arabic": "اِنَّهُمَا مِنْ عِبَادِنَا الْمُؤْمِنِيْنَ",
      "latin": "Innahumā min ‘ibādinal-mu'minīn(a).",
      "translation": "Sesungguhnya keduanya termasuk hamba-hamba Kami yang mukmin.",
      "footnotes": null
    },
    {
      "ayah": 123,
      "quarter_hizb": 45.75,
      "juz": 23,
      "manzil": 6,
      "arabic": "وَاِنَّ اِلْيَاسَ لَمِنَ الْمُرْسَلِيْنَۗ ",
      "latin": "Wa inna ilyāsa laminal-mursalīn(a).",
      "translation": "Sesungguhnya Ilyas benar-benar termasuk para rasul.",
      "footnotes": null
    },
    {
      "ayah": 124,
      "quarter_hizb": 45.75,
      "juz": 23,
      "manzil": 6,
      "arabic": "اِذْ قَالَ لِقَوْمِهٖٓ اَلَا تَتَّقُوْنَ",
      "latin": "Iż qāla liqaumihī alā tattaqūn(a).",
      "translation": "(Ingatlah) ketika dia berkata kepada kaumnya, “Mengapa kamu tidak bertakwa?",
      "footnotes": null
    },
    {
      "ayah": 125,
      "quarter_hizb": 45.75,
      "juz": 23,
      "manzil": 6,
      "arabic": "اَتَدْعُوْنَ بَعْلًا وَّتَذَرُوْنَ اَحْسَنَ الْخٰلِقِيْنَۙ",
      "latin": "Atad‘ūna ba‘law wa tażarūna aḥsanal-khāliqīn(a).",
      "translation": "Apakah kamu terus menyeru Ba‘l651) dan meninggalkan sebaik-baik pencipta,",
      "footnotes": "651) Ba‘l adalah nama salah satu berhala bangsa Fenisia yang hidup di wilayah yang saat ini menjadi negara Lebanon dan Suriah."
    },
    {
      "ayah": 126,
      "quarter_hizb": 45.75,
      "juz": 23,
      "manzil": 6,
      "arabic": "اللّٰهَ رَبَّكُمْ وَرَبَّ اٰبَاۤىِٕكُمُ الْاَوَّلِيْنَ",
      "latin": "Allāha rabbakum wa rabba ābā'ikumul-awwalīn(a).",
      "translation": "Allah Tuhanmu dan Tuhan nenek moyangmu yang terdahulu?”",
      "footnotes": null
    },
    {
      "ayah": 127,
      "quarter_hizb": 45.75,
      "juz": 23,
      "manzil": 6,
      "arabic": "فَكَذَّبُوْهُ فَاِنَّهُمْ لَمُحْضَرُوْنَۙ",
      "latin": "Fakażżabūhu fa'innahum lamuḥḍarūn(a).",
      "translation": "Mereka kemudian mendustakannya (Ilyas). Sesungguhnya mereka akan diseret (ke neraka),",
      "footnotes": null
    },
    {
      "ayah": 128,
      "quarter_hizb": 45.75,
      "juz": 23,
      "manzil": 6,
      "arabic": "اِلَّا عِبَادَ اللّٰهِ الْمُخْلَصِيْنَ",
      "latin": "Illā ‘ibādallāhil-mukhlaṣīn(a).",
      "translation": "kecuali hamba-hamba Allah yang terpilih (karena keikhlasannya).",
      "footnotes": null
    },
    {
      "ayah": 129,
      "quarter_hizb": 45.75,
      "juz": 23,
      "manzil": 6,
      "arabic": "وَتَرَكْنَا عَلَيْهِ فِى الْاٰخِرِيْنَ ۙ",
      "latin": "Wa taraknā ‘alaihi fil-ākhirīn(a).",
      "translation": "Kami mengabadikan untuknya (pujian) pada orang-orang yang datang kemudian,",
      "footnotes": null
    },
    {
      "ayah": 130,
      "quarter_hizb": 45.75,
      "juz": 23,
      "manzil": 6,
      "arabic": "سَلٰمٌ عَلٰٓى اِلْ يَاسِيْنَ",
      "latin": "Salāmun ‘alā ilyāsīn(a).",
      "translation": "“Salam sejahtera atas Ilyas dan kaumnya.”",
      "footnotes": null
    },
    {
      "ayah": 131,
      "quarter_hizb": 45.75,
      "juz": 23,
      "manzil": 6,
      "arabic": "اِنَّا كَذٰلِكَ نَجْزِى الْمُحْسِنِيْنَ",
      "latin": "Innā każālika najzil-muḥsinīn(a).",
      "translation": "Sesungguhnya, demikianlah Kami memberi balasan kepada orang-orang yang berbuat kebaikan.",
      "footnotes": null
    },
    {
      "ayah": 132,
      "quarter_hizb": 45.75,
      "juz": 23,
      "manzil": 6,
      "arabic": "اِنَّهٗ مِنْ عِبَادِنَا الْمُؤْمِنِيْنَ",
      "latin": "Innahū min ‘ibādinal-mu'minīn(a).",
      "translation": "Sesungguhnya dia termasuk hamba-hamba Kami yang mukmin.",
      "footnotes": null
    },
    {
      "ayah": 133,
      "quarter_hizb": 45.75,
      "juz": 23,
      "manzil": 6,
      "arabic": "وَاِنَّ لُوْطًا لَّمِنَ الْمُرْسَلِيْنَۗ ",
      "latin": "Wa inna lūṭal laminal-mursalīn(a).",
      "translation": "Sesungguhnya Lut benar-benar termasuk para rasul.",
      "footnotes": null
    },
    {
      "ayah": 134,
      "quarter_hizb": 45.75,
      "juz": 23,
      "manzil": 6,
      "arabic": "اِذْ نَجَّيْنٰهُ وَاَهْلَهٗٓ اَجْمَعِيْنَۙ",
      "latin": "Iż najjaināhu wa ahlahū ajma‘īn(a).",
      "translation": "(Ingatlah) ketika Kami telah menyelamatkan dia dan pengikutnya semua,",
      "footnotes": null
    },
    {
      "ayah": 135,
      "quarter_hizb": 45.75,
      "juz": 23,
      "manzil": 6,
      "arabic": "اِلَّا عَجُوْزًا فِى الْغٰبِرِيْنَ",
      "latin": "Illā ‘ajūzan fil-gābirīn(a).",
      "translation": "kecuali seorang perempuan tua (istrinya) yang termasuk golongan (orang-orang kafir) yang tertinggal.",
      "footnotes": null
    },
    {
      "ayah": 136,
      "quarter_hizb": 45.75,
      "juz": 23,
      "manzil": 6,
      "arabic": "ثُمَّ دَمَّرْنَا الْاٰخَرِيْنَ",
      "latin": "Ṡumma dammarnal-ākharīn(a).",
      "translation": "Kemudian, Kami binasakan yang lain.652)",
      "footnotes": "652) Yaitu mereka yang tetap tinggal di kota dan tidak ikut pergi bersama Nabi Lut a.s."
    },
    {
      "ayah": 137,
      "quarter_hizb": 45.75,
      "juz": 23,
      "manzil": 6,
      "arabic": "وَاِنَّكُمْ لَتَمُرُّوْنَ عَلَيْهِمْ مُّصْبِحِيْنَۙ",
      "latin": "Wa innakum latamurrūna ‘alaihim muṣbiḥīn(a).",
      "translation": "Sesungguhnya kamu (penduduk Makkah) benar-benar akan melintasi (bekas-bekas kehancuran) mereka pada waktu pagi",
      "footnotes": null
    },
    {
      "ayah": 138,
      "quarter_hizb": 45.75,
      "juz": 23,
      "manzil": 6,
      "arabic": "وَبِالَّيْلِۗ اَفَلَا تَعْقِلُوْنَ ࣖ ",
      "latin": "Wa bil-lail(i), afalā ta‘qilūn(a).",
      "translation": "dan waktu malam. Mengapa kamu tidak mengerti?",
      "footnotes": null
    },
    {
      "ayah": 139,
      "quarter_hizb": 45.75,
      "juz": 23,
      "manzil": 6,
      "arabic": "وَاِنَّ يُوْنُسَ لَمِنَ الْمُرْسَلِيْنَۗ ",
      "latin": "Wa inna yūnusa laminal-mursalīn(a).",
      "translation": "Sesungguhnya Yunus benar-benar termasuk para rasul.",
      "footnotes": null
    },
    {
      "ayah": 140,
      "quarter_hizb": 45.75,
      "juz": 23,
      "manzil": 6,
      "arabic": "اِذْ اَبَقَ اِلَى الْفُلْكِ الْمَشْحُوْنِۙ",
      "latin": "Iż abaqa ilal-fulkil-masyḥūn(i).",
      "translation": "(Ingatlah) ketika dia berlari ke kapal yang penuh muatan,",
      "footnotes": null
    },
    {
      "ayah": 141,
      "quarter_hizb": 45.75,
      "juz": 23,
      "manzil": 6,
      "arabic": "فَسَاهَمَ فَكَانَ مِنَ الْمُدْحَضِيْنَۚ",
      "latin": "Fa sāhama fakāna minal-mudḥaḍīn(a).",
      "translation": "kemudian dia ikut diundi,653) maka dia termasuk orang-orang yang kalah (dalam undian).",
      "footnotes": "653) Undian diadakan karena muatan kapal sangat penuh dan dikhawatirkan akan tenggelam jika penumpang tidak dikurangi. Orang yang namanya keluar dalam undian dinyatakan kalah dan akan dilempar ke laut. Nama Nabi Yunus a.s. keluar dalam undian tersebut sehingga dia dilemparkan ke laut."
    },
    {
      "ayah": 142,
      "quarter_hizb": 45.75,
      "juz": 23,
      "manzil": 6,
      "arabic": "فَالْتَقَمَهُ الْحُوْتُ وَهُوَ مُلِيْمٌ ",
      "latin": "Faltaqamahul-ḥūtu wa huwa mulīm(un).",
      "translation": "Dia kemudian ditelan oleh ikan besar dalam keadaan tercela.654)",
      "footnotes": "654) Disebut tercela karena dia lari meninggalkan kaumnya."
    },
    {
      "ayah": 143,
      "quarter_hizb": 45.75,
      "juz": 23,
      "manzil": 6,
      "arabic": "فَلَوْلَآ اَنَّهٗ كَانَ مِنَ الْمُسَبِّحِيْنَ ۙ",
      "latin": "Falau lā annahū kāna minal-musabbiḥīn(a).",
      "translation": "Seandainya dia bukan golongan orang yang banyak bertasbih kepada Allah,",
      "footnotes": null
    },
    {
      "ayah": 144,
      "quarter_hizb": 45.75,
      "juz": 23,
      "manzil": 6,
      "arabic": "لَلَبِثَ فِيْ بَطْنِهٖٓ اِلٰى يَوْمِ يُبْعَثُوْنَۚ ",
      "latin": "Lalabiṡa fī baṭnihī ilā yaumi yub‘aṡūn(a).",
      "translation": "niscaya dia akan tetap tinggal di perutnya (ikan) sampai hari Kebangkitan.",
      "footnotes": null
    },
    {
      "ayah": 145,
      "quarter_hizb": 46,
      "juz": 23,
      "manzil": 6,
      "arabic": "۞ فَنَبَذْنٰهُ بِالْعَرَاۤءِ وَهُوَ سَقِيْمٌ ۚ ",
      "latin": "Fa nabażnāhu bil-‘arā'i wa huwa saqīm(un).",
      "translation": "Kami kemudian melemparkannya (dari mulut ikan) ke daratan yang tandus, sedang dia dalam keadaan sakit.",
      "footnotes": null
    },
    {
      "ayah": 146,
      "quarter_hizb": 46,
      "juz": 23,
      "manzil": 6,
      "arabic": "وَاَنْۢبَتْنَا عَلَيْهِ شَجَرَةً مِّنْ يَّقْطِيْنٍۚ ",
      "latin": "Wa ambatnā ‘alaihi syajaratam miy yaqṭīn(in).",
      "translation": "Kami kemudian menumbuhkan tanaman sejenis labu untuknya.",
      "footnotes": null
    },
    {
      "ayah": 147,
      "quarter_hizb": 46,
      "juz": 23,
      "manzil": 6,
      "arabic": "وَاَرْسَلْنٰهُ اِلٰى مِائَةِ اَلْفٍ اَوْ يَزِيْدُوْنَۚ ",
      "latin": "Wa arsalnāhu ilā mi'ati alfin au yazīdūn(a).",
      "translation": "Kami mengutusnya kepada seratus ribu (orang) atau lebih,",
      "footnotes": null
    },
    {
      "ayah": 148,
      "quarter_hizb": 46,
      "juz": 23,
      "manzil": 6,
      "arabic": "فَاٰمَنُوْا فَمَتَّعْنٰهُمْ اِلٰى حِيْنٍ",
      "latin": "Fa'āmanū famatta‘nāhum ilā ḥīn(in).",
      "translation": "lalu mereka beriman. Maka, Kami menganugerahkan kenikmatan hidup kepada mereka hingga waktu tertentu.",
      "footnotes": null
    },
    {
      "ayah": 149,
      "quarter_hizb": 46,
      "juz": 23,
      "manzil": 6,
      "arabic": "فَاسْتَفْتِهِمْ اَلِرَبِّكَ الْبَنَاتُ وَلَهُمُ الْبَنُوْنَۚ ",
      "latin": "Fastaftihim alirabbikal-banātu wa lahumul-banūn(a).",
      "translation": "(Wahai Nabi Muhammad,) tanyalah mereka (orang-orang kafir Makkah), “Apakah untuk Tuhanmu anak-anak perempuan, sedangkan untuk mereka anak-anak laki-laki655)",
      "footnotes": "655) Orang musyrik Makkah mengatakan bahwa malaikat adalah anak-anak perempuan Allah Swt., padahal mereka sendiri menganggap hina anak perempuan."
    },
    {
      "ayah": 150,
      "quarter_hizb": 46,
      "juz": 23,
      "manzil": 6,
      "arabic": "اَمْ خَلَقْنَا الْمَلٰۤىِٕكَةَ اِنَاثًا وَّهُمْ شٰهِدُوْنَ",
      "latin": "Am khalaqnal-malā'ikata ināṡaw wa hum syāhidūn(a).",
      "translation": "atau Kami menciptakan malaikat-malaikat berupa perempuan, sedangkan mereka menyaksikan(-nya)?”",
      "footnotes": null
    },
    {
      "ayah": 151,
      "quarter_hizb": 46,
      "juz": 23,
      "manzil": 6,
      "arabic": "اَلَآ اِنَّهُمْ مِّنْ اِفْكِهِمْ لَيَقُوْلُوْنَۙ",
      "latin": "Alā innahum min ifkihim layaqūlūn(a).",
      "translation": "Ingatlah, sesungguhnya mereka benar-benar mengatakan dengan kebohongan mereka,",
      "footnotes": null
    },
    {
      "ayah": 152,
      "quarter_hizb": 46,
      "juz": 23,
      "manzil": 6,
      "arabic": "وَلَدَ اللّٰهُ ۙوَاِنَّهُمْ لَكٰذِبُوْنَۙ",
      "latin": "Waladallāh(u), wa innahum lakāżibūn(a).",
      "translation": "“Allah mempunyai anak.” Sesungguhnya mereka benar-benar pendusta.",
      "footnotes": null
    },
    {
      "ayah": 153,
      "quarter_hizb": 46,
      "juz": 23,
      "manzil": 6,
      "arabic": "اَصْطَفَى الْبَنَاتِ عَلَى الْبَنِيْنَۗ ",
      "latin": "Aṣṭafal-banāti ‘alal-banīn(a).",
      "translation": "Apakah Dia (Allah) lebih memilih anak-anak perempuan daripada anak-anak laki-laki?",
      "footnotes": null
    },
    {
      "ayah": 154,
      "quarter_hizb": 46,
      "juz": 23,
      "manzil": 6,
      "arabic": "مَا لَكُمْۗ  كَيْفَ تَحْكُمُوْنَ",
      "latin": "Mā lakum, kaifa taḥkumūn(a).",
      "translation": "Apa yang telah terjadi pada kamu? Bagaimana kamu menetapkan(-nya)?",
      "footnotes": null
    },
    {
      "ayah": 155,
      "quarter_hizb": 46,
      "juz": 23,
      "manzil": 6,
      "arabic": "اَفَلَا تَذَكَّرُوْنَۚ ",
      "latin": "Afalā tażakkarūn(a).",
      "translation": "Maka, mengapa kamu tidak mengambil pelajaran?",
      "footnotes": null
    },
    {
      "ayah": 156,
      "quarter_hizb": 46,
      "juz": 23,
      "manzil": 6,
      "arabic": "اَمْ لَكُمْ سُلْطٰنٌ مُّبِيْنٌۙ",
      "latin": "Am lakum sulṭānum mubīn(un).",
      "translation": "Ataukah kamu mempunyai bukti yang jelas?",
      "footnotes": null
    },
    {
      "ayah": 157,
      "quarter_hizb": 46,
      "juz": 23,
      "manzil": 6,
      "arabic": "فَأْتُوْا بِكِتٰبِكُمْ اِنْ كُنْتُمْ صٰدِقِيْنَ",
      "latin": "Fa'tū bikitābikum in kuntum ṣādiqīn(a).",
      "translation": "(Kalau begitu,) bawalah kitabmu jika kamu orang-orang yang benar.",
      "footnotes": null
    },
    {
      "ayah": 158,
      "quarter_hizb": 46,
      "juz": 23,
      "manzil": 6,
      "arabic": "وَجَعَلُوْا بَيْنَهٗ وَبَيْنَ الْجِنَّةِ نَسَبًا ۗوَلَقَدْ عَلِمَتِ الْجِنَّةُ اِنَّهُمْ لَمُحْضَرُوْنَۙ",
      "latin": "Wa ja‘alū bainahū wa bainal-jinnati nasabā(n), wa laqad ‘alimatil-jinnatu innahum lamuḥḍarūn(a).",
      "translation": "Mereka menjadikan (hubungan) nasab antara Dia dan jin. Sungguh, jin benar-benar telah mengetahui bahwa mereka (kaum musyrik) pasti akan diseret (ke neraka),",
      "footnotes": null
    },
    {
      "ayah": 159,
      "quarter_hizb": 46,
      "juz": 23,
      "manzil": 6,
      "arabic": "سُبْحٰنَ اللّٰهِ عَمَّا يَصِفُوْنَۙ",
      "latin": "Subḥānallāhi ‘ammā yaṣifūn(a).",
      "translation": "Maha Suci Allah dari apa yang mereka sifatkan,",
      "footnotes": null
    },
    {
      "ayah": 160,
      "quarter_hizb": 46,
      "juz": 23,
      "manzil": 6,
      "arabic": "اِلَّا عِبَادَ اللّٰهِ الْمُخْلَصِيْنَ",
      "latin": "Illā ‘ibādallāhil-mukhlaṣīn(a).",
      "translation": "kecuali hamba-hamba Allah yang terpilih (karena keikhlasannya).",
      "footnotes": null
    },
    {
      "ayah": 161,
      "quarter_hizb": 46,
      "juz": 23,
      "manzil": 6,
      "arabic": "فَاِنَّكُمْ وَمَا تَعْبُدُوْنَۙ",
      "latin": "Fa'innakum wa mā ta‘budūn(a).",
      "translation": "Maka, sesungguhnya kamu dan apa yang kamu sembah itu",
      "footnotes": null
    },
    {
      "ayah": 162,
      "quarter_hizb": 46,
      "juz": 23,
      "manzil": 6,
      "arabic": "مَآ اَنْتُمْ عَلَيْهِ بِفٰتِنِيْنَۙ",
      "latin": "Mā antum ‘alaihi bifātinīn(a).",
      "translation": "tidak akan dapat menyesatkan (seseorang) terhadap Allah,",
      "footnotes": null
    },
    {
      "ayah": 163,
      "quarter_hizb": 46,
      "juz": 23,
      "manzil": 6,
      "arabic": "اِلَّا مَنْ هُوَ صَالِ الْجَحِيْمِ",
      "latin": "Illā man huwa ṣālil-jaḥīm(i).",
      "translation": "kecuali orang yang akan masuk ke (neraka) Jahim.",
      "footnotes": null
    },
    {
      "ayah": 164,
      "quarter_hizb": 46,
      "juz": 23,
      "manzil": 6,
      "arabic": "وَمَا مِنَّآ اِلَّا لَهٗ مَقَامٌ مَّعْلُوْمٌۙ",
      "latin": "Wa mā minnā illā lahū maqāmum ma‘lūm(un).",
      "translation": "(Malaikat berkata,) “Tidak satu pun di antara kami, kecuali masing-masing mempunyai kedudukan tertentu.",
      "footnotes": null
    },
    {
      "ayah": 165,
      "quarter_hizb": 46,
      "juz": 23,
      "manzil": 6,
      "arabic": "وَّاِنَّا لَنَحْنُ الصَّۤافُّوْنَۖ",
      "latin": "Wa innā lanaḥnuṣ-ṣāffūn(a).",
      "translation": "Sesungguhnya kamilah yang selalu teratur dalam barisan (dalam melaksanakan perintah Allah).",
      "footnotes": null
    },
    {
      "ayah": 166,
      "quarter_hizb": 46,
      "juz": 23,
      "manzil": 6,
      "arabic": "وَاِنَّا لَنَحْنُ الْمُسَبِّحُوْنَ",
      "latin": "Wa innā lanaḥnul-musabbiḥūn(a).",
      "translation": "Sesungguhnya kamilah yang benar-benar terus bertasbih (kepada Allah).”",
      "footnotes": null
    },
    {
      "ayah": 167,
      "quarter_hizb": 46,
      "juz": 23,
      "manzil": 6,
      "arabic": "وَاِنْ كَانُوْا لَيَقُوْلُوْنَۙ",
      "latin": "Wa in kānū layaqūlūn(a).",
      "translation": "Sesungguhnya mereka (orang kafir Makkah) benar-benar berkata,",
      "footnotes": null
    },
    {
      "ayah": 168,
      "quarter_hizb": 46,
      "juz": 23,
      "manzil": 6,
      "arabic": "لَوْ اَنَّ عِنْدَنَا ذِكْرًا مِّنَ الْاَوَّلِيْنَۙ",
      "latin": "Lau anna ‘indanā żikram minal-awwalīn(a).",
      "translation": "“Seandainya di sisi kami ada sebuah kitab dari (kitab-kitab yang diturunkan) kepada orang-orang terdahulu,",
      "footnotes": null
    },
    {
      "ayah": 169,
      "quarter_hizb": 46,
      "juz": 23,
      "manzil": 6,
      "arabic": "لَكُنَّا عِبَادَ اللّٰهِ الْمُخْلَصِيْنَ",
      "latin": "Lakunnā ‘ibādallāhil-mukhlaṣīn(a).",
      "translation": "niscaya kami akan menjadi hamba-hamba Allah yang terpilih.",
      "footnotes": null
    },
    {
      "ayah": 170,
      "quarter_hizb": 46,
      "juz": 23,
      "manzil": 6,
      "arabic": "فَكَفَرُوْا بِهٖۚ فَسَوْفَ يَعْلَمُوْنَ",
      "latin": "Fa kafarū bih(ī), fasaufa ya‘lamūn(a).",
      "translation": "Akan tetapi, ternyata mereka mengingkarinya (Al-Qur’an). Maka, kelak mereka akan mengetahui (akibat keingkarannya itu).",
      "footnotes": null
    },
    {
      "ayah": 171,
      "quarter_hizb": 46,
      "juz": 23,
      "manzil": 6,
      "arabic": "وَلَقَدْ سَبَقَتْ كَلِمَتُنَا لِعِبَادِنَا الْمُرْسَلِيْنَ ۖ",
      "latin": "Wa laqad sabaqat kalimatunā li‘ibādinal-mursalīn(a).",
      "translation": "Sungguh, janji Kami benar-benar telah tetap bagi hamba-hamba Kami yang menjadi rasul.",
      "footnotes": null
    },
    {
      "ayah": 172,
      "quarter_hizb": 46,
      "juz": 23,
      "manzil": 6,
      "arabic": "اِنَّهُمْ لَهُمُ الْمَنْصُوْرُوْنَۖ",
      "latin": "Innahum lahumul-manṣūrūn(a).",
      "translation": "Sesungguhnya merekalah yang pasti akan mendapat pertolongan,",
      "footnotes": null
    },
    {
      "ayah": 173,
      "quarter_hizb": 46,
      "juz": 23,
      "manzil": 6,
      "arabic": "وَاِنَّ جُنْدَنَا لَهُمُ الْغٰلِبُوْنَ",
      "latin": "Wa inna jundanā lahumul-gālibūn(a).",
      "translation": "dan sesungguhnya bala tentara Kami itulah yang pasti menang.",
      "footnotes": null
    },
    {
      "ayah": 174,
      "quarter_hizb": 46,
      "juz": 23,
      "manzil": 6,
      "arabic": "فَتَوَلَّ عَنْهُمْ حَتّٰى حِيْنٍۙ",
      "latin": "Fatawalla ‘anhum ḥattā ḥīn(in).",
      "translation": "Maka, berpalinglah engkau (Nabi Muhammad) dari mereka sampai waktu tertentu!",
      "footnotes": null
    },
    {
      "ayah": 175,
      "quarter_hizb": 46,
      "juz": 23,
      "manzil": 6,
      "arabic": "وَّاَبْصِرْهُمْۗ فَسَوْفَ يُبْصِرُوْنَ",
      "latin": "Wa abṣirhum, fa saufa yubṣirūn(a).",
      "translation": "Lihatlah mereka! Maka, kelak mereka akan melihat (azab itu).",
      "footnotes": null
    },
    {
      "ayah": 176,
      "quarter_hizb": 46,
      "juz": 23,
      "manzil": 6,
      "arabic": "اَفَبِعَذَابِنَا يَسْتَعْجِلُوْنَ",
      "latin": "Afabi‘ażābinā yasta‘jilūn(a).",
      "translation": "Maka, apakah mereka meminta agar azab Kami disegerakan?",
      "footnotes": null
    },
    {
      "ayah": 177,
      "quarter_hizb": 46,
      "juz": 23,
      "manzil": 6,
      "arabic": "فَاِذَا نَزَلَ بِسَاحَتِهِمْ فَسَاۤءَ صَبَاحُ الْمُنْذَرِيْنَ",
      "latin": "Fa iżā nazala bisāḥatihim fa sā'a ṣabāḥul-munżarīn(a).",
      "translation": "Apabila turun (siksaan itu) di halaman mereka, sangat buruklah pagi hari bagi orang-orang yang diperingatkan itu.",
      "footnotes": null
    },
    {
      "ayah": 178,
      "quarter_hizb": 46,
      "juz": 23,
      "manzil": 6,
      "arabic": "وَتَوَلَّ عَنْهُمْ حَتّٰى حِيْنٍۙ",
      "latin": "Wa tawalla ‘anhum ḥattā ḥīn(in).",
      "translation": "Berpalinglah engkau (Nabi Muhammad) dari mereka sampai waktu tertentu.",
      "footnotes": null
    },
    {
      "ayah": 179,
      "quarter_hizb": 46,
      "juz": 23,
      "manzil": 6,
      "arabic": "وَّاَبْصِرْۗ فَسَوْفَ يُبْصِرُوْنَ",
      "latin": "Wa abṣir, fasaufa yubṣirūn(a).",
      "translation": "Lihatlah (mereka)! Maka, kelak mereka akan melihat (azab itu).",
      "footnotes": null
    },
    {
      "ayah": 180,
      "quarter_hizb": 46,
      "juz": 23,
      "manzil": 6,
      "arabic": "سُبْحٰنَ رَبِّكَ رَبِّ الْعِزَّةِ عَمَّا يَصِفُوْنَۚ",
      "latin": "Subḥāna rabbika rabbil-‘izzati ‘ammā yaṣifūn(a).",
      "translation": "Maha Suci Tuhanmu, Tuhan pemilik kemuliaan dari apa yang mereka sifatkan.",
      "footnotes": null
    },
    {
      "ayah": 181,
      "quarter_hizb": 46,
      "juz": 23,
      "manzil": 6,
      "arabic": "وَسَلٰمٌ عَلَى الْمُرْسَلِيْنَۚ ",
      "latin": "Wa salāmun ‘alal-mursalīn(a).",
      "translation": "Selamat sejahtera bagi para rasul.",
      "footnotes": null
    },
    {
      "ayah": 182,
      "quarter_hizb": 46,
      "juz": 23,
      "manzil": 6,
      "arabic": "وَالْحَمْدُ لِلّٰهِ رَبِّ الْعٰلَمِيْنَ ࣖ",
      "latin": "Wal-ḥamdu lillāhi rabbil-‘ālamīn(a).",
      "translation": "Segala puji bagi Allah, Tuhan semesta alam.",
      "footnotes": null
    }
  ]
}