{
  "arabic": "صۤ",
  "latin": "Ṣād ",
  "transliteration": "Sad",
  "translation": "Ṣād ",
  "num_ayah": 88,
  "location": "Makkiyah",
  "ayah": [
    {
      "ayah": 1,
      "quarter_hizb": 46,
      "juz": 23,
      "manzil": 6,
      "arabic": "صۤ ۗوَالْقُرْاٰنِ ذِى الذِّكْرِۗ",
      "latin": "Ṣād, wal-qur'āni żiż-żikr(i).",
      "translation": "Ṣād. demi Al-Qur’an yang mengandung peringatan.",
      "footnotes": null
    },
    {
      "ayah": 2,
      "quarter_hizb": 46,
      "juz": 23,
      "manzil": 6,
      "arabic": "بَلِ الَّذِيْنَ كَفَرُوْا فِيْ عِزَّةٍ وَّشِقَاقٍ",
      "latin": "Balil-lażīna kafarū fī ‘izzatiw wa syiqāq(in).",
      "translation": "Akan tetapi, orang-orang yang kufur (berada) dalam kesombongan dan permusuhan.",
      "footnotes": null
    },
    {
      "ayah": 3,
      "quarter_hizb": 46,
      "juz": 23,
      "manzil": 6,
      "arabic": "كَمْ اَهْلَكْنَا مِنْ قَبْلِهِمْ مِّنْ قَرْنٍ فَنَادَوْا وَّلَاتَ حِيْنَ مَنَاصٍ",
      "latin": "Kam ahlaknā min qablihim min qarnin fanādaw wa lāta ḥīna manāṣ(in).",
      "translation": "Betapa banyak generasi sebelum mereka yang telah Kami binasakan. Lalu, mereka meminta tolong (ketika datang azab), padahal (waktu itu) bukanlah saat untuk melepaskan diri.",
      "footnotes": null
    },
    {
      "ayah": 4,
      "quarter_hizb": 46,
      "juz": 23,
      "manzil": 6,
      "arabic": "وَعَجِبُوْٓا اَنْ جَاۤءَهُمْ مُّنْذِرٌ مِّنْهُمْ ۖوَقَالَ الْكٰفِرُوْنَ هٰذَا سٰحِرٌ كَذَّابٌۚ",
      "latin": "Wa ‘ajibū an jā'ahum munżirum minhum, wa qālal-kāfirūna hāżā sāḥirun każżāb(un).",
      "translation": "Mereka heran karena telah datang kepada mereka seorang pemberi peringatan (rasul) dari kalangan mereka. Orang-orang kafir berkata, “Orang ini adalah penyihir yang banyak berdusta.",
      "footnotes": null
    },
    {
      "ayah": 5,
      "quarter_hizb": 46,
      "juz": 23,
      "manzil": 6,
      "arabic": "اَجَعَلَ الْاٰلِهَةَ اِلٰهًا وَّاحِدًا ۖاِنَّ هٰذَا لَشَيْءٌ عُجَابٌ",
      "latin": "Aja‘alal-ālihata ilāhaw wāḥidā(n), inna hāżā lasyai'un ‘ujāb(un).",
      "translation": "Apakah dia menjadikan tuhan-tuhan itu Tuhan yang satu saja? Sesungguhnya ini benar-benar sesuatu yang sangat mengherankan.”",
      "footnotes": null
    },
    {
      "ayah": 6,
      "quarter_hizb": 46,
      "juz": 23,
      "manzil": 6,
      "arabic": "وَانْطَلَقَ الْمَلَاُ مِنْهُمْ اَنِ امْشُوْا وَاصْبِرُوْا عَلٰٓى اٰلِهَتِكُمْ ۖاِنَّ هٰذَا لَشَيْءٌ يُّرَادُ ۖ",
      "latin": "Wanṭalaqal-mala'u minhum animsyū waṣbirū ‘alā ālihatikum, inna hāżā lasyai'uy yurād(u).",
      "translation": "Lalu, pergilah pemimpin-pemimpin mereka (seraya berkata), “Pergilah kamu dan tetaplah (menyembah) tuhan-tuhanmu. Sesungguhnya ini benar-benar suatu hal yang dikehendaki.",
      "footnotes": null
    },
    {
      "ayah": 7,
      "quarter_hizb": 46,
      "juz": 23,
      "manzil": 6,
      "arabic": "مَا سَمِعْنَا بِهٰذَا فِى الْمِلَّةِ الْاٰخِرَةِ ۖاِنْ هٰذَآ اِلَّا اخْتِلَاقٌۚ",
      "latin": "Mā sami‘nā bihāżā fil-millatil-ākhirah(ti), in hāżā illakhtilāq(un).",
      "translation": "Kami tidak pernah mendengar hal ini dalam agama yang terakhir. (Ajaran mengesakan Allah) ini tidak lain kecuali (dusta) yang dibuat-buat.",
      "footnotes": null
    },
    {
      "ayah": 8,
      "quarter_hizb": 46,
      "juz": 23,
      "manzil": 6,
      "arabic": "اَؤُنْزِلَ عَلَيْهِ الذِّكْرُ مِنْۢ بَيْنِنَا ۗبَلْ هُمْ فِيْ شَكٍّ مِّنْ ذِكْرِيْۚ بَلْ لَّمَّا يَذُوْقُوْا عَذَابِ ۗ",
      "latin": "A'unzila ‘alaihiż-żikru mim baininā, bal hum fī syakkim min żikrī, bal lammā yażūqū ‘ażāb(i).",
      "translation": "Mengapa Al-Qur’an itu diturunkan kepada dia di antara kita?” Sebenarnya mereka dalam keraguan terhadap kitab-Ku. Akan tetapi, mereka (ragu karena) belum merasakan azab-Ku.",
      "footnotes": null
    },
    {
      "ayah": 9,
      "quarter_hizb": 46,
      "juz": 23,
      "manzil": 6,
      "arabic": "اَمْ عِنْدَهُمْ خَزَاۤىِٕنُ رَحْمَةِ رَبِّكَ الْعَزِيْزِ الْوَهَّابِۚ",
      "latin": "Am ‘indahum khazā'inu raḥmati rabbikal-‘azīzil-wahhāb(i).",
      "translation": "Atau, apakah mereka itu mempunyai perbendaharaan rahmat Tuhanmu Yang Maha Perkasa lagi Maha Pemberi?",
      "footnotes": null
    },
    {
      "ayah": 10,
      "quarter_hizb": 46,
      "juz": 23,
      "manzil": 6,
      "arabic": "اَمْ لَهُمْ مُّلْكُ السَّمٰوٰتِ وَالْاَرْضِ وَمَا بَيْنَهُمَا ۗفَلْيَرْتَقُوْا فِى الْاَسْبَابِ",
      "latin": "Am lahum mulkus-samāwāti wal-arḍi wa mā bainahumā, falyartaqū fil-asbāb(i).",
      "translation": "Atau, apakah mereka mempunyai kerajaan langit dan bumi serta apa yang ada di antara keduanya? (Jika ada,) biarlah mereka menaiki tangga-tangga (ke langit).",
      "footnotes": null
    },
    {
      "ayah": 11,
      "quarter_hizb": 46,
      "juz": 23,
      "manzil": 6,
      "arabic": "جُنْدٌ مَّا هُنَالِكَ مَهْزُوْمٌ مِّنَ الْاَحْزَابِ",
      "latin": "Jundum mā hunālika mahzūmum minal-aḥzāb(i).",
      "translation": "Bala tentara yang berada di sana dari golongan yang bersekutu (untuk mengalahkan Rasul Kami) tentu akan dikalahkan.",
      "footnotes": null
    },
    {
      "ayah": 12,
      "quarter_hizb": 46,
      "juz": 23,
      "manzil": 6,
      "arabic": "كَذَّبَتْ قَبْلَهُمْ قَوْمُ نُوْحٍ وَّعَادٌ وَّفِرْعَوْنُ ذُو الْاَوْتَادِۙ",
      "latin": "Każżabat qablahum qaumu nūḥiw wa ‘āduw wa fir‘aunu żul-autād(i).",
      "translation": "Sebelum mereka itu, kaum Nuh, ‘Ad, dan Fir‘aun yang mempunyai kekuatan besar (juga) telah mendustakan (para rasul).",
      "footnotes": null
    },
    {
      "ayah": 13,
      "quarter_hizb": 46,
      "juz": 23,
      "manzil": 6,
      "arabic": "وَثَمُوْدُ وَقَوْمُ لُوْطٍ وَّاَصْحٰبُ لْـَٔيْكَةِ ۗ اُولٰۤىِٕكَ الْاَحْزَابُ",
      "latin": "Wa ṡamūdu wa qaumu lūṭiw wa aṣḥābul-aikah(ti), ulā'ikal-aḥzāb(u).",
      "translation": "(Begitu juga) Samud, kaum Lut, dan penduduk Aikah. Mereka itulah golongan yang bersekutu (menentang para rasul).",
      "footnotes": null
    },
    {
      "ayah": 14,
      "quarter_hizb": 46,
      "juz": 23,
      "manzil": 6,
      "arabic": "اِنْ كُلٌّ اِلَّا كَذَّبَ الرُّسُلَ فَحَقَّ عِقَابِ ࣖ",
      "latin": "In kullun illā każżabar-rusula faḥaqqa ‘iqāb(i).",
      "translation": "Masing-masing tidak lain, kecuali mendustakan para rasul. Maka, pantaslah mereka merasakan hukuman-Ku.",
      "footnotes": null
    },
    {
      "ayah": 15,
      "quarter_hizb": 46,
      "juz": 23,
      "manzil": 6,
      "arabic": "وَمَا يَنْظُرُ هٰٓؤُلَاۤءِ اِلَّا صَيْحَةً وَّاحِدَةً مَّا لَهَا مِنْ فَوَاقٍ",
      "latin": "Wa mā yanẓuru hā'ulā'i illā ṣaiḥataw wāḥidatam mā lahā min fawāq(in).",
      "translation": "Mereka tidak menunggu selain satu teriakan (saja) yang tidak ada selanya.",
      "footnotes": null
    },
    {
      "ayah": 16,
      "quarter_hizb": 46,
      "juz": 23,
      "manzil": 6,
      "arabic": "وَقَالُوْا رَبَّنَا عَجِّلْ لَّنَا قِطَّنَا قَبْلَ يَوْمِ الْحِسَابِ",
      "latin": "Wa qālū rabbanā ‘ajjil lanā qiṭṭanā qabla yaumil-ḥisāb(i).",
      "translation": "Mereka berkata, “Wahai Tuhan kami, segerakanlah untuk kami bagian (dari siksa) kami sebelum hari Perhitungan.”",
      "footnotes": null
    },
    {
      "ayah": 17,
      "quarter_hizb": 46,
      "juz": 23,
      "manzil": 6,
      "arabic": "اِصْبِرْ عَلٰى مَا يَقُوْلُوْنَ وَاذْكُرْ عَبْدَنَا دَاوٗدَ ذَا الْاَيْدِۚ اِنَّهٗٓ اَوَّابٌ",
      "latin": "Iṣbir ‘alā mā yaqūlūna ważkur ‘abdanā dāwūda żal-aid(i), innahū awwāb(un).",
      "translation": "Bersabarlah atas apa yang mereka katakan dan ingatlah akan hamba Kami, Daud, yang mempunyai kekuatan. Sesungguhnya dia adalah orang yang selalu kembali (kepada Allah).",
      "footnotes": null
    },
    {
      "ayah": 18,
      "quarter_hizb": 46,
      "juz": 23,
      "manzil": 6,
      "arabic": "اِنَّا سَخَّرْنَا الْجِبَالَ مَعَهٗ يُسَبِّحْنَ بِالْعَشِيِّ وَالْاِشْرَاقِۙ",
      "latin": "Innā sakhkharnal-jibāla ma‘ahū yusabbiḥna bil-‘asyiyyi wal-isyrāq(i).",
      "translation": "Sesungguhnya Kami telah menundukkan gunung-gunung untuk bertasbih bersama dia (Daud) pada waktu petang dan pagi.",
      "footnotes": null
    },
    {
      "ayah": 19,
      "quarter_hizb": 46,
      "juz": 23,
      "manzil": 6,
      "arabic": "وَالطَّيْرَمَحْشُوْرَةً ۗ كُلٌّ لَّهٗٓ اَوَّابٌ",
      "latin": "Waṭ-ṭaira maḥsyūrah(tan), kullul lahū awwāb(un).",
      "translation": "(Kami menundukkan pula) burung-burung dalam keadaan berkumpul. Masing-masing sangat patuh kepadanya (Daud).",
      "footnotes": null
    },
    {
      "ayah": 20,
      "quarter_hizb": 46,
      "juz": 23,
      "manzil": 6,
      "arabic": "وَشَدَدْنَا مُلْكَهٗ وَاٰتَيْنٰهُ الْحِكْمَةَ وَفَصْلَ الْخِطَابِ",
      "latin": "Wa syadadnā mulkahū wa ātaināhul-ḥikmata wa faṣlal-khiṭāb(i).",
      "translation": "Kami menguatkan kerajaannya serta menganugerahkan hikmah (kenabian) kepadanya dan kemampuan dalam menyelesaikan perkara.",
      "footnotes": null
    },
    {
      "ayah": 21,
      "quarter_hizb": 46.25,
      "juz": 23,
      "manzil": 6,
      "arabic": "۞ وَهَلْ اَتٰىكَ نَبَؤُا الْخَصْمِۘ اِذْ تَسَوَّرُوا الْمِحْرَابَۙ",
      "latin": "Wa hal atāka naba'ul-khaṣm(i), iż tasawwarul-miḥrāb(a).",
      "translation": "Apakah telah sampai kepadamu (Nabi Muhammad) berita orang-orang yang berselisih ketika mereka memanjat dinding mihrab?",
      "footnotes": null
    },
    {
      "ayah": 22,
      "quarter_hizb": 46.25,
      "juz": 23,
      "manzil": 6,
      "arabic": "اِذْ دَخَلُوْا عَلٰى دَاوٗدَ فَفَزِعَ مِنْهُمْ قَالُوْا لَا تَخَفْۚ خَصْمٰنِ بَغٰى بَعْضُنَا عَلٰى بَعْضٍ فَاحْكُمْ بَيْنَنَا بِالْحَقِّ وَلَا تُشْطِطْ وَاهْدِنَآ اِلٰى سَوَاۤءِ الصِّرَاطِ",
      "latin": "Iż dakhalū ‘alā dāwūda fafazi‘a minhum qālū lā takhaf, khaṣmāni bagā ba‘ḍunā ‘alā ba‘ḍin faḥkum bainanā bil-ḥaqqi wa lā tusyṭiṭ wahdinā ilā sawā'iṣ-ṣirāṭ(i).",
      "translation": "Ketika mereka masuk menemui Daud, dia terkejut karena (kedatangan) mereka. Mereka berkata, “Janganlah takut! (Kami) berdua sedang berselisih. Sebagian kami berbuat aniaya kepada yang lain. Maka, berilah keputusan di antara kami dengan hak, janganlah menyimpang dari kebenaran, dan tunjukilah kami ke jalan yang lurus.”",
      "footnotes": null
    },
    {
      "ayah": 23,
      "quarter_hizb": 46.25,
      "juz": 23,
      "manzil": 6,
      "arabic": "اِنَّ هٰذَآ اَخِيْ ۗ لَهٗ تِسْعٌ وَّتِسْعُوْنَ نَعْجَةً وَّلِيَ نَعْجَةٌ وَّاحِدَةٌ ۗفَقَالَ اَكْفِلْنِيْهَا وَعَزَّنِيْ فِى الْخِطَابِ",
      "latin": "Inna hāżā akhī, lahū tis‘uw wa tis‘ūna na‘jataw wa liya na‘jatuw wāḥidah(tun), faqāla aqfilnīhā wa ‘azzanī fil-khiṭāb(i).",
      "translation": "(Salah seorang berkata,) “Sesungguhnya ini saudaraku. Dia mempunyai sembilan puluh sembilan ekor kambing betina, sedangkan aku mempunyai seekor saja. Lalu, dia berkata, ‘Biarkan aku yang memeliharanya! Dia mengalahkanku dalam perdebatan.’”",
      "footnotes": null
    },
    {
      "ayah": 24,
      "quarter_hizb": 46.25,
      "juz": 23,
      "manzil": 6,
      "arabic": "قَالَ لَقَدْ ظَلَمَكَ بِسُؤَالِ نَعْجَتِكَ اِلٰى نِعَاجِهٖۗ وَاِنَّ كَثِيْرًا مِّنَ الْخُلَطَاۤءِ لَيَبْغِيْ بَعْضُهُمْ عَلٰى بَعْضٍ اِلَّا الَّذِيْنَ اٰمَنُوْا وَعَمِلُوا الصّٰلِحٰتِ وَقَلِيْلٌ مَّا هُمْۗ وَظَنَّ دَاوٗدُ اَنَّمَا فَتَنّٰهُ فَاسْتَغْفَرَ رَبَّهٗ وَخَرَّ رَاكِعًا وَّاَنَابَ ۩ ",
      "latin": "Qāla laqad ẓalamaka bisu'āli na‘jatika ilā ni‘ājih(ī), wa inna kaṡīram minal-khulaṭā'i layabgī ba‘ḍuhum ‘alā ba‘ḍin illal-lażīna āmanū wa ‘amiluṣ-ṣāliḥāti wa qalīlum mā hum, wa ẓanna dāwūdu annamā fatannāhu fastagfara rabbahū wa kharra rāki‘aw wa anāb(a).",
      "translation": "Dia (Daud) berkata, “Sungguh, dia benar-benar telah berbuat zalim kepadamu dengan meminta kambingmu itu untuk (digabungkan) kepada kambing-kambingnya. Sesungguhnya banyak di antara orang-orang yang berserikat itu benar-benar saling merugikan satu sama lain, kecuali orang-orang yang beriman dan beramal saleh, dan sedikit sekali mereka itu.” Daud meyakini bahwa Kami hanya mengujinya. Maka, dia memohon ampunan kepada Tuhannya dan dia tersungkur jatuh serta bertobat.",
      "footnotes": null
    },
    {
      "ayah": 25,
      "quarter_hizb": 46.25,
      "juz": 23,
      "manzil": 6,
      "arabic": "فَغَفَرْنَا لَهٗ ذٰلِكَۗ وَاِنَّ لَهٗ عِنْدَنَا لَزُلْفٰى وَحُسْنَ مَاٰبٍ",
      "latin": "Fa gafarnā lahū żālik(a), wa inna lahū ‘indanā lazulfā wa ḥusna ma'āb(in).",
      "translation": "Lalu, Kami mengampuni (kesalahannya) itu. Sesungguhnya dia mempunyai kedudukan yang benar-benar dekat di sisi Kami dan tempat kembali yang baik.",
      "footnotes": null
    },
    {
      "ayah": 26,
      "quarter_hizb": 46.25,
      "juz": 23,
      "manzil": 6,
      "arabic": "يٰدَاوٗدُ اِنَّا جَعَلْنٰكَ خَلِيْفَةً فِى الْاَرْضِ فَاحْكُمْ بَيْنَ النَّاسِ بِالْحَقِّ وَلَا تَتَّبِعِ الْهَوٰى فَيُضِلَّكَ عَنْ سَبِيْلِ اللّٰهِ ۗاِنَّ الَّذِيْنَ يَضِلُّوْنَ عَنْ سَبِيْلِ اللّٰهِ لَهُمْ عَذَابٌ شَدِيْدٌ ۢبِمَا نَسُوْا يَوْمَ الْحِسَابِ ࣖ ",
      "latin": "Yā dāwūdu innā ja‘alnāka khalīfatan fil-arḍi faḥkum bainan nāsi bil-ḥaqqi wa lā tattabi‘il-hawā fa yuḍillaka ‘an sabīlillāh(i), innal-lażīna yaḍillūna ‘an sabīlillāhi lahum ‘ażābun syadīdum bimā nasū yaumal-ḥisāb(i). ",
      "translation": "(Allah berfirman,) “Wahai Daud, sesungguhnya Kami menjadikanmu khalifah (penguasa) di bumi. Maka, berilah keputusan (perkara) di antara manusia dengan hak dan janganlah mengikuti hawa nafsu karena akan menyesatkan engkau dari jalan Allah. Sesungguhnya orang-orang yang sesat dari jalan Allah akan mendapat azab yang berat, karena mereka melupakan hari Perhitungan.”",
      "footnotes": null
    },
    {
      "ayah": 27,
      "quarter_hizb": 46.25,
      "juz": 23,
      "manzil": 6,
      "arabic": "وَمَا خَلَقْنَا السَّمَاۤءَ وَالْاَرْضَ وَمَا بَيْنَهُمَا بَاطِلًا ۗذٰلِكَ ظَنُّ الَّذِيْنَ كَفَرُوْا فَوَيْلٌ لِّلَّذِيْنَ كَفَرُوْا مِنَ النَّارِۗ",
      "latin": "Wa mā khalaqnas-samā'a wal-arḍa wa mā bainahumā bāṭilā(n), żālika ẓannul-lażīna kafarū, fawailul lil-lażīna kafarū minan-nār(i).",
      "translation": "Kami tidak menciptakan langit dan bumi serta apa yang ada di antara keduanya secara sia-sia. Itulah anggapan orang-orang yang kufur. Maka, celakalah orang-orang yang kufur karena (mereka akan masuk) neraka.",
      "footnotes": null
    },
    {
      "ayah": 28,
      "quarter_hizb": 46.25,
      "juz": 23,
      "manzil": 6,
      "arabic": "اَمْ نَجْعَلُ الَّذِيْنَ اٰمَنُوْا وَعَمِلُوا الصّٰلِحٰتِ كَالْمُفْسِدِيْنَ فِى الْاَرْضِۖ اَمْ نَجْعَلُ الْمُتَّقِيْنَ كَالْفُجَّارِ",
      "latin": "Am naj‘alul-lażīna āmanū wa ‘amiluṣ-ṣāliḥāti kal-mufsidīna fil-arḍ(i), am naj‘alul-muttaqīna kal-fujjār(i).",
      "translation": "Apakah (pantas) Kami menjadikan orang-orang yang beriman dan beramal saleh sama dengan orang-orang yang berbuat kerusakan di bumi? Pantaskah Kami menjadikan orang-orang yang bertakwa sama dengan para pendurhaka?",
      "footnotes": null
    },
    {
      "ayah": 29,
      "quarter_hizb": 46.25,
      "juz": 23,
      "manzil": 6,
      "arabic": "كِتٰبٌ اَنْزَلْنٰهُ اِلَيْكَ مُبٰرَكٌ لِّيَدَّبَّرُوْٓا اٰيٰتِهٖ وَلِيَتَذَكَّرَ اُولُوا الْاَلْبَابِ",
      "latin": "Kitābun anzalnāhu ilaika mubārakul liyaddabbarū āyātihī wa liyatażakkara ulul-albāb(i).",
      "translation": "(Al-Qur’an ini adalah) kitab yang Kami turunkan kepadamu (Nabi Muhammad) yang penuh berkah supaya mereka menghayati ayat-ayatnya dan orang-orang yang berakal sehat mendapat pelajaran.",
      "footnotes": null
    },
    {
      "ayah": 30,
      "quarter_hizb": 46.25,
      "juz": 23,
      "manzil": 6,
      "arabic": "وَوَهَبْنَا لِدَاوٗدَ سُلَيْمٰنَۗ نِعْمَ الْعَبْدُ ۗاِنَّهٗٓ اَوَّابٌۗ",
      "latin": "Wa wahabnā lidāwūda wa sulaimān(a), ni‘mal-‘abd(u), innahū awwāb(un).",
      "translation": "Kami menganugerahkan kepada Daud (anak bernama) Sulaiman. Dia adalah sebaik-baik hamba. Sesungguhnya dia sangat taat (kepada Allah).",
      "footnotes": null
    },
    {
      "ayah": 31,
      "quarter_hizb": 46.25,
      "juz": 23,
      "manzil": 6,
      "arabic": "اِذْ عُرِضَ عَلَيْهِ بِالْعَشِيِّ الصّٰفِنٰتُ الْجِيَادُۙ",
      "latin": "Iż ‘uriḍa ‘alaihi bil-‘asyiyyiṣ-ṣāfinātul-jiyād(u).",
      "translation": "(Ingatlah) ketika pada suatu petang dipertunjukkan kepadanya (kuda-kuda) yang jinak, (tetapi) sangat cepat larinya.",
      "footnotes": null
    },
    {
      "ayah": 32,
      "quarter_hizb": 46.25,
      "juz": 23,
      "manzil": 6,
      "arabic": "فَقَالَ اِنِّيْٓ اَحْبَبْتُ حُبَّ الْخَيْرِ عَنْ ذِكْرِ رَبِّيْۚ حَتّٰى تَوَارَتْ بِالْحِجَابِۗ",
      "latin": "Fa qāla innī aḥbabtu ḥubbal-khairi ‘an żikri rabbī, ḥattā tawārat bil-ḥijāb(i).",
      "translation": "Maka, dia berkata, “Sesungguhnya aku menyukai kesenangan terhadap yang baik (kuda) sehingga aku lalai mengingat Tuhanku sampai ia (matahari atau kuda itu) bersembunyi di balik tabir (hilang dari pandangan).",
      "footnotes": null
    },
    {
      "ayah": 33,
      "quarter_hizb": 46.25,
      "juz": 23,
      "manzil": 6,
      "arabic": "رُدُّوْهَا عَلَيَّ ۚفَطَفِقَ مَسْحًا ۢبِالسُّوْقِ وَالْاَعْنَاقِ",
      "latin": "Ruddūhā ‘alayy(a), faṭafiqa masḥam bis-sūqi wal-a‘nāq(i).",
      "translation": "Bawalah semua kuda itu kembali kepadaku.” Lalu, dia mengusap-usap kaki dan leher (kuda itu).",
      "footnotes": null
    },
    {
      "ayah": 34,
      "quarter_hizb": 46.25,
      "juz": 23,
      "manzil": 6,
      "arabic": "وَلَقَدْ فَتَنَّا سُلَيْمٰنَ وَاَلْقَيْنَا عَلٰى كُرْسِيِّهٖ جَسَدًا ثُمَّ اَنَابَ",
      "latin": "Wa laqad fatannā sulaimāna wa alqainā ‘alā kursiyyihī jasadan ṡumma anāb(a).",
      "translation": "Sungguh, Kami benar-benar telah menguji Sulaiman dan Kami menggeletakkan(-nya) di atas kursinya sebagai tubuh (yang lemah karena sakit), kemudian dia bertobat.",
      "footnotes": null
    },
    {
      "ayah": 35,
      "quarter_hizb": 46.25,
      "juz": 23,
      "manzil": 6,
      "arabic": "قَالَ رَبِّ اغْفِرْ لِيْ وَهَبْ لِيْ مُلْكًا لَّا يَنْۢبَغِيْ لِاَحَدٍ مِّنْۢ بَعْدِيْۚ اِنَّكَ اَنْتَ الْوَهَّابُ",
      "latin": "Qāla rabbigfir lī wa hab lī mulkal lā yambagī li'aḥadim mim ba‘dī, innaka antal-wahhāb(u).",
      "translation": "Dia berkata, “Wahai Tuhanku, ampunilah aku dan anugerahkanlah kepadaku kerajaan yang tidak patut (dimiliki) oleh seorang pun sesudahku. Sesungguhnya Engkaulah Yang Maha Pemberi.” \n",
      "footnotes": null
    },
    {
      "ayah": 36,
      "quarter_hizb": 46.25,
      "juz": 23,
      "manzil": 6,
      "arabic": "فَسَخَّرْنَا لَهُ الرِّيْحَ تَجْرِيْ بِاَمْرِهٖ رُخَاۤءً حَيْثُ اَصَابَۙ",
      "latin": "Fasakhkharnā lahur-rīḥa tajrī bi'amrihī rukhā'an ḥaiṡu aṣāb(a).",
      "translation": "Maka, Kami menundukkan kepadanya angin yang berembus dengan baik menurut perintahnya ke mana saja yang ia kehendaki.",
      "footnotes": null
    },
    {
      "ayah": 37,
      "quarter_hizb": 46.25,
      "juz": 23,
      "manzil": 6,
      "arabic": "وَالشَّيٰطِيْنَ كُلَّ بَنَّاۤءٍ وَّغَوَّاصٍۙ",
      "latin": "Wasy-syayāṭīna kulla bannā'iw wa gawwāṣ(in).",
      "translation": "(Kami menundukkan pula kepadanya) setan-setan, semuanya ahli bangunan, dan penyelam.",
      "footnotes": null
    },
    {
      "ayah": 38,
      "quarter_hizb": 46.25,
      "juz": 23,
      "manzil": 6,
      "arabic": "وَّاٰخَرِيْنَ مُقَرَّنِيْنَ فِى الْاَصْفَادِ",
      "latin": "Wa ākharīna muqarranīna fil-aṣfād(i).",
      "translation": "(Begitu juga setan-setan) lain yang terikat dalam belenggu.",
      "footnotes": null
    },
    {
      "ayah": 39,
      "quarter_hizb": 46.25,
      "juz": 23,
      "manzil": 6,
      "arabic": "هٰذَا عَطَاۤؤُنَا فَامْنُنْ اَوْ اَمْسِكْ بِغَيْرِ حِسَابٍ",
      "latin": "Hāżā ‘aṭā'unā famnun au amsik bigairi ḥisāb(in).",
      "translation": "Inilah anugerah Kami. Maka, berikanlah (kepada orang lain) atau tahanlah (untuk dirimu sendiri) tanpa perhitungan.",
      "footnotes": null
    },
    {
      "ayah": 40,
      "quarter_hizb": 46.25,
      "juz": 23,
      "manzil": 6,
      "arabic": "وَاِنَّ لَهٗ عِنْدَنَا لَزُلْفٰى وَحُسْنَ مَاٰبٍ ࣖ",
      "latin": "Wa inna lahū ‘indanā lazulfā wa ḥusna ma'āb(in).",
      "translation": "Sesungguhnya dia mempunyai kedudukan yang dekat pada sisi Kami dan tempat kembali yang baik.",
      "footnotes": null
    },
    {
      "ayah": 41,
      "quarter_hizb": 46.25,
      "juz": 23,
      "manzil": 6,
      "arabic": "وَاذْكُرْ عَبْدَنَآ اَيُّوْبَۘ اِذْ نَادٰى رَبَّهٗٓ اَنِّيْ مَسَّنِيَ الشَّيْطٰنُ بِنُصْبٍ وَّعَذَابٍۗ",
      "latin": "Ważkur ‘abdanā ayyūb(a), iż nādā rabbahū annī massaniyasy-syaiṭānu binuṣbiw wa ‘ażāb(in).",
      "translation": "Ingatlah hamba Kami Ayyub ketika dia menyeru Tuhannya, “Sesungguhnya aku telah diganggu setan dengan penderitaan dan siksaan (rasa sakit).”",
      "footnotes": null
    },
    {
      "ayah": 42,
      "quarter_hizb": 46.25,
      "juz": 23,
      "manzil": 6,
      "arabic": "اُرْكُضْ بِرِجْلِكَۚ هٰذَا مُغْتَسَلٌۢ بَارِدٌ وَّشَرَابٌ",
      "latin": "Urkuḍ birijlik(a), hāżā mugtasalum bāriduw wa syarāb(un).",
      "translation": "(Allah berfirman,) “Entakkanlah kakimu (ke bumi)! Inilah air yang sejuk untuk mandi dan minum.”",
      "footnotes": null
    },
    {
      "ayah": 43,
      "quarter_hizb": 46.25,
      "juz": 23,
      "manzil": 6,
      "arabic": "وَوَهَبْنَا لَهٗٓ اَهْلَهٗ وَمِثْلَهُمْ مَّعَهُمْ رَحْمَةً مِّنَّا وَذِكْرٰى لِاُولِى الْاَلْبَابِ",
      "latin": "Wa wahabnā lahū ahlahū wa miṡlahum ma‘ahum raḥmatam minnā wa żikrā li'ulil-albāb(i).",
      "translation": "Kami anugerahkan (pula) kepadanya (Ayyub) keluarganya dan (Kami lipat gandakan) jumlah mereka sebagai rahmat dari Kami dan pelajaran bagi orang-orang yang berpikiran sehat.656)",
      "footnotes": "656) Nabi Ayyub a.s. menderita penyakit kulit beberapa waktu lamanya. Dia memohon kepada Allah Swt. untuk disembuhkan. Allah Swt. mengabulkan permohonan tersebut dan memerintahkannya untuk mengentakkan kaki ke tanah. Nabi Ayyub a.s. menaati perintah itu. Maka, keluarlah air dari bekas entakan kakinya. Dia mandi dan minum dari air itu. Dia pun sembuh dari penyakitnya dan dapat berkumpul kembali dengan keluarganya. Mereka kemudian berkembang biak dua kali lipat dari jumlah sebelumnya. Pada suatu ketika, Nabi Ayyub a.s. teringat akan sumpahnya untuk memukul istrinya apabila ia sembuh dari sakitnya lantaran sang istri pernah lalai mengurusnya ketika dia masih sakit. Namun, timbul rasa iba dan sayang kepada istrinya sehingga dia urung memenuhi sumpah tersebut. Maka, turunlah petunjuk Allah Swt. dalam ayat 44 bahwa dia dapat melaksanakan sumpahnya tanpa perlu menyakiti istrinya, yaitu dengan memukulnya dengan seikat rumput."
    },
    {
      "ayah": 44,
      "quarter_hizb": 46.25,
      "juz": 23,
      "manzil": 6,
      "arabic": "وَخُذْ بِيَدِكَ ضِغْثًا فَاضْرِبْ بِّهٖ وَلَا تَحْنَثْ ۗاِنَّا وَجَدْنٰهُ صَابِرًا ۗنِعْمَ الْعَبْدُ ۗاِنَّهٗٓ اَوَّابٌ",
      "latin": "Wa khuż biyadika ḍigṡan faḍrib bihī wa lā taḥnaṡ, innā wajadnāhu ṣābirā(n), ni‘mal-‘abd(u), innahū awwāb(un).",
      "translation": "Ambillah dengan tanganmu seikat rumput, lalu pukullah (istrimu) dengannya dan janganlah engkau melanggar sumpah. Sesungguhnya Kami dapati dia (Ayyub) seorang yang sabar. Dialah sebaik-baik hamba. Sesungguhnya dia selalu kembali (kepada Allah dan sangat taat kepadanya).",
      "footnotes": null
    },
    {
      "ayah": 45,
      "quarter_hizb": 46.25,
      "juz": 23,
      "manzil": 6,
      "arabic": "وَاذْكُرْ عِبٰدَنَآ اِبْرٰهِيْمَ وَاِسْحٰقَ وَيَعْقُوْبَ اُولِى الْاَيْدِيْ وَالْاَبْصَارِ",
      "latin": "Ważkur ‘ibādanā ibrāhīma wa isḥāqa wa ya‘qūba ulil-aidī wal-abṣār(i).",
      "translation": "Ingatlah hamba-hamba Kami: Ibrahim, Ishaq, dan Ya‘qub yang mempunyai kekuatan (dalam taat kepada Allah) dan penglihatan (mata hati yang jernih).",
      "footnotes": null
    },
    {
      "ayah": 46,
      "quarter_hizb": 46.25,
      "juz": 23,
      "manzil": 6,
      "arabic": "اِنَّآ اَخْلَصْنٰهُمْ بِخَالِصَةٍ ذِكْرَى الدَّارِۚ ",
      "latin": "Innā akhlaṣnāhum bikhāliṣatin żikrad-dār(i).",
      "translation": "Sesungguhnya Kami telah memberikan secara khusus kepada mereka anugerah yang besar, (yaitu selalu) mengingat negeri akhirat.",
      "footnotes": null
    },
    {
      "ayah": 47,
      "quarter_hizb": 46.25,
      "juz": 23,
      "manzil": 6,
      "arabic": "وَاِنَّهُمْ عِنْدَنَا لَمِنَ الْمُصْطَفَيْنَ الْاَخْيَارِۗ",
      "latin": "Wa innahum ‘indanā laminal-muṣṭafainal-akhyār(i).",
      "translation": "Sesungguhnya mereka di sisi Kami benar-benar termasuk orang-orang pilihan yang terbaik.",
      "footnotes": null
    },
    {
      "ayah": 48,
      "quarter_hizb": 46.25,
      "juz": 23,
      "manzil": 6,
      "arabic": "وَاذْكُرْ اِسْمٰعِيْلَ وَالْيَسَعَ وَذَا الْكِفْلِ ۗوَكُلٌّ مِّنَ الْاَخْيَارِۗ",
      "latin": "Ważkur ismā‘īla wal-yasa‘a wa żal-kifl(i), wa kullum minal-akhyār(i).",
      "translation": "Ingatlah Ismail, Ilyasa, dan Zulkifli. Semuanya termasuk orang-orang yang paling baik.",
      "footnotes": null
    },
    {
      "ayah": 49,
      "quarter_hizb": 46.25,
      "juz": 23,
      "manzil": 6,
      "arabic": "هٰذَا ذِكْرٌ ۗوَاِنَّ لِلْمُتَّقِيْنَ لَحُسْنَ مَاٰبٍۙ ",
      "latin": "Hāżā żikr(un), wa inna lil-muttaqīna laḥusna ma'āb(in).",
      "translation": "Ini adalah kehormatan (bagimu dan kaummu). Sesungguhnya bagi orang-orang yang bertakwa benar-benar (disediakan) tempat kembali yang baik.",
      "footnotes": null
    },
    {
      "ayah": 50,
      "quarter_hizb": 46.25,
      "juz": 23,
      "manzil": 6,
      "arabic": "جَنّٰتِ عَدْنٍ مُّفَتَّحَةً لَّهُمُ الْاَبْوَابُۚ",
      "latin": "Jannāti ‘adnim mufattaḥatal lahumul-abwāb(u).",
      "translation": "(Yaitu) surga ‘Adn yang pintu-pintunya terbuka bagi mereka.",
      "footnotes": null
    },
    {
      "ayah": 51,
      "quarter_hizb": 46.25,
      "juz": 23,
      "manzil": 6,
      "arabic": "مُتَّكِـِٕيْنَ فِيْهَا يَدْعُوْنَ فِيْهَا بِفَاكِهَةٍ كَثِيْرَةٍ وَّشَرَابٍ",
      "latin": "Muttaki'īna fīhā yad‘ūna fīhā bifākihatin kaṡīratiw wa syarāb(in).",
      "translation": "Mereka bersandar di dalamnya (di atas dipan-dipan) sambil meminta buah-buahan dan minuman yang banyak (di surga itu).",
      "footnotes": null
    },
    {
      "ayah": 52,
      "quarter_hizb": 46.5,
      "juz": 23,
      "manzil": 6,
      "arabic": "۞ وَعِنْدَهُمْ قٰصِرٰتُ الطَّرْفِ اَتْرَابٌ",
      "latin": "Wa ‘indahum qāṣirātuṭ-ṭarfi atrāb(un).",
      "translation": "Di samping mereka (ada bidadari-bidadari) yang pandangannya terbatas (hanya untuk pasangannya), lagi sebaya umurnya.",
      "footnotes": null
    },
    {
      "ayah": 53,
      "quarter_hizb": 46.5,
      "juz": 23,
      "manzil": 6,
      "arabic": "هٰذَا مَا تُوْعَدُوْنَ لِيَوْمِ الْحِسَابِ",
      "latin": "Hāżā mā tū‘adūna liyaumil-ḥisāb(i).",
      "translation": "Inilah apa yang dijanjikan kepadamu pada hari Perhitungan.",
      "footnotes": null
    },
    {
      "ayah": 54,
      "quarter_hizb": 46.5,
      "juz": 23,
      "manzil": 6,
      "arabic": "اِنَّ هٰذَا لَرِزْقُنَا مَا لَهٗ مِنْ نَّفَادٍۚ",
      "latin": "Ina hāżā larizqunā mā lahū min nafād(in).",
      "translation": "Sesungguhnya ini adalah benar-benar rezeki (dari) Kami yang tidak habis-habisnya.",
      "footnotes": null
    },
    {
      "ayah": 55,
      "quarter_hizb": 46.5,
      "juz": 23,
      "manzil": 6,
      "arabic": "هٰذَا ۗوَاِنَّ لِلطّٰغِيْنَ لَشَرَّ مَاٰبٍۙ",
      "latin": "Hāżā, wa inna liṭ-ṭāgīna lasyarra ma'āb(in).",
      "translation": "Inilah (kenikmatan bagi orang yang bertakwa). Sesungguhnya bagi orang-orang yang melampaui batas benar-benar (disediakan) tempat kembali yang buruk.",
      "footnotes": null
    },
    {
      "ayah": 56,
      "quarter_hizb": 46.5,
      "juz": 23,
      "manzil": 6,
      "arabic": "جَهَنَّمَۚ يَصْلَوْنَهَاۚ فَبِئْسَ الْمِهَادُ",
      "latin": "Jahannam(a), yaṣlaunahā, fabi'sal-mihād(u).",
      "translation": "(Yaitu neraka) Jahanam yang mereka akan masuk ke dalamnya. Itulah seburuk-buruk tempat tinggal.",
      "footnotes": null
    },
    {
      "ayah": 57,
      "quarter_hizb": 46.5,
      "juz": 23,
      "manzil": 6,
      "arabic": "هٰذَاۙ فَلْيَذُوْقُوْهُ حَمِيْمٌ وَّغَسَّاقٌۙ",
      "latin": "Hāżā, falyażūqūhu ḥamīmuw wa gassāq(un).",
      "translation": "Inilah (azab neraka). Biarlah mereka merasakannya. (Minuman mereka) air yang mendidih dan cairan nanah (yang menjijikkan).",
      "footnotes": null
    },
    {
      "ayah": 58,
      "quarter_hizb": 46.5,
      "juz": 23,
      "manzil": 6,
      "arabic": "وَّاٰخَرُ مِنْ شَكْلِهٖٓ اَزْوَاجٌۗ",
      "latin": "Wa ākharu min syaklihī azwāj(un). ",
      "translation": "(Selain itu, ada) berbagai macam (azab) lain yang serupa itu.",
      "footnotes": null
    },
    {
      "ayah": 59,
      "quarter_hizb": 46.5,
      "juz": 23,
      "manzil": 6,
      "arabic": "هٰذَا فَوْجٌ مُّقْتَحِمٌ مَّعَكُمْۚ  لَا مَرْحَبًا ۢبِهِمْ ۗ اِنَّهُمْ صَالُوا النَّارِ",
      "latin": "Hāżā faujum muqtaḥimum ma‘akum, lā marḥabam bihim, innahum ṣālun-nār(i).",
      "translation": "(Dikatakan kepada mereka,) “Ini rombongan (pengikut-pengikutmu) yang masuk berdesak-desakan bersama kamu (ke neraka).” Tidak ada ucapan selamat datang bagi mereka karena sesungguhnya mereka akan masuk neraka.",
      "footnotes": null
    },
    {
      "ayah": 60,
      "quarter_hizb": 46.5,
      "juz": 23,
      "manzil": 6,
      "arabic": "قَالُوْا بَلْ اَنْتُمْ لَا مَرْحَبًاۢ بِكُمْ ۗ اَنْتُمْ قَدَّمْتُمُوْهُ لَنَاۚ فَبِئْسَ الْقَرَارُ",
      "latin": "Qālū bal antum lā marḥabam bikum, antum qaddamtumūhu lanā, fabi'sal-qarār(u).",
      "translation": "Mereka (para pengikutnya) menjawab, “Sebenarnya kamulah yang (lebih pantas) tidak menerima ucapan selamat datang karena kamulah yang menjerumuskan kami ke dalam azab. (Itulah) seburuk-buruk tempat menetap.”",
      "footnotes": null
    },
    {
      "ayah": 61,
      "quarter_hizb": 46.5,
      "juz": 23,
      "manzil": 6,
      "arabic": "قَالُوْا رَبَّنَا مَنْ قَدَّمَ لَنَا هٰذَا فَزِدْهُ عَذَابًا ضِعْفًا فِى النَّارِ",
      "latin": "Qālū rabbanā man qaddama lanā hāżā fazidhu ‘ażāban ḍi‘fan fin-nār(i).",
      "translation": "Mereka berkata (lagi), “Wahai Tuhan kami, siapa yang menjerumuskan kami ke dalam (azab) ini, tambahkanlah kepadanya azab yang berlipat ganda di dalam neraka.”",
      "footnotes": null
    },
    {
      "ayah": 62,
      "quarter_hizb": 46.5,
      "juz": 23,
      "manzil": 6,
      "arabic": "وَقَالُوْا مَا لَنَا لَا نَرٰى رِجَالًا كُنَّا نَعُدُّهُمْ مِّنَ الْاَشْرَارِ",
      "latin": "Wa qālū mā lanā lā narā rijālan kunnā na‘udduhum minal-asyrār(i).",
      "translation": "Mereka (penghuni neraka) berkata, “Mengapa kami tidak melihat orang-orang yang (di dunia) selalu kami anggap sebagai orang-orang yang jahat (hina)?",
      "footnotes": null
    },
    {
      "ayah": 63,
      "quarter_hizb": 46.5,
      "juz": 23,
      "manzil": 6,
      "arabic": "اَتَّخَذْنٰهُمْ سِخْرِيًّا اَمْ زَاغَتْ عَنْهُمُ الْاَبْصَارُ",
      "latin": "Attakhażnāhum sikhriyyan am zāgat ‘anhumul-abṣār(u).",
      "translation": "Apakah karena dahulu kami menjadikan mereka (bahan) olok-olokan ataukah karena penglihatan (kami) yang tidak melihat mereka?”",
      "footnotes": null
    },
    {
      "ayah": 64,
      "quarter_hizb": 46.5,
      "juz": 23,
      "manzil": 6,
      "arabic": "اِنَّ ذٰلِكَ لَحَقٌّ تَخَاصُمُ اَهْلِ النَّارِ ࣖ",
      "latin": "Inna żālika laḥaqqun takhāṣumu ahlin-nār(i).",
      "translation": "Sesungguhnya yang demikian itu benar-benar terjadi, (yaitu) pertengkaran di antara penghuni neraka.",
      "footnotes": null
    },
    {
      "ayah": 65,
      "quarter_hizb": 46.5,
      "juz": 23,
      "manzil": 6,
      "arabic": "قُلْ اِنَّمَآ اَنَا۠ مُنْذِرٌ ۖوَّمَا مِنْ اِلٰهٍ اِلَّا اللّٰهُ الْوَاحِدُ الْقَهَّارُ",
      "latin": "Qul innamā ana munżir(un), wa mā min ilāhin illallāhul-wāḥidul-qahhār(u).",
      "translation": "Katakanlah (Nabi Muhammad), “Sesungguhnya aku hanya seorang pemberi peringatan, tidak ada tuhan selain Allah Yang Maha Esa lagi Maha Mengalahkan,",
      "footnotes": null
    },
    {
      "ayah": 66,
      "quarter_hizb": 46.5,
      "juz": 23,
      "manzil": 6,
      "arabic": "رَبُّ السَّمٰوٰتِ وَالْاَرْضِ وَمَا بَيْنَهُمَا الْعَزِيْزُ الْغَفَّارُ",
      "latin": "Rabbus-samāwāti wal-arḍi wa mā bainahumal-‘azīzul-gaffār(u).",
      "translation": "(yaitu,) Tuhan langit dan bumi dan apa yang ada di antara keduanya, Yang Maha Perkasa lagi Maha Pengampun.”",
      "footnotes": null
    },
    {
      "ayah": 67,
      "quarter_hizb": 46.5,
      "juz": 23,
      "manzil": 6,
      "arabic": "قُلْ هُوَ نَبَؤٌا عَظِيْمٌۙ",
      "latin": "Qul huwa naba'un ‘aẓīm(un). ",
      "translation": "Katakanlah (Nabi Muhammad), “Ia (Al-Qur’an) adalah berita besar.",
      "footnotes": null
    },
    {
      "ayah": 68,
      "quarter_hizb": 46.5,
      "juz": 23,
      "manzil": 6,
      "arabic": "اَنْتُمْ عَنْهُ مُعْرِضُوْنَ",
      "latin": "Antum ‘anhu mu‘riḍūn(a).",
      "translation": "Kamu berpaling darinya.",
      "footnotes": null
    },
    {
      "ayah": 69,
      "quarter_hizb": 46.5,
      "juz": 23,
      "manzil": 6,
      "arabic": "مَا كَانَ لِيَ مِنْ عِلْمٍۢ بِالْمَلَاِ الْاَعْلٰٓى اِذْ يَخْتَصِمُوْنَ",
      "latin": "Mā kāna liya min ‘ilmim bil-mala'il-a‘lā iż yakhtaṣimūn(a).",
      "translation": "Aku tidak mempunyai pengetahuan sedikit pun tentang malaikat langit ketika mereka berbantah-bantahan.",
      "footnotes": null
    },
    {
      "ayah": 70,
      "quarter_hizb": 46.5,
      "juz": 23,
      "manzil": 6,
      "arabic": "اِنْ يُّوْحٰىٓ اِلَيَّ اِلَّآ اَنَّمَآ اَنَا۠ نَذِيْرٌ مُّبِيْنٌ",
      "latin": "Iy yūḥā ilayya illā annamā ana nażīrum mubīn(un).",
      "translation": "Tidaklah diwahyukan kepadaku, kecuali aku hanyalah seorang pemberi peringatan yang nyata.”",
      "footnotes": null
    },
    {
      "ayah": 71,
      "quarter_hizb": 46.5,
      "juz": 23,
      "manzil": 6,
      "arabic": "اِذْ قَالَ رَبُّكَ لِلْمَلٰۤىِٕكَةِ اِنِّيْ خَالِقٌۢ بَشَرًا مِّنْ طِيْنٍ",
      "latin": "Iż qāla rabbuka lil-malā'ikati innī khāliqum basyaram min ṭīn(in).",
      "translation": "(Ingatlah) ketika Tuhanmu berfirman kepada malaikat, “Sesungguhnya Aku akan menciptakan manusia dari tanah.",
      "footnotes": null
    },
    {
      "ayah": 72,
      "quarter_hizb": 46.5,
      "juz": 23,
      "manzil": 6,
      "arabic": "فَاِذَا سَوَّيْتُهٗ وَنَفَخْتُ فِيْهِ مِنْ رُّوْحِيْ فَقَعُوْا لَهٗ سٰجِدِيْنَ",
      "latin": "Fa'iżā sawwaituhū wa nafakhtu fīhi mir rūḥī faqa‘ū lahū sājidīn(a).",
      "translation": "Apabila Aku telah menyempurnakan (penciptaan)-nya dan meniupkan roh (ciptaan)-Ku ke dalamnya, tunduklah kamu kepadanya dalam keadaan bersujud.”",
      "footnotes": null
    },
    {
      "ayah": 73,
      "quarter_hizb": 46.5,
      "juz": 23,
      "manzil": 6,
      "arabic": "فَسَجَدَ الْمَلٰۤىِٕكَةُ كُلُّهُمْ اَجْمَعُوْنَۙ",
      "latin": "Fasajadal-malā'ikatu kulluhum ajma‘ūn(a).",
      "translation": "Lalu, para malaikat itu bersujud semuanya bersama-sama,",
      "footnotes": null
    },
    {
      "ayah": 74,
      "quarter_hizb": 46.5,
      "juz": 23,
      "manzil": 6,
      "arabic": "اِلَّآ اِبْلِيْسَۗ اِسْتَكْبَرَ وَكَانَ مِنَ الْكٰفِرِيْنَ",
      "latin": "Illā iblīs(a), istakbara wa kāna minal-kafirīn(a).",
      "translation": "kecuali Iblis. Ia menyombongkan diri dan termasuk golongan kafir.",
      "footnotes": null
    },
    {
      "ayah": 75,
      "quarter_hizb": 46.5,
      "juz": 23,
      "manzil": 6,
      "arabic": "قَالَ يٰٓاِبْلِيْسُ مَا مَنَعَكَ اَنْ تَسْجُدَ لِمَا خَلَقْتُ بِيَدَيَّ ۗ اَسْتَكْبَرْتَ اَمْ كُنْتَ مِنَ الْعَالِيْنَ",
      "latin": "Qāla yā iblīsu mā mana‘aka an tasjuda  limā khalaqtu biyadayy(a), astakbarta am kunta minal-‘ālīn(a).",
      "translation": "(Allah) berfirman, “Wahai Iblis, apakah yang menghalangimu untuk bersujud kepada yang telah Aku ciptakan dengan kedua tangan-Ku (kekuasaan-Ku)? Apakah kamu menyombongkan diri ataukah (memang) termasuk golongan yang (lebih) tinggi?”",
      "footnotes": null
    },
    {
      "ayah": 76,
      "quarter_hizb": 46.5,
      "juz": 23,
      "manzil": 6,
      "arabic": "قَالَ اَنَا۠ خَيْرٌ مِّنْهُ خَلَقْتَنِيْ مِنْ نَّارٍ وَّخَلَقْتَهٗ مِنْ طِيْنٍ",
      "latin": "Qāla ana khairum minhu khalaqtanī min nāriw wa khalaqtahū min ṭīn(in).",
      "translation": "(Iblis) berkata, “Aku lebih baik darinya, karena Engkau menciptakanku dari api, sedangkan Engkau menciptakannya dari tanah.”",
      "footnotes": null
    },
    {
      "ayah": 77,
      "quarter_hizb": 46.5,
      "juz": 23,
      "manzil": 6,
      "arabic": "قَالَ فَاخْرُجْ مِنْهَا فَاِنَّكَ رَجِيْمٌۖ",
      "latin": "Qāla fakhruj minhā fa'innaka rajīm(un).",
      "translation": "(Allah) berfirman, “Keluarlah darinya (surga) karena sesungguhnya kamu terkutuk.",
      "footnotes": null
    },
    {
      "ayah": 78,
      "quarter_hizb": 46.5,
      "juz": 23,
      "manzil": 6,
      "arabic": "وَّاِنَّ عَلَيْكَ لَعْنَتِيْٓ اِلٰى يَوْمِ الدِّيْنِ",
      "latin": "Wa inna ‘alaika la‘natī ilā yaumid-dīn(i).",
      "translation": "Sesungguhnya laknat-Ku tetap atasmu sampai hari Pembalasan.”",
      "footnotes": null
    },
    {
      "ayah": 79,
      "quarter_hizb": 46.5,
      "juz": 23,
      "manzil": 6,
      "arabic": "قَالَ رَبِّ فَاَنْظِرْنِيْٓ اِلٰى يَوْمِ يُبْعَثُوْنَ",
      "latin": "Qāla rabbi fa'anẓirnī ilā yaumi yub‘aṡūn(a).",
      "translation": "(Iblis) berkata, “Wahai Tuhanku, tangguhkanlah (usia)-ku sampai hari mereka (manusia) dibangkitkan.”",
      "footnotes": null
    },
    {
      "ayah": 80,
      "quarter_hizb": 46.5,
      "juz": 23,
      "manzil": 6,
      "arabic": "قَالَ فَاِنَّكَ مِنَ الْمُنْظَرِيْنَۙ",
      "latin": "Qāla fa'innaka minal-munẓarīn(a).",
      "translation": "(Allah) berfirman, “Sesungguhnya kamu termasuk golongan yang ditangguhkan",
      "footnotes": null
    },
    {
      "ayah": 81,
      "quarter_hizb": 46.5,
      "juz": 23,
      "manzil": 6,
      "arabic": "اِلٰى يَوْمِ الْوَقْتِ الْمَعْلُوْمِ",
      "latin": "Ilā yaumil-waqtil-ma‘lūm(i).",
      "translation": "sampai hari yang telah ditentukan waktunya (kiamat).”",
      "footnotes": null
    },
    {
      "ayah": 82,
      "quarter_hizb": 46.5,
      "juz": 23,
      "manzil": 6,
      "arabic": "قَالَ فَبِعِزَّتِكَ لَاُغْوِيَنَّهُمْ اَجْمَعِيْنَۙ",
      "latin": "Qāla fabi‘izzatika la'ugwiyannahum ajma‘īn(a).",
      "translation": "(Iblis) berkata, “Demi kemuliaan-Mu, pasti aku akan menyesatkan mereka semuanya.",
      "footnotes": null
    },
    {
      "ayah": 83,
      "quarter_hizb": 46.5,
      "juz": 23,
      "manzil": 6,
      "arabic": "اِلَّا عِبَادَكَ مِنْهُمُ الْمُخْلَصِيْنَ",
      "latin": "Illā ‘ibādaka minhumul-mukhlaṣīn(a).",
      "translation": "Kecuali, hamba-hamba-Mu yang terpilih (karena keikhlasannya) di antara mereka.”657)",
      "footnotes": "657) Arti ungkapan hamba yang terpilih adalah orang-orang yang telah diberi taufik untuk menaati segala petunjuk dan perintah Allah Swt."
    },
    {
      "ayah": 84,
      "quarter_hizb": 46.5,
      "juz": 23,
      "manzil": 6,
      "arabic": "قَالَ فَالْحَقُّۖ وَالْحَقَّ اَقُوْلُۚ",
      "latin": "Qāla fal-ḥaqq(u), wal-ḥaqqa aqūl(u).",
      "translation": "(Allah) berfirman, “Maka, yang benar (adalah sumpah-Ku) dan hanya kebenaran itulah yang Aku katakan.",
      "footnotes": null
    },
    {
      "ayah": 85,
      "quarter_hizb": 46.5,
      "juz": 23,
      "manzil": 6,
      "arabic": "لَاَمْلَـَٔنَّ جَهَنَّمَ مِنْكَ وَمِمَّنْ تَبِعَكَ مِنْهُمْ اَجْمَعِيْنَ",
      "latin": "La'amla'anna jahannama minka wa mimman tabi‘aka minhum ajma‘īn(a).",
      "translation": "Aku pasti akan memenuhi (neraka) Jahanam denganmu dan orang yang mengikutimu di antara mereka semuanya.”",
      "footnotes": null
    },
    {
      "ayah": 86,
      "quarter_hizb": 46.5,
      "juz": 23,
      "manzil": 6,
      "arabic": "قُلْ مَآ اَسْـَٔلُكُمْ عَلَيْهِ مِنْ اَجْرٍ وَّمَآ اَنَا۠ مِنَ الْمُتَكَلِّفِيْنَ",
      "latin": "Qul mā as'alukum ‘alaihi min ajriw wa mā ana minal-mutakallifīn(a).",
      "translation": "Katakanlah (Nabi Muhammad), “Aku tidak meminta imbalan sedikit pun kepadamu atasnya (dakwahku) dan aku bukanlah termasuk orang-orang yang mengada-ada.",
      "footnotes": null
    },
    {
      "ayah": 87,
      "quarter_hizb": 46.5,
      "juz": 23,
      "manzil": 6,
      "arabic": "اِنْ هُوَ اِلَّا ذِكْرٌ لِّلْعٰلَمِيْنَ",
      "latin": "In huwa illā żikrul lil-‘ālamīn(a).",
      "translation": "(Al-Qur’an) ini tidak lain, kecuali (sebagai) peringatan bagi semesta alam.",
      "footnotes": null
    },
    {
      "ayah": 88,
      "quarter_hizb": 46.5,
      "juz": 23,
      "manzil": 6,
      "arabic": "وَلَتَعْلَمُنَّ نَبَاَهٗ بَعْدَ حِيْنٍ ࣖ",
      "latin": "Wa lata‘lamunna naba'ahū ba‘da ḥīn(in).",
      "translation": "Sungguh, kamu akan mengetahui (kebenaran) beritanya (Al-Qur’an) setelah beberapa waktu lagi.”658)",
      "footnotes": "658) Kebenaran berita-berita Al-Qur’an itu ada yang terlaksana di dunia dan ada pula yang terlaksana di akhirat. Yang terlaksana di dunia misalnya adalah janji Allah Swt. kepada orang mukmin untuk menang dalam peperangan melawan orang musyrik, sedangkan yang terlaksana di akhirat adalah seperti kebenaran janji Allah Swt. tentang balasan atau perhitungan yang akan dilakukan terhadap manusia."
    }
  ]
}