{
  "arabic": "الزّمر",
  "latin": "Az-Zumar",
  "transliteration": "Az-Zumar",
  "translation": "Rombongan",
  "num_ayah": 75,
  "location": "Makkiyah",
  "ayah": [
    {
      "ayah": 1,
      "quarter_hizb": 46.5,
      "juz": 23,
      "manzil": 6,
      "arabic": " تَنْزِيْلُ الْكِتٰبِ مِنَ اللّٰهِ الْعَزِيْزِ الْحَكِيْمِ ",
      "latin": "Tanzīlul-kitābi minallāhil-‘azīzil-ḥakīm(i).",
      "translation": "Diturunkannya Kitab (Al-Qur’an) ini (berasal) dari Allah Yang Maha Perkasa lagi Maha Bijaksana.",
      "footnotes": null
    },
    {
      "ayah": 2,
      "quarter_hizb": 46.5,
      "juz": 23,
      "manzil": 6,
      "arabic": "اِنَّآ اَنْزَلْنَآ اِلَيْكَ الْكِتٰبَ بِالْحَقِّ فَاعْبُدِ اللّٰهَ مُخْلِصًا لَّهُ الدِّيْنَۗ",
      "latin": "Innā anzalnā ilaikal-kitāba bil-ḥaqqi fa‘budillāha mukhliṣal lahud-dīn(a).",
      "translation": "Sesungguhnya Kami menurunkan Kitab (Al-Qur’an) kepadamu (Nabi Muhammad) dengan hak. Maka, sembahlah Allah dengan mengikhlaskan ketaatan kepada-Nya.",
      "footnotes": null
    },
    {
      "ayah": 3,
      "quarter_hizb": 46.5,
      "juz": 23,
      "manzil": 6,
      "arabic": "اَلَا لِلّٰهِ الدِّيْنُ الْخَالِصُ ۗوَالَّذِيْنَ اتَّخَذُوْا مِنْ دُوْنِهٖٓ اَوْلِيَاۤءَۘ مَا نَعْبُدُهُمْ اِلَّا لِيُقَرِّبُوْنَآ اِلَى اللّٰهِ زُلْفٰىۗ اِنَّ اللّٰهَ يَحْكُمُ بَيْنَهُمْ فِيْ مَا هُمْ فِيْهِ يَخْتَلِفُوْنَ ەۗ اِنَّ اللّٰهَ لَا يَهْدِيْ مَنْ هُوَ كٰذِبٌ كَفَّارٌ",
      "latin": "Alā lillāhid-dīnul-khāliṣ(u), wal-lażīnattakhażū min dūnihī auliyā'(a), mā na‘buduhum illā liyuqarribūnā ilallāhi zulfā, innallāha yaḥkumu bainahum fī mā hum fīhi yakhtalifūn(a), innallāha lā yahdī man huwa kāżibun kaffār(un).",
      "translation": "Ketahuilah, hanya untuk Allah agama yang bersih (dari syirik). Orang-orang yang mengambil pelindung selain Dia (berkata,) “Kami tidak menyembah mereka, kecuali (berharap) agar mereka mendekatkan kami kepada Allah dengan sedekat-dekatnya.” Sesungguhnya Allah akan memberi putusan di antara mereka tentang apa yang mereka perselisihkan. Sesungguhnya Allah tidak memberi petunjuk kepada pendusta lagi sangat ingkar.",
      "footnotes": null
    },
    {
      "ayah": 4,
      "quarter_hizb": 46.5,
      "juz": 23,
      "manzil": 6,
      "arabic": "لَوْ اَرَادَ اللّٰهُ اَنْ يَّتَّخِذَ وَلَدًا لَّاصْطَفٰى مِمَّا يَخْلُقُ مَا يَشَاۤءُ ۙ سُبْحٰنَهٗ ۗهُوَ اللّٰهُ الْوَاحِدُ الْقَهَّارُ",
      "latin": "Wa lau arādallāhu ay yattakhiża waladal laṣṭafā mimmā yakhluqu mā yasyā'(u), subḥānah(ū), huwallāhul-wāḥidul-qahhār(u).",
      "translation": "Seandainya Allah hendak mengambil (makhluk-Nya sebagai) anak, pasti akan memilih yang Dia kehendaki dari apa yang Dia ciptakan. Maha Suci Dia. Dialah Allah Yang Maha Esa lagi Maha Mengalahkan.",
      "footnotes": null
    },
    {
      "ayah": 5,
      "quarter_hizb": 46.5,
      "juz": 23,
      "manzil": 6,
      "arabic": "خَلَقَ السَّمٰوٰتِ وَالْاَرْضَ بِالْحَقِّۚ يُكَوِّرُ الَّيْلَ عَلَى النَّهَارِ وَيُكَوِّرُ النَّهَارَ عَلَى الَّيْلِ وَسَخَّرَ الشَّمْسَ وَالْقَمَرَۗ كُلٌّ يَّجْرِيْ لِاَجَلٍ مُّسَمًّىۗ  اَلَا هُوَ الْعَزِيْزُ الْغَفَّارُ",
      "latin": "Khalaqas-samāwāti wal-arḍa bil-ḥaqq(i), yukawwirul-laila ‘alan-nahāri wa yukawwirun nahāra ‘alal-laili wa sakhkharasy-syamsa wal-qamar(a), kulluy yajrī li'ajalim musammā(n), alā huwal-‘azīzul-gaffār(u).",
      "translation": "Dia (Allah) menciptakan langit dan bumi dengan hak (yang benar). Dia menutupkan malam atas siang, menutupkan siang atas malam, serta menundukkan matahari dan bulan. Masing-masing beredar menurut waktu yang ditentukan. Ketahuilah, Dialah Yang Maha Perkasa lagi Maha Pengampun.",
      "footnotes": null
    },
    {
      "ayah": 6,
      "quarter_hizb": 46.5,
      "juz": 23,
      "manzil": 6,
      "arabic": "خَلَقَكُمْ مِّنْ نَّفْسٍ وَّاحِدَةٍ ثُمَّ جَعَلَ مِنْهَا زَوْجَهَا وَاَنْزَلَ لَكُمْ مِّنَ الْاَنْعَامِ ثَمٰنِيَةَ اَزْوَاجٍ ۗ يَخْلُقُكُمْ فِيْ بُطُوْنِ اُمَّهٰتِكُمْ خَلْقًا مِّنْۢ بَعْدِ خَلْقٍ فِيْ ظُلُمٰتٍ ثَلٰثٍۗ ذٰلِكُمُ اللّٰهُ رَبُّكُمْ لَهُ الْمُلْكُۗ  لَآ اِلٰهَ اِلَّا هُوَۚ فَاَنّٰى تُصْرَفُوْنَ",
      "latin": "Khalaqakum min nafsiw wāḥidatin ṡumma ja‘ala minhā zaujahā wa anzala lakum minal-an‘āmi ṡamāniyata azwāj(in), yakhluqukum fī buṭūni ummahātikum khalqam mim ba‘di khalqin fī ẓulumātin ṡalāṡ(in), żālikumullāhu rabbukum lahul-mulk(u), lā ilāha illā huw(a), fa'annā tuṣrafūn(a).",
      "translation": "Dia menciptakanmu dari jiwa yang satu (Adam), kemudian darinya Dia menjadikan pasangannya dan Dia menurunkan delapan pasang hewan ternak untukmu. Dia menciptakanmu dalam perut ibumu kejadian demi kejadian dalam tiga kegelapan.659) Yang (berbuat) demikian itu adalah Allah, Tuhanmu, Pemilik kerajaan. Tidak ada tuhan selain Dia. Mengapa kamu dapat berpaling (dari kebenaran)?",
      "footnotes": "659) Ungkapan tiga kegelapan pada ayat ini berarti kegelapan dalam perut, kegelapan dalam rahim, dan kegelapan dalam selaput yang menutup anak dalam rahim."
    },
    {
      "ayah": 7,
      "quarter_hizb": 46.5,
      "juz": 23,
      "manzil": 6,
      "arabic": "اِنْ تَكْفُرُوْا فَاِنَّ اللّٰهَ غَنِيٌّ عَنْكُمْ ۗوَلَا يَرْضٰى لِعِبَادِهِ الْكُفْرَۚ وَاِنْ تَشْكُرُوْا يَرْضَهُ لَكُمْۗ وَلَا تَزِرُ وَازِرَةٌ وِّزْرَ اُخْرٰىۗ ثُمَّ اِلٰى رَبِّكُمْ مَّرْجِعُكُمْ فَيُنَبِّئُكُمْ بِمَا كُنْتُمْ تَعْمَلُوْنَۗ اِنَّهٗ عَلِيْمٌ ۢبِذَاتِ الصُّدُوْرِ",
      "latin": "In takfurū fa'innallāha ganiyyun ‘ankum, wa lā yarḍā li‘ibādihil-kufr(a), wa in tasykurū yarḍahu lakum, wa lā taziru wāziratuw wizra ukhrā, ṡumma ilā rabbikum marji‘ukum fa yunabbi'ukum bimā kuntum ta‘malūn(a), innahū ‘alīmum biżātiṣ-ṣudūr(i).",
      "translation": "Jika kamu kufur, sesungguhnya Allah tidak memerlukanmu. Dia pun tidak meridai kekufuran hamba-hamba-Nya. Jika kamu bersyukur, Dia meridai kesyukuranmu itu. Seseorang yang berdosa tidak memikul dosa orang lain. Kemudian, kepada Tuhanmulah kembalimu, lalu Dia beritakan kepadamu apa yang telah kamu kerjakan. Sesungguhnya Dia Maha Mengetahui apa yang tersimpan di dalam dada.",
      "footnotes": null
    },
    {
      "ayah": 8,
      "quarter_hizb": 46.75,
      "juz": 23,
      "manzil": 6,
      "arabic": "۞ وَاِذَا مَسَّ الْاِنْسَانَ ضُرٌّ دَعَا رَبَّهٗ مُنِيْبًا اِلَيْهِ ثُمَّ اِذَا خَوَّلَهٗ نِعْمَةً مِّنْهُ نَسِيَ مَا كَانَ يَدْعُوْٓا اِلَيْهِ مِنْ قَبْلُ وَجَعَلَ لِلّٰهِ اَنْدَادًا لِّيُضِلَّ عَنْ سَبِيْلِهٖ ۗ قُلْ تَمَتَّعْ بِكُفْرِكَ قَلِيْلًا ۖاِنَّكَ مِنْ اَصْحٰبِ النَّارِ",
      "latin": "Wa iżā massal-insāna ḍurrun da‘ā rabbahū munīban ilaihi ṡumma iżā khawwalahū ni‘matan minhu nasiya mā kāna yad‘ū ilaihi min qablu wa ja‘ala lilllāhi andādal liyuḍilla ‘an sabīlih(ī), qul tamatta‘ bikufrika qalīlā(n), innaka min aṣḥābin-nār(i).",
      "translation": "Apabila ditimpa bencana, manusia memohon (pertolongan) kepada Tuhannya dengan kembali (taat) kepada-Nya. Akan tetapi, apabila Dia memberikan nikmat kepadanya, dia lupa terhadap apa yang pernah dia mohonkan kepada Allah sebelum itu dan dia menjadikan sekutu-sekutu bagi Allah untuk menyesatkan (manusia) dari jalan-Nya. Katakanlah (Nabi Muhammad), “Bersenang-senanglah dengan kekufuranmu untuk sementara waktu! Sesungguhnya kamu termasuk penghuni neraka.”",
      "footnotes": null
    },
    {
      "ayah": 9,
      "quarter_hizb": 46.75,
      "juz": 23,
      "manzil": 6,
      "arabic": "اَمَّنْ هُوَ قَانِتٌ اٰنَاۤءَ الَّيْلِ سَاجِدًا وَّقَاۤىِٕمًا يَّحْذَرُ الْاٰخِرَةَ وَيَرْجُوْا رَحْمَةَ رَبِّهٖۗ قُلْ هَلْ يَسْتَوِى الَّذِيْنَ يَعْلَمُوْنَ وَالَّذِيْنَ لَا يَعْلَمُوْنَ ۗ اِنَّمَا يَتَذَكَّرُ اُولُوا الْاَلْبَابِ ࣖ",
      "latin": "Amman huwa qānitun ānā'al-laili sājidaw wa qā'imay yaḥżarul-ākhirata wa yarjū raḥmata rabbih(ī), qul hal yastawil-lażīna ya‘lamūna wal-lażīna lā ya‘lamūn(a), innamā yatażakkaru ulul-albāb(i).",
      "translation": "(Apakah orang musyrik yang lebih beruntung) ataukah orang yang beribadah pada waktu malam dalam keadaan bersujud, berdiri, takut pada (azab) akhirat, dan mengharapkan rahmat Tuhannya? Katakanlah (Nabi Muhammad), “Apakah sama orang-orang yang mengetahui (hak-hak Allah) dengan orang-orang yang tidak mengetahui (hak-hak Allah)?” Sesungguhnya hanya ululalbab (orang yang berakal sehat) yang dapat menerima pelajaran.",
      "footnotes": null
    },
    {
      "ayah": 10,
      "quarter_hizb": 46.75,
      "juz": 23,
      "manzil": 6,
      "arabic": "قُلْ يٰعِبَادِ الَّذِيْنَ اٰمَنُوا اتَّقُوْا رَبَّكُمْ ۗلِلَّذِيْنَ اَحْسَنُوْا فِيْ هٰذِهِ الدُّنْيَا حَسَنَةٌ  ۗوَاَرْضُ اللّٰهِ وَاسِعَةٌ  ۗاِنَّمَا يُوَفَّى الصّٰبِرُوْنَ اَجْرَهُمْ بِغَيْرِ حِسَابٍ ",
      "latin": "Qul yā ‘ibādil-lażīna āmanuttaqū rabbakum, lil-lażīna aḥsanū fī hāżihid-dun-yā ḥasanah(tun), wa arḍullāhi wāsi‘ah(tun), innamā yuwaffaṣ-ṣābirūna ajrahum bigairi ḥisāb(in).",
      "translation": "Katakanlah (Nabi Muhammad), “Wahai hamba-hamba-Ku yang beriman, bertakwalah kepada Tuhanmu.” Orang-orang yang berbuat baik di dunia ini akan memperoleh kebaikan. Bumi Allah itu luas. Sesungguhnya hanya orang-orang yang bersabarlah yang disempurnakan pahalanya tanpa perhitungan.",
      "footnotes": null
    },
    {
      "ayah": 11,
      "quarter_hizb": 46.75,
      "juz": 23,
      "manzil": 6,
      "arabic": "قُلْ اِنِّيْٓ اُمِرْتُ اَنْ اَعْبُدَ اللّٰهَ مُخْلِصًا لَّهُ الدِّيْنَ",
      "latin": "Qul innī umirtu an a‘budallāha mukhliṣal lahud-dīn(a).",
      "translation": "Katakanlah, “Sesungguhnya aku diperintahkan untuk menyembah Allah dengan mengikhlaskan ketaatan kepada-Nya.",
      "footnotes": null
    },
    {
      "ayah": 12,
      "quarter_hizb": 46.75,
      "juz": 23,
      "manzil": 6,
      "arabic": "وَاُمِرْتُ لِاَنْ اَكُوْنَ اَوَّلَ الْمُسْلِمِيْنَ",
      "latin": "Wa umirtu li'an akūna awwalal-muslimīn(a).",
      "translation": "Aku diperintahkan untuk menjadi orang pertama (dari umatnya) yang berserah diri (kepada Allah).”",
      "footnotes": null
    },
    {
      "ayah": 13,
      "quarter_hizb": 46.75,
      "juz": 23,
      "manzil": 6,
      "arabic": "قُلْ اِنِّيْٓ اَخَافُ اِنْ عَصَيْتُ رَبِّيْ عَذَابَ يَوْمٍ عَظِيْمٍ",
      "latin": "Qul innī akhāfu in ‘aṣaitu rabbī ‘ażāba yaumin ‘aẓīm(in).",
      "translation": "Katakanlah, “Sesungguhnya aku takut azab pada hari yang besar (kiamat) jika aku durhaka kepada Tuhanku.”",
      "footnotes": null
    },
    {
      "ayah": 14,
      "quarter_hizb": 46.75,
      "juz": 23,
      "manzil": 6,
      "arabic": "قُلِ اللّٰهَ اَعْبُدُ مُخْلِصًا لَّهٗ دِيْنِيْۚ",
      "latin": "Qulillāha a‘budu mukhliṣal lahū dīnī.",
      "translation": "Katakanlah, “Hanya Allah yang aku sembah dengan mengikhlaskan ketaatanku kepada-Nya.”",
      "footnotes": null
    },
    {
      "ayah": 15,
      "quarter_hizb": 46.75,
      "juz": 23,
      "manzil": 6,
      "arabic": "فَاعْبُدُوْا مَا شِئْتُمْ مِّنْ دُوْنِهٖۗ قُلْ اِنَّ الْخٰسِرِيْنَ الَّذِيْنَ خَسِرُوْٓا اَنْفُسَهُمْ وَاَهْلِيْهِمْ يَوْمَ الْقِيٰمَةِۗ  اَلَا ذٰلِكَ هُوَ الْخُسْرَانُ الْمُبِيْنُ",
      "latin": "Fa‘budū mā syi'tum min dūnih(ī), qul innal-khāsirīnal-lażīna khasirū anfusahum wa ahlīhim yaumal-qiyāmah(ti), alā żālika huwal-khusrānul-mubīn(u).",
      "translation": "Maka, sembahlah sesukamu selain Dia (wahai orang-orang musyrik!)660) Katakanlah, “Sesungguhnya orang-orang yang rugi ialah orang-orang yang merugikan diri sendiri dan keluarganya pada hari Kiamat.” Ingatlah, yang demikian itu adalah kerugian yang nyata.",
      "footnotes": "660) Perintah ini bukanlah dalam arti yang sebenarnya, tetapi pernyataan kemurkaan Allah Swt. terhadap kaum musyrik yang selalu ingkar, meskipun berulang kali diajak bertauhid."
    },
    {
      "ayah": 16,
      "quarter_hizb": 46.75,
      "juz": 23,
      "manzil": 6,
      "arabic": "لَهُمْ مِّنْ فَوْقِهِمْ ظُلَلٌ مِّنَ النَّارِ وَمِنْ تَحْتِهِمْ ظُلَلٌ  ۗذٰلِكَ يُخَوِّفُ اللّٰهُ بِهٖ عِبَادَهٗ ۗيٰعِبَادِ فَاتَّقُوْنِ",
      "latin": "Lahum min fauqihim ẓulalum minan-nāri wa min taḥtihim ẓulal(un), żālika yukhawwifullāhu bihī ‘ibādah(ū), yā ‘ibādi fattaqūn(i).",
      "translation": "Di atas mereka ada lapisan-lapisan dari api dan di bawah mereka pun ada lapisan-lapisan pula. Demikianlah Allah membuat takut hamba-hamba-Nya dengan (azab) itu. “Wahai hamba-hamba-Ku, bertakwalah kepada-Ku!”",
      "footnotes": null
    },
    {
      "ayah": 17,
      "quarter_hizb": 46.75,
      "juz": 23,
      "manzil": 6,
      "arabic": "وَالَّذِيْنَ اجْتَنَبُوا الطَّاغُوْتَ اَنْ يَّعْبُدُوْهَا وَاَنَابُوْٓا اِلَى اللّٰهِ لَهُمُ الْبُشْرٰىۚ فَبَشِّرْ عِبَادِۙ",
      "latin": "Wal-lażīnajtanabuṭ-ṭāgūta ay ya‘budūhā wa anābū ilallāhi lahumul-busyrā, fabasysyir ‘ibād(i).",
      "translation": "Orang-orang yang menjauhi tagut, (yaitu) tidak menyembahnya dan kembali (bertobat) kepada Allah, bagi mereka berita gembira. Maka, sampaikanlah kabar gembira itu kepada hamba-hamba-Ku.",
      "footnotes": null
    },
    {
      "ayah": 18,
      "quarter_hizb": 46.75,
      "juz": 23,
      "manzil": 6,
      "arabic": "الَّذِيْنَ يَسْتَمِعُوْنَ الْقَوْلَ فَيَتَّبِعُوْنَ اَحْسَنَهٗ ۗ اُولٰۤىِٕكَ الَّذِيْنَ هَدٰىهُمُ اللّٰهُ وَاُولٰۤىِٕكَ هُمْ اُولُوا الْاَلْبَابِ",
      "latin": "Allażīna yastami‘ūnal-qaula fa yattabi‘ūna aḥsanah(ū), ulā'ikal-lażīna hadāhumullāhu wa ulā'ika hum ulul-albāb(i).",
      "translation": "(Yaitu) mereka yang mendengarkan perkataan lalu mengikuti apa yang paling baik di antaranya.661) Mereka itulah orang-orang yang telah diberi petunjuk oleh Allah dan mereka itulah ululalbab (orang-orang yang mempunyai akal sehat).",
      "footnotes": "661) Mereka mendengarkan ajaran-ajaran Al-Qur’an dan ajaran yang lain, lalu mengikuti ajaran-ajaran Al-Qur’an karena meyakininya sebagai yang terbaik."
    },
    {
      "ayah": 19,
      "quarter_hizb": 46.75,
      "juz": 23,
      "manzil": 6,
      "arabic": "اَفَمَنْ حَقَّ عَلَيْهِ كَلِمَةُ الْعَذَابِۗ اَفَاَنْتَ تُنْقِذُ مَنْ فِى النَّارِ ۚ",
      "latin": "Afaman ḥaqqa ‘alaihi kalimatul-‘ażāb(i), afa'anta tunqiżu man fin-nār(i).",
      "translation": "Maka, apakah (engkau, Nabi Muhammad, hendak mengubah nasib) orang-orang yang telah dipastikan mendapat azab? Apakah engkau akan menyelamatkan orang yang berada di dalam neraka?",
      "footnotes": null
    },
    {
      "ayah": 20,
      "quarter_hizb": 46.75,
      "juz": 23,
      "manzil": 6,
      "arabic": "لٰكِنِ الَّذِيْنَ اتَّقَوْا رَبَّهُمْ لَهُمْ غُرَفٌ مِّنْ فَوْقِهَا غُرَفٌ مَّبْنِيَّةٌ  ۙتَجْرِيْ مِنْ تَحْتِهَا الْاَنْهٰرُ ەۗ وَعْدَ اللّٰهِ ۗ لَا يُخْلِفُ اللّٰهُ الْمِيْعَادَ",
      "latin": "Lākinil-lażīnattaqau rabbahum lahum gurafum min fauqihā gurafum mabniyyah(tun), tajrī min taḥtihal-anhār(u), wa‘dallāh(i), lā yukhlifullāhul-mī‘ād(a).",
      "translation": "Akan tetapi, orang-orang yang bertakwa kepada Tuhannya bagi mereka kamar-kamar (di surga), di atasnya terdapat kamar-kamar yang dibangun (bertingkat-tingkat), dan mengalir di bawahnya sungai-sungai. (Itulah) janji Allah. Allah tidak akan mengingkari janji.",
      "footnotes": null
    },
    {
      "ayah": 21,
      "quarter_hizb": 46.75,
      "juz": 23,
      "manzil": 6,
      "arabic": "اَلَمْ تَرَ اَنَّ اللّٰهَ اَنْزَلَ مِنَ السَّمَاۤءِ مَاۤءً فَسَلَكَهٗ يَنَابِيْعَ فِى الْاَرْضِ ثُمَّ يُخْرِجُ بِهٖ زَرْعًا مُّخْتَلِفًا اَلْوَانُهٗ ثُمَّ يَهِيْجُ فَتَرٰىهُ مُصْفَرًّا ثُمَّ يَجْعَلُهٗ حُطَامًا ۗاِنَّ فِيْ ذٰلِكَ لَذِكْرٰى لِاُولِى الْاَلْبَابِ ࣖ ",
      "latin": "Alam tara annallāha anzala minas-samā'i mā'an fasalakahū yanābī‘a fil-arḍi ṡumma yaj‘aluhū ḥuṭāmā(n), ina fī żālika lażikrā li'ulil-albāb(i).",
      "translation": "Tidakkah engkau memperhatikan bahwa Allah menurunkan air (hujan) dari langit, lalu Dia mengalirkannya menjadi sumber-sumber air di bumi. Kemudian, dengan air itu Dia tumbuhkan tanam-tanaman yang bermacam-macam warnanya, kemudian ia menjadi kering, engkau melihatnya kekuning-kuningan, kemudian Dia menjadikannya hancur berderai. Sesungguhnya pada yang demikian itu benar-benar terdapat pelajaran bagi ululalbab.",
      "footnotes": null
    },
    {
      "ayah": 22,
      "quarter_hizb": 46.75,
      "juz": 23,
      "manzil": 6,
      "arabic": "اَفَمَنْ شَرَحَ اللّٰهُ صَدْرَهٗ لِلْاِسْلَامِ فَهُوَ عَلٰى نُوْرٍ مِّنْ رَّبِّهٖ ۗفَوَيْلٌ لِّلْقٰسِيَةِ قُلُوْبُهُمْ مِّنْ ذِكْرِ اللّٰهِ ۗ اُولٰۤىِٕكَ فِيْ ضَلٰلٍ مُّبِيْنٍ",
      "latin": "Afaman syaraḥallāhu ṣadrahū lil-islāmi fahuwa ‘alā nūrim mir rabbih(ī), fawailul lil-qāsiyati qulūbuhum min żikrillāh(i), ulā'ika fī ḍalālim mubīn(in).",
      "translation": "Maka, apakah orang yang Allah bukakan hatinya untuk (menerima) agama Islam, lalu mendapat cahaya dari Tuhannya (sama dengan orang yang hatinya membatu)? Maka, celakalah mereka yang hatinya membatu dari mengingat Allah. Mereka itu dalam kesesatan yang nyata.",
      "footnotes": null
    },
    {
      "ayah": 23,
      "quarter_hizb": 46.75,
      "juz": 23,
      "manzil": 6,
      "arabic": "اَللّٰهُ نَزَّلَ اَحْسَنَ الْحَدِيْثِ كِتٰبًا مُّتَشَابِهًا مَّثَانِيَۙ  تَقْشَعِرُّ مِنْهُ جُلُوْدُ الَّذِيْنَ يَخْشَوْنَ رَبَّهُمْ ۚ ثُمَّ تَلِيْنُ جُلُوْدُهُمْ وَقُلُوْبُهُمْ اِلٰى ذِكْرِ اللّٰهِ ۗذٰلِكَ هُدَى اللّٰهِ يَهْدِيْ بِهٖ مَنْ يَّشَاۤءُ ۗوَمَنْ يُّضْلِلِ اللّٰهُ فَمَا لَهٗ مِنْ هَادٍ",
      "latin": "Allāhu nazzala aḥsanal-ḥadīṡi kitābam mutasyābiham maṡāniy(a), taqsya‘irru minhu julūdul-lażīna yakhsyauna rabbahum, ṡumma talīnu julūduhum wa qulūbuhum ilā żikrillāh(i), żālika hudallāhi yahdī bihī may yasyā'(u), wa may yuḍlilillāhu famā lahū min hād(in).",
      "translation": "Allah telah menurunkan perkataan yang terbaik, (yaitu) Kitab (Al-Qur’an) yang serupa (ayat-ayatnya) lagi berulang-ulang.662) Oleh karena itu, kulit orang yang takut kepada Tuhannya gemetar. Kemudian, kulit dan hati mereka menjadi lunak ketika mengingat Allah. Itulah petunjuk Allah yang dengannya Dia memberi petunjuk kepada siapa yang Dia kehendaki. Siapa yang dibiarkan sesat oleh Allah tidak ada yang dapat memberi petunjuk.",
      "footnotes": "662) Hukum-hukum, pelajaran, dan kisah-kisah itu diulang-ulang dalam Al-Qur’an agar lebih berpengaruh dan lebih meresap dalam hati. Menurut sebagian mufasir yang lain, maksud kalimat ini adalah bahwa ayat-ayat Al-Qur’an itu dibaca berulang-ulang."
    },
    {
      "ayah": 24,
      "quarter_hizb": 46.75,
      "juz": 23,
      "manzil": 6,
      "arabic": "اَفَمَنْ يَّتَّقِيْ بِوَجْهِهٖ سُوْۤءَ الْعَذَابِ يَوْمَ الْقِيٰمَةِ ۗوَقِيْلَ لِلظّٰلِمِيْنَ ذُوْقُوْا مَا كُنْتُمْ تَكْسِبُوْنَ",
      "latin": "Afamay yattaqī biwajhihī sū'al-‘ażābi yaumal-qiyāmah(ti), wa qīla liẓ-ẓālimīna żūqū mā kuntum taksibūn(a).",
      "translation": "Apakah orang yang menghindari azab yang buruk dengan wajahnya pada hari Kiamat (sama dengan orang mukmin yang tidak kena azab)? Dikatakan kepada orang-orang yang zalim, “Rasakanlah balasan apa yang telah kamu kerjakan.”",
      "footnotes": null
    },
    {
      "ayah": 25,
      "quarter_hizb": 46.75,
      "juz": 23,
      "manzil": 6,
      "arabic": "كَذَّبَ الَّذِيْنَ مِنْ قَبْلِهِمْ فَاَتٰىهُمُ الْعَذَابُ مِنْ حَيْثُ لَا يَشْعُرُوْنَ",
      "latin": "Każżabal-lażīna min qablihim fa'atāhumul-‘ażābu mi ḥaiṡu lā yasy‘urūn(a).",
      "translation": "Orang-orang yang sebelum mereka telah mendustakan (rasul-rasul), datanglah azab kepada mereka dari arah yang tidak mereka sadari.",
      "footnotes": null
    },
    {
      "ayah": 26,
      "quarter_hizb": 46.75,
      "juz": 23,
      "manzil": 6,
      "arabic": "فَاَذَاقَهُمُ اللّٰهُ الْخِزْيَ فِى الْحَيٰوةِ الدُّنْيَا ۚوَلَعَذَابُ الْاٰخِرَةِ اَكْبَرُ ۘ لَوْ كَانُوْا يَعْلَمُوْنَ",
      "latin": "Fa ażāqahumullāhul-khizya fil-ḥayātid-dun-yā, wa la‘ażābul-ākhirati akbar(u), lau kānū ya‘lamūn(a).",
      "translation": "Maka, Allah menimpakan kepada mereka kehinaan dalam kehidupan dunia. Sungguh, azab akhirat lebih besar kalau mereka mengetahui(-nya).",
      "footnotes": null
    },
    {
      "ayah": 27,
      "quarter_hizb": 46.75,
      "juz": 23,
      "manzil": 6,
      "arabic": "وَلَقَدْ ضَرَبْنَا لِلنَّاسِ فِيْ هٰذَا الْقُرْاٰنِ مِنْ كُلِّ مَثَلٍ لَّعَلَّهُمْ يَتَذَكَّرُوْنَۚ",
      "latin": "Wa laqad ḍarabnā lin-nāsi fī hāżal-qur'āni min kulli maṡalil la‘allahum yatażakkarūn(a).",
      "translation": "Sungguh, Kami benar-benar telah membuatkan dalam Al-Qur’an ini segala macam perumpamaan bagi manusia agar mereka mendapat pelajaran.",
      "footnotes": null
    },
    {
      "ayah": 28,
      "quarter_hizb": 46.75,
      "juz": 23,
      "manzil": 6,
      "arabic": "قُرْاٰنًا عَرَبِيًّا غَيْرَ ذِيْ عِوَجٍ لَّعَلَّهُمْ يَتَّقُوْنَ",
      "latin": "Qur'ānan ‘arabiyyan gaira żī ‘iwajil la‘allahum yattaqūn(a).",
      "translation": "(Yaitu) Al-Qur’an dalam bahasa Arab yang tidak ada kebengkokan (di dalamnya) agar mereka bertakwa.",
      "footnotes": null
    },
    {
      "ayah": 29,
      "quarter_hizb": 46.75,
      "juz": 23,
      "manzil": 6,
      "arabic": "ضَرَبَ اللّٰهُ مَثَلًا رَّجُلًا فِيْهِ شُرَكَاۤءُ مُتَشٰكِسُوْنَ وَرَجُلًا سَلَمًا لِّرَجُلٍ هَلْ يَسْتَوِيٰنِ مَثَلًا ۗ اَلْحَمْدُ لِلّٰهِ ۗبَلْ اَكْثَرُهُمْ لَا يَعْلَمُوْنَ",
      "latin": "Ḍaraballāhu maṡalar rajulan fīhi syurakā'u mutasyākisūna wa rajulan salamal lirajulin hal yastawiyāni maṡalā(n), al-ḥamdu lillāh(i), bal akṡaruhum lā ya‘lamūn(a).",
      "translation": "Allah membuat perumpamaan, (yaitu) seorang laki-laki (hamba sahaya) yang dimiliki oleh beberapa orang yang berserikat, (tetapi) dalam perselisihan dan seorang (hamba sahaya) yang menjadi milik penuh seorang (saja). Apakah keduanya sama keadaannya? Segala puji bagi Allah, tetapi kebanyakan mereka tidak mengetahui(-nya).",
      "footnotes": null
    },
    {
      "ayah": 30,
      "quarter_hizb": 46.75,
      "juz": 23,
      "manzil": 6,
      "arabic": "اِنَّكَ مَيِّتٌ وَّاِنَّهُمْ مَّيِّتُوْنَ ۖ",
      "latin": "Innaka mayyituw wa innahum mayyitūn(a).",
      "translation": "Sesungguhnya engkau (Nabi Muhammad akan) mati dan sesungguhnya mereka pun (akan) mati.",
      "footnotes": null
    },
    {
      "ayah": 31,
      "quarter_hizb": 46.75,
      "juz": 23,
      "manzil": 6,
      "arabic": "ثُمَّ اِنَّكُمْ يَوْمَ الْقِيٰمَةِ عِنْدَ رَبِّكُمْ تَخْتَصِمُوْنَ ࣖ   ۔",
      "latin": "Ṡumma innakum yaumal-qiyāmati ‘inda rabbikum takhtaṣimūn(a).",
      "translation": "Kemudian, sesungguhnya kamu sekalian pada hari Kiamat akan berbantah-bantahan di hadapan Tuhanmu.",
      "footnotes": null
    },
    {
      "ayah": 32,
      "quarter_hizb": 47,
      "juz": 24,
      "manzil": 6,
      "arabic": "۞ فَمَنْ اَظْلَمُ مِمَّنْ كَذَبَ عَلَى اللّٰهِ وَكَذَّبَ بِالصِّدْقِ اِذْ جَاۤءَهٗۗ  اَلَيْسَ فِيْ جَهَنَّمَ مَثْوًى لِّلْكٰفِرِيْنَ ",
      "latin": "Faman aẓlamu mimman każaba ‘alallāhi wa każżaba biṣ-ṣidqi iż jā'ah(ū), alaisa fī jahannama maṡwal lil-kāfirīn(a).",
      "translation": "Maka, siapakah yang lebih zalim daripada orang yang membuat kebohongan terhadap Allah dan mendustakan kebenaran ketika datang kepadanya? Bukankah di (neraka) Jahanam terdapat tempat tinggal bagi orang-orang kafir?",
      "footnotes": null
    },
    {
      "ayah": 33,
      "quarter_hizb": 47,
      "juz": 24,
      "manzil": 6,
      "arabic": "وَالَّذِيْ جَاۤءَ بِالصِّدْقِ وَصَدَّقَ بِهٖٓ اُولٰۤىِٕكَ هُمُ الْمُتَّقُوْنَ",
      "latin": "Wal-lażī jā'a biṣ-ṣidqi wa ṣaddaqa bihī ulā'ika humul-muttaqūn(a).",
      "translation": "Orang yang membawa kebenaran (Nabi Muhammad) dan yang membenarkannya, mereka itulah orang-orang yang bertakwa.",
      "footnotes": null
    },
    {
      "ayah": 34,
      "quarter_hizb": 47,
      "juz": 24,
      "manzil": 6,
      "arabic": "لَهُمْ مَّا يَشَاۤءُوْنَ عِنْدَ رَبِّهِمْ ۗ ذٰلِكَ جَزَاۤءُ الْمُحْسِنِيْنَۚ",
      "latin": "Lahum mā yasyā'ūna ‘inda rabbihim, żālika jazā'ul-muḥsinīn(a).",
      "translation": "Mereka memperoleh apa yang mereka kehendaki di sisi Tuhannya. Itulah balasan bagi orang-orang yang berbuat kebaikan.",
      "footnotes": null
    },
    {
      "ayah": 35,
      "quarter_hizb": 47,
      "juz": 24,
      "manzil": 6,
      "arabic": "لِيُكَفِّرَ اللّٰهُ عَنْهُمْ اَسْوَاَ الَّذِيْ عَمِلُوْا وَيَجْزِيَهُمْ اَجْرَهُمْ بِاَحْسَنِ الَّذِيْ كَانُوْا يَعْمَلُوْنَ",
      "latin": "Liyukaffirallāhu ‘anhum aswa'al-lażī ‘amilū wa yajziyahum ajrahum bi'aḥsanil-lażī kānū ya‘malūn(a).",
      "translation": "(Demikian itu) agar Allah menghapus (dosa) perbuatan mereka yang paling buruk yang pernah mereka lakukan dan memberi pahala kepada mereka dengan yang lebih baik daripada apa yang dahulu mereka kerjakan.",
      "footnotes": null
    },
    {
      "ayah": 36,
      "quarter_hizb": 47,
      "juz": 24,
      "manzil": 6,
      "arabic": "اَلَيْسَ اللّٰهُ بِكَافٍ عَبْدَهٗۗ وَيُخَوِّفُوْنَكَ بِالَّذِيْنَ مِنْ دُوْنِهٖۗ وَمَنْ يُّضْلِلِ اللّٰهُ فَمَا لَهٗ مِنْ هَادٍۚ",
      "latin": "Alaisallāhu bikāfin ‘abdah(ū), wa yukhawwifūnaka bil-lażīna min dūnih(ī), wa may yuḍlilillāhu famā lahū min hād(in).",
      "translation": "Bukankah Allah yang mencukupi hamba-Nya? Mereka menakut-nakutimu dengan (sesembahan) selain Dia. Siapa yang Allah biarkan sesat tidak ada satu pun yang memberi petunjuk kepadanya.",
      "footnotes": null
    },
    {
      "ayah": 37,
      "quarter_hizb": 47,
      "juz": 24,
      "manzil": 6,
      "arabic": "وَمَنْ يَّهْدِ اللّٰهُ فَمَا لَهٗ مِنْ مُّضِلٍّ ۗ اَلَيْسَ اللّٰهُ بِعَزِيْزٍ ذِى انْتِقَامٍ",
      "latin": "Wa may yahdillāhu famā lahū min muḍill(in), alaisallāhu bi‘azīzin żintiqām(in).",
      "translation": "Siapa yang Allah tunjuki tidak satu pun yang menyesatkannya. Bukankah Allah Maha Perkasa lagi Maha Memiliki (kekuasaan) untuk membalas?",
      "footnotes": null
    },
    {
      "ayah": 38,
      "quarter_hizb": 47,
      "juz": 24,
      "manzil": 6,
      "arabic": "وَلَىِٕنْ سَاَلْتَهُمْ مَّنْ خَلَقَ السَّمٰوٰتِ وَالْاَرْضَ لَيَقُوْلُنَّ اللّٰهُ ۗ قُلْ اَفَرَءَيْتُمْ مَّا تَدْعُوْنَ مِنْ دُوْنِ اللّٰهِ اِنْ اَرَادَنِيَ اللّٰهُ بِضُرٍّ هَلْ هُنَّ كٰشِفٰتُ ضُرِّهٖٓ اَوْ اَرَادَنِيْ بِرَحْمَةٍ هَلْ هُنَّ مُمْسِكٰتُ رَحْمَتِهٖۗ قُلْ حَسْبِيَ اللّٰهُ ۗعَلَيْهِ يَتَوَكَّلُ الْمُتَوَكِّلُوْنَ ",
      "latin": "Wa la'in sa'altahum man khalaqas-samāwāti wal-arḍa layaqūlunnallāh(u), qul afara'aitum mā tad‘ūna min dūnillāhi in arādaniyallāhu biḍurrin hal hunna kāsyifātu ḍurrihī au arādanī biraḥmatin hal hunna mumsikātu raḥmatih(ī), qul ḥasbiyallāh(u), ‘alaihi yatawakkalul-mutawakkilūn(a).",
      "translation": "Sungguh, jika engkau (Nabi Muhammad) bertanya kepada mereka (kaum musyrik Makkah) siapa yang menciptakan langit dan bumi, niscaya mereka menjawab, “Allah.” Katakanlah, “Kalau begitu, tahukah kamu tentang apa yang kamu sembah selain Allah jika Allah hendak mendatangkan bencana kepadaku, apakah mereka (sesembahan itu) mampu menghilangkan bencana itu atau jika Allah hendak memberi rahmat kepadaku, apakah mereka dapat mencegah rahmat-Nya?” Katakanlah, “Cukuplah Allah (sebagai pelindung) bagiku. Hanya kepada-Nya orang-orang yang bertawakal berserah diri.”",
      "footnotes": null
    },
    {
      "ayah": 39,
      "quarter_hizb": 47,
      "juz": 24,
      "manzil": 6,
      "arabic": "قُلْ يٰقَوْمِ اعْمَلُوْا عَلٰى مَكَانَتِكُمْ اِنِّيْ عَامِلٌ ۚفَسَوْفَ تَعْلَمُوْنَۙ",
      "latin": "Qul yā qaumi‘malū ‘alā makānatikum innī ‘āmil(un), fa saufa ta‘lamūn(a).",
      "translation": "Katakanlah, “Wahai kaumku, berbuatlah menurut kedudukanmu! Sesungguhnya aku pun berbuat (demikian). Kelak kamu akan mengetahui",
      "footnotes": null
    },
    {
      "ayah": 40,
      "quarter_hizb": 47,
      "juz": 24,
      "manzil": 6,
      "arabic": "مَنْ يَّأْتِيْهِ عَذَابٌ يُّخْزِيْهِ وَيَحِلُّ عَلَيْهِ عَذَابٌ مُّقِيْمٌ",
      "latin": "May ya'tīhi ‘ażābuy yukhzīhi wa yaḥillu ‘alaihi ‘ażābum muqīm(un).",
      "translation": "siapa yang akan mendapat siksa yang menghinakannya dan yang akan ditimpa azab yang kekal.”",
      "footnotes": null
    },
    {
      "ayah": 41,
      "quarter_hizb": 47,
      "juz": 24,
      "manzil": 6,
      "arabic": "اِنَّآ اَنْزَلْنَا عَلَيْكَ الْكِتٰبَ لِلنَّاسِ بِالْحَقِّۚ فَمَنِ اهْتَدٰى فَلِنَفْسِهٖۚ وَمَنْ ضَلَّ فَاِنَّمَا يَضِلُّ عَلَيْهَا ۚوَمَآ اَنْتَ عَلَيْهِمْ بِوَكِيْلٍ ࣖ",
      "latin": "Innā anzalnā ‘alaikal-kitāba lin-nāsi bil-ḥaqq(i), fa manihtadā fa linafsih(ī), wa man ḍalla fa innamā yaḍillu ‘alaihā, wa mā anta ‘alaihim biwakīl(in).",
      "translation": "Sesungguhnya Kami telah menurunkan kepadamu (Nabi Muhammad) Kitab (Al-Qur’an) untuk (seluruh) manusia dengan hak. Siapa yang mendapat petunjuk, (petunjuk itu) untuk dirinya sendiri, dan siapa yang sesat, sesungguhnya kesesatan itu untuk dirinya sendiri. Engkau bukanlah penanggung jawab mereka.",
      "footnotes": null
    },
    {
      "ayah": 42,
      "quarter_hizb": 47,
      "juz": 24,
      "manzil": 6,
      "arabic": "اَللّٰهُ يَتَوَفَّى الْاَنْفُسَ حِيْنَ مَوْتِهَا وَالَّتِيْ لَمْ تَمُتْ فِيْ مَنَامِهَا ۚ فَيُمْسِكُ الَّتِيْ قَضٰى عَلَيْهَا الْمَوْتَ وَيُرْسِلُ الْاُخْرٰىٓ اِلٰٓى اَجَلٍ مُّسَمًّىۗ اِنَّ فِيْ ذٰلِكَ لَاٰيٰتٍ لِّقَوْمٍ يَّتَفَكَّرُوْنَ",
      "latin": "Allāhu yatawaffal-anfusa ḥīna mautihā wal-latī lam tamut fī manāmihā, fayumsikul-latī qaḍā ‘alaihal-mauta wa yursilul-ukhrā ilā ajalim musammā(n), inna fī żālika la'āyātil liqaumiy yatafakkarūn(a).",
      "translation": "Allah menggenggam nyawa (manusia) pada saat kematiannya dan yang belum mati ketika dia tidur. Dia menahan nyawa yang telah Dia tetapkan kematiannya dan Dia melepaskan nyawa yang lain sampai waktu yang ditentukan. Sesungguhnya pada yang demikian itu benar-benar terdapat bukti-bukti (kekuasaan) Allah bagi kaum yang berpikir.",
      "footnotes": null
    },
    {
      "ayah": 43,
      "quarter_hizb": 47,
      "juz": 24,
      "manzil": 6,
      "arabic": "اَمِ اتَّخَذُوْا مِنْ دُوْنِ اللّٰهِ شُفَعَاۤءَۗ قُلْ اَوَلَوْ كَانُوْا لَا يَمْلِكُوْنَ شَيْـًٔا وَّلَا يَعْقِلُوْنَ ",
      "latin": "Amittakhażū min dūnillāhi syufa‘ā'(a), qul awalau kānū lā yamlikūna syai'aw wa lā ya‘qilūn(a).",
      "translation": "Apakah mereka juga menjadikan penolong selain Allah? Katakanlah, “Apakah (kamu menjadikannya penolong juga) meskipun mereka tidak memiliki suatu apa pun dan tidak mengerti?”",
      "footnotes": null
    },
    {
      "ayah": 44,
      "quarter_hizb": 47,
      "juz": 24,
      "manzil": 6,
      "arabic": "قُلْ لِّلّٰهِ الشَّفَاعَةُ جَمِيْعًا ۗ لَهٗ مُلْكُ السَّمٰوٰتِ وَالْاَرْضِۗ ثُمَّ اِلَيْهِ تُرْجَعُوْنَ",
      "latin": "Qul lillāhisy-syafā‘atu jamī‘ā(n), lahū mulkus-samāwāti wal-arḍ(i), ṡumma ilaihi turja‘ūn(a).",
      "translation": "Katakanlah (Nabi Muhammad), “Hanya milik Allah pertolongan itu semuanya. Milik-Nya kerajaan langit dan bumi. Kemudian, hanya kepada-Nya kamu dikembalikan.”",
      "footnotes": null
    },
    {
      "ayah": 45,
      "quarter_hizb": 47,
      "juz": 24,
      "manzil": 6,
      "arabic": "وَاِذَا ذُكِرَ اللّٰهُ وَحْدَهُ اشْمَـَٔزَّتْ قُلُوْبُ الَّذِيْنَ لَا يُؤْمِنُوْنَ بِالْاٰخِرَةِۚ وَاِذَا ذُكِرَ الَّذِيْنَ مِنْ دُوْنِهٖٓ اِذَا هُمْ يَسْتَبْشِرُوْنَ",
      "latin": "Wa iżā żukirallāhu waḥdahusyma'azzat qulūbul-lażīna  lā yu'minūna bil-ākhirah(ti), wa iżā żukiral-lażīna min dūnihī iżā hum yastabsyirūn(a).",
      "translation": "Apabila hanya (nama) Allah yang disebut, hati orang-orang yang tidak beriman kepada akhirat kesal. Namun, apabila (nama-nama sembahan) selain Allah disebut, tiba-tiba mereka bergembira.",
      "footnotes": null
    },
    {
      "ayah": 46,
      "quarter_hizb": 47,
      "juz": 24,
      "manzil": 6,
      "arabic": "قُلِ اللّٰهُمَّ فَاطِرَ السَّمٰوٰتِ وَالْاَرْضِ عٰلِمَ الْغَيْبِ وَالشَّهَادَةِ اَنْتَ تَحْكُمُ بَيْنَ عِبَادِكَ فِيْ مَا كَانُوْا فِيْهِ يَخْتَلِفُوْنَ",
      "latin": "Qulillāhumma fāṭiras-samāwāti wal-arḍi ‘ālimal-gaibi wasy-syahādati anta taḥkumu baina  ‘ibādika fīmā kānū fīhi yakhtalifūn(a).",
      "translation": "Katakanlah, “Ya Allah, Pencipta langit dan bumi, yang mengetahui segala yang gaib dan nyata, Engkaulah yang memutuskan di antara hamba-hamba-Mu apa yang selalu mereka perselisihkan.”",
      "footnotes": null
    },
    {
      "ayah": 47,
      "quarter_hizb": 47,
      "juz": 24,
      "manzil": 6,
      "arabic": "وَلَوْ اَنَّ لِلَّذِيْنَ ظَلَمُوْا مَا فِى الْاَرْضِ جَمِيْعًا وَّمِثْلَهٗ مَعَهٗ لَافْتَدَوْا بِهٖ مِنْ سُوْۤءِ الْعَذَابِ يَوْمَ الْقِيٰمَةِۗ وَبَدَا لَهُمْ مِّنَ اللّٰهِ مَا لَمْ يَكُوْنُوْا يَحْتَسِبُوْنَ",
      "latin": "Wa lau anna lil-lażīna ẓalamū mā fil-arḍi jamī‘aw wa miṡlahū ma‘ahū laftadau bihī min sū'il-‘ażābi yaumal-qiyāmah(ti), wa badā lahum minallāhi mā lam yakūnū yaḥtasibūn(a).",
      "translation": "Sekiranya orang-orang yang zalim mempunyai segala apa yang ada di bumi dan ditambah lagi sebanyak itu, niscaya mereka akan menebus dirinya dengan itu dari azab yang buruk pada hari Kiamat. Tampak jelaslah bagi mereka (azab) dari Allah yang belum pernah mereka perkirakan.",
      "footnotes": null
    },
    {
      "ayah": 48,
      "quarter_hizb": 47,
      "juz": 24,
      "manzil": 6,
      "arabic": "وَبَدَا لَهُمْ سَيِّاٰتُ مَا كَسَبُوْا وَحَاقَ بِهِمْ مَّا كَانُوْا بِهٖ يَسْتَهْزِءُوْنَ",
      "latin": "Wa badā lahum sayyi'ātu mā kasabū wa ḥāqa bihim mā kānū bihī yastahzi'ūn(a).",
      "translation": "Tampak jelaslah bagi mereka keburukan-keburukan yang mereka kerjakan (di dunia) dan mereka diliputi oleh (azab) yang selalu mereka olok-olokkan.",
      "footnotes": null
    },
    {
      "ayah": 49,
      "quarter_hizb": 47,
      "juz": 24,
      "manzil": 6,
      "arabic": "فَاِذَا مَسَّ الْاِنْسَانَ ضُرٌّ دَعَانَاۖ  ثُمَّ اِذَا خَوَّلْنٰهُ نِعْمَةً مِّنَّاۙ قَالَ اِنَّمَآ اُوْتِيْتُهٗ عَلٰى عِلْمٍ ۗبَلْ هِيَ فِتْنَةٌ وَّلٰكِنَّ اَكْثَرَهُمْ لَا يَعْلَمُوْنَ",
      "latin": "Fa'iżā massal-insāna ḍurrun da‘ānā ṡumma iżā khawwalnāhu ni‘matam minnā, qāla innamā ūtītuhū ‘alā ‘ilm(in), bal hiya fitnatuw wa lākinna akṡarahum lā ya‘lamūn(a).",
      "translation": "Apabila ditimpa bencana, manusia menyeru Kami. Kemudian, apabila Kami memberikan nikmat sebagai anugerah Kami kepadanya, dia berkata, “Sesungguhnya aku diberikan (nikmat) itu hanyalah karena kepintaranku.” Sebenarnya, itu adalah ujian, tetapi kebanyakan mereka tidak mengetahui(-nya).",
      "footnotes": null
    },
    {
      "ayah": 50,
      "quarter_hizb": 47,
      "juz": 24,
      "manzil": 6,
      "arabic": "قَدْ قَالَهَا الَّذِيْنَ مِنْ قَبْلِهِمْ فَمَآ اَغْنٰى عَنْهُمْ مَّا كَانُوْا يَكْسِبُوْنَ",
      "latin": "Qad qālahal-lażīna min qablihim famā agnā ‘anhum mā kānū yaksibūn(a).",
      "translation": "Sungguh, orang-orang yang sebelum mereka pun telah mengatakan hal itu. Maka, tidak berguna lagi bagi mereka apa yang selalu mereka usahakan.",
      "footnotes": null
    },
    {
      "ayah": 51,
      "quarter_hizb": 47,
      "juz": 24,
      "manzil": 6,
      "arabic": "فَاَصَابَهُمْ سَيِّاٰتُ مَا كَسَبُوْا ۗوَالَّذِيْنَ ظَلَمُوْا مِنْ هٰٓؤُلَاۤءِ سَيُصِيْبُهُمْ سَيِّاٰتُ مَا كَسَبُوْا ۙوَمَا هُمْ بِمُعْجِزِيْنَ",
      "latin": "Fa'aṣābahum sayyi'ātu mā kasabū, wal-lażīna ẓalamū min hā'ulā'i sayuṣībuhum  sayyi'ātu mā kasabū, wa mā hum bimu‘jizīn(a).",
      "translation": "Lalu, mereka ditimpa (bencana akibat) keburukan-keburukan yang mereka perbuat. Orang-orang yang zalim di antara mereka juga akan ditimpa (bencana akibat) keburukan-keburukan yang mereka perbuat dan tidak dapat melepaskan diri (darinya).",
      "footnotes": null
    },
    {
      "ayah": 52,
      "quarter_hizb": 47,
      "juz": 24,
      "manzil": 6,
      "arabic": "اَوَلَمْ يَعْلَمُوْٓا اَنَّ اللّٰهَ يَبْسُطُ الرِّزْقَ لِمَنْ يَّشَاۤءُ وَيَقْدِرُ ۗاِنَّ فِيْ ذٰلِكَ لَاٰيٰتٍ لِّقَوْمٍ يُّؤْمِنُوْنَ ࣖ",
      "latin": "Awalam ya‘lamū annallāha yabsuṭur-rizqa limay yasyā'u wa yaqdir(u), inna fī żālika la'āyātil liqaumiy yu'minūn(a).",
      "translation": "Tidakkah mereka mengetahui bahwa Allah melapangkan rezeki bagi siapa yang Dia kehendaki dan menyempitkannya (bagi siapa yang Dia kehendaki)? Sesungguhnya pada yang demikian itu benar-benar terdapat tanda-tanda (kekuasaan Allah) bagi kaum yang beriman.",
      "footnotes": null
    },
    {
      "ayah": 53,
      "quarter_hizb": 47.25,
      "juz": 24,
      "manzil": 6,
      "arabic": "۞ قُلْ يٰعِبَادِيَ الَّذِيْنَ اَسْرَفُوْا عَلٰٓى اَنْفُسِهِمْ لَا تَقْنَطُوْا مِنْ رَّحْمَةِ اللّٰهِ ۗاِنَّ اللّٰهَ يَغْفِرُ الذُّنُوْبَ جَمِيْعًا ۗاِنَّهٗ هُوَ الْغَفُوْرُ الرَّحِيْمُ",
      "latin": "Qul yā ‘ibādiyal-lażīna asrafū ‘alā anfusihim lā taqnaṭū mir raḥmatillāh(i), innallāha yagfiruż-żunūba jamī‘ā(n), innahū huwal-gafūrur-raḥīm(u).",
      "translation": "Katakanlah (Nabi Muhammad), “Wahai hamba-hamba-Ku yang melampaui batas (dengan menzalimi) dirinya sendiri, janganlah berputus asa dari rahmat Allah. Sesungguhnya Allah mengampuni dosa semuanya.663) Sesungguhnya Dialah Yang Maha Pengampun lagi Maha Penyayang.",
      "footnotes": "663) Semua dosa bisa diampuni Allah Swt., kecuali dosa syirik (lihat surah an-Nisā’ [4]: 48)."
    },
    {
      "ayah": 54,
      "quarter_hizb": 47.25,
      "juz": 24,
      "manzil": 6,
      "arabic": "وَاَنِيْبُوْٓا اِلٰى رَبِّكُمْ وَاَسْلِمُوْا لَهٗ مِنْ قَبْلِ اَنْ يَّأْتِيَكُمُ الْعَذَابُ ثُمَّ لَا تُنْصَرُوْنَ",
      "latin": "Wa anībū ilā rabbikum wa aslimū lahū min qabli ay ya'tiyakumul-‘ażābu ṡumma lā tunṣarūn(a).",
      "translation": "Kembalilah kepada Tuhanmu dan berserahdirilah kepada-Nya sebelum datang azab kepadamu, kemudian kamu tidak akan ditolong.",
      "footnotes": null
    },
    {
      "ayah": 55,
      "quarter_hizb": 47.25,
      "juz": 24,
      "manzil": 6,
      "arabic": "وَاتَّبِعُوْٓا اَحْسَنَ مَآ اُنْزِلَ اِلَيْكُمْ مِّنْ رَّبِّكُمْ مِّنْ قَبْلِ اَنْ يَّأْتِيَكُمُ الْعَذَابُ بَغْتَةً وَّاَنْتُمْ لَا تَشْعُرُوْنَ ۙ  ",
      "latin": "Wattabi‘ū aḥsana mā unzila ilaikum mir rabbikum min qabli ay ya'tiyakumul ‘ażābu bagtataw wa antum lā tasy‘urūn(a).",
      "translation": "Ikutilah sebaik-baik apa yang diturunkan kepadamu dari Tuhanmu (Al-Qur’an) sebelum azab datang kepadamu secara mendadak, sedangkan kamu tidak menyadarinya.",
      "footnotes": null
    },
    {
      "ayah": 56,
      "quarter_hizb": 47.25,
      "juz": 24,
      "manzil": 6,
      "arabic": "اَنْ تَقُوْلَ نَفْسٌ يّٰحَسْرَتٰى عَلٰى مَا فَرَّطْتُّ فِيْ جَنْۢبِ اللّٰهِ وَاِنْ كُنْتُ لَمِنَ السّٰخِرِيْنَۙ   ",
      "latin": "An taqūla yā ḥasratā ‘alā mā farraṭṭu fī jambillāhi wa in kuntu laminas-sākhirīn(a).",
      "translation": "(Maksudnya,) supaya (tidak) ada orang yang berkata, “Alangkah besar penyesalanku atas kelalaianku dalam (menunaikan kewajiban) terhadap Allah dan sesungguhnya aku benar-benar termasuk orang-orang yang memperolok-olokkan (agama Allah).”",
      "footnotes": null
    },
    {
      "ayah": 57,
      "quarter_hizb": 47.25,
      "juz": 24,
      "manzil": 6,
      "arabic": "اَوْ تَقُوْلَ لَوْ اَنَّ اللّٰهَ هَدٰىنِيْ لَكُنْتُ مِنَ الْمُتَّقِيْنَ ۙ",
      "latin": "Au taqūla lau annallāha hadānī lakuntu minal-muttaqīn(a).",
      "translation": "Atau, supaya (tidak) ada yang berkata, “Seandainya Allah memberi petunjuk kepadaku, tentulah aku termasuk orang-orang yang bertakwa.”",
      "footnotes": null
    },
    {
      "ayah": 58,
      "quarter_hizb": 47.25,
      "juz": 24,
      "manzil": 6,
      "arabic": "اَوْ تَقُوْلَ حِيْنَ تَرَى الْعَذَابَ لَوْ اَنَّ لِيْ كَرَّةً فَاَكُوْنَ مِنَ الْمُحْسِنِيْنَ",
      "latin": "Au taqūla ḥīna taral-‘ażāba lau anna lī karratan fa akūna minal-muḥsinīn(a).",
      "translation": "Atau, supaya (tidak) ada (pula) yang berkata ketika melihat azab, “Seandainya aku dapat kembali (ke dunia), tentu aku termasuk orang-orang yang muhsin.”",
      "footnotes": null
    },
    {
      "ayah": 59,
      "quarter_hizb": 47.25,
      "juz": 24,
      "manzil": 6,
      "arabic": "بَلٰى قَدْ جَاۤءَتْكَ اٰيٰتِيْ فَكَذَّبْتَ بِهَا وَاسْتَكْبَرْتَ وَكُنْتَ مِنَ الْكٰفِرِيْنَ",
      "latin": "Balā qad jā'atka āyātī fa każżabta bihā wastakbarta wa kunta minal-kāfirīn(a).",
      "translation": "Tidak begitu! Sebenarnya ayat-ayat-Ku telah datang kepadamu, tetapi kamu mendustakannya, menyombongkan diri, dan termasuk orang-orang kafir.",
      "footnotes": null
    },
    {
      "ayah": 60,
      "quarter_hizb": 47.25,
      "juz": 24,
      "manzil": 6,
      "arabic": "وَيَوْمَ الْقِيٰمَةِ تَرَى الَّذِيْنَ كَذَبُوْا عَلَى اللّٰهِ وُجُوْهُهُمْ مُّسْوَدَّةٌ  ۗ اَلَيْسَ فِيْ جَهَنَّمَ مَثْوًى لِّلْمُتَكَبِّرِيْنَ",
      "latin": "Wa yaumal-qiyāmati taral-lażīna każabū ‘alallāhi wujūhuhum muswaddah(tun), alaisa fī jahannama maṡwal lil-mutakabbirīn(a).",
      "translation": "Pada hari Kiamat, engkau akan melihat bahwa orang-orang yang berdusta kepada Allah wajahnya menghitam. Bukankah (neraka) Jahanam itu tempat tinggal bagi orang-orang yang takabur?",
      "footnotes": null
    },
    {
      "ayah": 61,
      "quarter_hizb": 47.25,
      "juz": 24,
      "manzil": 6,
      "arabic": "وَيُنَجِّى اللّٰهُ الَّذِيْنَ اتَّقَوْا بِمَفَازَتِهِمْۖ  لَا يَمَسُّهُمُ السُّوْۤءُ وَلَا هُمْ يَحْزَنُوْنَ",
      "latin": "Wa yunajjillāhul-lażīnattaqau bimafāzatihim, lā yamassuhumus-sū'u wa lā hum yaḥzanūn(a).",
      "translation": "Allah menyelamatkan orang-orang yang bertakwa karena kemenangannya sehingga mereka tidak disentuh oleh azab dan tidak bersedih.",
      "footnotes": null
    },
    {
      "ayah": 62,
      "quarter_hizb": 47.25,
      "juz": 24,
      "manzil": 6,
      "arabic": "اَللّٰهُ خَالِقُ كُلِّ شَيْءٍ ۙوَّهُوَ عَلٰى كُلِّ شَيْءٍ وَّكِيْلٌ",
      "latin": "Allāhu khāliqu kulli syai'(in), wa huwa ‘alā kulli syai'iw wakīl(un).",
      "translation": "Allah adalah pencipta segala sesuatu dan Dia Maha Pemelihara atas segala sesuatu.",
      "footnotes": null
    },
    {
      "ayah": 63,
      "quarter_hizb": 47.25,
      "juz": 24,
      "manzil": 6,
      "arabic": "لَهٗ مَقَالِيْدُ السَّمٰوٰتِ وَالْاَرْضِۗ وَالَّذِيْنَ كَفَرُوْا بِاٰيٰتِ اللّٰهِ اُولٰۤىِٕكَ هُمُ الْخٰسِرُوْنَ ࣖ ",
      "latin": "Lahū maqālīdus-samāwāti wal-arḍ(i), wal-lażīna kafarū bi'āyātillāhi ulā'ika humul-khāsirūn(a).",
      "translation": "Milik-Nyalah kunci-kunci (perbendaharaan) langit dan bumi. Orang-orang yang kufur terhadap ayat-ayat Allah, mereka itulah orang-orang yang rugi.",
      "footnotes": null
    },
    {
      "ayah": 64,
      "quarter_hizb": 47.25,
      "juz": 24,
      "manzil": 6,
      "arabic": "قُلْ اَفَغَيْرَ اللّٰهِ تَأْمُرُوْۤنِّيْٓ اَعْبُدُ اَيُّهَا الْجٰهِلُوْنَ",
      "latin": "Qul afagairallāhi ta'murūnnī a‘budu ayyuhal-jāhilūn(a).",
      "translation": "Katakanlah (Nabi Muhammad), “Apakah kamu menyuruhku (untuk) menyembah selain Allah, wahai orang-orang yang bodoh?”",
      "footnotes": null
    },
    {
      "ayah": 65,
      "quarter_hizb": 47.25,
      "juz": 24,
      "manzil": 6,
      "arabic": "وَلَقَدْ اُوْحِيَ اِلَيْكَ وَاِلَى الَّذِيْنَ مِنْ قَبْلِكَۚ  لَىِٕنْ اَشْرَكْتَ لَيَحْبَطَنَّ عَمَلُكَ وَلَتَكُوْنَنَّ مِنَ الْخٰسِرِيْنَ",
      "latin": "Wa laqad ūḥiya ilaika wa ilal-lażīna min qablik(a), la'in asyrakta layaḥbaṭanna ‘amaluka wa latakūnanna minal-khāsirīn(a).",
      "translation": "Sungguh, benar-benar telah diwahyukan kepadamu dan kepada orang-orang (para nabi) sebelummu, “Sungguh, jika engkau mempersekutukan (Allah), niscaya akan gugurlah amalmu dan tentulah engkau termasuk orang-orang yang rugi.",
      "footnotes": null
    },
    {
      "ayah": 66,
      "quarter_hizb": 47.25,
      "juz": 24,
      "manzil": 6,
      "arabic": "بَلِ اللّٰهَ فَاعْبُدْ وَكُنْ مِّنَ الشّٰكِرِيْنَ",
      "latin": "Balillāha fa‘bud wa kum minasy-syākirīn(a).",
      "translation": "Oleh karena itu, sembahlah Allah (saja) dan jadilah engkau termasuk orang-orang yang bersyukur.”",
      "footnotes": null
    },
    {
      "ayah": 67,
      "quarter_hizb": 47.25,
      "juz": 24,
      "manzil": 6,
      "arabic": "وَمَا قَدَرُوا اللّٰهَ حَقَّ قَدْرِهٖۖ وَالْاَرْضُ جَمِيْعًا قَبْضَتُهٗ يَوْمَ الْقِيٰمَةِ وَالسَّمٰوٰتُ مَطْوِيّٰتٌۢ بِيَمِيْنِهٖ ۗسُبْحٰنَهٗ وَتَعٰلٰى عَمَّا يُشْرِكُوْنَ",
      "latin": "Wa mā qadarullāha ḥaqqa qadrih(ī), wal-arḍu jamī‘an qabḍatuhū yaumal-qiyāmati was-samāwātu maṭwiyyātum biyamīnih(ī), subḥānahū wa ta‘ālā ‘ammā yusyrikūn(a).",
      "translation": "Mereka tidak mengagungkan Allah sebagaimana mestinya. Padahal, bumi seluruhnya (ada dalam) genggaman-Nya pada hari Kiamat dan langit digulung dengan tangan kanan-Nya.664) Maha Suci dan Maha Tinggi Dia dari apa yang mereka persekutukan.",
      "footnotes": "664) Ayat ini menggambarkan kebesaran dan kekuasaan Allah Swt. dan hanya Dia yang berkuasa pada hari Kiamat."
    },
    {
      "ayah": 68,
      "quarter_hizb": 47.25,
      "juz": 24,
      "manzil": 6,
      "arabic": "وَنُفِخَ فِى الصُّوْرِ فَصَعِقَ مَنْ فِى السَّمٰوٰتِ وَمَنْ فِى الْاَرْضِ اِلَّا مَنْ شَاۤءَ اللّٰهُ ۗ ثُمَّ نُفِخَ فِيْهِ اُخْرٰى فَاِذَا هُمْ قِيَامٌ يَّنْظُرُوْنَ",
      "latin": "Wa nufikha fiṣ-ṣūri faṣa‘iqa man fis-samāwāti wa man fil-arḍi illā man syā'allāh(u), ṡumma nufikha fīhi ukhrā fa'iżā hum qiyāmuy yanẓurūn(a).",
      "translation": "Sangkakala pun ditiup sehingga matilah semua (makhluk) yang (ada) di langit dan di bumi, kecuali mereka yang dikehendaki Allah. Kemudian, ia ditiup sekali lagi. Seketika itu, mereka bangun (dari kuburnya dan) menunggu (keputusan Allah).",
      "footnotes": null
    },
    {
      "ayah": 69,
      "quarter_hizb": 47.25,
      "juz": 24,
      "manzil": 6,
      "arabic": "وَاَشْرَقَتِ الْاَرْضُ بِنُوْرِ رَبِّهَا وَوُضِعَ الْكِتٰبُ وَجِايْۤءَ بِالنَّبِيّٖنَ وَالشُّهَدَاۤءِ وَقُضِيَ بَيْنَهُمْ بِالْحَقِّ وَهُمْ لَا يُظْلَمُوْنَ",
      "latin": "Wa asyraqatil-arḍu binūri rabbihā wa wuḍi‘al-kitābu wa jī'a bin-nabiyyīna wasy-syuhadā'i wa quḍiya bainahum bil-ḥaqqi wa hum lā yuẓlamūn(a).",
      "translation": "Bumi (padang Mahsyar) menjadi terang benderang dengan cahaya Tuhannya, buku (catatan amal) diberikan (kepada setiap orang), para nabi dan para saksi pun dihadirkan, lalu diberikan keputusan di antara mereka secara adil dan mereka tidak dizalimi.",
      "footnotes": null
    },
    {
      "ayah": 70,
      "quarter_hizb": 47.25,
      "juz": 24,
      "manzil": 6,
      "arabic": "وَوُفِّيَتْ كُلُّ نَفْسٍ مَّا عَمِلَتْ وَهُوَ اَعْلَمُ بِمَا يَفْعَلُوْنَ ࣖ ",
      "latin": "Wa wuffiyat kullu nafsim mā ‘amilat wa huwa a‘lamu bimā yaf‘alūn(a).",
      "translation": "Setiap jiwa diberi balasan dengan sempurna sesuai dengan apa yang telah dikerjakannya dan Dia paling tahu tentang apa yang mereka lakukan.",
      "footnotes": null
    },
    {
      "ayah": 71,
      "quarter_hizb": 47.25,
      "juz": 24,
      "manzil": 6,
      "arabic": "وَسِيْقَ الَّذِيْنَ كَفَرُوْٓا اِلٰى جَهَنَّمَ زُمَرًا ۗحَتّٰىٓ اِذَا جَاۤءُوْهَا فُتِحَتْ اَبْوَابُهَا وَقَالَ لَهُمْ خَزَنَتُهَآ اَلَمْ يَأْتِكُمْ رُسُلٌ مِّنْكُمْ يَتْلُوْنَ عَلَيْكُمْ اٰيٰتِ رَبِّكُمْ وَيُنْذِرُوْنَكُمْ لِقَاۤءَ يَوْمِكُمْ هٰذَا ۗقَالُوْا بَلٰى وَلٰكِنْ حَقَّتْ كَلِمَةُ الْعَذَابِ عَلَى الْكٰفِرِيْنَ",
      "latin": "Wasīqal-lażīna kafarū ilā jahannama zumarā(n), ḥattā iżā jā'ūhā futiḥat abwābuhā wa qāla lahum khazanatuhā alam ya'tikum rusulum minkum yatlūna ‘alaikum āyāti rabbikum wa yunżirūnakum liqā'a yaumikum hāżā, qālū balā wa lākin ḥaqqat kalimatul-‘ażābi ‘alal-kāfirīn(a).",
      "translation": "Orang-orang yang kufur digiring ke (neraka) Jahanam secara berombongan sehingga apabila mereka telah sampai di sana, pintu-pintunya dibuka dan para penjaganya berkata kepada mereka, “Apakah belum pernah datang kepadamu rasul-rasul dari kalanganmu yang membacakan ayat-ayat Tuhanmu dan memperingatkan kepadamu pertemuan (dengan) harimu ini?” Mereka menjawab, “Benar, (telah datang para rasul).” Akan tetapi, ketetapan azab pasti berlaku terhadap orang-orang kafir.",
      "footnotes": null
    },
    {
      "ayah": 72,
      "quarter_hizb": 47.25,
      "juz": 24,
      "manzil": 6,
      "arabic": "قِيْلَ ادْخُلُوْٓا اَبْوَابَ جَهَنَّمَ خٰلِدِيْنَ فِيْهَا ۚفَبِئْسَ مَثْوَى الْمُتَكَبِّرِيْنَ",
      "latin": "Qīladkhulū abwāba jahannama khālidīna fīhā, fa bi'sa maṡwal-mutakabūbirīn(a).",
      "translation": "Dikatakan (kepada mereka), “Masuklah pintu-pintu (neraka) Jahanam (untuk tinggal) di dalamnya selama-lamanya!” Maka, (neraka Jahanam) itu seburuk-buruk tempat tinggal bagi orang-orang yang takabur.",
      "footnotes": null
    },
    {
      "ayah": 73,
      "quarter_hizb": 47.25,
      "juz": 24,
      "manzil": 6,
      "arabic": "وَسِيْقَ الَّذِيْنَ اتَّقَوْا رَبَّهُمْ اِلَى الْجَنَّةِ زُمَرًا ۗحَتّٰىٓ اِذَا جَاۤءُوْهَا وَفُتِحَتْ اَبْوَابُهَا وَقَالَ لَهُمْ خَزَنَتُهَا سَلٰمٌ عَلَيْكُمْ طِبْتُمْ فَادْخُلُوْهَا خٰلِدِيْنَ",
      "latin": "Wasīqal-lażīnattaqau rabbahum ilal-jannati zumarā(n), ḥattā iżā jā'ūhā wa futiḥat abwābuhā wa qāla lahum khazanatuhā salāmun ‘alaikum ṭibtum fadkhulūhā khālidīn(a).",
      "translation": "Orang-orang yang bertakwa kepada Tuhannya diantar ke dalam surga secara berombongan sehingga apabila mereka telah sampai di sana dan pintu-pintunya telah dibuka, para penjaganya berkata kepada mereka, “Salāmun ‘alaikum (semoga keselamatan tercurah kepadamu), berbahagialah kamu. Maka, masuklah ke dalamnya (untuk tinggal) selama-lamanya!”",
      "footnotes": null
    },
    {
      "ayah": 74,
      "quarter_hizb": 47.25,
      "juz": 24,
      "manzil": 6,
      "arabic": "وَقَالُوا الْحَمْدُ لِلّٰهِ الَّذِيْ صَدَقَنَا وَعْدَهٗ وَاَوْرَثَنَا الْاَرْضَ نَتَبَوَّاُ مِنَ الْجَنَّةِ حَيْثُ نَشَاۤءُ ۚفَنِعْمَ اَجْرُ الْعٰمِلِيْنَ",
      "latin": "Wa qālul-ḥamdu lillāhil-lażī ṣadaqanā wa‘dahū wa auraṡanal-arḍa natabawwa'u minal-jannati ḥaiṡu nasyā'(u), fani‘ma ajrul-‘āmilīn(a).",
      "translation": "Mereka berkata, “Segala puji bagi Allah yang telah memenuhi janji-Nya dan mewariskan bumi (di akhirat) ini kepada kami sehingga dapat menempati surga sesuai dengan kehendak kami.” (Surga adalah) sebaik-baik balasan bagi orang-orang yang beramal (saleh).",
      "footnotes": null
    },
    {
      "ayah": 75,
      "quarter_hizb": 47.25,
      "juz": 24,
      "manzil": 6,
      "arabic": "وَتَرَى الْمَلٰۤىِٕكَةَ حَاۤفِّيْنَ مِنْ حَوْلِ الْعَرْشِ يُسَبِّحُوْنَ بِحَمْدِ رَبِّهِمْۚ وَقُضِيَ بَيْنَهُمْ بِالْحَقِّ وَقِيْلَ الْحَمْدُ لِلّٰهِ رَبِّ الْعٰلَمِيْنَ ࣖ",
      "latin": "Wa taral-malā'ikata ḥāffīna min ḥaulil-‘arsyi yusabbiḥūna biḥamdi rabbihim, wa quḍiya bainahum bil-ḥaqqi wa qīlal-ḥamdu lillāhi rabbil-‘ālamīn(a).",
      "translation": "Engkau (Nabi Muhammad) akan melihat malaikat melingkar di sekeliling ʻArasy. Mereka bertasbih sambil memuji Tuhannya. (Urusan) di antara mereka (seluruh makhluk) diputuskan dengan hak (adil). (Ketika itu) dikatakan, “Segala puji bagi Allah, Tuhan semesta alam.”",
      "footnotes": null
    }
  ]
}