{
  "arabic": " فصّلت",
  "latin": "Fuṣṣilat",
  "transliteration": "Fussilat",
  "translation": "Dijelaskan",
  "num_ayah": 54,
  "location": "Makkiyah",
  "ayah": [
    {
      "ayah": 1,
      "quarter_hizb": 48.25,
      "juz": 24,
      "manzil": 6,
      "arabic": " حٰمۤ  ۚ ",
      "latin": "Ḥā mīm.",
      "translation": "Ḥa Mīm.",
      "footnotes": null
    },
    {
      "ayah": 2,
      "quarter_hizb": 48.25,
      "juz": 24,
      "manzil": 6,
      "arabic": "تَنْزِيْلٌ مِّنَ الرَّحْمٰنِ الرَّحِيْمِ ۚ ",
      "latin": "Tanzīlum minar-raḥmānir-raḥīm(i).",
      "translation": "(Al-Qur’an ini) diturunkan dari Tuhan Yang Maha Pengasih lagi Maha Penyayang.",
      "footnotes": null
    },
    {
      "ayah": 3,
      "quarter_hizb": 48.25,
      "juz": 24,
      "manzil": 6,
      "arabic": "كِتٰبٌ فُصِّلَتْ اٰيٰتُهٗ قُرْاٰنًا عَرَبِيًّا لِّقَوْمٍ يَّعْلَمُوْنَۙ ",
      "latin": "Kitābun fuṣṣilat āyātuhū qur'ānan ‘arabiyyal liqaumiy ya‘lamūn(a).",
      "translation": "Kitab yang ayat-ayatnya dijelaskan sebagai bacaan dalam bahasa Arab untuk kaum yang mengetahui,",
      "footnotes": null
    },
    {
      "ayah": 4,
      "quarter_hizb": 48.25,
      "juz": 24,
      "manzil": 6,
      "arabic": "بَشِيْرًا وَّنَذِيْرًاۚ فَاَعْرَضَ اَكْثَرُهُمْ فَهُمْ لَا يَسْمَعُوْنَ ",
      "latin": "Basyīraw wa nażīrā(n), fa'a‘raḍa akṡaruhum fahum lā yasma‘ūn(a).",
      "translation": "yang membawa berita gembira dan peringatan. Akan tetapi, kebanyakan mereka berpaling (darinya) serta tidak mendengarkan.",
      "footnotes": null
    },
    {
      "ayah": 5,
      "quarter_hizb": 48.25,
      "juz": 24,
      "manzil": 6,
      "arabic": "وَقَالُوْا قُلُوْبُنَا فِيْٓ اَكِنَّةٍ مِّمَّا تَدْعُوْنَآ اِلَيْهِ وَفِيْٓ اٰذَانِنَا وَقْرٌ وَّمِنْۢ بَيْنِنَا وَبَيْنِكَ حِجَابٌ فَاعْمَلْ اِنَّنَا عٰمِلُوْنَ",
      "latin": "Wa qālū qulūbunā fī akinnatim mimmā tad‘ūnā ilaihi wa fī āżāninā waqruw wa mim baininā wa bainika ḥijābun fa‘mal  innanā ‘āmilūn(a).",
      "translation": "Mereka berkata, “Hati kami sudah tertutup dari apa yang engkau serukan kepada kami. Dalam telinga kami ada penyumbat dan di antara kami dan engkau ada tabir. Oleh sebab itu, lakukanlah (apa yang kamu sukai). Sesungguhnya kami akan melakukan (apa yang kami sukai).”",
      "footnotes": null
    },
    {
      "ayah": 6,
      "quarter_hizb": 48.25,
      "juz": 24,
      "manzil": 6,
      "arabic": "قُلْ اِنَّمَآ اَنَا۟ بَشَرٌ مِّثْلُكُمْ يُوْحٰىٓ اِلَيَّ اَنَّمَآ اِلٰهُكُمْ اِلٰهٌ وَّاحِدٌ فَاسْتَقِيْمُوْٓا اِلَيْهِ وَاسْتَغْفِرُوْهُ ۗوَوَيْلٌ لِّلْمُشْرِكِيْنَۙ ",
      "latin": "Qul innamā ana basyarum miṡlukum yūḥā ilayya annamā ilāhukum ilāhuw wāḥidun fastaqīmū ilaihi wastagfirūh(u), wa wailul lil-musyrikīn(a).",
      "translation": "Katakanlah (Nabi Muhammad), “Sesungguhnya aku hanyalah seorang manusia seperti kamu yang diwahyukan kepadaku bahwa Tuhan kamu adalah Tuhan Yang Maha Esa. Oleh sebab itu, tetaplah (dalam beribadah) dan mohonlah ampunan kepada-Nya. Celakalah orang-orang yang mempersekutukan(-Nya),",
      "footnotes": null
    },
    {
      "ayah": 7,
      "quarter_hizb": 48.25,
      "juz": 24,
      "manzil": 6,
      "arabic": "الَّذِيْنَ لَا يُؤْتُوْنَ الزَّكٰوةَ وَهُمْ بِالْاٰخِرَةِ هُمْ كٰفِرُوْنَ",
      "latin": "Allażīna lā yu'tūnaz-zakāta wa hum bil-ākhirati hum kāfirūn(a).",
      "translation": "(yaitu) orang-orang yang tidak menunaikan zakat dan mereka ingkar terhadap kehidupan akhirat.",
      "footnotes": null
    },
    {
      "ayah": 8,
      "quarter_hizb": 48.25,
      "juz": 24,
      "manzil": 6,
      "arabic": "اِنَّ الَّذِيْنَ اٰمَنُوْا وَعَمِلُوا الصّٰلِحٰتِ لَهُمْ اَجْرٌ غَيْرُ مَمْنُوْنٍ ࣖ ",
      "latin": "Innal-lażīna āmanū wa ‘amiluṣ-ṣāliḥāti lahum ajrun gairu mamnūn(in).",
      "translation": "Sesungguhnya orang-orang yang beriman dan mengerjakan kebajikan, mereka akan mendapat pahala yang tidak ada putus-putusnya.”",
      "footnotes": null
    },
    {
      "ayah": 9,
      "quarter_hizb": 48.5,
      "juz": 24,
      "manzil": 6,
      "arabic": "۞ قُلْ اَىِٕنَّكُمْ لَتَكْفُرُوْنَ بِالَّذِيْ خَلَقَ الْاَرْضَ فِيْ يَوْمَيْنِ وَتَجْعَلُوْنَ لَهٗٓ اَنْدَادًا ۗذٰلِكَ رَبُّ الْعٰلَمِيْنَ ۚ ",
      "latin": "Qul a'innakum latakfurūna bil-lażī khalaqal-arḍa fī yaumaini wa taj‘alūna lahū andādā(n), żālika rabbul-‘ālamīn(a).",
      "translation": "Katakanlah, “Pantaskah kamu mengingkari Tuhan yang menciptakan bumi dalam dua masa dan kamu adakan pula sekutu-sekutu bagi-Nya? Itulah Tuhan semesta alam.”",
      "footnotes": null
    },
    {
      "ayah": 10,
      "quarter_hizb": 48.5,
      "juz": 24,
      "manzil": 6,
      "arabic": "وَجَعَلَ فِيْهَا رَوَاسِيَ مِنْ فَوْقِهَا وَبٰرَكَ فِيْهَا وَقَدَّرَ فِيْهَآ اَقْوَاتَهَا فِيْٓ اَرْبَعَةِ اَيَّامٍۗ سَوَاۤءً لِّلسَّاۤىِٕلِيْنَ",
      "latin": "Wa ja‘ala fīhā rawāsiya min fauqihā wa bāraka fīhā wa qaddara fīhā aqwātahā fī arba‘ati ayyām(in), sawā'al lis-sā'ilīn(a).",
      "translation": "Dia ciptakan pada (bumi) itu gunung-gunung yang kokoh di atasnya, lalu Dia memberkahi dan menentukan makanan-makanan (bagi penghuni)-nya dalam empat masa yang cukup untuk (kebutuhan) mereka yang memerlukannya.",
      "footnotes": null
    },
    {
      "ayah": 11,
      "quarter_hizb": 48.5,
      "juz": 24,
      "manzil": 6,
      "arabic": "ثُمَّ اسْتَوٰىٓ اِلَى السَّمَاۤءِ وَهِيَ دُخَانٌ فَقَالَ لَهَا وَلِلْاَرْضِ ائْتِيَا طَوْعًا اَوْ كَرْهًاۗ قَالَتَآ اَتَيْنَا طَاۤىِٕعِيْنَ ",
      "latin": "Ṡummastawā ilas-samā'i wa hiya dukhānun faqāla lahā wa lil-arḍi'tiyā ṭau‘an au karhā(n), qālatā atainā ṭā'i‘īn(a).",
      "translation": "Dia kemudian menuju ke langit dan (langit) itu masih berupa asap. Dia berfirman kepadanya dan kepada bumi, “Tunduklah kepada-Ku dengan patuh atau terpaksa.” Keduanya menjawab, “Kami tunduk dengan patuh.”",
      "footnotes": null
    },
    {
      "ayah": 12,
      "quarter_hizb": 48.5,
      "juz": 24,
      "manzil": 6,
      "arabic": "فَقَضٰىهُنَّ سَبْعَ سَمٰوَاتٍ فِيْ يَوْمَيْنِ وَاَوْحٰى فِيْ كُلِّ سَمَاۤءٍ اَمْرَهَا ۗوَزَيَّنَّا السَّمَاۤءَ الدُّنْيَا بِمَصَابِيْحَۖ وَحِفْظًا ۗذٰلِكَ تَقْدِيْرُ الْعَزِيْزِ الْعَلِيْمِ",
      "latin": "Fa qaḍāhunna sab‘a samāwātin fī yaumaini wa auḥā fī kulli samā'in amrahā, wa zayyannas-samā'ad-dun-yā bimaṣābīḥa wa ḥifẓā(n), żālika taqdīrul-‘azīzil-‘alīm(i).",
      "translation": "Lalu, Dia menjadikannya tujuh langit dalam dua masa dan pada setiap langit Dia mewahyukan urusan masing-masing. Kemudian langit yang paling dekat (dengan bumi), Kami hiasi dengan bintang-bintang sebagai penjagaan (dari setan).669) Demikianlah ketetapan (Allah) Yang Maha Perkasa lagi Maha Mengetahui.",
      "footnotes": "669) Kebiasaan setan adalah mengintip dan mencuri dengar pembicaraan para malaikat tentang apa yang akan terjadi di bumi."
    },
    {
      "ayah": 13,
      "quarter_hizb": 48.5,
      "juz": 24,
      "manzil": 6,
      "arabic": "فَاِنْ اَعْرَضُوْا فَقُلْ اَنْذَرْتُكُمْ صٰعِقَةً مِّثْلَ صٰعِقَةِ عَادٍ وَّثَمُوْدَ ۗ ",
      "latin": "Fa in a‘raḍū faqul anżartukum ṣā‘iqatam miṡla ṣā‘iqati ‘ādiw wa ṡamūd(a).",
      "translation": "Jika mereka berpaling, katakanlah, “Aku telah memperingatkan kamu (azab berupa) petir seperti petir yang menimpa (kaum) ‘Ad dan (kaum) Samud.”",
      "footnotes": null
    },
    {
      "ayah": 14,
      "quarter_hizb": 48.5,
      "juz": 24,
      "manzil": 6,
      "arabic": "اِذْ جَاۤءَتْهُمُ الرُّسُلُ مِنْۢ بَيْنِ اَيْدِيْهِمْ وَمِنْ خَلْفِهِمْ اَلَّا تَعْبُدُوْٓا اِلَّا اللّٰهَ ۗقَالُوْا لَوْ شَاۤءَ رَبُّنَا لَاَنْزَلَ مَلٰۤىِٕكَةً فَاِنَّا بِمَآ اُرْسِلْتُمْ بِهٖ كٰفِرُوْنَ ",
      "latin": "Iż jā'athumur-rusulu mim baini aidīhim wa min khalfihim allā ta‘budū illallāh(a), qālū lau syā'a rabbunā la'anzala malā'ikatan fa'innā bimā ursiltum bihī kāfirūn(a).",
      "translation": "Ketika para rasul datang kepada mereka dari depan dan dari belakang mereka670) (dengan menyerukan,) “Janganlah kamu menyembah selain Allah,” mereka menjawab, “Kalau Tuhan kami menghendaki, tentu Dia menurunkan malaikat-malaikat-Nya. Sesungguhnya kami ingkar pada kerasulanmu.”",
      "footnotes": "670) Yang dimaksud dengan dari depan dan dari belakang adalah dari segala penjuru."
    },
    {
      "ayah": 15,
      "quarter_hizb": 48.5,
      "juz": 24,
      "manzil": 6,
      "arabic": "فَاَمَّا عَادٌ فَاسْتَكْبَرُوْا فِى الْاَرْضِ بِغَيْرِ الْحَقِّ وَقَالُوْا مَنْ اَشَدُّ مِنَّا قُوَّةً ۗ اَوَلَمْ يَرَوْا اَنَّ اللّٰهَ الَّذِيْ خَلَقَهُمْ هُوَ اَشَدُّ مِنْهُمْ قُوَّةً ۗ وَكَانُوْا بِاٰيٰتِنَا يَجْحَدُوْنَ",
      "latin": "Fa ammā ‘ādun fastakbarū fil-arḍi bigairil-ḥaqqi wa qālū man asyaddu minnā quwwah(tan), awalam yarau annallāhal-lażī khalaqahum huwa asyaddu minhum quwwah(tan), wa kānū bi'āyātinā yajḥadūn(a).",
      "translation": "Adapun (kaum) ‘Ad, mereka menyombongkan diri di bumi tanpa alasan yang benar. Mereka berkata, “Siapakah yang lebih hebat kekuatannya daripada kami?” Tidakkah mereka memperhatikan bahwa sesungguhnya Allah yang menciptakan mereka itu lebih hebat kekuatan-Nya daripada mereka? Mereka telah mengingkari tanda-tanda (kebesaran) Kami.",
      "footnotes": null
    },
    {
      "ayah": 16,
      "quarter_hizb": 48.5,
      "juz": 24,
      "manzil": 6,
      "arabic": "فَاَرْسَلْنَا عَلَيْهِمْ رِيْحًا صَرْصَرًا فِيْٓ اَيَّامٍ نَّحِسَاتٍ لِّنُذِيْقَهُمْ عَذَابَ الْخِزْيِ فِى الْحَيٰوةِ الدُّنْيَا ۗوَلَعَذَابُ الْاٰخِرَةِ اَخْزٰى وَهُمْ لَا يُنْصَرُوْنَ",
      "latin": "Fa arsalnā ‘alaihim rīḥan ṣarṣaran fī ayyāmin naḥisātil linużīqahum-‘ażābal khizyi fil-ḥayātid-dun-yā, wa la‘ażābul-ākhirati akhzā wa hum lā yunṣarūn(a).",
      "translation": "Maka, Kami mengembuskan angin yang sangat dingin dan bergemuruh kepada mereka selama beberapa hari yang nahas karena Kami ingin agar mereka merasakan siksaan yang menghinakan dalam kehidupan di dunia. Sungguh, azab akhirat lebih menghinakan dan mereka tidak diberi pertolongan.",
      "footnotes": null
    },
    {
      "ayah": 17,
      "quarter_hizb": 48.5,
      "juz": 24,
      "manzil": 6,
      "arabic": "وَاَمَّا ثَمُوْدُ فَهَدَيْنٰهُمْ فَاسْتَحَبُّوا الْعَمٰى عَلَى الْهُدٰى فَاَخَذَتْهُمْ صٰعِقَةُ الْعَذَابِ الْهُوْنِ بِمَا كَانُوْا يَكْسِبُوْنَ ۚ ",
      "latin": "Wa ammā ṡamūdu fa hadaināhum fastaḥabbul-‘amā ‘alal-hudā fa akhażathum ṣā‘iqatul-‘ażābil-hūni bimā kānū yaksibūn(a).",
      "translation": "Adapun (kaum) Samud, mereka telah Kami beri petunjuk, tetapi mereka lebih menyukai kebutaan (kesesatan) daripada petunjuk itu. Maka, mereka disambar petir sebagai azab yang menghinakan karena apa yang telah mereka kerjakan.",
      "footnotes": null
    },
    {
      "ayah": 18,
      "quarter_hizb": 48.5,
      "juz": 24,
      "manzil": 6,
      "arabic": "وَنَجَّيْنَا الَّذِيْنَ اٰمَنُوْا وَكَانُوْا يَتَّقُوْنَ ࣖ ",
      "latin": "Wa najjainal-lażīna āmanū wa kānū yattaqūn(a).",
      "translation": "Kami menyelamatkan orang-orang yang beriman dan selalu bertakwa.",
      "footnotes": null
    },
    {
      "ayah": 19,
      "quarter_hizb": 48.5,
      "juz": 24,
      "manzil": 6,
      "arabic": "وَيَوْمَ يُحْشَرُ اَعْدَاۤءُ اللّٰهِ اِلَى النَّارِ فَهُمْ يُوْزَعُوْنَ",
      "latin": "Wa yauma yuḥsyaru a‘dā'ullāhi ilan-nāri fahum yūza‘ūn(a).",
      "translation": "(Ingatlah) hari (ketika) musuh-musuh Allah digiring ke neraka, lalu mereka dipisah-pisahkan.",
      "footnotes": null
    },
    {
      "ayah": 20,
      "quarter_hizb": 48.5,
      "juz": 24,
      "manzil": 6,
      "arabic": "حَتّٰىٓ اِذَا مَا جَاۤءُوْهَا شَهِدَ عَلَيْهِمْ سَمْعُهُمْ وَاَبْصَارُهُمْ وَجُلُوْدُهُمْ بِمَا كَانُوْا يَعْمَلُوْنَ ",
      "latin": "Ḥattā iżā mā jā'ūhā syahida ‘alaihim sam‘uhum wa abṣāruhum wa julūduhum bimā kānū ya‘malūn(a).",
      "translation": "Ketika mereka sampai ke neraka, pendengaran, penglihatan, dan kulit mereka menjadi saksi terhadap apa yang telah mereka lakukan.",
      "footnotes": null
    },
    {
      "ayah": 21,
      "quarter_hizb": 48.5,
      "juz": 24,
      "manzil": 6,
      "arabic": "وَقَالُوْا لِجُلُوْدِهِمْ لِمَ شَهِدْتُّمْ عَلَيْنَا ۗقَالُوْٓا اَنْطَقَنَا اللّٰهُ الَّذِيْٓ اَنْطَقَ كُلَّ شَيْءٍ وَّهُوَ خَلَقَكُمْ اَوَّلَ مَرَّةٍۙ وَّاِلَيْهِ تُرْجَعُوْنَ",
      "latin": "Wa qālū lijulūdihim lima syahittum ‘alainā, qālū anṭaqanallāhul-lażī anṭaqa kulla syai'iw wa huwa khalaqakum awwala marrah(tin), wa ilaihi turja‘ūn(a).",
      "translation": "Mereka berkata kepada kulit mereka, “Mengapa kamu menjadi saksi terhadap kami?” (Kulit) mereka menjawab, “Allah yang menjadikan segala sesuatu dapat berbicara telah menjadikan kami dapat berbicara. Dialah yang menciptakan kamu pertama kali dan hanya kepada-Nya kamu dikembalikan.”",
      "footnotes": null
    },
    {
      "ayah": 22,
      "quarter_hizb": 48.5,
      "juz": 24,
      "manzil": 6,
      "arabic": "وَمَا كُنْتُمْ تَسْتَتِرُوْنَ اَنْ يَّشْهَدَ عَلَيْكُمْ سَمْعُكُمْ وَلَآ اَبْصَارُكُمْ وَلَا جُلُوْدُكُمْ وَلٰكِنْ ظَنَنْتُمْ اَنَّ اللّٰهَ لَا يَعْلَمُ كَثِيْرًا مِّمَّا تَعْمَلُوْنَ",
      "latin": "Wa mā kuntum tastatirūna ay yasyhada ‘alaikum sam‘ukum wa lā abṣārukum wa lā julūdukum wa lākin ẓanantum  annallāha lā ya‘lamu kaṡīram mimmā ta‘malūn(a).",
      "translation": "Kamu tidak dapat bersembunyi dari kesaksian pendengaran, penglihatan, dan kulitmu terhadapmu, bahkan kamu mengira Allah tidak mengetahui banyak tentang apa yang kamu lakukan.671)",
      "footnotes": "671) Mereka melakukan dosa dengan terang-terangan karena menyangka bahwa Allah tidak mengetahui perbuatan mereka serta pendengaran, penglihatan, dan kulit mereka tidak akan menjadi saksi di akhirat kelak atas perbuatan mereka."
    },
    {
      "ayah": 23,
      "quarter_hizb": 48.5,
      "juz": 24,
      "manzil": 6,
      "arabic": "وَذٰلِكُمْ ظَنُّكُمُ الَّذِيْ ظَنَنْتُمْ بِرَبِّكُمْ اَرْدٰىكُمْ فَاَصْبَحْتُمْ مِّنَ الْخٰسِرِيْنَ",
      "latin": "Wa żālikum ẓannukumul-lażī ẓanantum birabbikum ardākum fa aṣbaḥtum minal-khāsirīn(a).",
      "translation": "Itulah dugaanmu yang telah kamu sangkakan terhadap Tuhanmu. (Dugaan) itu telah membinasakan kamu sehingga jadilah kamu termasuk orang-orang yang rugi.",
      "footnotes": null
    },
    {
      "ayah": 24,
      "quarter_hizb": 48.5,
      "juz": 24,
      "manzil": 6,
      "arabic": "فَاِنْ يَّصْبِرُوْا فَالنَّارُ مَثْوًى لَّهُمْ ۚوَاِنْ يَّسْتَعْتِبُوْا فَمَا هُمْ مِّنَ الْمُعْتَبِيْنَ",
      "latin": "Fa iy yaṣbirū fan-nāru maṡwal lahum, wa iy yasta‘tibū famā hum minal-mu‘tabīn(a).",
      "translation": "Jika mereka bersabar (atas azab neraka), nerakalah tempat tinggal mereka dan jika mereka meminta belas kasihan, maka mereka bukanlah orang yang pantas dikasihani.",
      "footnotes": null
    },
    {
      "ayah": 25,
      "quarter_hizb": 48.75,
      "juz": 24,
      "manzil": 6,
      "arabic": "۞ وَقَيَّضْنَا لَهُمْ قُرَنَاۤءَ فَزَيَّنُوْا لَهُمْ مَّا بَيْنَ اَيْدِيْهِمْ وَمَا خَلْفَهُمْ وَحَقَّ عَلَيْهِمُ الْقَوْلُ فِيْٓ اُمَمٍ قَدْ خَلَتْ مِنْ قَبْلِهِمْ مِّنَ الْجِنِّ وَالْاِنْسِۚ اِنَّهُمْ كَانُوْا خٰسِرِيْنَ ࣖ ",
      "latin": "Wa qayyaḍnā lahum quranā'a fa zayyanū lahum mā baina aidīhim wa mā khalfahum wa ḥaqqa ‘alaihimul-qaulu fī umamin qad khalat min qablihim minal-jinni wal-ins(i), innahum kānū khāsirīn(a).",
      "translation": "Kami menetapkan bagi mereka teman-teman (dari setan) yang memuji-muji apa saja yang ada di hadapan (nafsu dan kelezatan dunia) dan di belakang (angan-angan) mereka. Tetaplah atas mereka putusan (azab) bersama umat-umat yang terdahulu sebelum mereka dari (golongan) jin dan manusia. Sesungguhnya mereka adalah orang-orang yang rugi.",
      "footnotes": null
    },
    {
      "ayah": 26,
      "quarter_hizb": 48.75,
      "juz": 24,
      "manzil": 6,
      "arabic": "وَقَالَ الَّذِيْنَ كَفَرُوْا لَا تَسْمَعُوْا لِهٰذَا الْقُرْاٰنِ وَالْغَوْا فِيْهِ لَعَلَّكُمْ تَغْلِبُوْنَ",
      "latin": "Wa qālal-lażīna kafarū lā tasma‘ū lihāżal-qur'āni walgau fīhi la‘allakum taglibūn(a).",
      "translation": "Orang-orang yang kufur berkata, “Janganlah kamu mendengarkan (bacaan) Al-Qur’an ini dan buatlah kegaduhan terhadapnya agar kamu dapat mengalahkan (mereka).\"",
      "footnotes": null
    },
    {
      "ayah": 27,
      "quarter_hizb": 48.75,
      "juz": 24,
      "manzil": 6,
      "arabic": "فَلَنُذِيْقَنَّ الَّذِيْنَ كَفَرُوْا عَذَابًا شَدِيْدًاۙ وَّلَنَجْزِيَنَّهُمْ اَسْوَاَ الَّذِيْ كَانُوْا يَعْمَلُوْنَ",
      "latin": "Fa lanużīqannal-lażīna kafarū ‘ażāban syadīdā(n), wa lanajziyannahum aswa'al-lażī  kānū ya‘malūn(a).",
      "translation": "Sungguh, Kami pasti akan menimpakan azab yang keras kepada orang-orang yang kufur itu dan sungguh, Kami pasti akan membalas mereka dengan seburuk-buruk balasan (atas) apa yang telah mereka kerjakan.",
      "footnotes": null
    },
    {
      "ayah": 28,
      "quarter_hizb": 48.75,
      "juz": 24,
      "manzil": 6,
      "arabic": "ذٰلِكَ جَزَاۤءُ اَعْدَاۤءِ اللّٰهِ النَّارُ لَهُمْ فِيْهَا دَارُ الْخُلْدِ ۗجَزَاۤءً ۢبِمَا كَانُوْا بِاٰيٰتِنَا يَجْحَدُوْنَ",
      "latin": "Żālika jazā'u a‘dā'illāhin-nāru lahum fīhā dārul-khuld(i), jazā'am bimā kānū bi'āyātinā yajḥadūn(a).",
      "translation": "Itulah neraka, balasan (bagi) musuh-musuh Allah. Mereka mendapat tempat tinggal yang kekal di dalamnya sebagai balasan atas keingkaran mereka terhadap ayat-ayat Kami.",
      "footnotes": null
    },
    {
      "ayah": 29,
      "quarter_hizb": 48.75,
      "juz": 24,
      "manzil": 6,
      "arabic": "وَقَالَ الَّذِيْنَ كَفَرُوْا رَبَّنَآ اَرِنَا الَّذَيْنِ اَضَلّٰنَا مِنَ الْجِنِّ وَالْاِنْسِ نَجْعَلْهُمَا تَحْتَ اَقْدَامِنَا لِيَكُوْنَا مِنَ الْاَسْفَلِيْنَ",
      "latin": "Wa qālal-lażīna kafarū rabbanā arinal-lażaini aḍallānā minal-jinni wal-insi naj‘alhumā taḥta aqdāminā liyakūnā minal-asfalīn(a).",
      "translation": "Orang-orang yang kufur berkata, “Ya Tuhan kami, perlihatkanlah kepada kami dua golongan yang telah menyesatkan kami, yaitu (golongan) jin dan manusia, agar kami meletakkan keduanya di bawah telapak kaki kami supaya keduanya menjadi golongan yang paling bawah (hina).”",
      "footnotes": null
    },
    {
      "ayah": 30,
      "quarter_hizb": 48.75,
      "juz": 24,
      "manzil": 6,
      "arabic": "اِنَّ الَّذِيْنَ قَالُوْا رَبُّنَا اللّٰهُ ثُمَّ اسْتَقَامُوْا تَتَنَزَّلُ عَلَيْهِمُ الْمَلٰۤىِٕكَةُ اَلَّا تَخَافُوْا وَلَا تَحْزَنُوْا وَاَبْشِرُوْا بِالْجَنَّةِ الَّتِيْ كُنْتُمْ تُوْعَدُوْنَ",
      "latin": "Innal-lażīna qālū rabbunallāhu ṡummastaqāmū tatanazzalu ‘alaihimul-malā'ikatu allā takhāfū wa lā taḥzanū wa absyirū bil-jannatil-latī kuntum tū‘adūn(a).",
      "translation": "Sesungguhnya orang-orang yang berkata, “Tuhan kami adalah Allah,” kemudian tetap (dalam pendiriannya), akan turun malaikat-malaikat kepada mereka (seraya berkata), “Janganlah kamu takut dan bersedih hati serta bergembiralah dengan (memperoleh) surga yang telah dijanjikan kepadamu.”",
      "footnotes": null
    },
    {
      "ayah": 31,
      "quarter_hizb": 48.75,
      "juz": 24,
      "manzil": 6,
      "arabic": "نَحْنُ اَوْلِيَاۤؤُكُمْ فِى الْحَيٰوةِ الدُّنْيَا وَفِى الْاٰخِرَةِ ۚوَلَكُمْ فِيْهَا مَا تَشْتَهِيْٓ اَنْفُسُكُمْ وَلَكُمْ فِيْهَا مَا تَدَّعُوْنَ ۗ ",
      "latin": "Naḥnu auliyā'ukum fil-ḥayātid-dun-yā wa fil-ākhirah(ti), wa lakum fīhā mā tasytahī anfusukum wa lakum fīhā mā tadda‘ūn(a).",
      "translation": "Kamilah pelindung-pelindungmu dalam kehidupan dunia dan akhirat. Di dalamnya (surga) kamu akan memperoleh apa yang kamu sukai dan apa yang kamu minta.",
      "footnotes": null
    },
    {
      "ayah": 32,
      "quarter_hizb": 48.75,
      "juz": 24,
      "manzil": 6,
      "arabic": "نُزُلًا مِّنْ غَفُوْرٍ رَّحِيْمٍ ࣖ ",
      "latin": "Nuzulam min gafūrir raḥīm(in).",
      "translation": "(Semua itu) sebagai karunia (penghormatan bagimu) dari (Allah) Yang Maha Pengampun lagi Maha Penyayang.”",
      "footnotes": null
    },
    {
      "ayah": 33,
      "quarter_hizb": 48.75,
      "juz": 24,
      "manzil": 6,
      "arabic": "وَمَنْ اَحْسَنُ قَوْلًا مِّمَّنْ دَعَآ اِلَى اللّٰهِ وَعَمِلَ صَالِحًا وَّقَالَ اِنَّنِيْ مِنَ الْمُسْلِمِيْنَ ",
      "latin": "Wa man aḥsanu qaulam mimman da‘ā ilallāhi wa ‘amila ṣāliḥaw wa qāla innanī minal-muslimīn(a).",
      "translation": "Siapakah yang lebih baik perkataannya daripada orang yang menyeru kepada Allah, mengerjakan kebajikan, dan berkata, “Sesungguhnya aku termasuk orang-orang muslim (yang berserah diri)?”",
      "footnotes": null
    },
    {
      "ayah": 34,
      "quarter_hizb": 48.75,
      "juz": 24,
      "manzil": 6,
      "arabic": "وَلَا تَسْتَوِى الْحَسَنَةُ وَلَا السَّيِّئَةُ ۗاِدْفَعْ بِالَّتِيْ هِيَ اَحْسَنُ فَاِذَا الَّذِيْ بَيْنَكَ وَبَيْنَهٗ عَدَاوَةٌ كَاَنَّهٗ وَلِيٌّ حَمِيْمٌ  ",
      "latin": "Wa lā tastawil-ḥasanatu wa las-sayyi'ah(tu), idfa‘ bil-latī hiya aḥsanu fa'iżal-lażī bainaka wa bainahū ‘adāwatun ka'annahū waliyyun ḥamīm(un).",
      "translation": "Tidaklah sama kebaikan dengan kejahatan. Tolaklah (kejahatan) dengan perilaku yang lebih baik sehingga orang yang ada permusuhan denganmu serta-merta menjadi seperti teman yang sangat setia.",
      "footnotes": null
    },
    {
      "ayah": 35,
      "quarter_hizb": 48.75,
      "juz": 24,
      "manzil": 6,
      "arabic": "وَمَا يُلَقّٰىهَآ اِلَّا الَّذِيْنَ صَبَرُوْاۚ وَمَا يُلَقّٰىهَآ اِلَّا ذُوْ حَظٍّ عَظِيْمٍ",
      "latin": "Wa mā yulaqqāhā illal-lażīna ṣabarū, wa mā yulaqqāhā illā żū ḥaẓẓin ‘aẓīm(in).",
      "translation": "(Sifat-sifat yang baik itu) tidak akan dianugerahkan kecuali kepada orang-orang yang sabar dan tidak (pula) dianugerahkan kecuali kepada orang-orang yang mempunyai keberuntungan yang besar.",
      "footnotes": null
    },
    {
      "ayah": 36,
      "quarter_hizb": 48.75,
      "juz": 24,
      "manzil": 6,
      "arabic": "وَاِمَّا يَنْزَغَنَّكَ مِنَ الشَّيْطٰنِ نَزْغٌ فَاسْتَعِذْ بِاللّٰهِ ۗاِنَّهٗ هُوَ السَّمِيْعُ الْعَلِيْمُ ",
      "latin": "Wa immā yanzagannaka minasy-syaiṭāni nazgun fasta‘iż billāh(i), innahū huwas-samī‘ul-‘alīm(u).",
      "translation": "Jika setan sungguh-sungguh menggodamu dengan halus (untuk meninggalkan perilaku baik itu), maka berlindunglah kepada Allah! Sesungguhnya Dialah Yang Maha Mendengar lagi Maha Mengetahui.",
      "footnotes": null
    },
    {
      "ayah": 37,
      "quarter_hizb": 48.75,
      "juz": 24,
      "manzil": 6,
      "arabic": "وَمِنْ اٰيٰتِهِ الَّيْلُ وَالنَّهَارُ وَالشَّمْسُ وَالْقَمَرُۗ  لَا تَسْجُدُوْا لِلشَّمْسِ وَلَا لِلْقَمَرِ وَاسْجُدُوْا لِلّٰهِ الَّذِيْ خَلَقَهُنَّ اِنْ كُنْتُمْ اِيَّاهُ تَعْبُدُوْنَ  ",
      "latin": "Wa min āyātihil-lailu wan-nahāru wasy-syamsu wal-qamar(u), lā tasjudū lisy-syamsi wa lā lil-qamari wasjudū lillāhil-lażī khalaqahunna in kuntum iyyāhu ta‘budūn(a).",
      "translation": "Sebagian dari tanda-tanda (kebesaran)-Nya adalah malam, siang, matahari, dan bulan. Janganlah bersujud pada matahari dan jangan (pula) pada bulan. Bersujudlah kepada Allah yang menciptakannya jika kamu hanya menyembah kepada-Nya.",
      "footnotes": null
    },
    {
      "ayah": 38,
      "quarter_hizb": 48.75,
      "juz": 24,
      "manzil": 6,
      "arabic": "فَاِنِ اسْتَكْبَرُوْا فَالَّذِيْنَ عِنْدَ رَبِّكَ يُسَبِّحُوْنَ لَهٗ بِالَّيْلِ وَالنَّهَارِ وَهُمْ لَا يَسْـَٔمُوْنَ ۩",
      "latin": "Fa inistakbarū fal-lażīna ‘inda rabbika yusabbiḥūna lahū bil-laili wan-nahāri wa hum lā yas'amūn(a).",
      "translation": "Jika mereka (orang-orang musyrik) menyombongkan diri (enggan bersujud kepada-Nya), mereka (malaikat) yang (berada) di sisi Tuhanmu selalu bertasbih kepada-Nya pada malam dan siang hari tanpa pernah jemu.",
      "footnotes": null
    },
    {
      "ayah": 39,
      "quarter_hizb": 48.75,
      "juz": 24,
      "manzil": 6,
      "arabic": "وَمِنْ اٰيٰتِهٖٓ اَنَّكَ تَرَى الْاَرْضَ خَاشِعَةً فَاِذَآ اَنْزَلْنَا عَلَيْهَا الْمَاۤءَ اهْتَزَّتْ وَرَبَتْۗ اِنَّ الَّذِيْٓ اَحْيَاهَا لَمُحْيِ الْمَوْتٰى ۗاِنَّهٗ عَلٰى كُلِّ شَيْءٍ قَدِيْرٌ ",
      "latin": "Wa min āyātihī annaka taral-arḍa khāsyi‘atan fa iżā anzalnā ‘alaihal-mā'ahtazzat wa rabat, innal-lażī aḥyāhā lamuḥyil-mautā, innahū ‘alā kulli syai'in qadīr(un).",
      "translation": "Sebagian dari tanda-tanda (kebesaran)-Nya adalah bahwa engkau melihat bumi kering dan tandus, kemudian apabila Kami menurunkan air (hujan) padanya, ia pun hidup dan menjadi subur. Sesungguhnya Zat yang menghidupkannya pasti dapat menghidupkan yang mati. Sesungguhnya Dia Maha Kuasa atas segala sesuatu.",
      "footnotes": null
    },
    {
      "ayah": 40,
      "quarter_hizb": 48.75,
      "juz": 24,
      "manzil": 6,
      "arabic": "اِنَّ الَّذِيْنَ يُلْحِدُوْنَ فِيْٓ اٰيٰتِنَا لَا يَخْفَوْنَ عَلَيْنَاۗ اَفَمَنْ يُّلْقٰى فِى النَّارِ خَيْرٌ اَمْ مَّنْ يَّأْتِيْٓ اٰمِنًا يَّوْمَ الْقِيٰمَةِ ۗاِعْمَلُوْا مَا شِئْتُمْ ۙاِنَّهٗ بِمَا تَعْمَلُوْنَ بَصِيْرٌ",
      "latin": "Innal-lażīna yulḥidūna fī āyātinā lā yakhfauna ‘alainā, afamay yulqā fin-nāri khairun am may ya'tī āminay yaumal-qiyāmah(ti), i‘malū mā syi'tum, innahū bimā ta‘malūna  baṣīr(un).",
      "translation": "Sesungguhnya orang-orang yang mengingkari tanda-tanda (kebesaran) Kami, (mereka) tidak tersembunyi dari Kami. Apakah orang-orang yang dilemparkan ke dalam neraka itu lebih baik ataukah yang datang pada hari Kiamat dengan aman sentosa? Lakukanlah apa yang kamu kehendaki! Sesungguhnya Dia Maha Melihat apa yang kamu kerjakan.",
      "footnotes": null
    },
    {
      "ayah": 41,
      "quarter_hizb": 48.75,
      "juz": 24,
      "manzil": 6,
      "arabic": "اِنَّ الَّذِيْنَ كَفَرُوْا بِالذِّكْرِ لَمَّا جَاۤءَهُمْ ۗوَاِنَّهٗ لَكِتٰبٌ عَزِيْزٌ ۙ",
      "latin": "Innal-lażīna kafarū biż-żikri lammā jā'ahum, wa innahū lakitābun ‘azīz(un).",
      "translation": "Sesungguhnya orang-orang yang mengingkari Al-Qur’an ketika (Al-Qur’an) itu disampaikan kepada mereka, (pasti mereka akan celaka). Sesungguhnya (Al-Qur’an) itu adalah kitab yang mulia.",
      "footnotes": null
    },
    {
      "ayah": 42,
      "quarter_hizb": 48.75,
      "juz": 24,
      "manzil": 6,
      "arabic": "لَّا يَأْتِيْهِ الْبَاطِلُ مِنْۢ بَيْنِ يَدَيْهِ وَلَا مِنْ خَلْفِهٖ ۗتَنْزِيْلٌ مِّنْ حَكِيْمٍ حَمِيْدٍ ",
      "latin": "Lā ya'tīhil-bāṭilu mim baini yadaihi wa lā min khalfih(ī), tanzīlum min ḥakīmin ḥamīd(in).",
      "translation": "Tidak ada kebatilan yang mendatanginya, baik dari depan maupun dari belakang.672) (Al-Qur’an itu adalah) kitab yang diturunkan dari Tuhan Yang Maha Bijaksana lagi Maha Terpuji.",
      "footnotes": "(672 Maksud ungkapan dari depan maupun dari belakang adalah pada masa lalu dan yang akan datang."
    },
    {
      "ayah": 43,
      "quarter_hizb": 48.75,
      "juz": 24,
      "manzil": 6,
      "arabic": "مَا يُقَالُ لَكَ اِلَّا مَا قَدْ قِيْلَ لِلرُّسُلِ مِنْ قَبْلِكَ ۗاِنَّ رَبَّكَ لَذُوْ مَغْفِرَةٍ وَّذُوْ عِقَابٍ اَلِيْمٍ ",
      "latin": "Mā yuqālu laka illā mā qad qīla lir-rusuli min qablik(a), inna rabbaka lażū magfiratiw wa żū ‘iqābin alīm(in).",
      "translation": "Apa yang dikatakan (oleh orang-orang kafir) kepadamu tidak lain adalah apa yang telah dikatakan kepada rasul-rasul sebelummu. Sesungguhnya Tuhanmu pasti mempunyai ampunan dan azab yang pedih.",
      "footnotes": null
    },
    {
      "ayah": 44,
      "quarter_hizb": 48.75,
      "juz": 24,
      "manzil": 6,
      "arabic": "وَلَوْ جَعَلْنٰهُ قُرْاٰنًا اَعْجَمِيًّا لَّقَالُوْا لَوْلَا فُصِّلَتْ اٰيٰتُهٗ ۗ ءَاَ۬عْجَمِيٌّ وَّعَرَبِيٌّ ۗ قُلْ هُوَ لِلَّذِيْنَ اٰمَنُوْا هُدًى وَّشِفَاۤءٌ ۗوَالَّذِيْنَ لَا يُؤْمِنُوْنَ فِيْٓ اٰذَانِهِمْ وَقْرٌ وَّهُوَ عَلَيْهِمْ عَمًىۗ اُولٰۤىِٕكَ يُنَادَوْنَ مِنْ مَّكَانٍۢ بَعِيْدٍ ࣖ",
      "latin": "Wa lau ja‘alnāhu qur'ānan a‘jamiyyal laqālū lau lā fuṣṣilat āyātuh(ū), a'a‘jamiyyuw wa ‘arabiyy(un), qul huwa lil-lażīna āmanū hudaw wa syifā'(un), wal-lażīna lā yu'minūna fī āżānihim waqruw wa huwa ‘alaihim ‘amā(n), ulā'ika yunādauna mim makānim ba‘īd(in).",
      "translation": "Seandainya Kami menjadikannya (Al-Qur’an) bacaan dalam bahasa selain Arab, niscaya mereka akan mengatakan, “Mengapa ayat-ayatnya tidak dijelaskan (dengan bahasa yang kami pahami)?” Apakah patut (Al-Qur’an) dalam bahasa selain bahasa Arab, sedangkan (rasul adalah) orang Arab? Katakanlah (Nabi Muhammad), “Al-Qur’an adalah petunjuk dan penyembuh bagi orang-orang yang beriman, sedangkan orang-orang yang tidak beriman, pada telinga mereka ada penyumbat dan mereka buta terhadapnya (Al-Qur’an).673) Mereka itu (seperti) orang-orang yang dipanggil dari tempat yang jauh.”",
      "footnotes": "673) Mereka tidak melihat dari Al-Qur’an, kecuali fitnah-fitnah yang memang mereka cari."
    },
    {
      "ayah": 45,
      "quarter_hizb": 48.75,
      "juz": 24,
      "manzil": 6,
      "arabic": "وَلَقَدْ اٰتَيْنَا مُوْسَى الْكِتٰبَ فَاخْتُلِفَ فِيْهِ ۗوَلَوْلَا كَلِمَةٌ سَبَقَتْ مِنْ رَّبِّكَ لَقُضِيَ بَيْنَهُمْ ۗوَاِنَّهُمْ لَفِيْ شَكٍّ مِّنْهُ مُرِيْبٍ ",
      "latin": "Wa laqad ātainā mūsal-kitāba fakhtulifa fīh(i), wa lau lā kalimatun sabaqat mir rabbika laquḍiya bainahum, wa innahum lafī syakkim minhu murīb(in).",
      "translation": "Sungguh, Kami benar-benar telah menganugerahkan Kitab (Taurat) kepada Musa, lalu ia (kitab itu) diperselisihkan. Seandainya tidak ada ketetapan yang terdahulu dari Tuhanmu (bahwa orang-orang yang mendustakan Al-Qur’an akan ditunda penyiksaannya), niscaya telah dilaksanakan hukuman di antara mereka. Sesungguhnya mereka benar-benar dalam kebimbangan dan keraguan terhadapnya.",
      "footnotes": null
    },
    {
      "ayah": 46,
      "quarter_hizb": 48.75,
      "juz": 24,
      "manzil": 6,
      "arabic": "مَنْ عَمِلَ صَالِحًا فَلِنَفْسِهٖ ۙوَمَنْ اَسَاۤءَ فَعَلَيْهَا ۗوَمَا رَبُّكَ بِظَلَّامٍ لِّلْعَبِيْدِ  ۔ ",
      "latin": "Man ‘amila ṣāliḥan fa linafsih(ī), wa man asā'a fa ‘alaihā, wa mā rabbuka biẓallāmil lil-‘abīd(i).",
      "translation": "Siapa yang mengerjakan kebajikan, maka (pahalanya) untuk dirinya sendiri dan siapa yang berbuat jahat, maka (akibatnya) menjadi tanggungan dirinya sendiri. Tuhanmu sama sekali tidak menzalimi hamba-hamba(-Nya).",
      "footnotes": null
    },
    {
      "ayah": 47,
      "quarter_hizb": 49,
      "juz": 25,
      "manzil": 6,
      "arabic": "۞ اِلَيْهِ يُرَدُّ عِلْمُ السَّاعَةِ ۗوَمَا تَخْرُجُ مِنْ ثَمَرٰتٍ مِّنْ اَكْمَامِهَا وَمَا تَحْمِلُ مِنْ اُنْثٰى وَلَا تَضَعُ اِلَّا بِعِلْمِهٖ ۗوَيَوْمَ يُنَادِيْهِمْ اَيْنَ شُرَكَاۤءِيْۙ قَالُوْٓا اٰذَنّٰكَ مَا مِنَّا مِنْ شَهِيْدٍ ۚ ",
      "latin": "Ilaihi yuraddu ‘ilmus-sā‘ah(ti), wa mā takhruju min ṡamarātim min akmāmihā wa mā taḥmilu min unṡā wa lā taḍa‘u illā bi‘ilmih(ī), wa yauma yunādīhim aina syurakā'ī, qālū āżannāka mā minnā min syahīd(in).",
      "translation": "Hanya kepada-Nya pengetahuan tentang hari Kiamat itu dikembalikan.674) Tidak ada sama sekali buah-buahan yang keluar dari kelopaknya dan tidak seorang perempuan pun yang mengandung dan melahirkan, melainkan semuanya dengan sepengetahuan-Nya. Pada hari ketika Dia (Allah) menyeru mereka, “Di manakah sekutu-sekutu-Ku itu?”675) Mereka menjawab, “Kami menyatakan kepada-Mu bahwa tidak ada seorang pun di antara kami yang dapat memberi kesaksian (bahwa Engkau mempunyai sekutu).”",
      "footnotes": "674) Hanya Allahlah yang mengetahui kapan datangnya hari Kiamat itu.\n675) Yang dimaksud dengan sekutu-sekutu-Ku adalah berhala-berhala yang mereka anggap sebagai sekutu Allah."
    },
    {
      "ayah": 48,
      "quarter_hizb": 49,
      "juz": 25,
      "manzil": 6,
      "arabic": "وَضَلَّ عَنْهُمْ مَّا كَانُوْا يَدْعُوْنَ مِنْ قَبْلُ وَظَنُّوْا مَا لَهُمْ مِّنْ مَّحِيْصٍ ",
      "latin": "Wa ḍalla ‘anhum mā kānū yad‘ūna min qablu wa ẓannū mā lahum mim maḥīṣ(in).",
      "translation": "Lenyaplah dari mereka apa yang dahulu selalu mereka sembah dan mereka pun mengetahui bahwa tidak ada tempat untuk menghindar (dari azab Allah) bagi mereka.",
      "footnotes": null
    },
    {
      "ayah": 49,
      "quarter_hizb": 49,
      "juz": 25,
      "manzil": 6,
      "arabic": "لَا يَسْـَٔمُ الْاِنْسَانُ مِنْ دُعَاۤءِ الْخَيْرِۖ وَاِنْ مَّسَّهُ الشَّرُّ فَيَـُٔوْسٌ قَنُوْطٌ ",
      "latin": "Lā yas'amul-insānu min du‘ā'il-khair(i), wa im massahusy-syarru fa ya'ūsun qanūṭ(un).",
      "translation": "Manusia tidak pernah jemu memohon kebaikan dan jika ditimpa malapetaka, mereka berputus asa dan hilang harapan.",
      "footnotes": null
    },
    {
      "ayah": 50,
      "quarter_hizb": 49,
      "juz": 25,
      "manzil": 6,
      "arabic": "وَلَىِٕنْ اَذَقْنٰهُ رَحْمَةً مِّنَّا مِنْۢ بَعْدِ ضَرَّاۤءَ مَسَّتْهُ لَيَقُوْلَنَّ هٰذَا لِيْۙ وَمَآ اَظُنُّ السَّاعَةَ قَاۤىِٕمَةًۙ وَّلَىِٕنْ رُّجِعْتُ اِلٰى رَبِّيْٓ اِنَّ لِيْ عِنْدَهٗ لَلْحُسْنٰىۚ فَلَنُنَبِّئَنَّ الَّذِيْنَ كَفَرُوْا بِمَا عَمِلُوْاۖ وَلَنُذِيْقَنَّهُمْ مِّنْ عَذَابٍ غَلِيْظٍ ",
      "latin": "Wa la'in ażaqnāhu raḥmatam minnā mim ba‘di ḍarrā'a massathu layaqūlunna hāżā lī, wa mā aẓunnus-sā‘ata qā'imah(tan), wa la'ir ruji‘tu ilā rabbī inna lī ‘indahū lal-ḥusnā, fa lanunabbi'annal-lażīna kafarū bimā ‘amilū, wa lanużīqannahum min ‘ażābin galīẓ(in).",
      "translation": "Jika Kami menganugerahkan kepadanya suatu rahmat dari Kami setelah ditimpa kesusahan, pastilah dia akan berkata, “Ini adalah hakku dan aku tidak yakin bahwa hari Kiamat itu akan terjadi. Jika (ternyata) aku dikembalikan kepada Tuhanku, sesungguhnya aku akan memperoleh kebaikan di sisi-Nya.” Maka, sungguh, Kami akan memberitahukan kepada orang-orang yang kufur tentang apa yang telah mereka kerjakan dan sungguh Kami benar-benar akan menimpakan kepada mereka azab yang sangat berat.",
      "footnotes": null
    },
    {
      "ayah": 51,
      "quarter_hizb": 49,
      "juz": 25,
      "manzil": 6,
      "arabic": "وَاِذَآ اَنْعَمْنَا عَلَى الْاِنْسَانِ اَعْرَضَ وَنَاٰ بِجَانِبِهٖۚ وَاِذَا مَسَّهُ الشَّرُّ فَذُوْ دُعَاۤءٍ عَرِيْضٍ ",
      "latin": "Wa iżā an‘amnā ‘alal-insāni a‘raḍa wa na'ā bijānibih(ī), wa iżā massahusy-syarru fażū du‘ā'in ‘arīḍ(in).",
      "translation": "Apabila Kami menganugerahkan kenikmatan kepada manusia, niscaya dia berpaling (tidak mensyukuri nikmat-Nya) dan menjauhkan diri (dari Allah dengan sombong), namun apabila kesusahan menimpanya, dia akan banyak berdoa.",
      "footnotes": null
    },
    {
      "ayah": 52,
      "quarter_hizb": 49,
      "juz": 25,
      "manzil": 6,
      "arabic": "قُلْ اَرَءَيْتُمْ اِنْ كَانَ مِنْ عِنْدِ اللّٰهِ ثُمَّ كَفَرْتُمْ بِهٖ مَنْ اَضَلُّ مِمَّنْ هُوَ فِيْ شِقَاقٍۢ بَعِيْدٍ ",
      "latin": "Qul ara'aitum in kāna min ‘indillāhi ṡumma kafartum bihī man aḍallu mimman huwa fī syiqāqim ba‘īd(in).",
      "translation": "Katakanlah (Nabi Muhammad), “Bagaimana pendapatmu jika (Al-Qur’an) itu datang dari sisi Allah, kemudian kamu mengingkarinya? Siapakah yang lebih sesat daripada orang yang selalu menyimpang jauh (dari kebenaran)?”",
      "footnotes": null
    },
    {
      "ayah": 53,
      "quarter_hizb": 49,
      "juz": 25,
      "manzil": 6,
      "arabic": "سَنُرِيْهِمْ اٰيٰتِنَا فِى الْاٰفَاقِ وَفِيْٓ اَنْفُسِهِمْ حَتّٰى يَتَبَيَّنَ لَهُمْ اَنَّهُ الْحَقُّۗ اَوَلَمْ يَكْفِ بِرَبِّكَ اَنَّهٗ عَلٰى كُلِّ شَيْءٍ شَهِيْدٌ ",
      "latin": "Sanurīhim āyātinā fil-āfāqi wa fī anfusihim ḥattā yatabayyana lahum annahul-ḥaqq(u), awalam yakfi birabbika  annahū ‘alā kulli syai'in syahīd(un).",
      "translation": "Kami akan memperlihatkan kepada mereka tanda-tanda (kebesaran) Kami di segenap penjuru dan pada diri mereka sendiri sehingga jelaslah bagi mereka bahwa (Al-Qur’an) itu adalah benar. Tidak cukupkah (bagi kamu) bahwa sesungguhnya Tuhanmu menjadi saksi atas segala sesuatu?",
      "footnotes": null
    },
    {
      "ayah": 54,
      "quarter_hizb": 49,
      "juz": 25,
      "manzil": 6,
      "arabic": "اَلَآ اِنَّهُمْ  فِيْ مِرْيَةٍ مِّنْ لِّقَاۤءِ رَبِّهِمْ ۗ اَلَآ اِنَّهٗ بِكُلِّ شَيْءٍ مُّحِيْطٌ ࣖ",
      "latin": "Alā innahum fī miryatim mil liqā'i rabbihim, alā innahū bikulli syai'im muḥīṭ(un).",
      "translation": "Ketahuilah, sesungguhnya mereka dalam keraguan tentang pertemuan dengan Tuhan mereka. Ketahuilah, sesungguhnya Dia Maha Meliputi segala sesuatu.",
      "footnotes": null
    }
  ]
}