{
  "arabic": "الزّخرف",
  "latin": "Az-Zukhruf",
  "transliteration": "Az-Zukhruf",
  "translation": "Perhiasan dari Emas",
  "num_ayah": 89,
  "location": "Makkiyah",
  "ayah": [
    {
      "ayah": 1,
      "quarter_hizb": 49.75,
      "juz": 25,
      "manzil": 6,
      "arabic": "حٰمۤ  ۚ ",
      "latin": "Ḥā mīm.",
      "translation": "Ḥā Mīm.",
      "footnotes": null
    },
    {
      "ayah": 2,
      "quarter_hizb": 49.75,
      "juz": 25,
      "manzil": 6,
      "arabic": "وَالْكِتٰبِ الْمُبِيْنِ ۙ ",
      "latin": "Wal-kitābil-mubīn(i).",
      "translation": "Demi Kitab (Al-Qur’an) yang jelas,",
      "footnotes": null
    },
    {
      "ayah": 3,
      "quarter_hizb": 49.75,
      "juz": 25,
      "manzil": 6,
      "arabic": "اِنَّا جَعَلْنٰهُ قُرْاٰنًا عَرَبِيًّا لَّعَلَّكُمْ تَعْقِلُوْنَۚ ",
      "latin": "Innā ja‘alnāhu qur'ānan ‘arabiyyal la‘allakum ta‘qilūn(a).",
      "translation": "sesungguhnya Kami menjadikannya sebagai Al-Qur’an yang berbahasa Arab agar kamu mengerti",
      "footnotes": null
    },
    {
      "ayah": 4,
      "quarter_hizb": 49.75,
      "juz": 25,
      "manzil": 6,
      "arabic": "وَاِنَّهٗ فِيْٓ اُمِّ الْكِتٰبِ لَدَيْنَا لَعَلِيٌّ حَكِيْمٌ ۗ ",
      "latin": "Wa innahū fī ummil-kitābi ladainā la‘aliyyun ḥakīm(un).",
      "translation": "dan sesungguhnya (Al-Qur’an) itu berada di dalam Ummul Kitāb (Lauhulmahfuz) di sisi Kami, benar-benar (bernilai) tinggi, dan penuh hikmah.",
      "footnotes": null
    },
    {
      "ayah": 5,
      "quarter_hizb": 49.75,
      "juz": 25,
      "manzil": 6,
      "arabic": "اَفَنَضْرِبُ عَنْكُمُ الذِّكْرَ صَفْحًا اَنْ كُنْتُمْ قَوْمًا مُّسْرِفِيْنَ",
      "latin": "Afa naḍribu ‘ankumuż-żikra ṣafḥan an kuntum qaumam musrifīn(a).",
      "translation": "Apakah Kami akan menahan (turunnya) Al-Qur’an dan mengabaikanmu (hanya) karena kamu kaum yang melampaui batas?",
      "footnotes": null
    },
    {
      "ayah": 6,
      "quarter_hizb": 49.75,
      "juz": 25,
      "manzil": 6,
      "arabic": "وَكَمْ اَرْسَلْنَا مِنْ نَّبِيٍّ فِى الْاَوَّلِيْنَ ",
      "latin": "Wa kam arsalnā min nabiyyin fil-awwalīn(a).",
      "translation": "Betapa banyak nabi yang telah Kami utus kepada umat-umat yang terdahulu.",
      "footnotes": null
    },
    {
      "ayah": 7,
      "quarter_hizb": 49.75,
      "juz": 25,
      "manzil": 6,
      "arabic": "وَمَا يَأْتِيْهِمْ مِّنْ نَّبِيٍّ اِلَّا كَانُوْا بِهٖ يَسْتَهْزِءُوْنَ ",
      "latin": "Wa mā ya'tīhim min nabiyyin illā kānū bihī yastahzi'ūn(a).",
      "translation": "Setiap kali seorang nabi datang kepada mereka, mereka selalu memperolok-olokkannya.",
      "footnotes": null
    },
    {
      "ayah": 8,
      "quarter_hizb": 49.75,
      "juz": 25,
      "manzil": 6,
      "arabic": "فَاَهْلَكْنَآ اَشَدَّ مِنْهُمْ بَطْشًا وَّمَضٰى مَثَلُ الْاَوَّلِيْنَ",
      "latin": "Fa ahlaknā asyadda minhum baṭsyaw wa maḍā maṡalul-awwalīn(a).",
      "translation": "Oleh karena itu, Kami membinasakan orang-orang yang lebih kuat dari mereka (kaum musyrik Quraisy) dan telah berlalu contoh (kehancuran) umat-umat terdahulu.",
      "footnotes": null
    },
    {
      "ayah": 9,
      "quarter_hizb": 49.75,
      "juz": 25,
      "manzil": 6,
      "arabic": "وَلَىِٕنْ سَاَلْتَهُمْ مَّنْ خَلَقَ السَّمٰوٰتِ وَالْاَرْضَ لَيَقُوْلُنَّ خَلَقَهُنَّ الْعَزِيْزُ الْعَلِيْمُۙ",
      "latin": "Wa la'in sa'altahum man khalaqas-samāwāti wal-arḍa layaqūlunna khalaqahunnal-‘azīzul-‘alīm(u).",
      "translation": "Jika kamu menanyakan kepada mereka, “Siapakah yang menciptakan langit dan bumi,” pastilah mereka akan menjawab, “Yang menciptakannya adalah Zat Yang Maha Perkasa lagi Maha Mengetahui.",
      "footnotes": null
    },
    {
      "ayah": 10,
      "quarter_hizb": 49.75,
      "juz": 25,
      "manzil": 6,
      "arabic": "الَّذِيْ جَعَلَ لَكُمُ الْاَرْضَ مَهْدًا وَّجَعَلَ لَكُمْ فِيْهَا سُبُلًا لَّعَلَّكُمْ تَهْتَدُوْنَ ۚ ",
      "latin": "Allażī ja‘ala lakumul-arḍa mahdaw wa ja‘ala lakum fīhā subulal la‘allakum tahtadūn(a).",
      "translation": "(Dialah) yang menjadikan bumi sebagai tempat menetap bagimu dan menjadikan jalan-jalan di atasnya untukmu agar kamu mendapat petunjuk.",
      "footnotes": null
    },
    {
      "ayah": 11,
      "quarter_hizb": 49.75,
      "juz": 25,
      "manzil": 6,
      "arabic": "وَالَّذِيْ نَزَّلَ مِنَ السَّمَاۤءِ مَاۤءًۢ بِقَدَرٍۚ فَاَنْشَرْنَا بِهٖ بَلْدَةً مَّيْتًا ۚ كَذٰلِكَ تُخْرَجُوْنَ ",
      "latin": "Wal-lażī nazzala minas-samā'i mā'am biqadar(in), fa'ansyarnā bihī baldatam maitā(n), każālika tukhrajūn(a). ",
      "translation": "Yang menurunkan air dari langit dengan suatu ukuran, lalu dengan air itu Kami menghidupkan negeri yang mati (tandus). Seperti itulah kamu akan dikeluarkan (dari kubur).",
      "footnotes": null
    },
    {
      "ayah": 12,
      "quarter_hizb": 49.75,
      "juz": 25,
      "manzil": 6,
      "arabic": "وَالَّذِيْ خَلَقَ الْاَزْوَاجَ كُلَّهَا وَجَعَلَ لَكُمْ مِّنَ الْفُلْكِ وَالْاَنْعَامِ مَا تَرْكَبُوْنَۙ ",
      "latin": "Wal-lażī khalaqal-azwāja kullahā wa ja‘ala lakum minal-fulki wal-an‘āmi mā tarkabūn(a).",
      "translation": "(Dialah) yang menciptakan semua makhluk berpasang-pasangan dan menjadikan kapal laut untukmu serta hewan ternak untuk kamu tunggangi",
      "footnotes": null
    },
    {
      "ayah": 13,
      "quarter_hizb": 49.75,
      "juz": 25,
      "manzil": 6,
      "arabic": "لِتَسْتَوٗا عَلٰى ظُهُوْرِهٖ ثُمَّ تَذْكُرُوْا نِعْمَةَ رَبِّكُمْ اِذَا اسْتَوَيْتُمْ عَلَيْهِ وَتَقُوْلُوْا سُبْحٰنَ الَّذِيْ سَخَّرَ لَنَا هٰذَا وَمَا كُنَّا لَهٗ مُقْرِنِيْنَۙ ",
      "latin": "Litastawū ‘alā ẓuhūrihī ṡumma tażkurū ni‘mata rabbikum iżastawaitum ‘alaihi wa taqūlū subḥānal-lażī sakhkhara lanā hāżā wa mā kunnā lahū muqrinīn(a).",
      "translation": "agar kamu dapat duduk di atas punggungnya. Kemudian jika kamu sudah duduk (di atas punggung)-nya, kamu akan mengingat nikmat Tuhanmu dan mengucapkan, “Maha Suci Zat yang telah menundukkan (semua) ini bagi kami, padahal kami sebelumnya tidak mampu menguasainya.",
      "footnotes": null
    },
    {
      "ayah": 14,
      "quarter_hizb": 49.75,
      "juz": 25,
      "manzil": 6,
      "arabic": "وَاِنَّآ اِلٰى رَبِّنَا لَمُنْقَلِبُوْنَ ",
      "latin": "Wa innā ilā rabbinā lamunqalibūn(a).",
      "translation": "Sesungguhnya kami pasti akan kembali kepada Tuhan kami.”",
      "footnotes": null
    },
    {
      "ayah": 15,
      "quarter_hizb": 49.75,
      "juz": 25,
      "manzil": 6,
      "arabic": "وَجَعَلُوْا لَهٗ مِنْ عِبَادِهٖ جُزْءًا ۗاِنَّ الْاِنْسَانَ لَكَفُوْرٌ مُّبِيْنٌ ۗ ࣖ ",
      "latin": "Wa ja‘alū lahū min ‘ibādihī juz'ā(n), innal-insāna lakafūrum mubīn(un).",
      "translation": "Mereka menjadikan sebagian dari hamba-hamba-Nya sebagai bagian dari-Nya.676) Sesungguhnya manusia itu benar-benar pengingkar (nikmat Tuhan) yang nyata.",
      "footnotes": "676) Orang-orang musyrik mengatakan bahwa malaikat adalah anak perempuan Allah. Padahal, malaikat itu sebagian dari makhluk dan ciptaan-Nya."
    },
    {
      "ayah": 16,
      "quarter_hizb": 49.75,
      "juz": 25,
      "manzil": 6,
      "arabic": "اَمِ اتَّخَذَ مِمَّا يَخْلُقُ بَنٰتٍ وَّاَصْفٰىكُمْ بِالْبَنِيْنَ ۗ ",
      "latin": "Amittakhażū mimmā yakhluqu banātiw wa aṣfākum bil-banīn(a).",
      "translation": "Patutkah Dia mengambil anak perempuan dari sebagian yang telah Dia ciptakan dan memilihkan anak laki-laki untukmu?",
      "footnotes": null
    },
    {
      "ayah": 17,
      "quarter_hizb": 49.75,
      "juz": 25,
      "manzil": 6,
      "arabic": "وَاِذَا بُشِّرَ اَحَدُهُمْ بِمَا ضَرَبَ لِلرَّحْمٰنِ مَثَلًا ظَلَّ وَجْهُهٗ مُسْوَدًّا وَّهُوَ كَظِيْمٌ ",
      "latin": "Wa iżā busysyira aḥaduhum bimā ḍaraba lir-raḥmāni maṡalan ẓalla wajhuhū muswaddaw wa huwa kaẓīm(un).",
      "translation": "Apabila salah seorang di antara mereka diberi kabar gembira tentang sesuatu (kelahiran anak perempuan) yang dijadikan sebagai perumpamaan bagi (Allah) Yang Maha Pengasih, jadilah wajahnya merah padam karena menahan sedih (dan marah).",
      "footnotes": null
    },
    {
      "ayah": 18,
      "quarter_hizb": 49.75,
      "juz": 25,
      "manzil": 6,
      "arabic": "اَوَمَنْ يُّنَشَّؤُا فِى الْحِلْيَةِ وَهُوَ فِى الْخِصَامِ غَيْرُ مُبِيْنٍ ",
      "latin": "Awamay yunasysya'u fil-ḥilyati wa huwa fil-khiṣāmi gairu mubīn(in).",
      "translation": "Apakah patut (menjadi anak Allah) orang yang tumbuh dan berkembang (dengan tabiat) selalu berhias diri, sedangkan dia tidak mampu memberi alasan yang tegas dan jelas dalam pertengkaran.677)",
      "footnotes": "677) Ayat ini menggambarkan keadaan perempuan Arab pada waktu Al-Qur’an diturunkan. Mereka hanya dijadikan perhiasan atau tidak diberi kesempatan dalam pendidikan sehingga kurang pengetahuannya serta tidak mampu bersikap tegas dan jelas."
    },
    {
      "ayah": 19,
      "quarter_hizb": 49.75,
      "juz": 25,
      "manzil": 6,
      "arabic": "وَجَعَلُوا الْمَلٰۤىِٕكَةَ الَّذِيْنَ هُمْ عِبٰدُ الرَّحْمٰنِ اِنَاثًا ۗ اَشَهِدُوْا خَلْقَهُمْ ۗسَتُكْتَبُ شَهَادَتُهُمْ وَيُسْـَٔلُوْنَ",
      "latin": "Wa ja‘alul-malā'ikatal-lażīna hum ‘ibādur raḥmāni ināṡā(n), asyahidū khalqahum, satuktabu syahādatuhum wa yus'alūn(a).",
      "translation": "Mereka menganggap para malaikat, hamba-hamba (Allah) Yang Maha Pengasih itu, berjenis perempuan. Apakah mereka menyaksikan penciptaannya? Kelak kesaksian (yang mereka karang sendiri itu) akan dituliskan dan akan dimintakan pertanggungjawaban.",
      "footnotes": null
    },
    {
      "ayah": 20,
      "quarter_hizb": 49.75,
      "juz": 25,
      "manzil": 6,
      "arabic": "وَقَالُوْا لَوْ شَاۤءَ الرَّحْمٰنُ مَا عَبَدْنٰهُمْ ۗمَا لَهُمْ بِذٰلِكَ مِنْ عِلْمٍ اِنْ هُمْ اِلَّا يَخْرُصُوْنَۗ ",
      "latin": "Wa qālū lau syā'ar-raḥmānu mā ‘abadnāhum, mā lahum biżālika min ‘ilm(in), in hum illā yakhruṣūn(a).",
      "translation": "Mereka berkata, “Sekiranya (Allah) Yang Maha Pengasih menghendaki, tentulah kami tidak menyembah mereka (malaikat).” Mereka tidak mempunyai pengetahuan sedikit pun tentang itu. Mereka hanyalah menduga-duga belaka.",
      "footnotes": null
    },
    {
      "ayah": 21,
      "quarter_hizb": 49.75,
      "juz": 25,
      "manzil": 6,
      "arabic": "اَمْ اٰتَيْنٰهُمْ كِتٰبًا مِّنْ قَبْلِهٖ فَهُمْ بِهٖ مُسْتَمْسِكُوْنَ ",
      "latin": "Am ātaināhum kitābam min qablihī fahum bihī mustamsikūn(a).",
      "translation": "Apakah kami pernah memberikan sebuah kitab kepada mereka sebelumnya (Al-Qur’an), lalu mereka berpegang teguh (pada kitab itu)?",
      "footnotes": null
    },
    {
      "ayah": 22,
      "quarter_hizb": 49.75,
      "juz": 25,
      "manzil": 6,
      "arabic": "بَلْ قَالُوْٓا اِنَّا وَجَدْنَآ اٰبَاۤءَنَا عَلٰٓى اُمَّةٍ وَّاِنَّا عَلٰٓى اٰثٰرِهِمْ مُّهْتَدُوْنَ ",
      "latin": "Bal qālū innā wajadnā ābā'anā ‘alā ummatiw wa innā ‘alā āṡārihim muhtadūn(a).",
      "translation": "Bahkan, mereka berkata, “Sesungguhnya kami telah mendapati nenek moyang kami menganut suatu agama dan kami hanya mengikuti jejak mereka.”",
      "footnotes": null
    },
    {
      "ayah": 23,
      "quarter_hizb": 49.75,
      "juz": 25,
      "manzil": 6,
      "arabic": "وَكَذٰلِكَ مَآ اَرْسَلْنَا مِنْ قَبْلِكَ فِيْ قَرْيَةٍ مِّنْ نَّذِيْرٍۙ اِلَّا قَالَ مُتْرَفُوْهَآ  ۙاِنَّا وَجَدْنَآ اٰبَاۤءَنَا عَلٰٓى اُمَّةٍ وَّاِنَّا عَلٰٓى اٰثٰرِهِمْ مُّقْتَدُوْنَ",
      "latin": "Wa każālika mā arsalnā min qablika fī qaryatim min nażīr(in), illā qāla mutrafūhā, innā wajadnā ābā'anā ‘alā ummatiw wa innā ‘alā āṡārihim muqtadūn(a).",
      "translation": "Demikian juga ketika Kami mengutus seorang pemberi peringatan sebelum engkau (Nabi Muhammad) ke suatu negeri. Orang-orang yang hidup mewah (di negeri itu) selalu berkata, “Sesungguhnya kami mendapati nenek moyang kami menganut suatu (agama) dan kami hanya mencontoh jejak mereka.”",
      "footnotes": null
    },
    {
      "ayah": 24,
      "quarter_hizb": 50,
      "juz": 25,
      "manzil": 6,
      "arabic": "۞ قٰلَ اَوَلَوْ جِئْتُكُمْ بِاَهْدٰى مِمَّا وَجَدْتُّمْ عَلَيْهِ اٰبَاۤءَكُمْۗ قَالُوْٓا اِنَّا بِمَآ اُرْسِلْتُمْ بِهٖ كٰفِرُوْنَ ",
      "latin": "Qāla awalau ji'tukum bi'ahdā mimmā wajattum ‘alaihi ābā'akum, qālū innā bimā ursiltum bihī kāfirūn(a).",
      "translation": "Dia (pemberi peringatan) berkata, “Masihkah kamu (mengikuti jejak nenek moyangmu), sekalipun aku membawa (agama) yang lebih baik panduannya daripada apa yang kamu peroleh dari nenek moyangmu itu?” Mereka menjawab, “Sesungguhnya kami (tetap) mengingkari kerasulanmu.”",
      "footnotes": null
    },
    {
      "ayah": 25,
      "quarter_hizb": 50,
      "juz": 25,
      "manzil": 6,
      "arabic": "فَانْتَقَمْنَا مِنْهُمْ فَانْظُرْ كَيْفَ كَانَ عَاقِبَةُ الْمُكَذِّبِيْنَ ࣖ",
      "latin": "Fantaqamnā minhum fanẓur kaifa kāna ‘āqibatul-mukażżibīn(a).",
      "translation": "Lalu kami membinasakan mereka. Maka, perhatikanlah bagaimana kesudahan orang-orang yang mendustakan (kebenaran).",
      "footnotes": null
    },
    {
      "ayah": 26,
      "quarter_hizb": 50,
      "juz": 25,
      "manzil": 6,
      "arabic": "وَاِذْ قَالَ اِبْرٰهِيْمُ لِاَبِيْهِ وَقَوْمِهٖٓ اِنَّنِيْ بَرَاۤءٌ مِّمَّا تَعْبُدُوْنَۙ",
      "latin": "Wa iż qāla ibrāhīmu li'abīhi wa qaumihī innanī barā'um mimmā ta‘budūn(a).",
      "translation": "(Ingatlah) ketika Ibrahim berkata kepada ayahnya dan kaumnya, “Sesungguhnya aku berlepas diri dari apa yang kamu sembah,",
      "footnotes": null
    },
    {
      "ayah": 27,
      "quarter_hizb": 50,
      "juz": 25,
      "manzil": 6,
      "arabic": "اِلَّا الَّذِيْ فَطَرَنِيْ فَاِنَّهٗ سَيَهْدِيْنِ ",
      "latin": "Illāl-lażī faṭaranī fa'innahū sayahdīn(i).",
      "translation": "kecuali (kamu menyembah) Allah yang menciptakanku. Sesungguhnya Dia akan memberi petunjuk kepadaku.”",
      "footnotes": null
    },
    {
      "ayah": 28,
      "quarter_hizb": 50,
      "juz": 25,
      "manzil": 6,
      "arabic": "وَجَعَلَهَا كَلِمَةً ۢ بَاقِيَةً فِيْ عَقِبِهٖ لَعَلَّهُمْ يَرْجِعُوْنَۗ ",
      "latin": "Wa ja‘alahā kalimatam bāqiyatan fī ‘aqibihī la‘allahum yarji‘ūn(a).",
      "translation": "Dia (Ibrahim) menjadikannya (kalimat tauhid) perkataan yang kekal pada keturunannya agar mereka kembali (kepadanya).678)",
      "footnotes": "678) Nabi Ibrahim a.s. menjadikan kalimat tauhid sebagai pegangan bagi keturunannya sehingga kalau di antara mereka ada yang mempersekutukan Allah, mereka diharapkan segera kembali pada tauhid itu."
    },
    {
      "ayah": 29,
      "quarter_hizb": 50,
      "juz": 25,
      "manzil": 6,
      "arabic": "بَلْ مَتَّعْتُ هٰٓؤُلَاۤءِ وَاٰبَاۤءَهُمْ حَتّٰى جَاۤءَهُمُ الْحَقُّ وَرَسُوْلٌ مُّبِيْنٌ",
      "latin": "Bal matta‘tu hā'ulā'i wa ābā'ahum ḥattā jā'ahumul-ḥaqqu wa rasūlum mubīn(un).",
      "translation": "Bahkan Aku telah memberikan kenikmatan hidup kepada mereka dan nenek moyang mereka sampai kebenaran (Al-Qur’an) datang kepada mereka beserta seorang Rasul yang memberi penjelasan.679)",
      "footnotes": "679) Sebagian keturunan Nabi Ibrahim a.s. melupakan tauhid serta tidak mensyukuri kenikmatan dan kehidupan yang dianugerahkan Allah. Allah tidak segera mengazab mereka. Sebaliknya, Allah memberi mereka kenikmatan hingga Dia menurunkan Al-Qur’an serta mengutus seorang rasul untuk membimbing mereka."
    },
    {
      "ayah": 30,
      "quarter_hizb": 50,
      "juz": 25,
      "manzil": 6,
      "arabic": "وَلَمَّا جَاۤءَهُمُ الْحَقُّ قَالُوْا هٰذَا سِحْرٌ وَّاِنَّا بِهٖ كٰفِرُوْنَ ",
      "latin": "Wa lammā jā'ahumul-ḥaqqu qālū hāżā siḥruw wa innā bihī kāfirūn(a).",
      "translation": "Ketika kebenaran (Al-Qur’an) itu datang kepada mereka, mereka berkata, “Ini adalah sihir dan sesungguhnya kami mengingkarinya.”",
      "footnotes": null
    },
    {
      "ayah": 31,
      "quarter_hizb": 50,
      "juz": 25,
      "manzil": 6,
      "arabic": "وَقَالُوْا لَوْلَا نُزِّلَ هٰذَا الْقُرْاٰنُ عَلٰى رَجُلٍ مِّنَ الْقَرْيَتَيْنِ عَظِيْمٍ",
      "latin": "Wa qālū lau lā nuzzila hāżal-qur'ānu ‘alā rajulim minal-qaryataini ‘aẓīm(in).",
      "translation": "Mereka (juga) berkata, “Mengapa Al-Qur’an ini tidak diturunkan kepada (salah satu) pembesar dari dua negeri ini (Makkah dan Taif)?”",
      "footnotes": null
    },
    {
      "ayah": 32,
      "quarter_hizb": 50,
      "juz": 25,
      "manzil": 6,
      "arabic": "اَهُمْ يَقْسِمُوْنَ رَحْمَتَ رَبِّكَۗ نَحْنُ قَسَمْنَا بَيْنَهُمْ مَّعِيْشَتَهُمْ فِى الْحَيٰوةِ الدُّنْيَاۙ وَرَفَعْنَا بَعْضَهُمْ فَوْقَ بَعْضٍ دَرَجٰتٍ لِّيَتَّخِذَ بَعْضُهُمْ بَعْضًا سُخْرِيًّا ۗوَرَحْمَتُ رَبِّكَ خَيْرٌ مِّمَّا يَجْمَعُوْنَ ",
      "latin": "Ahum yaqsimūna raḥmata rabbik(a), naḥnu qasamnā bainahum ma‘īsyatahum fil-ḥayātid-dun-yā, wa rafa‘nā ba‘ḍahum fauqa ba‘ḍin darajātil liyattakhiża ba‘ḍuhum ba‘ḍan sukhriyyā(n), wa raḥmatu rabbika khairum mimmā yajma‘ūn(a).",
      "translation": "Apakah mereka yang membagi-bagi rahmat Tuhanmu? Kamilah yang menentukan penghidupan mereka dalam kehidupan dunia dan Kami telah meninggikan sebagian mereka atas sebagian yang lain beberapa derajat, agar sebagian mereka dapat memanfaatkan sebagian yang lain. Rahmat Tuhanmu lebih baik dari apa yang mereka kumpulkan.",
      "footnotes": null
    },
    {
      "ayah": 33,
      "quarter_hizb": 50,
      "juz": 25,
      "manzil": 6,
      "arabic": "وَلَوْلَآ اَنْ يَّكُوْنَ النَّاسُ اُمَّةً وَّاحِدَةً لَّجَعَلْنَا لِمَنْ يَّكْفُرُ بِالرَّحْمٰنِ لِبُيُوْتِهِمْ سُقُفًا مِّنْ فِضَّةٍ وَّمَعَارِجَ عَلَيْهَا يَظْهَرُوْنَۙ ",
      "latin": "Wa lau lā ay yakūnan-nāsu ummataw wāḥidatal laja‘alnā limay yakfuru bir-raḥmāni libuyūtihim suqufam min fiḍḍatiw wa ma‘ārija ‘alaihā yaẓharūn(a).",
      "translation": "Seandainya bukan karena (Kami tidak menghendaki) manusia menjadi satu umat (yang kufur), pastilah sudah Kami buatkan bagi orang-orang yang ingkar kepada (Allah) Yang Maha Pengasih, loteng-loteng rumah mereka dan tangga-tangga yang mereka naiki dari perak.",
      "footnotes": null
    },
    {
      "ayah": 34,
      "quarter_hizb": 50,
      "juz": 25,
      "manzil": 6,
      "arabic": "وَلِبُيُوْتِهِمْ اَبْوَابًا وَّسُرُرًا عَلَيْهَا يَتَّكِـُٔوْنَۙ ",
      "latin": "Wa libuyūtihim abwābaw wa sururan ‘alaihā yattaki'ūn(a).",
      "translation": "Bagi rumah-rumah mereka (Kami buatkan) pintu-pintu (perak) dan dipan-dipan tempat mereka bersandar.",
      "footnotes": null
    },
    {
      "ayah": 35,
      "quarter_hizb": 50,
      "juz": 25,
      "manzil": 6,
      "arabic": "وَزُخْرُفًاۗ وَاِنْ كُلُّ ذٰلِكَ لَمَّا مَتَاعُ الْحَيٰوةِ الدُّنْيَا ۗوَالْاٰخِرَةُ عِنْدَ رَبِّكَ لِلْمُتَّقِيْنَ ࣖ ",
      "latin": "Wa zukhrufā(n), wa in kullu żālika lammā matā‘ul-ḥayātid-dun-yā, wal-ākhiratu ‘inda rabbika lil-muttaqīn(a).",
      "translation": "(Kami buatkan pula) perhiasan-perhiasan dari emas. Semuanya itu tidak lain hanyalah kesenangan hidup dunia, sedangkan (kenikmatan hidup) akhirat di sisi Tuhanmu (dikhususkan) bagi orang-orang bertakwa.",
      "footnotes": null
    },
    {
      "ayah": 36,
      "quarter_hizb": 50,
      "juz": 25,
      "manzil": 6,
      "arabic": "وَمَنْ يَّعْشُ عَنْ ذِكْرِ الرَّحْمٰنِ نُقَيِّضْ لَهٗ شَيْطٰنًا فَهُوَ لَهٗ قَرِيْنٌ ",
      "latin": "Wa may ya‘syu ‘an żikrir-raḥmāni nuqayyiḍ lahū syaiṭānan fahuwa lahū qarīn(un).",
      "translation": "Siapa yang berpaling dari pengajaran (Allah) Yang Maha Pengasih (Al-Qur’an), Kami biarkan setan (menyesatkannya). Maka, ia (setan) selalu menemaninya.",
      "footnotes": null
    },
    {
      "ayah": 37,
      "quarter_hizb": 50,
      "juz": 25,
      "manzil": 6,
      "arabic": "وَاِنَّهُمْ لَيَصُدُّوْنَهُمْ عَنِ السَّبِيْلِ وَيَحْسَبُوْنَ اَنَّهُمْ مُّهْتَدُوْنَ ",
      "latin": "Wa innahum layaṣuddūnahum ‘anis-sabīli wa yaḥsabūna annahum muhtadūn(a).",
      "translation": "Sesungguhnya mereka (setan-setan itu) benar-benar menghalangi mereka (manusia) dari jalan (yang benar), sedangkan mereka (manusia yang sesat itu) mengira bahwa mereka adalah orang-orang yang mendapat petunjuk.",
      "footnotes": null
    },
    {
      "ayah": 38,
      "quarter_hizb": 50,
      "juz": 25,
      "manzil": 6,
      "arabic": "حَتّٰىٓ اِذَا جَاۤءَنَا قَالَ يٰلَيْتَ بَيْنِيْ وَبَيْنَكَ بُعْدَ الْمَشْرِقَيْنِ فَبِئْسَ الْقَرِيْنُ",
      "latin": "Ḥattā iżā jā'anā qāla yā laita bainī wa bainaka bu‘dal-masyriqaini fa bi'sal-qarīn(u).",
      "translation": "Sehingga, apabila dia (orang yang berpaling itu) datang kepada Kami (pada hari Kiamat) dia berkata, “Aduhai, sekiranya (jarak) antara aku dan kamu seperti jarak antara timur dan barat! Memang (setan itu) teman yang paling buruk (bagi manusia).”",
      "footnotes": null
    },
    {
      "ayah": 39,
      "quarter_hizb": 50,
      "juz": 25,
      "manzil": 6,
      "arabic": "وَلَنْ يَّنْفَعَكُمُ الْيَوْمَ اِذْ ظَّلَمْتُمْ اَنَّكُمْ فِى الْعَذَابِ مُشْتَرِكُوْنَ ",
      "latin": "Wa lay yanfa‘akumul-yauma iẓ ẓalamtum annakum fil-‘ażābi musytarikūn(a).",
      "translation": "(Harapanmu itu) sekali-kali tidak akan memberi manfaat kepadamu pada hari itu karena kamu telah menzalimi (dirimu sendiri). Sesungguhnya kamu (orang yang berpaling dan setan) adalah bersekutu dalam azab itu.",
      "footnotes": null
    },
    {
      "ayah": 40,
      "quarter_hizb": 50,
      "juz": 25,
      "manzil": 6,
      "arabic": "اَفَاَنْتَ تُسْمِعُ الصُّمَّ اَوْ تَهْدِى الْعُمْيَ وَمَنْ كَانَ فِيْ ضَلٰلٍ مُّبِيْنٍ ",
      "latin": "Afa anta tusmi‘uṣ-ṣumma au tahdil-‘umya  wa man kāna fī ḍalālim mubīn(in).",
      "translation": "Maka, apakah engkau (Nabi Muhammad) dapat menjadikan orang-orang yang tuli bisa mendengar (kebenaran) atau (dapatkah) engkau memberi petunjuk kepada orang-orang yang buta (hatinya) dan kepada orang yang tetap dalam kesesatan yang nyata?",
      "footnotes": null
    },
    {
      "ayah": 41,
      "quarter_hizb": 50,
      "juz": 25,
      "manzil": 6,
      "arabic": "فَاِمَّا نَذْهَبَنَّ بِكَ فَاِنَّا مِنْهُمْ مُّنْتَقِمُوْنَۙ ",
      "latin": "Fa immā nażhabanna bika fa innā minhum muntaqimūn(a).",
      "translation": "Maka, sungguh jika Kami benar-benar mewafatkanmu (sebelum engkau mencapai kemenangan), sesungguhnya kepada mereka Kami akan (tetap) memberikan balasan.",
      "footnotes": null
    },
    {
      "ayah": 42,
      "quarter_hizb": 50,
      "juz": 25,
      "manzil": 6,
      "arabic": "اَوْ نُرِيَنَّكَ الَّذِيْ وَعَدْنٰهُمْ فَاِنَّا عَلَيْهِمْ مُّقْتَدِرُوْنَ ",
      "latin": "Au nuriyannakal-lażī wa‘adnāhum fa'innā ‘alaihim muqtadirūn(a).",
      "translation": "Atau, benar-benar Kami perlihatkan kepadamu (azab) yang telah Kami ancamkan kepada mereka. Sesungguhnya Kami Maha Berkuasa atas mereka.",
      "footnotes": null
    },
    {
      "ayah": 43,
      "quarter_hizb": 50,
      "juz": 25,
      "manzil": 6,
      "arabic": "فَاسْتَمْسِكْ بِالَّذِيْٓ اُوْحِيَ اِلَيْكَ ۚاِنَّكَ عَلٰى صِرَاطٍ مُّسْتَقِيْمٍ ",
      "latin": "Fastamsik bil-lażī ūḥiya ilaik(a), innaka ‘alā ṣirāṭim mustaqīm(in).",
      "translation": "Maka, berpegang teguhlah pada (Al-Qur’an) yang telah diwahyukan kepadamu. Sesungguhnya engkau berada di jalan yang lurus.",
      "footnotes": null
    },
    {
      "ayah": 44,
      "quarter_hizb": 50,
      "juz": 25,
      "manzil": 6,
      "arabic": "وَاِنَّهٗ لَذِكْرٌ لَّكَ وَلِقَوْمِكَ ۚوَسَوْفَ تُسْـَٔلُوْنَ",
      "latin": "Wa innahū lażikrul laka wa liqaumik(a), wa saufa tus'alūn(a).",
      "translation": "Sesungguhnya ia (Al-Qur’an) benar-benar merupakan kemuliaan bagimu dan bagi kaummu dan kelak kamu akan dimintai pertanggungjawaban.",
      "footnotes": null
    },
    {
      "ayah": 45,
      "quarter_hizb": 50,
      "juz": 25,
      "manzil": 6,
      "arabic": "وَسْـَٔلْ مَنْ اَرْسَلْنَا مِنْ قَبْلِكَ مِنْ رُّسُلِنَآ  ۖ اَجَعَلْنَا مِنْ دُوْنِ الرَّحْمٰنِ اٰلِهَةً يُّعْبَدُوْنَ ࣖ",
      "latin": "Was'al man arsalnā min qablika mir rusulinā, aja‘alnā min dūnir-raḥmāni ālihatay yu‘badūn(a).",
      "translation": "Tanyakanlah (Nabi Muhammad) kepada (pengikut) rasul-rasul Kami yang telah Kami utus sebelum engkau, “Apakah Kami menjadikan selain (Allah) yang Maha Pengasih sebagai tuhan-tuhan yang disembah?”",
      "footnotes": null
    },
    {
      "ayah": 46,
      "quarter_hizb": 50,
      "juz": 25,
      "manzil": 6,
      "arabic": "وَلَقَدْ اَرْسَلْنَا مُوْسٰى بِاٰيٰتِنَآ اِلٰى فِرْعَوْنَ وَمَلَا۟ىِٕهٖ فَقَالَ اِنِّيْ رَسُوْلُ رَبِّ الْعٰلَمِيْنَ ",
      "latin": "Wa laqad arsalnā mūsā bi'āyātinā ilā fir‘auna wa mala'ihī fa qāla innī rasūlu rabbil-‘ālamīn(a). ",
      "translation": "Sungguh, Kami benar-benar telah mengutus Musa dengan membawa ayat-ayat (mukjizat) Kami kepada Fir‘aun dan para pemuka (kaum)-nya. Dia (Musa) berkata, “Sesungguhnya aku adalah utusan dari Tuhan semesta alam.”",
      "footnotes": null
    },
    {
      "ayah": 47,
      "quarter_hizb": 50,
      "juz": 25,
      "manzil": 6,
      "arabic": "فَلَمَّا جَاۤءَهُمْ بِاٰيٰتِنَآ اِذَا هُمْ مِّنْهَا يَضْحَكُوْنَ ",
      "latin": "Falammā jā'ahum bi'āyātinā iżā hum minhā yaḍḥakūn(a).",
      "translation": "Ketika dia (Musa) datang kepada mereka dengan membawa ayat-ayat (mukjizat) Kami, seketika itu mereka mentertawakannya.",
      "footnotes": null
    },
    {
      "ayah": 48,
      "quarter_hizb": 50,
      "juz": 25,
      "manzil": 6,
      "arabic": "وَمَا نُرِيْهِمْ مِّنْ اٰيَةٍ اِلَّا هِيَ اَكْبَرُ مِنْ اُخْتِهَاۗ وَاَخَذْنٰهُمْ بِالْعَذَابِ لَعَلَّهُمْ يَرْجِعُوْنَ ",
      "latin": "Wa mā nurīhim min āyatin illā hiya akbaru min ukhtihā, wa akhażnāhum bil-‘ażābi la‘allahum yarji‘ūn(a).  ",
      "translation": "Tidaklah Kami perlihatkan suatu mukjizat kepada mereka kecuali ia (mukjizat itu) lebih besar daripada mukjizat (sebelumnya) dan Kami timpakan kepada mereka azab agar mereka kembali (ke jalan yang benar).",
      "footnotes": null
    },
    {
      "ayah": 49,
      "quarter_hizb": 50,
      "juz": 25,
      "manzil": 6,
      "arabic": "وَقَالُوْا يٰٓاَيُّهَ السَّاحِرُ ادْعُ لَنَا رَبَّكَ بِمَا عَهِدَ عِنْدَكَۚ اِنَّنَا لَمُهْتَدُوْنَ ",
      "latin": "Wa qālū yā ayyuhas-sāḥirud‘u lanā rabbaka bimā ‘ahida ‘indak(a), innanā lamuhtadūn(a).",
      "translation": "Mereka berkata, “Wahai penyihir,680) berdoalah kepada Tuhanmu untuk (melepaskan) kami sesuai dengan apa yang telah dijanjikan-Nya kepadamu. Sesungguhnya kami benar-benar akan menjadi orang-orang yang mendapat petunjuk.”",
      "footnotes": "680) Kata penyihir tidak mereka gunakan untuk tujuan menghina, tetapi justru untuk menghormati karena mereka sangat mengagungkan ilmu sihir."
    },
    {
      "ayah": 50,
      "quarter_hizb": 50,
      "juz": 25,
      "manzil": 6,
      "arabic": "فَلَمَّا كَشَفْنَا عَنْهُمُ الْعَذَابَ اِذَا هُمْ يَنْكُثُوْنَ",
      "latin": "Falammā kasyafnā ‘anhumul-‘ażāba iżā hum yankuṡūn(a).",
      "translation": "Maka, ketika Kami hilangkan azab itu dari mereka, seketika itu (juga) mereka ingkar janji.",
      "footnotes": null
    },
    {
      "ayah": 51,
      "quarter_hizb": 50,
      "juz": 25,
      "manzil": 6,
      "arabic": "وَنَادٰى فِرْعَوْنُ فِيْ قَوْمِهٖ قَالَ يٰقَوْمِ اَلَيْسَ لِيْ مُلْكُ مِصْرَ وَهٰذِهِ الْاَنْهٰرُ تَجْرِيْ مِنْ تَحْتِيْۚ اَفَلَا تُبْصِرُوْنَۗ ",
      "latin": "Wa nādā fir‘aunu fī qaumihī qāla yā qaumi alaisa lī mulku miṣra wa hāżihil-anhāru tajrī min taḥtī, afalā tubṣirūn(a).",
      "translation": "Fir‘aun berseru kepada kaumnya (seraya) berkata, “Wahai kaumku, bukankah Kerajaan Mesir itu milikku dan (bukankah) sungai-sungai itu mengalir di bawah (istana-istana)-ku. Apakah kamu tidak melihat?",
      "footnotes": null
    },
    {
      "ayah": 52,
      "quarter_hizb": 50,
      "juz": 25,
      "manzil": 6,
      "arabic": "اَمْ اَنَا۠ خَيْرٌ مِّنْ هٰذَا الَّذِيْ هُوَ مَهِيْنٌ ەۙ وَّلَا يَكَادُ يُبِيْنُ ",
      "latin": "Am ana khairum min hāżal-lażī huwa mahīn(un), wa lā yakādu yubīn(u).",
      "translation": "Bahkan, bukankah aku lebih baik daripada orang yang hina ini (Musa) yang hampir-hampir tidak dapat menjelaskan (maksud perkataannya)?",
      "footnotes": null
    },
    {
      "ayah": 53,
      "quarter_hizb": 50,
      "juz": 25,
      "manzil": 6,
      "arabic": "فَلَوْلَآ اُلْقِيَ عَلَيْهِ اَسْوِرَةٌ مِّنْ ذَهَبٍ اَوْ جَاۤءَ مَعَهُ الْمَلٰۤىِٕكَةُ مُقْتَرِنِيْنَ",
      "latin": "Falau lā ulqiya ‘alaihi aswiratum min żahabin au jā'a ma‘ahul-malā'ikatu muqtarinīn(a).",
      "translation": "Maka, mengapa tidak dipakaikan kepadanya (Musa) gelang dari emas atau malaikat datang bersama dia mengiringinya?”",
      "footnotes": null
    },
    {
      "ayah": 54,
      "quarter_hizb": 50,
      "juz": 25,
      "manzil": 6,
      "arabic": "فَاسْتَخَفَّ قَوْمَهٗ فَاَطَاعُوْهُ ۗاِنَّهُمْ كَانُوْا قَوْمًا فٰسِقِيْنَ ",
      "latin": "Fastakhaffa qaumahū fa aṭā‘ūh(u), innahum kānū qauman fāsiqīn(a).",
      "translation": "Maka, dia (Fir‘aun) telah memengaruhi kaumnya sehingga mereka patuh kepadanya. Sesungguhnya mereka adalah kaum yang fasik.",
      "footnotes": null
    },
    {
      "ayah": 55,
      "quarter_hizb": 50,
      "juz": 25,
      "manzil": 6,
      "arabic": "فَلَمَّآ اٰسَفُوْنَا انْتَقَمْنَا مِنْهُمْ فَاَغْرَقْنٰهُمْ اَجْمَعِيْنَۙ ",
      "latin": "Falammā āsafūnantaqamnā minhum fa agraqnāhum ajma‘īn(a).",
      "translation": "Maka, ketika mereka telah membuat Kami murka, Kami hukum mereka, lalu Kami tenggelamkan mereka semuanya (di laut).",
      "footnotes": null
    },
    {
      "ayah": 56,
      "quarter_hizb": 50,
      "juz": 25,
      "manzil": 6,
      "arabic": "فَجَعَلْنٰهُمْ سَلَفًا وَّمَثَلًا لِّلْاٰخِرِيْنَ ࣖ",
      "latin": "Fa ja‘alnāhum salafaw wa maṡalal lil-ākhirīn(a).",
      "translation": "Maka, Kami jadikan mereka sebagai (kaum) terdahulu dan pelajaran bagi orang-orang yang kemudian.",
      "footnotes": null
    },
    {
      "ayah": 57,
      "quarter_hizb": 50.25,
      "juz": 25,
      "manzil": 6,
      "arabic": "۞ وَلَمَّا ضُرِبَ ابْنُ مَرْيَمَ مَثَلًا اِذَا قَوْمُكَ مِنْهُ يَصِدُّوْنَ",
      "latin": "Wa lammā ḍuribabnu maryama maṡalan iżā qaumuka minhu yaṣiddūn(a).",
      "translation": "Ketika putra Maryam (Isa) dijadikan perumpamaan, tiba-tiba kaummu (suku Quraisy) bersorak karenanya.",
      "footnotes": null
    },
    {
      "ayah": 58,
      "quarter_hizb": 50.25,
      "juz": 25,
      "manzil": 6,
      "arabic": "وَقَالُوْٓا ءَاٰلِهَتُنَا خَيْرٌ اَمْ هُوَ ۗمَا ضَرَبُوْهُ لَكَ اِلَّا جَدَلًا ۗبَلْ هُمْ قَوْمٌ خَصِمُوْنَ",
      "latin": "Wa qālū a'ālihatunā khairun am huw(a), mā ḍarabūhu laka illā jadalā(n), bal hum qaumun khaṣimūn(a).",
      "translation": "Mereka berkata, “Manakah yang lebih baik, tuhan-tuhan kami atau dia (Isa)?” Mereka tidak memberikan (perumpamaan itu) kepadamu, kecuali dengan maksud membantah saja. Sebenarnya mereka adalah kaum yang suka bertengkar.",
      "footnotes": null
    },
    {
      "ayah": 59,
      "quarter_hizb": 50.25,
      "juz": 25,
      "manzil": 6,
      "arabic": "اِنْ هُوَ اِلَّا عَبْدٌ اَنْعَمْنَا عَلَيْهِ وَجَعَلْنٰهُ مَثَلًا لِّبَنِيْٓ اِسْرَاۤءِيْلَ ۗ  ",
      "latin": "In huwa illā ‘abdun an‘amnā ‘alaihi wa ja‘alnāhu maṡalal libanī isrā'īl(a).",
      "translation": "Dia (Isa) tidak lain hanyalah seorang hamba yang Kami anugerahkan nikmat (kenabian) kepadanya dan Kami jadikan dia sebagai pelajaran (tanda kekuasaan Kami) bagi Bani Israil.",
      "footnotes": null
    },
    {
      "ayah": 60,
      "quarter_hizb": 50.25,
      "juz": 25,
      "manzil": 6,
      "arabic": "وَلَوْ نَشَاۤءُ لَجَعَلْنَا مِنْكُمْ مَّلٰۤىِٕكَةً فِى الْاَرْضِ يَخْلُفُوْنَ ",
      "latin": "Wa lau nasyā'u laja‘alnā minkum malā'ikatan fil-arḍi yakhlufūn(a).",
      "translation": "Seandainya Kami kehendaki, niscaya Kami jadikan malaikat sebagai penggantimu di bumi secara turun-temurun.",
      "footnotes": null
    },
    {
      "ayah": 61,
      "quarter_hizb": 50.25,
      "juz": 25,
      "manzil": 6,
      "arabic": "وَاِنَّهٗ لَعِلْمٌ لِّلسَّاعَةِ فَلَا تَمْتَرُنَّ بِهَا وَاتَّبِعُوْنِۗ هٰذَا صِرَاطٌ مُّسْتَقِيْمٌ ",
      "latin": "Wa innahū la‘ilmul lis-sā‘ati falā tamtarunna bihā wattabi‘ūn(i), hāżā ṣirāṭum mustaqīm(un).",
      "translation": "Sesungguhnya dia (Isa) itu benar-benar menjadi pertanda akan datangnya hari Kiamat. Oleh karena itu, janganlah sekali-kali kamu ragu tentang (kiamat) itu dan ikutilah (petunjuk)-Ku. Ini adalah jalan yang lurus.",
      "footnotes": null
    },
    {
      "ayah": 62,
      "quarter_hizb": 50.25,
      "juz": 25,
      "manzil": 6,
      "arabic": "وَلَا يَصُدَّنَّكُمُ الشَّيْطٰنُۚ اِنَّهٗ لَكُمْ عَدُوٌّ مُّبِيْنٌ ",
      "latin": "Wa lā yaṣuddannakumusy-syaiṭān(u), innahū lakum ‘aduwwum mubīn(un).",
      "translation": "Janganlah sekali-kali kamu dipalingkan oleh setan. Sesungguhnya ia merupakan musuh yang nyata bagimu.",
      "footnotes": null
    },
    {
      "ayah": 63,
      "quarter_hizb": 50.25,
      "juz": 25,
      "manzil": 6,
      "arabic": "وَلَمَّا جَاۤءَ عِيْسٰى بِالْبَيِّنٰتِ قَالَ قَدْ جِئْتُكُمْ بِالْحِكْمَةِ وَلِاُبَيِّنَ لَكُمْ بَعْضَ الَّذِيْ تَخْتَلِفُوْنَ فِيْهِۚ فَاتَّقُوا اللّٰهَ وَاَطِيْعُوْنِ ",
      "latin": "Wa lammā jā'a ‘īsā bil-bayyināti qāla qad ji'tukum bil-ḥikmati wa li'ubayyina lakum ba‘ḍal-lażī takhtalifūna fīh(i), fattaqullāha wa aṭī‘ūn(i).",
      "translation": "Ketika Isa datang membawa bukti-bukti yang nyata, dia berkata, “Sungguh, aku datang kepadamu dengan membawa hikmah dan untuk aku jelaskan kepadamu sebagian dari apa yang kamu perselisihkan. Maka, bertakwalah kepada Allah dan taatilah aku.",
      "footnotes": null
    },
    {
      "ayah": 64,
      "quarter_hizb": 50.25,
      "juz": 25,
      "manzil": 6,
      "arabic": "اِنَّ اللّٰهَ هُوَ رَبِّيْ وَرَبُّكُمْ فَاعْبُدُوْهُۗ هٰذَا صِرَاطٌ مُّسْتَقِيْمٌ ",
      "latin": "Innallāha huwa rabbī wa rabbukum fa‘budūh(u), hāżā ṣirāṭum mustaqīm(un).",
      "translation": "Sesungguhnya Allah, Dialah Tuhanku dan Tuhanmu. Sembahlah Dia! Ini adalah jalan yang lurus.”",
      "footnotes": null
    },
    {
      "ayah": 65,
      "quarter_hizb": 50.25,
      "juz": 25,
      "manzil": 6,
      "arabic": "فَاخْتَلَفَ الْاَحْزَابُ مِنْۢ بَيْنِهِمْ ۚفَوَيْلٌ لِّلَّذِيْنَ ظَلَمُوْا مِنْ عَذَابِ يَوْمٍ اَلِيْمٍ ",
      "latin": "Fakhtalafal-aḥzābu mim bainihim, fawailul lil-lażīna ẓalamūmin ‘ażābi yaumin alīm(in).",
      "translation": "Golongan-golongan di antara mereka (Yahudi dan Nasrani) berselisih. Celakalah orang-orang yang zalim (karena) azab pada hari yang sangat pedih (kiamat).",
      "footnotes": null
    },
    {
      "ayah": 66,
      "quarter_hizb": 50.25,
      "juz": 25,
      "manzil": 6,
      "arabic": "هَلْ يَنْظُرُوْنَ اِلَّا السَّاعَةَ اَنْ تَأْتِيَهُمْ بَغْتَةً وَّهُمْ لَا يَشْعُرُوْنَ ",
      "latin": "Hal yanẓurūna illas-sā‘ata an ta'tiyahum bagtataw wa hum lā yasy‘urūn(a).",
      "translation": "Tidaklah mereka (orang-orang kafir) menunggu, kecuali hari Kiamat yang datang kepada mereka secara tiba-tiba, sedangkan mereka tidak menyadari(-nya).",
      "footnotes": null
    },
    {
      "ayah": 67,
      "quarter_hizb": 50.25,
      "juz": 25,
      "manzil": 6,
      "arabic": "اَلْاَخِلَّاۤءُ يَوْمَىِٕذٍۢ بَعْضُهُمْ لِبَعْضٍ عَدُوٌّ اِلَّا الْمُتَّقِيْنَ ۗ ࣖ",
      "latin": "Al-akhillā'u yauma'iżim ba‘ḍuhum liba‘ḍin ‘aduwwun illal-muttaqīn(a).",
      "translation": "Teman-teman akrab pada hari itu saling bermusuhan satu sama lain, kecuali orang-orang yang bertakwa.",
      "footnotes": null
    },
    {
      "ayah": 68,
      "quarter_hizb": 50.25,
      "juz": 25,
      "manzil": 6,
      "arabic": "يٰعِبَادِ لَاخَوْفٌ عَلَيْكُمُ الْيَوْمَ وَلَآ اَنْتُمْ تَحْزَنُوْنَۚ ",
      "latin": "Yā ‘ibādi lā khaufun ‘alaikumul-yauma wa lā antum taḥzanūn(a).",
      "translation": "(Dikatakan kepada mereka,) “Wahai hamba-hamba-Ku, tidak ada ketakutan bagimu pada hari ini (kiamat) dan tidak pula kamu bersedih.",
      "footnotes": null
    },
    {
      "ayah": 69,
      "quarter_hizb": 50.25,
      "juz": 25,
      "manzil": 6,
      "arabic": "اَلَّذِيْنَ اٰمَنُوْا بِاٰيٰتِنَا وَكَانُوْا مُسْلِمِيْنَۚ ",
      "latin": "Allażīna āmanū bi'āyātinā wa kānū muslimīn(a).",
      "translation": "(Yaitu) orang-orang yang beriman kepada ayat-ayat Kami dan mereka adalah orang-orang muslim.",
      "footnotes": null
    },
    {
      "ayah": 70,
      "quarter_hizb": 50.25,
      "juz": 25,
      "manzil": 6,
      "arabic": "اُدْخُلُوا الْجَنَّةَ اَنْتُمْ وَاَزْوَاجُكُمْ تُحْبَرُوْنَ ",
      "latin": "Udkhulul-jannata antum wa azwājukum tuḥbarūn(a).",
      "translation": "Masuklah ke dalam surga, kamu dan pasanganmu (dalam keadaan) dibahagiakan.”",
      "footnotes": null
    },
    {
      "ayah": 71,
      "quarter_hizb": 50.25,
      "juz": 25,
      "manzil": 6,
      "arabic": "يُطَافُ عَلَيْهِمْ بِصِحَافٍ مِّنْ ذَهَبٍ وَّاَكْوَابٍ ۚوَفِيْهَا مَا تَشْتَهِيْهِ الْاَنْفُسُ وَتَلَذُّ الْاَعْيُنُ ۚوَاَنْتُمْ فِيْهَا خٰلِدُوْنَۚ ",
      "latin": "Yuṭāfu ‘alaihim biṣiḥāfim min żahabiw wa akwāb(in), wa fīhā mā tasytahīhil-anfusu wa talażżul-a‘yun(u), wa antum fīhā khālidūn(a).",
      "translation": "Kepada mereka diedarkan piring-piring dan gelas-gelas dari emas dan di dalamnya (surga) terdapat apa yang diingini oleh hati dan dipandang sedap oleh mata serta kamu kekal di dalamnya.",
      "footnotes": null
    },
    {
      "ayah": 72,
      "quarter_hizb": 50.25,
      "juz": 25,
      "manzil": 6,
      "arabic": "وَتِلْكَ الْجَنَّةُ الَّتِيْٓ اُوْرِثْتُمُوْهَا بِمَا كُنْتُمْ تَعْمَلُوْنَ ",
      "latin": "Wa tilkal-jannatul-latī ūriṡtumūhā bimā kuntum ta‘malūn(a).",
      "translation": "Itulah surga yang diwariskan kepada kamu disebabkan apa yang selama ini kamu kerjakan.",
      "footnotes": null
    },
    {
      "ayah": 73,
      "quarter_hizb": 50.25,
      "juz": 25,
      "manzil": 6,
      "arabic": "لَكُمْ فِيْهَا فَاكِهَةٌ كَثِيْرَةٌ مِّنْهَا تَأْكُلُوْنَ",
      "latin": "Lakum fīhā fākihatun kaṡīratum minhā ta'kulūn(a).",
      "translation": "Untukmu di dalamnya (surga) buah-buahan yang banyak yang sebagiannya kamu makan.",
      "footnotes": null
    },
    {
      "ayah": 74,
      "quarter_hizb": 50.25,
      "juz": 25,
      "manzil": 6,
      "arabic": "اِنَّ الْمُجْرِمِيْنَ فِيْ عَذَابِ جَهَنَّمَ خٰلِدُوْنَۖ ",
      "latin": "Innal-mujrimīna fī ‘ażābi jahannama khālidūn(a).",
      "translation": "Sesungguhnya para pendurhaka itu kekal di dalam azab (neraka) Jahanam.",
      "footnotes": null
    },
    {
      "ayah": 75,
      "quarter_hizb": 50.25,
      "juz": 25,
      "manzil": 6,
      "arabic": "لَا يُفَتَّرُ عَنْهُمْ وَهُمْ فِيْهِ مُبْلِسُوْنَ ۚ ",
      "latin": "Lā yufattaru ‘anhum wa hum fīhi mublisūn(a).",
      "translation": "Tidak diringankan (azab itu) dari mereka dan mereka berputus asa di dalamnya.",
      "footnotes": null
    },
    {
      "ayah": 76,
      "quarter_hizb": 50.25,
      "juz": 25,
      "manzil": 6,
      "arabic": "وَمَا ظَلَمْنٰهُمْ وَلٰكِنْ كَانُوْا هُمُ الظّٰلِمِيْنَ",
      "latin": "Wa mā ẓalamnāhum wa lākin kānū humuẓ-ẓālimīn(a).",
      "translation": "Tidaklah Kami menzalimi mereka, tetapi mereka adalah orang-orang zalim (terhadap dirinya).",
      "footnotes": null
    },
    {
      "ayah": 77,
      "quarter_hizb": 50.25,
      "juz": 25,
      "manzil": 6,
      "arabic": "وَنَادَوْا يٰمٰلِكُ لِيَقْضِ عَلَيْنَا رَبُّكَۗ قَالَ اِنَّكُمْ مّٰكِثُوْنَ",
      "latin": "Wa nādau yā māliku liyaqḍi ‘alainā rabbuk(a), qāla innakum mākiṡūn(a).",
      "translation": "Mereka menyeru, “Wahai (Malaikat) Malik, hendaklah Tuhanmu mematikan kami saja.” Dia menjawab, “Sesungguhnya kamu akan tetap tinggal (di neraka ini).”",
      "footnotes": null
    },
    {
      "ayah": 78,
      "quarter_hizb": 50.25,
      "juz": 25,
      "manzil": 6,
      "arabic": "لَقَدْ جِئْنٰكُمْ بِالْحَقِّ وَلٰكِنَّ اَكْثَرَكُمْ لِلْحَقِّ كٰرِهُوْنَ",
      "latin": "Laqad ji'nākum bil-ḥaqqi wa lākinna akṡarakum lil-ḥaqqi kārihūn(a).",
      "translation": "Sungguh, Kami benar-benar telah datang kepada kamu dengan (membawa) kebenaran, tetapi kebanyakan kamu benci kepada kebenaran itu.",
      "footnotes": null
    },
    {
      "ayah": 79,
      "quarter_hizb": 50.25,
      "juz": 25,
      "manzil": 6,
      "arabic": "اَمْ اَبْرَمُوْٓا اَمْرًا فَاِنَّا مُبْرِمُوْنَۚ",
      "latin": "Am abramū amran fa innā mubrimūn(a).",
      "translation": "Bahkan, bukankah mereka telah merencanakan suatu tipu daya (jahat)? Sesungguhnya Kami telah berencana (mengatasi tipu daya mereka).",
      "footnotes": null
    },
    {
      "ayah": 80,
      "quarter_hizb": 50.25,
      "juz": 25,
      "manzil": 6,
      "arabic": "اَمْ يَحْسَبُوْنَ اَنَّا لَا نَسْمَعُ سِرَّهُمْ وَنَجْوٰىهُمْ ۗ بَلٰى وَرُسُلُنَا لَدَيْهِمْ يَكْتُبُوْنَ ",
      "latin": "Am yaḥsabūna annā lā nasma‘u sirrahum wa najwāhum, balā wa rusulunā ladaihim yaktubūn(a).",
      "translation": "Ataukah mereka mengira bahwa Kami tidak mendengar rahasia dan bisikan mereka? Sebenarnya (Kami mendengar) dan utusan-utusan Kami (malaikat) mencatat di sisi mereka.",
      "footnotes": null
    },
    {
      "ayah": 81,
      "quarter_hizb": 50.25,
      "juz": 25,
      "manzil": 6,
      "arabic": "قُلْ اِنْ كَانَ لِلرَّحْمٰنِ وَلَدٌ  ۖفَاَنَا۠ اَوَّلُ الْعٰبِدِيْنَ ",
      "latin": "Qul in kāna lir-raḥmāni walad(un), fa ana awwalul-‘ābidīn(a).",
      "translation": "Katakanlah (Nabi Muhammad), “Jika benar Tuhan Yang Maha Pengasih mempunyai anak, akulah orang pertama yang menyembah (anak itu).",
      "footnotes": null
    },
    {
      "ayah": 82,
      "quarter_hizb": 50.25,
      "juz": 25,
      "manzil": 6,
      "arabic": "سُبْحٰنَ رَبِّ السَّمٰوٰتِ وَالْاَرْضِ رَبِّ الْعَرْشِ عَمَّا يَصِفُوْنَ ",
      "latin": "Subḥāna rabbis-samāwāti wal-arḍi rabbil-‘arsyi ‘ammā yaṣifūn(a).",
      "translation": "Maha Suci Tuhan pemilik langit dan bumi, Tuhan pemilik ʻArasy, dari apa yang mereka sifatkan.”",
      "footnotes": null
    },
    {
      "ayah": 83,
      "quarter_hizb": 50.25,
      "juz": 25,
      "manzil": 6,
      "arabic": "فَذَرْهُمْ يَخُوْضُوْا وَيَلْعَبُوْا حَتّٰى يُلٰقُوْا يَوْمَهُمُ الَّذِيْ يُوْعَدُوْنَ",
      "latin": "Fa żarhum yakhūḍū wa yal‘abū ḥattā yulāqū yaumahumul-lażī yū‘adūn(a).",
      "translation": "Maka, biarkanlah mereka tenggelam (dalam kesesatan) dan bermain-main (di dunia) sampai mereka menemui hari yang dijanjikan kepada mereka.",
      "footnotes": null
    },
    {
      "ayah": 84,
      "quarter_hizb": 50.25,
      "juz": 25,
      "manzil": 6,
      "arabic": "وَهُوَ الَّذِيْ فِى السَّمَاۤءِ اِلٰهٌ وَّ فِى الْاَرْضِ اِلٰهٌ ۗوَهُوَ الْحَكِيْمُ الْعَلِيْمُ ",
      "latin": "Wa huwal-lażī fis-samā'i ilāhuw wa fil-arḍi ilāh(un), wa huwal-ḥakīmul-‘alīm(u).",
      "translation": "Dialah Tuhan (yang disembah) di langit dan Tuhan (yang disembah) di bumi. Dialah Yang Maha Bijaksana lagi Maha Mengetahui.",
      "footnotes": null
    },
    {
      "ayah": 85,
      "quarter_hizb": 50.25,
      "juz": 25,
      "manzil": 6,
      "arabic": "وَتَبٰرَكَ الَّذِيْ لَهٗ مُلْكُ السَّمٰوٰتِ وَالْاَرْضِ وَمَا بَيْنَهُمَا ۚوَعِنْدَهٗ عِلْمُ السَّاعَةِۚ وَاِلَيْهِ تُرْجَعُوْنَ",
      "latin": "Wa tabārakal-lażī lahū mulkus-samāwāti wal-arḍi wa mā bainahumā, wa ‘indahū ‘ilmus-sā‘ah(ti), wa ilaihi turja‘ūn(a).",
      "translation": "Maha Berkah (Allah) yang memiliki kerajaan langit dan bumi serta apa yang ada di antara keduanya. Di sisi-Nyalah ilmu tentang hari Kiamat dan hanya kepada-Nyalah kamu dikembalikan.",
      "footnotes": null
    },
    {
      "ayah": 86,
      "quarter_hizb": 50.25,
      "juz": 25,
      "manzil": 6,
      "arabic": "وَلَا يَمْلِكُ الَّذِيْنَ يَدْعُوْنَ مِنْ دُوْنِهِ الشَّفَاعَةَ اِلَّا مَنْ شَهِدَ بِالْحَقِّ وَهُمْ يَعْلَمُوْنَ",
      "latin": "Wa lā yamlikul-lażīna yad‘ūna min dūnihisy-syafā‘ata illā man syahida bil-ḥaqqi wa hum ya‘lamūn(a).",
      "translation": "Sembahan-sembahan mereka selain Dia tidak bisa memberi syafaat (pertolongan di akhirat), kecuali orang yang bersaksi dengan yang hak (tauhid) dan mereka meyakininya.",
      "footnotes": null
    },
    {
      "ayah": 87,
      "quarter_hizb": 50.25,
      "juz": 25,
      "manzil": 6,
      "arabic": "وَلَىِٕنْ سَاَلْتَهُمْ مَّنْ خَلَقَهُمْ لَيَقُوْلُنَّ اللّٰهُ فَاَنّٰى يُؤْفَكُوْنَۙ",
      "latin": "Wa la'in sa'altahum man khalaqahum layaqūlunnallāhu fa annā yu'fakūn(a).",
      "translation": "Jika engkau bertanya kepada mereka, siapakah yang menciptakan mereka, niscaya mereka menjawab, “Allah.” Maka, mengapa mereka bisa dipalingkan?",
      "footnotes": null
    },
    {
      "ayah": 88,
      "quarter_hizb": 50.25,
      "juz": 25,
      "manzil": 6,
      "arabic": "وَقِيْلِهٖ يٰرَبِّ اِنَّ هٰٓؤُلَاۤءِ قَوْمٌ لَّا يُؤْمِنُوْنَۘ",
      "latin": "Wa qīlihī yā rabbi inna hā'ulā'i qaumul lā yu'minūn(a).",
      "translation": "Demi (kebenaran) ucapannya (Nabi Muhammad), “Ya Tuhanku, sesungguhnya mereka itu adalah kaum yang tidak beriman.”",
      "footnotes": null
    },
    {
      "ayah": 89,
      "quarter_hizb": 50.25,
      "juz": 25,
      "manzil": 6,
      "arabic": "فَاصْفَحْ عَنْهُمْ وَقُلْ سَلٰمٌۗ فَسَوْفَ يَعْلَمُوْنَ ࣖ",
      "latin": "Faṣfaḥ ‘anhum wa qul salām(un), fa saufa ya‘lamūn(a).",
      "translation": "Maka, berpalinglah dari mereka dan katakanlah, “Salam (selamat tinggal).” Kelak mereka akan mengetahui (nasibnya yang buruk).",
      "footnotes": null
    }
  ]
}