{
  "arabic": "الدّخان",
  "latin": "Ad-Dukhān",
  "transliteration": "Ad-Dukhan",
  "translation": "Kabut Asap",
  "num_ayah": 59,
  "location": "Makkiyah",
  "ayah": [
    {
      "ayah": 1,
      "quarter_hizb": 50.25,
      "juz": 25,
      "manzil": 6,
      "arabic": "حٰمۤ  ۚ ",
      "latin": "Ḥā mīm.",
      "translation": "Ḥā Mīm.",
      "footnotes": null
    },
    {
      "ayah": 2,
      "quarter_hizb": 50.25,
      "juz": 25,
      "manzil": 6,
      "arabic": "وَالْكِتٰبِ الْمُبِيْنِۙ ",
      "latin": "Wal-kitābil-mubīn(i).",
      "translation": "Demi Kitab (Al-Qur’an) yang jelas.",
      "footnotes": null
    },
    {
      "ayah": 3,
      "quarter_hizb": 50.25,
      "juz": 25,
      "manzil": 6,
      "arabic": "اِنَّآ اَنْزَلْنٰهُ فِيْ لَيْلَةٍ مُّبٰرَكَةٍ اِنَّا كُنَّا مُنْذِرِيْنَ",
      "latin": "Innā anzalnāhu fī lailatim mubārakatin innā kunnā munżirīn(a).",
      "translation": "Sesungguhnya Kami (mulai) menurunkannya pada malam yang diberkahi (Lailatulqadar).681) Sesungguhnya Kamilah pemberi peringatan.",
      "footnotes": "681) Yang dimaksud dengan turunnya Al-Qur’an pada malam Lailatulqadar adalah bahwa Al-Qur’an untuk pertama kalinya diturunkan pada malam tersebut."
    },
    {
      "ayah": 4,
      "quarter_hizb": 50.25,
      "juz": 25,
      "manzil": 6,
      "arabic": "فِيْهَا يُفْرَقُ كُلُّ اَمْرٍ حَكِيْمٍۙ ",
      "latin": "Fīhā yufraqu kullu amrin ḥakīm(in).",
      "translation": "Pada (malam itu) dijelaskan segala urusan yang penuh hikmah.682)",
      "footnotes": "682) Yang dimaksud dengan segala urusan yang penuh hikmah adalah segala sesuatu yang berhubungan dengan kehidupan makhluk, seperti hidup, mati, rezeki, nasib baik, dan nasib buruk."
    },
    {
      "ayah": 5,
      "quarter_hizb": 50.25,
      "juz": 25,
      "manzil": 6,
      "arabic": "اَمْرًا مِّنْ عِنْدِنَاۗ اِنَّا كُنَّا مُرْسِلِيْنَۖ ",
      "latin": "Amram min ‘indinā, innā kunnā mursilīn(a).",
      "translation": "(Hal itu merupakan) urusan (yang besar) dari sisi Kami. Sesungguhnya Kamilah yang mengutus (para rasul)",
      "footnotes": null
    },
    {
      "ayah": 6,
      "quarter_hizb": 50.25,
      "juz": 25,
      "manzil": 6,
      "arabic": "رَحْمَةً مِّنْ رَّبِّكَ ۗاِنَّهٗ هُوَ السَّمِيْعُ الْعَلِيْمُۗ ",
      "latin": "Raḥmatam mir rabbik(a), innahū huwas-samī‘ul-‘alīm(u).",
      "translation": "sebagai rahmat dari Tuhanmu. Sesungguhnya Dia Maha Mendengar lagi Maha Mengetahui,",
      "footnotes": null
    },
    {
      "ayah": 7,
      "quarter_hizb": 50.25,
      "juz": 25,
      "manzil": 6,
      "arabic": "رَبِّ السَّمٰوٰتِ وَالْاَرْضِ وَمَا بَيْنَهُمَاۘ اِنْ كُنْتُمْ مُّوْقِنِيْنَ",
      "latin": "Rabbis-samāwāti wal-arḍi wa mā bainahumā, in kuntum mūqinīn(a).",
      "translation": "yaitu Tuhan langit dan bumi serta apa yang ada di antara keduanya jika kamu orang-orang yang yakin.",
      "footnotes": null
    },
    {
      "ayah": 8,
      "quarter_hizb": 50.25,
      "juz": 25,
      "manzil": 6,
      "arabic": "لَآ اِلٰهَ اِلَّا هُوَ يُحْيٖ وَيُمِيْتُ ۗرَبُّكُمْ وَرَبُّ اٰبَاۤىِٕكُمُ الْاَوَّلِيْنَ",
      "latin": "Lā ilāha illā huwa yuḥyī wa yumīt(u), rabbukum wa rabbu ābā'ikumul-awwalīn(a).",
      "translation": "Tidak ada tuhan selain Dia (yang) menghidupkan dan mematikan. (Dialah) Tuhanmu dan Tuhan nenek moyangmu terdahulu.",
      "footnotes": null
    },
    {
      "ayah": 9,
      "quarter_hizb": 50.25,
      "juz": 25,
      "manzil": 6,
      "arabic": "بَلْ هُمْ فِيْ شَكٍّ يَّلْعَبُوْنَ",
      "latin": "Bal hum fī syakkiy yal‘abūn(a).",
      "translation": "Akan tetapi, mereka dalam keraguan; mereka bermain-main.",
      "footnotes": null
    },
    {
      "ayah": 10,
      "quarter_hizb": 50.25,
      "juz": 25,
      "manzil": 6,
      "arabic": "فَارْتَقِبْ يَوْمَ تَأْتِى السَّمَاۤءُ بِدُخَانٍ مُّبِيْنٍ ",
      "latin": "Fartaqib yauma ta'tis-samā'u bidukhānim mubīn(in).",
      "translation": "Maka, nantikanlah hari (ketika) langit mendatangkan kabut asap yang tampak jelas683)",
      "footnotes": "683) Maksudnya adalah bencana kelaparan yang menimpa kaum Quraisy akibat menentang Nabi Muhammad saw."
    },
    {
      "ayah": 11,
      "quarter_hizb": 50.25,
      "juz": 25,
      "manzil": 6,
      "arabic": "يَغْشَى النَّاسَۗ هٰذَا عَذَابٌ اَلِيْمٌ ",
      "latin": "Yagsyan-nās(a), hāżā ‘ażābun alīm(un).",
      "translation": "(yang) meliputi manusia (durhaka). Ini adalah azab yang sangat pedih.",
      "footnotes": null
    },
    {
      "ayah": 12,
      "quarter_hizb": 50.25,
      "juz": 25,
      "manzil": 6,
      "arabic": "رَبَّنَا اكْشِفْ عَنَّا الْعَذَابَ اِنَّا مُؤْمِنُوْنَ ",
      "latin": "Rabbanaksyif ‘annal-‘ażāba innā mu'minūn(a).",
      "translation": "(Mereka berdoa,) “Wahai Tuhan kami, lenyapkanlah azab itu dari kami. Sesungguhnya kami adalah orang-orang mukmin.”",
      "footnotes": null
    },
    {
      "ayah": 13,
      "quarter_hizb": 50.25,
      "juz": 25,
      "manzil": 6,
      "arabic": "اَنّٰى لَهُمُ الذِّكْرٰى وَقَدْ جَاۤءَهُمْ رَسُوْلٌ مُّبِيْنٌۙ ",
      "latin": "Annā lahumuż-żikrā wa qad jā'ahum rasūlum mubīn(un).",
      "translation": "Bagaimana mereka dapat menerima peringatan (setelah turun azab), padahal (sebelumnya) seorang Rasul (Nabi Muhammad) benar-benar telah datang kepada mereka (untuk) memberi penjelasan.",
      "footnotes": null
    },
    {
      "ayah": 14,
      "quarter_hizb": 50.25,
      "juz": 25,
      "manzil": 6,
      "arabic": "ثُمَّ تَوَلَّوْا عَنْهُ وَقَالُوْا مُعَلَّمٌ مَّجْنُوْنٌۘ ",
      "latin": "Ṡumma tawallau ‘anhu wa qālū mu‘allamum majnūn(un).",
      "translation": "Kemudian, mereka berpaling darinya dan berkata, “Dia (Nabi Muhammad) diajari (oleh orang lain) lagi gila.”684)",
      "footnotes": "684) Nabi Muhammad saw. dituduh menerima pelajaran dari Addas, seorang non-Arab yang beragama Nasrani."
    },
    {
      "ayah": 15,
      "quarter_hizb": 50.25,
      "juz": 25,
      "manzil": 6,
      "arabic": "اِنَّا كَاشِفُوا الْعَذَابِ قَلِيْلًا اِنَّكُمْ عَاۤىِٕدُوْنَۘ ",
      "latin": "Innā kāsyiful-‘ażābi qalīlan innakum ‘ā'idūn(a).",
      "translation": "Sesungguhnya (kalau) Kami melenyapkan azab itu sebentar saja, pasti kamu akan kembali (ingkar).",
      "footnotes": null
    },
    {
      "ayah": 16,
      "quarter_hizb": 50.25,
      "juz": 25,
      "manzil": 6,
      "arabic": "يَوْمَ نَبْطِشُ الْبَطْشَةَ الْكُبْرٰىۚ اِنَّا مُنْتَقِمُوْنَ",
      "latin": "Yauma nabṭisyul baṭsyatal kubrā, innā muntaqimūn(a).",
      "translation": "(Ingatlah) pada hari (ketika) Kami menghantam mereka dengan hantaman yang besar.685) Sesungguhnya Kami adalah pemberi balasan.",
      "footnotes": "685) Hantaman yang besar itu terjadi pada Perang Badar ketika orang-orang musyrik dipukul mundur sehingga menderita kekalahan dan banyak di antara pemimpin mereka yang tewas."
    },
    {
      "ayah": 17,
      "quarter_hizb": 50.5,
      "juz": 25,
      "manzil": 6,
      "arabic": "۞ وَلَقَدْ فَتَنَّا قَبْلَهُمْ قَوْمَ فِرْعَوْنَ وَجَاۤءَهُمْ رَسُوْلٌ كَرِيْمٌۙ ",
      "latin": "Wa laqad fatannā qablahum qauma fir‘auna wa jā'ahum rasūlun karīm(un).",
      "translation": "Sungguh, Kami benar-benar telah menguji kaum Fir‘aun sebelum mereka dan telah datang (pula) seorang rasul yang mulia (Musa) kepada mereka.",
      "footnotes": null
    },
    {
      "ayah": 18,
      "quarter_hizb": 50.5,
      "juz": 25,
      "manzil": 6,
      "arabic": "اَنْ اَدُّوْٓا اِلَيَّ عِبَادَ اللّٰهِ ۗاِنِّيْ لَكُمْ رَسُوْلٌ اَمِيْنٌۙ ",
      "latin": "An addū ilayya ‘ibādallāh(i), innī lakum rasūlun amīn(un).",
      "translation": "(Musa berkata,) “Kembalikanlah kepadaku hamba-hamba Allah (Bani Israil). Sesungguhnya aku adalah utusan (Allah) yang dapat kamu percaya.",
      "footnotes": null
    },
    {
      "ayah": 19,
      "quarter_hizb": 50.5,
      "juz": 25,
      "manzil": 6,
      "arabic": "وَّاَنْ لَّا تَعْلُوْا عَلَى اللّٰهِ ۚاِنِّيْٓ اٰتِيْكُمْ بِسُلْطٰنٍ مُّبِيْنٍۚ ",
      "latin": "Wa al lā ta‘lū ‘alallāh(i), innī ātīkum bisulṭānim mubīn(in).",
      "translation": "Janganlah kamu menyombongkan diri terhadap Allah karena sesungguhnya aku datang kepadamu dengan membawa bukti yang nyata.",
      "footnotes": null
    },
    {
      "ayah": 20,
      "quarter_hizb": 50.5,
      "juz": 25,
      "manzil": 6,
      "arabic": "وَاِنِّيْ عُذْتُ بِرَبِّيْ وَرَبِّكُمْ اَنْ تَرْجُمُوْنِۚ ",
      "latin": "Wa innī ‘użtu birabbī wa rabbikum an tarjumūn(i).",
      "translation": "Sesungguhnya aku berlindung kepada Tuhanku dan Tuhanmu dari ancamanmu untuk merajamku.",
      "footnotes": null
    },
    {
      "ayah": 21,
      "quarter_hizb": 50.5,
      "juz": 25,
      "manzil": 6,
      "arabic": "وَاِنْ لَّمْ تُؤْمِنُوْا لِيْ فَاعْتَزِلُوْنِ ",
      "latin": "Wa il lam tu'minū lī fa‘tazilūn(i).",
      "translation": "Jika kamu tidak beriman kepadaku, biarkanlah aku (menyampaikan pesan-pesan Tuhanku).”",
      "footnotes": null
    },
    {
      "ayah": 22,
      "quarter_hizb": 50.5,
      "juz": 25,
      "manzil": 6,
      "arabic": "فَدَعَا رَبَّهٗٓ اَنَّ هٰٓؤُلَاۤءِ قَوْمٌ مُّجْرِمُوْنَ",
      "latin": "Fa da‘ā rabbahū anna hā'ulā'i qaumum mujrimūn(a).",
      "translation": "Kemudian, dia (Musa) berdoa kepada Tuhannya (seraya berkata,) “Sesungguhnya mereka ini adalah kaum pendurhaka.”",
      "footnotes": null
    },
    {
      "ayah": 23,
      "quarter_hizb": 50.5,
      "juz": 25,
      "manzil": 6,
      "arabic": "فَاَسْرِ بِعِبَادِيْ لَيْلًا اِنَّكُمْ مُّتَّبَعُوْنَۙ ",
      "latin": "Fa asri bi‘ibādī lailan innakum muttaba‘ūn(a). ",
      "translation": "(Allah berfirman,) “Oleh karena itu, berjalanlah dengan hamba-hamba-Ku pada malam hari. Sesungguhnya kamu akan dikejar.",
      "footnotes": null
    },
    {
      "ayah": 24,
      "quarter_hizb": 50.5,
      "juz": 25,
      "manzil": 6,
      "arabic": "وَاتْرُكِ الْبَحْرَ رَهْوًاۗ اِنَّهُمْ جُنْدٌ مُّغْرَقُوْنَ ",
      "latin": "Watrukil-baḥra rahwā(n), innahum jundum mugraqūn(a).",
      "translation": "Biarkanlah laut itu terbelah. Sesungguhnya mereka adalah bala tentara yang akan ditenggelamkan.”",
      "footnotes": null
    },
    {
      "ayah": 25,
      "quarter_hizb": 50.5,
      "juz": 25,
      "manzil": 6,
      "arabic": "كَمْ تَرَكُوْا مِنْ جَنّٰتٍ وَّعُيُوْنٍۙ ",
      "latin": "Kam tarakū min jannātiw wa ‘uyūn(in).",
      "translation": "Betapa banyak taman-taman dan mata-mata air yang mereka tinggalkan,",
      "footnotes": null
    },
    {
      "ayah": 26,
      "quarter_hizb": 50.5,
      "juz": 25,
      "manzil": 6,
      "arabic": "وَّزُرُوْعٍ وَّمَقَامٍ كَرِيْمٍۙ ",
      "latin": "Wa zurū‘iw wa maqāmin karīm(in).",
      "translation": "kebun-kebun serta tempat-tempat kediaman yang indah,",
      "footnotes": null
    },
    {
      "ayah": 27,
      "quarter_hizb": 50.5,
      "juz": 25,
      "manzil": 6,
      "arabic": "وَّنَعْمَةٍ كَانُوْا فِيْهَا فٰكِهِيْنَۙ ",
      "latin": "Wa na‘matin kānū fīhā fākihīn(a).",
      "translation": "juga kesenangan-kesenangan yang dapat mereka nikmati di sana.",
      "footnotes": null
    },
    {
      "ayah": 28,
      "quarter_hizb": 50.5,
      "juz": 25,
      "manzil": 6,
      "arabic": "كَذٰلِكَ ۗوَاَوْرَثْنٰهَا قَوْمًا اٰخَرِيْنَۚ",
      "latin": "Każālik(a), wa auraṡnāhā qauman ākharīn(a).",
      "translation": "Demikianlah (Allah menyiksa mereka). Kami wariskan (semua) itu kepada kaum yang lain.",
      "footnotes": null
    },
    {
      "ayah": 29,
      "quarter_hizb": 50.5,
      "juz": 25,
      "manzil": 6,
      "arabic": "فَمَا بَكَتْ عَلَيْهِمُ السَّمَاۤءُ وَالْاَرْضُۗ وَمَا كَانُوْا مُنْظَرِيْنَ ࣖ",
      "latin": "Famā bakat ‘alaihimus-samā'u wal-arḍ(u), wa mā kānū munẓarīn(a).",
      "translation": "Langit dan bumi tidak menangisi mereka dan mereka pun tidak diberi penangguhan waktu.",
      "footnotes": null
    },
    {
      "ayah": 30,
      "quarter_hizb": 50.5,
      "juz": 25,
      "manzil": 6,
      "arabic": "وَلَقَدْ نَجَّيْنَا بَنِيْٓ اِسْرَاۤءِيْلَ مِنَ الْعَذَابِ الْمُهِيْنِۙ ",
      "latin": "Wa laqad najjainā banī isrā'īla minal-‘ażābil-muhīn(i).",
      "translation": "Sungguh, Kami benar-benar telah menyelamatkan Bani Israil dari siksaan yang menghinakan,",
      "footnotes": null
    },
    {
      "ayah": 31,
      "quarter_hizb": 50.5,
      "juz": 25,
      "manzil": 6,
      "arabic": "مِنْ فِرْعَوْنَ ۗاِنَّهٗ كَانَ عَالِيًا مِّنَ الْمُسْرِفِيْنَ ",
      "latin": "Min fir‘aun(a), innahū kāna ‘āliyam minal-musrifīn(a).",
      "translation": "(yaitu) dari (siksaan) Fir‘aun. Sesungguhnya dia adalah orang yang sombong lagi termasuk orang-orang yang melampaui batas.",
      "footnotes": null
    },
    {
      "ayah": 32,
      "quarter_hizb": 50.5,
      "juz": 25,
      "manzil": 6,
      "arabic": "وَلَقَدِ اخْتَرْنٰهُمْ عَلٰى عِلْمٍ عَلَى الْعٰلَمِيْنَ ۚ ",
      "latin": "Wa laqadikhtarnāhum ‘alā ‘ilmin ‘alal-‘ālamīn(a).",
      "translation": "Sungguh, dengan (dasar) pengetahuan, Kami pilih mereka di atas seluruh alam  (semua bangsa pada masa itu).",
      "footnotes": null
    },
    {
      "ayah": 33,
      "quarter_hizb": 50.5,
      "juz": 25,
      "manzil": 6,
      "arabic": "وَاٰتَيْنٰهُمْ مِّنَ الْاٰيٰتِ مَا فِيْهِ بَلٰۤـؤٌا مُّبِيْنٌ ",
      "latin": "Wa ātaināhum minal-āyāti mā fīhi balā'um mubīn(un).",
      "translation": "Telah Kami berikan kepada mereka sebagian tanda-tanda (kebesaran Kami) sesuatu yang di dalamnya terdapat cobaan yang nyata.",
      "footnotes": null
    },
    {
      "ayah": 34,
      "quarter_hizb": 50.5,
      "juz": 25,
      "manzil": 6,
      "arabic": "اِنَّ هٰٓؤُلَاۤءِ لَيَقُوْلُوْنَۙ ",
      "latin": "Inna hā'ulā'i layaqūlūn(a).",
      "translation": "Sesungguhnya mereka itu pasti akan berkata,",
      "footnotes": null
    },
    {
      "ayah": 35,
      "quarter_hizb": 50.5,
      "juz": 25,
      "manzil": 6,
      "arabic": "اِنْ هِيَ اِلَّا مَوْتَتُنَا الْاُوْلٰى وَمَا نَحْنُ بِمُنْشَرِيْنَ ",
      "latin": "In hiya illā mautatunal-ūlā wa mā naḥnu bimunsyarīn(a).",
      "translation": "“Tidak ada (kematian) selain kematian di dunia ini dan kami tidak akan dibangkitkan.",
      "footnotes": null
    },
    {
      "ayah": 36,
      "quarter_hizb": 50.5,
      "juz": 25,
      "manzil": 6,
      "arabic": "فَأْتُوْا بِاٰبَاۤىِٕنَآ اِنْ كُنْتُمْ صٰدِقِيْنَ ",
      "latin": "Fa'tū bi'ābā'inā in kuntum ṣādiqīn(a).",
      "translation": "Datangkanlah nenek moyang kami jika kamu orang-orang yang benar.”",
      "footnotes": null
    },
    {
      "ayah": 37,
      "quarter_hizb": 50.5,
      "juz": 25,
      "manzil": 6,
      "arabic": "اَهُمْ خَيْرٌ اَمْ قَوْمُ تُبَّعٍۙ وَّالَّذِيْنَ مِنْ قَبْلِهِمْۗ اَهْلَكْنٰهُمْ اِنَّهُمْ كَانُوْا مُجْرِمِيْنَ",
      "latin": "Ahum khairun am qaumu tubba‘(in), wal-lażīna min qablihim, ahlaknāhum innahum kānū mujrimīn(a).",
      "translation": "Apakah mereka yang lebih baik atau kaum Tubba‘686) dan orang-orang yang sebelum mereka. Kami telah membinasakan mereka karena sesungguhnya mereka adalah para pendurhaka.",
      "footnotes": "686) Tubba‘ adalah gelar yang diberikan kepada raja-raja di Yaman yang meliputi suku Himyar, Saba’, dan Hadramaut."
    },
    {
      "ayah": 38,
      "quarter_hizb": 50.5,
      "juz": 25,
      "manzil": 6,
      "arabic": "وَمَا خَلَقْنَا السَّمٰوٰتِ وَالْاَرْضَ وَمَا بَيْنَهُمَا لٰعِبِيْنَ",
      "latin": "Wa mā khalaqnas-samāwāti wal-arḍa wa mā bainahumā lā‘ibīn(a).",
      "translation": "Tidaklah Kami ciptakan langit, bumi, dan apa yang ada di antara keduanya secara main-main.",
      "footnotes": null
    },
    {
      "ayah": 39,
      "quarter_hizb": 50.5,
      "juz": 25,
      "manzil": 6,
      "arabic": "مَا خَلَقْنٰهُمَآ اِلَّا بِالْحَقِّ وَلٰكِنَّ اَكْثَرَهُمْ لَا يَعْلَمُوْنَ",
      "latin": "Mā khalaqnāhumā illā bil-ḥaqqi wa lākinna akṡarahum lā ya‘lamūn(a).",
      "translation": "Tidaklah Kami ciptakan keduanya, kecuali dengan hak. Akan tetapi, kebanyakan dari mereka tidak mengetahui.",
      "footnotes": null
    },
    {
      "ayah": 40,
      "quarter_hizb": 50.5,
      "juz": 25,
      "manzil": 6,
      "arabic": "اِنَّ يَوْمَ الْفَصْلِ مِيْقَاتُهُمْ اَجْمَعِيْنَ ۙ ",
      "latin": "Inna yaumal-faṣli mīqātuhum ajma‘īn(a).",
      "translation": "Sesungguhnya hari keputusan (hari Kiamat) itu adalah waktu yang dijanjikan bagi mereka semuanya,",
      "footnotes": null
    },
    {
      "ayah": 41,
      "quarter_hizb": 50.5,
      "juz": 25,
      "manzil": 6,
      "arabic": "يَوْمَ لَا يُغْنِيْ مَوْلًى عَنْ مَّوْلًى شَيْـًٔا وَّلَا هُمْ يُنْصَرُوْنَۙ ",
      "latin": "Yauma lā yugnī maulan ‘am maulan syai'aw wa lā hum yunṣarūn(a).",
      "translation": "(yaitu) hari (ketika) seorang teman setia sama sekali tidak dapat memberi manfaat sedikit pun kepada teman lainnya dan mereka tidak akan mendapat pertolongan,",
      "footnotes": null
    },
    {
      "ayah": 42,
      "quarter_hizb": 50.5,
      "juz": 25,
      "manzil": 6,
      "arabic": "اِلَّا مَنْ رَّحِمَ اللّٰهُ ۗاِنَّهٗ هُوَ الْعَزِيْزُ الرَّحِيْمُ ࣖ ",
      "latin": "Illā mar raḥimallāh(u), innahū huwal-‘azīzur-raḥīm(u).",
      "translation": "kecuali orang yang diberi rahmat oleh Allah. Sesungguhnya Dialah Yang Maha Perkasa lagi Maha Penyayang.",
      "footnotes": null
    },
    {
      "ayah": 43,
      "quarter_hizb": 50.5,
      "juz": 25,
      "manzil": 6,
      "arabic": "اِنَّ شَجَرَتَ الزَّقُّوْمِۙ",
      "latin": "Inna syajarataz-zaqqūm(i).",
      "translation": "Sesungguhnya pohon zaqum itu",
      "footnotes": null
    },
    {
      "ayah": 44,
      "quarter_hizb": 50.5,
      "juz": 25,
      "manzil": 6,
      "arabic": "طَعَامُ الْاَثِيْمِ ۛ ",
      "latin": "Ṭa‘āmul-aṡīm(i).",
      "translation": "adalah makanan orang yang bergelimang dosa.",
      "footnotes": null
    },
    {
      "ayah": 45,
      "quarter_hizb": 50.5,
      "juz": 25,
      "manzil": 6,
      "arabic": "كَالْمُهْلِ ۛ يَغْلِيْ فِى الْبُطُوْنِۙ ",
      "latin": "Kal-muhl(i), yaglī fil-buṭūn(i).",
      "translation": "(Zaqum itu) seperti cairan tembaga yang mendidih di dalam perut,",
      "footnotes": null
    },
    {
      "ayah": 46,
      "quarter_hizb": 50.5,
      "juz": 25,
      "manzil": 6,
      "arabic": "كَغَلْيِ الْحَمِيْمِ ۗ",
      "latin": "Kagalyil-ḥamīm(i).",
      "translation": "seperti mendidihnya air yang sangat panas.",
      "footnotes": null
    },
    {
      "ayah": 47,
      "quarter_hizb": 50.5,
      "juz": 25,
      "manzil": 6,
      "arabic": "خُذُوْهُ فَاعْتِلُوْهُ اِلٰى سَوَاۤءِ الْجَحِيْمِۙ ",
      "latin": "Khużūhu fa‘tilūhu ilā sawā'il-jaḥīm(i).",
      "translation": "Peganglah dia (wahai malaikat Zabaniyah), kemudian seretlah sampai ke tengah-tengah (neraka) Jahim.",
      "footnotes": null
    },
    {
      "ayah": 48,
      "quarter_hizb": 50.5,
      "juz": 25,
      "manzil": 6,
      "arabic": "ثُمَّ صُبُّوْا فَوْقَ رَأْسِهٖ مِنْ عَذَابِ الْحَمِيْمِۗ",
      "latin": "Ṡumma ṣubbū fauqa ra'sihī min ‘azābil-ḥamīm(i).",
      "translation": "Kemudian, tuangkanlah di atas kepalanya azab berupa air yang sangat panas.",
      "footnotes": null
    },
    {
      "ayah": 49,
      "quarter_hizb": 50.5,
      "juz": 25,
      "manzil": 6,
      "arabic": "ذُقْۚ اِنَّكَ اَنْتَ الْعَزِيْزُ الْكَرِيْمُ ",
      "latin": "Żuq, innaka antal-‘azīzul-karīm(u).",
      "translation": "(Dikatakan kepadanya,) “Rasakanlah! Sesungguhnya engkau (dalam kehidupan dunia) benar-benar (merasa sebagai orang) yang perkasa lagi mulia.",
      "footnotes": null
    },
    {
      "ayah": 50,
      "quarter_hizb": 50.5,
      "juz": 25,
      "manzil": 6,
      "arabic": "اِنَّ هٰذَا مَا كُنْتُمْ بِهٖ تَمْتَرُوْنَ ",
      "latin": "Inna hāżā mā kuntum bihī tamtarūn(a).",
      "translation": "Sesungguhnya (azab) ini adalah sesuatu yang selalu kamu ragukan.”",
      "footnotes": null
    },
    {
      "ayah": 51,
      "quarter_hizb": 50.5,
      "juz": 25,
      "manzil": 6,
      "arabic": "اِنَّ الْمُتَّقِيْنَ فِيْ مَقَامٍ اَمِيْنٍۙ",
      "latin": "Innal-muttaqīna fī maqāmin amīn(in).",
      "translation": "Sesungguhnya orang-orang yang bertakwa berada dalam tempat yang aman,",
      "footnotes": null
    },
    {
      "ayah": 52,
      "quarter_hizb": 50.5,
      "juz": 25,
      "manzil": 6,
      "arabic": "فِيْ جَنّٰتٍ وَّعُيُوْنٍ ۙ",
      "latin": "Fī jannātiw wa ‘uyūn(in).",
      "translation": "(yaitu) di dalam taman-taman dan mata-mata air.",
      "footnotes": null
    },
    {
      "ayah": 53,
      "quarter_hizb": 50.5,
      "juz": 25,
      "manzil": 6,
      "arabic": "يَّلْبَسُوْنَ مِنْ سُنْدُسٍ وَّاِسْتَبْرَقٍ مُّتَقٰبِلِيْنَۚ",
      "latin": "Yalbasūna min sundusiw wa istabraqim mutaqābilīn(a).",
      "translation": "Mereka memakai sutra yang halus dan sutra yang tebal seraya (duduk) berhadapan.",
      "footnotes": null
    },
    {
      "ayah": 54,
      "quarter_hizb": 50.5,
      "juz": 25,
      "manzil": 6,
      "arabic": "كَذٰلِكَۗ وَزَوَّجْنٰهُمْ بِحُوْرٍ عِيْنٍۗ ",
      "latin": "Każālik(a), wa zawwajnāhum biḥūrin ‘īn(in).",
      "translation": "Demikianlah (keadaan penghuni surga) dan Kami menjadikan mereka berpasangan dengan bidadari yang bermata elok.",
      "footnotes": null
    },
    {
      "ayah": 55,
      "quarter_hizb": 50.5,
      "juz": 25,
      "manzil": 6,
      "arabic": "يَدْعُوْنَ فِيْهَا بِكُلِّ فَاكِهَةٍ اٰمِنِيْنَۙ ",
      "latin": "Yad‘ūna fīhā bikulli fākihatin āminīn(a).",
      "translation": "Di dalamnya mereka dapat meminta segala macam buah-buahan dengan aman dan tenteram.687)",
      "footnotes": "687) Maksudnya adalah tanpa khawatir akan kehabisan, sakit, dan kemudaratan lainnya."
    },
    {
      "ayah": 56,
      "quarter_hizb": 50.5,
      "juz": 25,
      "manzil": 6,
      "arabic": "لَا يَذُوْقُوْنَ فِيْهَا الْمَوْتَ اِلَّا الْمَوْتَةَ الْاُوْلٰىۚ وَوَقٰىهُمْ عَذَابَ الْجَحِيْمِۙ ",
      "latin": "Lā yażūqūna fīhal-mauta illal-mautatal-ūlā, wa waqāhum ‘ażābal-jaḥīm(i).",
      "translation": "Mereka tidak akan merasakan mati di dalamnya selain kematian pertama (di dunia). Allah melindungi mereka dari azab (neraka) Jahim",
      "footnotes": null
    },
    {
      "ayah": 57,
      "quarter_hizb": 50.5,
      "juz": 25,
      "manzil": 6,
      "arabic": "فَضْلًا مِّنْ رَّبِّكَۚ ذٰلِكَ هُوَ الْفَوْزُ الْعَظِيْمُ",
      "latin": "Faḍlam mir rabbika żālika huwal-fauzul-‘aẓīm(u).",
      "translation": "sebagai karunia dari Tuhanmu. Itulah kemenangan yang sangat agung.",
      "footnotes": null
    },
    {
      "ayah": 58,
      "quarter_hizb": 50.5,
      "juz": 25,
      "manzil": 6,
      "arabic": "فَاِنَّمَا يَسَّرْنٰهُ بِلِسَانِكَ لَعَلَّهُمْ يَتَذَكَّرُوْنَ",
      "latin": "Fa innamā yassarnāhu bilisānika la‘allahum yatażakkarūn(a).",
      "translation": "Sesungguhnya Kami telah memudahkannya (Al-Qur’an) dengan bahasamu (Arab) supaya mereka mendapat pelajaran.",
      "footnotes": null
    },
    {
      "ayah": 59,
      "quarter_hizb": 50.5,
      "juz": 25,
      "manzil": 6,
      "arabic": "فَارْتَقِبْ اِنَّهُمْ مُّرْتَقِبُوْنَ ࣖࣖ",
      "latin": "Fartaqib innahum murtaqibūn(a).",
      "translation": "Maka, tunggulah (kehancuran mereka)! Sesungguhnya mereka itu (juga sedang) menunggu.",
      "footnotes": null
    }
  ]
}