{
  "arabic": "قۤ",
  "latin": "Qāf",
  "transliteration": "Qaf",
  "translation": "Qaf",
  "num_ayah": 45,
  "location": "Makkiyah",
  "ayah": [
    {
      "ayah": 1,
      "quarter_hizb": 52.5,
      "juz": 26,
      "manzil": 7,
      "arabic": "قۤ  ۗوَالْقُرْاٰنِ الْمَجِيْدِ  ۖ ",
      "latin": "Qāf, wal-qur'ānil-majīd(i).",
      "translation": " Qāf. Demi Al-Qur’an yang mulia.",
      "footnotes": null
    },
    {
      "ayah": 2,
      "quarter_hizb": 52.5,
      "juz": 26,
      "manzil": 7,
      "arabic": "بَلْ عَجِبُوْٓا اَنْ جَاۤءَهُمْ مُّنْذِرٌ مِّنْهُمْ فَقَالَ الْكٰفِرُوْنَ هٰذَا شَيْءٌ عَجِيْبٌ ۚ",
      "latin": "Bal ‘ajibū an jā'ahum munżirum minhum faqālal-kāfirūna hāżā syai'un ‘ajīb(un).",
      "translation": " (Mereka menolaknya,) bahkan mereka heran karena telah datang kepada mereka seorang pemberi peringatan dari (kalangan) mereka sendiri. Berkatalah orang-orang kafir, “Ini adalah sesuatu yang sangat mengherankan. ",
      "footnotes": null
    },
    {
      "ayah": 3,
      "quarter_hizb": 52.5,
      "juz": 26,
      "manzil": 7,
      "arabic": "ءَاِذَا مِتْنَا وَكُنَّا تُرَابًا ۚ ذٰلِكَ رَجْعٌۢ بَعِيْدٌ ",
      "latin": "A'iżā mitnā wa kunnā turābā(n), żālika raj‘um ba‘īd(un). ",
      "translation": " Apakah setelah kami mati dan sudah menjadi tanah (akan dikembalikan)? Itu adalah pengembalian yang sangat jauh.”",
      "footnotes": null
    },
    {
      "ayah": 4,
      "quarter_hizb": 52.5,
      "juz": 26,
      "manzil": 7,
      "arabic": "قَدْ عَلِمْنَا مَا تَنْقُصُ الْاَرْضُ مِنْهُمْ ۚوَعِنْدَنَا كِتٰبٌ حَفِيْظٌ ",
      "latin": "Qad ‘alimnā mā tanquṣul-arḍu minhum, wa ‘indanā kitābun ḥafīẓ(un).",
      "translation": " Sungguh, Kami telah mengetahui apa yang dimakan bumi dari (tubuh) mereka karena pada Kami ada kitab (catatan) yang terpelihara baik.",
      "footnotes": null
    },
    {
      "ayah": 5,
      "quarter_hizb": 52.5,
      "juz": 26,
      "manzil": 7,
      "arabic": "بَلْ كَذَّبُوْا بِالْحَقِّ لَمَّا جَاۤءَهُمْ فَهُمْ فِيْٓ اَمْرٍ مَّرِيْجٍ ",
      "latin": "Bal każżabū bil-ḥaqqi lammā jā'ahum fahum fī amrim marīj(in).",
      "translation": " Bahkan, mereka mendustakan kebenaran ketika datang kepadanya. Maka, mereka berada dalam keadaan kacau balau. ",
      "footnotes": null
    },
    {
      "ayah": 6,
      "quarter_hizb": 52.5,
      "juz": 26,
      "manzil": 7,
      "arabic": "اَفَلَمْ يَنْظُرُوْٓا اِلَى السَّمَاۤءِ فَوْقَهُمْ كَيْفَ بَنَيْنٰهَا وَزَيَّنّٰهَا وَمَا لَهَا مِنْ فُرُوْجٍ ",
      "latin": "Afalam yanẓurū ilas-samā'i fauqahum kaifa banaināhā wa zayyanāhā wa mā lahā min furūj(in).",
      "translation": " Apakah mereka tidak memperhatikan langit yang ada di atas mereka, bagaimana cara Kami membangunnya dan menghiasinya tanpa ada retak-retak padanya sedikit pun? ",
      "footnotes": null
    },
    {
      "ayah": 7,
      "quarter_hizb": 52.5,
      "juz": 26,
      "manzil": 7,
      "arabic": "وَالْاَرْضَ مَدَدْنٰهَا وَاَلْقَيْنَا فِيْهَا رَوَاسِيَ وَاَنْۢبَتْنَا فِيْهَا مِنْ كُلِّ زَوْجٍۢ بَهِيْجٍۙ ",
      "latin": "Wal-arḍa madadnāhā wa alqainā fīhā rawāsiya wa ambatnā fīhā min kulli zaujim bahīj(in).",
      "translation": " (Demikian pula) bumi yang Kami hamparkan serta Kami pancangkan di atasnya gunung-gunung yang kukuh dan Kami tumbuhkan di atasnya berbagai jenis (tetumbuhan) yang indah",
      "footnotes": null
    },
    {
      "ayah": 8,
      "quarter_hizb": 52.5,
      "juz": 26,
      "manzil": 7,
      "arabic": "تَبْصِرَةً وَّذِكْرٰى لِكُلِّ عَبْدٍ مُّنِيْبٍ ",
      "latin": "Tabṣirataw wa żikrā likulli ‘abdim munīb(in).",
      "translation": " untuk menjadi pelajaran dan pengingat bagi setiap hamba yang kembali (tunduk kepada Allah). ",
      "footnotes": null
    },
    {
      "ayah": 9,
      "quarter_hizb": 52.5,
      "juz": 26,
      "manzil": 7,
      "arabic": "وَنَزَّلْنَا مِنَ السَّمَاۤءِ مَاۤءً مُّبٰرَكًا فَاَنْۢبَتْنَا بِهٖ جَنّٰتٍ وَّحَبَّ الْحَصِيْدِۙ",
      "latin": "Wa nazzalnā minas-samā'i mā'am mubārakan fa'ambatnā bihī jannātiw wa ḥabbal-ḥaṣīd(i).",
      "translation": " Kami turunkan dari langit air yang diberkahi, lalu Kami tumbuhkan dengannya kebun-kebun dan biji-bijian yang dapat dipanen. ",
      "footnotes": null
    },
    {
      "ayah": 10,
      "quarter_hizb": 52.5,
      "juz": 26,
      "manzil": 7,
      "arabic": "وَالنَّخْلَ بٰسِقٰتٍ لَّهَا طَلْعٌ نَّضِيْدٌۙ",
      "latin": "Wan-nakhla bāsiqātil lahā ṭal‘un naḍīd(un).",
      "translation": " Begitu pula pohon-pohon kurma yang tinggi yang mayangnya bersusun-susun ",
      "footnotes": null
    },
    {
      "ayah": 11,
      "quarter_hizb": 52.5,
      "juz": 26,
      "manzil": 7,
      "arabic": "رِّزْقًا لِّلْعِبَادِۙ وَاَحْيَيْنَا بِهٖ بَلْدَةً مَّيْتًاۗ  كَذٰلِكَ الْخُرُوْجُ  ",
      "latin": "Rizqal lil-‘ibād(i), wa aḥyainā bihī baldatam maitā(n), każālikal-khurūj(u).",
      "translation": " sebagai rezeki bagi hamba-hamba (Kami). Kami hidupkan pula dengan (air) itu negeri yang mati (tandus). Seperti itulah terjadinya kebangkitan (dari kubur). ",
      "footnotes": null
    },
    {
      "ayah": 12,
      "quarter_hizb": 52.5,
      "juz": 26,
      "manzil": 7,
      "arabic": "كَذَّبَتْ قَبْلَهُمْ قَوْمُ نُوْحٍ وَّاَصْحٰبُ الرَّسِّ وَثَمُوْدُ ",
      "latin": "Każżabat qablahum qaumu nūḥiw wa aṣḥābur-rassi wa ṡamūd(u).",
      "translation": " Sebelum mereka, kaum Nuh, penduduk Rass, dan (kaum) Samud telah mendustakan (rasul-rasul).",
      "footnotes": null
    },
    {
      "ayah": 13,
      "quarter_hizb": 52.5,
      "juz": 26,
      "manzil": 7,
      "arabic": "وَعَادٌ وَّفِرْعَوْنُ وَاِخْوَانُ لُوْطٍۙ",
      "latin": "Wa ‘āduw wa fir‘aunu wa ikhwānu lūṭ(in).",
      "translation": "(Demikian juga kaum) ‘Ad, Fir‘aun, kaum Lut, ",
      "footnotes": null
    },
    {
      "ayah": 14,
      "quarter_hizb": 52.5,
      "juz": 26,
      "manzil": 7,
      "arabic": "وَّاَصْحٰبُ الْاَيْكَةِ وَقَوْمُ تُبَّعٍۗ كُلٌّ كَذَّبَ الرُّسُلَ فَحَقَّ وَعِيْدِ",
      "latin": "Wa aṣḥābul-aikati wa qaumu tubba‘(in), kullun każżabar-rusula faḥaqqa wa‘īd(i).",
      "translation": " penduduk Aikah, dan kaum Tubba‘. Semuanya telah mendustakan rasul-rasul, maka berlakulah ancaman-Ku (atas mereka). ",
      "footnotes": null
    },
    {
      "ayah": 15,
      "quarter_hizb": 52.5,
      "juz": 26,
      "manzil": 7,
      "arabic": "اَفَعَيِيْنَا بِالْخَلْقِ الْاَوَّلِۗ بَلْ هُمْ فِيْ لَبْسٍ مِّنْ خَلْقٍ جَدِيْدٍ ࣖ",
      "latin": "Afa ‘ayīna bil-khalqil-awwal(i), bal hum fī labsim min khalqin jadīd(in).",
      "translation": "Apakah Kami letih dengan penciptaan yang pertama? (Sama sekali tidak,) bahkan mereka dalam keadaan ragu tentang penciptaan yang baru. ",
      "footnotes": null
    },
    {
      "ayah": 16,
      "quarter_hizb": 52.5,
      "juz": 26,
      "manzil": 7,
      "arabic": "وَلَقَدْ خَلَقْنَا الْاِنْسَانَ وَنَعْلَمُ مَا تُوَسْوِسُ بِهٖ نَفْسُهٗ ۖوَنَحْنُ اَقْرَبُ اِلَيْهِ مِنْ حَبْلِ الْوَرِيْدِ ",
      "latin": "Wa laqad khalaqnal-insāna wa na‘lamu mā tuwaswisu bihī nafsuh(ū), wa naḥnu aqrabu ilaihi min ḥablil-warīd(i).",
      "translation": "Sungguh, Kami benar-benar telah menciptakan manusia dan mengetahui apa yang dibisikkan oleh dirinya. Kami lebih dekat kepadanya daripada urat lehernya.",
      "footnotes": null
    },
    {
      "ayah": 17,
      "quarter_hizb": 52.5,
      "juz": 26,
      "manzil": 7,
      "arabic": "اِذْ يَتَلَقَّى الْمُتَلَقِّيٰنِ عَنِ الْيَمِيْنِ وَعَنِ الشِّمَالِ قَعِيْدٌ ",
      "latin": "Iż yatalaqqal-mutalaqqiyāni ‘anil-yamīni wa ‘anisy-syimāli qa‘īd(un).",
      "translation": "(Ingatlah) ketika dua malaikat mencatat (perbuatannya). Yang satu duduk di sebelah kanan dan yang lain di sebelah kiri. ",
      "footnotes": null
    },
    {
      "ayah": 18,
      "quarter_hizb": 52.5,
      "juz": 26,
      "manzil": 7,
      "arabic": "مَا يَلْفِظُ مِنْ قَوْلٍ اِلَّا لَدَيْهِ رَقِيْبٌ عَتِيْدٌ ",
      "latin": "Mā yalfiẓu min qaulin illā ladaihi raqībun ‘atīd(un).",
      "translation": "Tidak ada suatu kata pun yang terucap, melainkan ada di sisinya malaikat pengawas yang selalu siap (mencatat). ",
      "footnotes": null
    },
    {
      "ayah": 19,
      "quarter_hizb": 52.5,
      "juz": 26,
      "manzil": 7,
      "arabic": "وَجَاۤءَتْ سَكْرَةُ الْمَوْتِ بِالْحَقِّ ۗذٰلِكَ مَا كُنْتَ مِنْهُ تَحِيْدُ",
      "latin": "Wa jā'at sakratul-mauti bil-ḥaqq(i), żālika mā kunta minhu taḥīd(u).",
      "translation": " (Seketika itu) datanglah sakratulmautdengan sebenar-benarnya. Itulah yang dahulu hendak engkau hindari. ",
      "footnotes": null
    },
    {
      "ayah": 20,
      "quarter_hizb": 52.5,
      "juz": 26,
      "manzil": 7,
      "arabic": "وَنُفِخَ فِى الصُّوْرِۗ ذٰلِكَ يَوْمُ الْوَعِيْدِ ",
      "latin": "Wa nufikha fiṣ-ṣūr(i), żālika yaumul-wa‘īd(i).",
      "translation": " Ditiuplah sangkakala. Itulah hari yang diancamkan. ",
      "footnotes": null
    },
    {
      "ayah": 21,
      "quarter_hizb": 52.5,
      "juz": 26,
      "manzil": 7,
      "arabic": "وَجَاۤءَتْ كُلُّ نَفْسٍ مَّعَهَا سَاۤىِٕقٌ وَّشَهِيْدٌ ",
      "latin": "Wa jā'at kullu nafsim ma‘ahā sā'iquw wa syahīd(un).",
      "translation": " Lalu, setiap orang akan datang bersama (malaikat) penggiring dan saksi. ",
      "footnotes": null
    },
    {
      "ayah": 22,
      "quarter_hizb": 52.5,
      "juz": 26,
      "manzil": 7,
      "arabic": "لَقَدْ كُنْتَ فِيْ غَفْلَةٍ مِّنْ هٰذَا فَكَشَفْنَا عَنْكَ غِطَاۤءَكَ فَبَصَرُكَ الْيَوْمَ حَدِيْدٌ ",
      "latin": "Laqad kunta fī gaflatim min hāżā fakasyafnā ‘anka giṭā'aka fabaṣarukal-yauma ḥadīd(un).",
      "translation": "Sungguh, kamu dahulu benar-benar lalai tentang (peristiwa) ini, maka Kami singkapkan penutup matamu, sehingga penglihatanmu pada hari ini sangat tajam. ",
      "footnotes": null
    },
    {
      "ayah": 23,
      "quarter_hizb": 52.5,
      "juz": 26,
      "manzil": 7,
      "arabic": "وَقَالَ قَرِيْنُهٗ هٰذَا مَا لَدَيَّ عَتِيْدٌۗ",
      "latin": "Wa qāla qarīnuhū hāżā mā ladayya ‘atīd(un).",
      "translation": "(Malaikat) yang menyertainya berkata, “Inilah (catatan perbuatan) yang ada padaku.” ",
      "footnotes": null
    },
    {
      "ayah": 24,
      "quarter_hizb": 52.5,
      "juz": 26,
      "manzil": 7,
      "arabic": "اَلْقِيَا فِيْ جَهَنَّمَ كُلَّ كَفَّارٍ عَنِيْدٍ ",
      "latin": "Alqiyā fī jahannama kulla kaffārin ‘anīd(in).",
      "translation": "(Allah berfirman,) “Lemparkanlah olehmu berdua ke dalam (neraka) Jahanam semua orang yang sangat ingkar, keras kepala,",
      "footnotes": null
    },
    {
      "ayah": 25,
      "quarter_hizb": 52.5,
      "juz": 26,
      "manzil": 7,
      "arabic": "مَنَّاعٍ لِّلْخَيْرِ مُعْتَدٍ مُّرِيْبٍۙ",
      "latin": "Mannā‘il lil-khairi mu‘tadim murīb(in).",
      "translation": "sangat enggan melakukan kebajikan, melampaui batas, bersikap ragu-ragu,",
      "footnotes": null
    },
    {
      "ayah": 26,
      "quarter_hizb": 52.5,
      "juz": 26,
      "manzil": 7,
      "arabic": " ۨالَّذِيْ جَعَلَ مَعَ اللّٰهِ اِلٰهًا اٰخَرَ فَاَلْقِيٰهُ فِى الْعَذَابِ الشَّدِيْدِ ",
      "latin": "Allażī ja‘ala ma‘allāhi ilāhan ākhara fa'alqiyāhu fil-‘ażābisy-syadīd(i).",
      "translation": "(dan) yang mempersekutukan Allah dengan tuhan lain. Maka, lemparkanlah dia ke dalam azab yang keras.”",
      "footnotes": null
    },
    {
      "ayah": 27,
      "quarter_hizb": 52.75,
      "juz": 26,
      "manzil": 7,
      "arabic": "۞ قَالَ قَرِيْنُهٗ رَبَّنَا مَآ اَطْغَيْتُهٗ وَلٰكِنْ كَانَ فِيْ ضَلٰلٍۢ بَعِيْدٍ ",
      "latin": "Qāla qarīnuhū rabbanā mā aṭgaituhū wa lākin kāna fī ḍalālim ba‘īd(in).",
      "translation": "(Setan) yang menyertainya berkata (pula), “Ya Tuhan kami, aku tidak menyesatkannya, tetapi dia sendiri yang berada dalam kesesatan yang jauh.”",
      "footnotes": null
    },
    {
      "ayah": 28,
      "quarter_hizb": 52.75,
      "juz": 26,
      "manzil": 7,
      "arabic": "قَالَ لَا تَخْتَصِمُوْا لَدَيَّ وَقَدْ قَدَّمْتُ اِلَيْكُمْ بِالْوَعِيْدِ ",
      "latin": "Qāla lā takhtaṣimū ladayya wa qad qaddamtu ilaikum bil-wa‘īd(i).",
      "translation": "(Allah) berfirman, “Janganlah bertengkar di hadapan-Ku dan sungguh, dahulu Aku telah memberikan ancaman kepadamu. ",
      "footnotes": null
    },
    {
      "ayah": 29,
      "quarter_hizb": 52.75,
      "juz": 26,
      "manzil": 7,
      "arabic": "مَا يُبَدَّلُ الْقَوْلُ لَدَيَّ وَمَآ اَنَا۠ بِظَلَّامٍ لِّلْعَبِيْدِ ࣖ ",
      "latin": "Mā yubaddalul-qaulu ladayya wa mā ana biẓallāmil lil-‘abīd(i).",
      "translation": "Keputusan-Ku tidak dapat diubah dan Aku (sama sekali) tidak menzalimi hamba-hamba-Ku.” ",
      "footnotes": null
    },
    {
      "ayah": 30,
      "quarter_hizb": 52.75,
      "juz": 26,
      "manzil": 7,
      "arabic": "يَوْمَ نَقُوْلُ لِجَهَنَّمَ هَلِ امْتَلَـْٔتِ وَتَقُوْلُ هَلْ مِنْ مَّزِيْدٍ ",
      "latin": "Yauma naqūlu lijahannama halimtala'ti wa taqūlu hal mim mazīd(in).",
      "translation": "(Ingatlah) pada hari (ketika) Kami bertanya kepada (neraka) Jahanam, “Apakah kamu sudah penuh?” Ia menjawab, “Adakah tambahan lagi?” ",
      "footnotes": null
    },
    {
      "ayah": 31,
      "quarter_hizb": 52.75,
      "juz": 26,
      "manzil": 7,
      "arabic": "وَاُزْلِفَتِ الْجَنَّةُ لِلْمُتَّقِيْنَ غَيْرَ بَعِيْدٍ ",
      "latin": "Wa uzlifatil-jannatu lil-muttaqīna gaira ba‘īd(in).",
      "translation": "Adapun surga didekatkan kepada orang-orang yang bertakwa pada tempat yang tidak jauh (dari mereka). ",
      "footnotes": null
    },
    {
      "ayah": 32,
      "quarter_hizb": 52.75,
      "juz": 26,
      "manzil": 7,
      "arabic": "هٰذَا مَا تُوْعَدُوْنَ لِكُلِّ اَوَّابٍ حَفِيْظٍۚ",
      "latin": "Hāżā mā tū‘adūna likulli awwābin ḥafīẓ(in).",
      "translation": "(Dikatakan kepada mereka,) “Inilah yang dijanjikan kepadamu, (yaitu) kepada setiap hamba yang bertobat lagi patuh.",
      "footnotes": null
    },
    {
      "ayah": 33,
      "quarter_hizb": 52.75,
      "juz": 26,
      "manzil": 7,
      "arabic": "مَنْ خَشِيَ الرَّحْمٰنَ بِالْغَيْبِ وَجَاۤءَ بِقَلْبٍ مُّنِيْبٍۙ",
      "latin": "Man khasyiyar-raḥmāna bil-gaibi wa jā'a biqalbim munīb(in).",
      "translation": "(Dialah) orang yang takut kepada Zat Yang Maha Pengasih (sekalipun) dia tidak melihat-Nya dan dia datang (menghadap Allah) dengan hati yang bertobat.",
      "footnotes": null
    },
    {
      "ayah": 34,
      "quarter_hizb": 52.75,
      "juz": 26,
      "manzil": 7,
      "arabic": " ۨادْخُلُوْهَا بِسَلٰمٍ ۗذٰلِكَ يَوْمُ الْخُلُوْدِ ",
      "latin": "Udkhulūhā bisalām(in), żālika yaumul-khulūd(i).",
      "translation": " Masuklah ke (dalam surga) dengan aman dan damai. Itulah hari yang abadi.” ",
      "footnotes": null
    },
    {
      "ayah": 35,
      "quarter_hizb": 52.75,
      "juz": 26,
      "manzil": 7,
      "arabic": "لَهُمْ مَّا يَشَاۤءُوْنَ فِيْهَا وَلَدَيْنَا مَزِيْدٌ ",
      "latin": "Lahum mā yasyā'ūna fīhā wa ladainā mazīd(un).",
      "translation": "Mereka di dalamnya memperoleh apa yang mereka kehendaki dan pada Kami masih ada lagi tambahan (nikmat).",
      "footnotes": null
    },
    {
      "ayah": 36,
      "quarter_hizb": 52.75,
      "juz": 26,
      "manzil": 7,
      "arabic": "وَكَمْ اَهْلَكْنَا قَبْلَهُمْ مِّنْ قَرْنٍ هُمْ اَشَدُّ مِنْهُمْ بَطْشًا فَنَقَّبُوْا فِى الْبِلَادِۗ هَلْ مِنْ مَّحِيْصٍ ",
      "latin": "Wa kam ahlaknā qablahum min qarnin hum asyaddu minhum baṭsyan fanaqqabū fil-bilād(i), hal mim maḥīṣ(in).",
      "translation": " Betapa banyak umat sebelumnya (kaum kafir Quraisy) yang telah Kami binasakan! Mereka itu lebih hebat kekuatannya daripada (kaum kafir Quraisy) itu, sehingga mampu menjelajah (dan mengamati) beberapa negeri. Adakah tempat pelarian (bagi mereka dari kebinasaan)?",
      "footnotes": null
    },
    {
      "ayah": 37,
      "quarter_hizb": 52.75,
      "juz": 26,
      "manzil": 7,
      "arabic": "اِنَّ فِيْ ذٰلِكَ لَذِكْرٰى لِمَنْ كَانَ لَهٗ قَلْبٌ اَوْ اَلْقَى السَّمْعَ وَهُوَ شَهِيْدٌ ",
      "latin": "Inna fī żālika lażikrā liman kāna lahū qalbun au alqas-sam‘a wa huwa syahīd(un).",
      "translation": " Sesungguhnya pada yang demikian itu pasti terdapat peringatan bagi orang-orang yang mempunyai hati atau yang menggunakan pendengarannya dan dia menyaksikan.",
      "footnotes": null
    },
    {
      "ayah": 38,
      "quarter_hizb": 52.75,
      "juz": 26,
      "manzil": 7,
      "arabic": "وَلَقَدْ خَلَقْنَا السَّمٰوٰتِ وَالْاَرْضَ وَمَا بَيْنَهُمَا فِيْ سِتَّةِ اَيَّامٍۖ وَّمَا مَسَّنَا مِنْ لُّغُوْبٍ ",
      "latin": "Wa laqad khalaqnas-samāwāti wal-arḍa wa mā bainahumā fī sittati ayyām(in), wa mā massanā mil lugūb(in).",
      "translation": "Sungguh, Kami benar-benar telah menciptakan langit, bumi, dan apa yang ada antara keduanya dalam enam masa dan Kami tidak merasa letih sedikit pun.",
      "footnotes": null
    },
    {
      "ayah": 39,
      "quarter_hizb": 52.75,
      "juz": 26,
      "manzil": 7,
      "arabic": "فَاصْبِرْ عَلٰى مَا يَقُوْلُوْنَ وَسَبِّحْ بِحَمْدِ رَبِّكَ قَبْلَ طُلُوْعِ الشَّمْسِ وَقَبْلَ الْغُرُوْبِ ۚ",
      "latin": "Faṣbir ‘alā mā yaqūlūna wa sabbiḥ biḥamdi rabbika qabla ṭulū‘isy-syamsi wa qablal-gurūb(i).",
      "translation": " Maka, bersabarlah engkau (Nabi Muhammad) terhadap apa yang mereka katakan dan bertasbihlah seraya bertahmid (memuji) Tuhanmu sebelum terbit dan terbenamnya matahari.",
      "footnotes": null
    },
    {
      "ayah": 40,
      "quarter_hizb": 52.75,
      "juz": 26,
      "manzil": 7,
      "arabic": "وَمِنَ الَّيْلِ فَسَبِّحْهُ وَاَدْبَارَ السُّجُوْدِ ",
      "latin": "Wa minal-laili fasabbiḥhu wa adbāras-sujūd(i).",
      "translation": "Bertasbihlah pula kepada-Nya pada sebagian malam hari dan setiap selesai salat.",
      "footnotes": null
    },
    {
      "ayah": 41,
      "quarter_hizb": 52.75,
      "juz": 26,
      "manzil": 7,
      "arabic": "وَاسْتَمِعْ يَوْمَ يُنَادِ الْمُنَادِ مِنْ مَّكَانٍ قَرِيْبٍ ",
      "latin": "Wastami‘ yauma yunādil-munādi mim makānin qarīb(in).",
      "translation": " Dengarkanlah (seruan) pada hari (ketika malaikat) penyeru memanggil dari tempat yang dekat!",
      "footnotes": null
    },
    {
      "ayah": 42,
      "quarter_hizb": 52.75,
      "juz": 26,
      "manzil": 7,
      "arabic": "يَوْمَ يَسْمَعُوْنَ الصَّيْحَةَ بِالْحَقِّ ۗذٰلِكَ يَوْمُ الْخُرُوْجِ ",
      "latin": "Yauma yasma‘ūnaṣ-ṣaiḥata bil-ḥaqq(i), żālika yaumul-khurūj(i).",
      "translation": "Pada hari itulah mereka mendengar suara dahsyat dengan sebenar-benarnya. Itulah hari (ketika manusia) keluar (dari kubur).",
      "footnotes": null
    },
    {
      "ayah": 43,
      "quarter_hizb": 52.75,
      "juz": 26,
      "manzil": 7,
      "arabic": "اِنَّا نَحْنُ نُحْيٖ وَنُمِيْتُ وَاِلَيْنَا الْمَصِيْرُۙ",
      "latin": "Innā naḥnu nuḥyī wa numītu wa ilainal-maṣīr(u).",
      "translation": " Sesungguhnya Kamilah yang menghidupkan dan mematikan dan kepada Kamilah kembalinya (seluruh makhluk).",
      "footnotes": null
    },
    {
      "ayah": 44,
      "quarter_hizb": 52.75,
      "juz": 26,
      "manzil": 7,
      "arabic": "يَوْمَ تَشَقَّقُ الْاَرْضُ عَنْهُمْ سِرَاعًا ۗذٰلِكَ حَشْرٌ عَلَيْنَا يَسِيْرٌ ",
      "latin": "Yauma tasyaqqaqul-arḍu ‘anhum sirā‘ā(n), żālika ḥasyrun ‘alainā yasīr(un).",
      "translation": " Pada hari itu bumi terbelah dengan mengeluarkan mereka, (kemudian mereka) bergegas (menuju Padang Mahsyar). Yang demikian itu adalah pengumpulan yang mudah bagi Kami.",
      "footnotes": null
    },
    {
      "ayah": 45,
      "quarter_hizb": 52.75,
      "juz": 26,
      "manzil": 7,
      "arabic": "نَحْنُ اَعْلَمُ بِمَا يَقُوْلُوْنَ وَمَآ اَنْتَ عَلَيْهِمْ بِجَبَّارٍۗ فَذَكِّرْ بِالْقُرْاٰنِ مَنْ يَّخَافُ وَعِيْدِ ࣖ ",
      "latin": "Naḥnu a‘lamu bimā yaqūlūna wa mā anta ‘alaihim bijabbār(in), fażakkir bil-qur'āni may yakhāfu wa‘īd(i).",
      "translation": " Kami lebih mengetahui apa yang mereka katakan dan engkau (Nabi Muhammad) bukanlah seorang pemaksa terhadap mereka. Maka, berilah peringatan dengan Al-Qur’an kepada siapa pun yang takut pada ancaman-Ku.",
      "footnotes": null
    }
  ]
}