{
  "arabic": " الذّٰريٰت",
  "latin": "Aż-Żāriyāt",
  "transliteration": "Az-Zariyat",
  "translation": "Yang Menerbangkan",
  "num_ayah": 60,
  "location": "Makkiyah",
  "ayah": [
    {
      "ayah": 1,
      "quarter_hizb": 52.75,
      "juz": 26,
      "manzil": 7,
      "arabic": " وَالذّٰرِيٰتِ ذَرْوًاۙ",
      "latin": "Waż-żāriyāti żarwā(n).",
      "translation": " Demi (angin) yang menerbangkan debu,",
      "footnotes": null
    },
    {
      "ayah": 2,
      "quarter_hizb": 52.75,
      "juz": 26,
      "manzil": 7,
      "arabic": "فَالْحٰمِلٰتِ وِقْرًاۙ",
      "latin": "Fal-ḥāmilāti wiqrā(n).",
      "translation": " demi (awan) yang mengandung muatan (hujan),",
      "footnotes": null
    },
    {
      "ayah": 3,
      "quarter_hizb": 52.75,
      "juz": 26,
      "manzil": 7,
      "arabic": "فَالْجٰرِيٰتِ يُسْرًاۙ",
      "latin": "Fal-jāriyāti yusrā(n).",
      "translation": " demi (kapal-kapal) yang melaju (di atas air) dengan mudah,",
      "footnotes": null
    },
    {
      "ayah": 4,
      "quarter_hizb": 52.75,
      "juz": 26,
      "manzil": 7,
      "arabic": "فَالْمُقَسِّمٰتِ اَمْرًاۙ",
      "latin": "Fal-muqassimāti amrā(n).",
      "translation": " dan demi (malaikat-malaikat) yang membagi-bagi segala urusan,",
      "footnotes": null
    },
    {
      "ayah": 5,
      "quarter_hizb": 52.75,
      "juz": 26,
      "manzil": 7,
      "arabic": "اِنَّمَا تُوْعَدُوْنَ لَصَادِقٌۙ",
      "latin": "Innamā tū‘adūna laṣādiq(un).",
      "translation": " sesungguhnya apa yang dijanjikan kepadamu pasti benar",
      "footnotes": null
    },
    {
      "ayah": 6,
      "quarter_hizb": 52.75,
      "juz": 26,
      "manzil": 7,
      "arabic": "وَّاِنَّ الدِّيْنَ لَوَاقِعٌۗ",
      "latin": "Wa innad-dīna lawāqi‘(un).",
      "translation": "dan sesungguhnya pembalasan pasti terjadi.",
      "footnotes": null
    },
    {
      "ayah": 7,
      "quarter_hizb": 52.75,
      "juz": 26,
      "manzil": 7,
      "arabic": "وَالسَّمَاۤءِ ذَاتِ الْحُبُكِۙ",
      "latin": "Was-samā'i żātil-ḥubuk(i).",
      "translation": "  Demi langit yang mempunyai jalan-jalan yang kukuh,700)",
      "footnotes": "700)Yang dimaksud dengan żātilḥubuk(jalan-jalan yang kukuh) adalah garis edar bintang, planet, dan benda-benda angkasa lainnya. Ada pula yang mengartikan żātilḥubukdengan ‘memiliki ciptaan yang bagus’, ‘memiliki hiasan bintang-bintang’, atau ‘memiliki bangunan yang kukuh’."
    },
    {
      "ayah": 8,
      "quarter_hizb": 52.75,
      "juz": 26,
      "manzil": 7,
      "arabic": "اِنَّكُمْ لَفِيْ قَوْلٍ مُّخْتَلِفٍۙ",
      "latin": "Innakum lafī qaulim mukhtalif(in).",
      "translation": "sesungguhnya kamu benar-benar dalam keadaan berselisih.701)",
      "footnotes": "701)Maksudnya adalah perbedaan pendapat kaum musyrik tentang Nabi Muhammad saw. dan Al-Qur’an."
    },
    {
      "ayah": 9,
      "quarter_hizb": 52.75,
      "juz": 26,
      "manzil": 7,
      "arabic": "يُّؤْفَكُ عَنْهُ مَنْ اُفِكَۗ",
      "latin": "Yu'faku ‘anhu man ufik(a).",
      "translation": " Telah dijauhkan darinya (Al-Qur’an dan Rasul) orang yang dipalingkan.",
      "footnotes": null
    },
    {
      "ayah": 10,
      "quarter_hizb": 52.75,
      "juz": 26,
      "manzil": 7,
      "arabic": "قُتِلَ الْخَرَّاصُوْنَۙ",
      "latin": "Qutilal-kharrāṣūn(a).",
      "translation": " Terkutuklah orang-orang yang banyak berdusta,",
      "footnotes": null
    },
    {
      "ayah": 11,
      "quarter_hizb": 52.75,
      "juz": 26,
      "manzil": 7,
      "arabic": "الَّذِيْنَ هُمْ فِيْ غَمْرَةٍ سَاهُوْنَۙ",
      "latin": "Allażīna hum fī gamratin sāhūn(a).",
      "translation": "(yaitu) orang-orang yang terbenam (dalam kebodohan) lagi lalai (dari urusan akhirat)!",
      "footnotes": null
    },
    {
      "ayah": 12,
      "quarter_hizb": 52.75,
      "juz": 26,
      "manzil": 7,
      "arabic": "يَسْـَٔلُوْنَ اَيَّانَ يَوْمُ الدِّيْنِۗ",
      "latin": "Yas'alūna ayyāna yaumud-dīn(i).",
      "translation": "Mereka bertanya, “Kapankah hari Pembalasan itu?”",
      "footnotes": null
    },
    {
      "ayah": 13,
      "quarter_hizb": 52.75,
      "juz": 26,
      "manzil": 7,
      "arabic": "يَوْمَ هُمْ عَلَى النَّارِ يُفْتَنُوْنَ ",
      "latin": "Yauma hum ‘alan-nāri yuftanūn(a).",
      "translation": " (Hari Pembalasan terjadi) pada hari (ketika) mereka diazab dalam api neraka.",
      "footnotes": null
    },
    {
      "ayah": 14,
      "quarter_hizb": 52.75,
      "juz": 26,
      "manzil": 7,
      "arabic": "ذُوْقُوْا فِتْنَتَكُمْۗ هٰذَا الَّذِيْ كُنْتُمْ بِهٖ تَسْتَعْجِلُوْنَ ",
      "latin": "Żūqū fitnatakum, hāżal-lażī kuntum bihī tasta‘jilūn(a).",
      "translation": " (Dikatakan kepada mereka,) “Rasakanlah azabmu! Inilah azab yang dahulu kamu minta agar disegerakan.”",
      "footnotes": null
    },
    {
      "ayah": 15,
      "quarter_hizb": 52.75,
      "juz": 26,
      "manzil": 7,
      "arabic": "اِنَّ الْمُتَّقِيْنَ فِيْ جَنّٰتٍ وَّعُيُوْنٍۙ",
      "latin": "Innal-muttaqīna fī jannātiw wa ‘uyūn(in).",
      "translation": " Sesungguhnya orang-orang yang \nbertakwa berada dalam (surga yang penuh) taman-taman dan mata air.\n",
      "footnotes": null
    },
    {
      "ayah": 16,
      "quarter_hizb": 52.75,
      "juz": 26,
      "manzil": 7,
      "arabic": "اٰخِذِيْنَ مَآ اٰتٰىهُمْ رَبُّهُمْ ۗ اِنَّهُمْ كَانُوْا قَبْلَ ذٰلِكَ مُحْسِنِيْنَۗ",
      "latin": "Ākhiżīna mā ātāhum rabbuhum, innahum kānū qabla żālika muḥsinīn(a).",
      "translation": " (Di surga) mereka dapat mengambil apa saja yang dianugerahkan Tuhan kepada mereka. Sesungguhnya mereka sebelum itu (di dunia) adalah orang-orang yang berbuat kebaikan.",
      "footnotes": null
    },
    {
      "ayah": 17,
      "quarter_hizb": 52.75,
      "juz": 26,
      "manzil": 7,
      "arabic": "كَانُوْا قَلِيْلًا مِّنَ الَّيْلِ مَا يَهْجَعُوْنَ ",
      "latin": "Kānū qalīlam minal-laili mā yahja‘ūn(a).",
      "translation": "Mereka sedikit sekali tidur pada waktu malam;",
      "footnotes": null
    },
    {
      "ayah": 18,
      "quarter_hizb": 52.75,
      "juz": 26,
      "manzil": 7,
      "arabic": "وَبِالْاَسْحَارِ هُمْ يَسْتَغْفِرُوْنَ ",
      "latin": "Wa bil-asḥāri hum yastagfirūn(a).",
      "translation": " dan pada akhir malam mereka memohon ampunan (kepada Allah).",
      "footnotes": null
    },
    {
      "ayah": 19,
      "quarter_hizb": 52.75,
      "juz": 26,
      "manzil": 7,
      "arabic": "وَفِيْٓ اَمْوَالِهِمْ حَقٌّ لِّلسَّاۤىِٕلِ وَالْمَحْرُوْمِ ",
      "latin": "Wa fī amwālihim ḥaqqul lis-sā'ili wal-maḥrūm(i).",
      "translation": " Pada harta benda mereka ada hak bagi orang miskin yang meminta dan yang tidak meminta.",
      "footnotes": null
    },
    {
      "ayah": 20,
      "quarter_hizb": 52.75,
      "juz": 26,
      "manzil": 7,
      "arabic": "وَفِى الْاَرْضِ اٰيٰتٌ لِّلْمُوْقِنِيْنَۙ",
      "latin": "Wa fil-arḍi āyātul lil-mūqinīn(a).",
      "translation": " Di bumi terdapat tanda-tanda (kebesaran Allah) bagi orang-orang yang yakin.",
      "footnotes": null
    },
    {
      "ayah": 21,
      "quarter_hizb": 52.75,
      "juz": 26,
      "manzil": 7,
      "arabic": "وَفِيْٓ اَنْفُسِكُمْ ۗ اَفَلَا تُبْصِرُوْنَ ",
      "latin": "Wa fī anfusikum, afalā tubṣirūn(a).",
      "translation": " (Begitu juga ada tanda-tanda kebesaran-Nya) pada dirimu sendiri. Maka, apakah kamu tidak memperhatikan?",
      "footnotes": null
    },
    {
      "ayah": 22,
      "quarter_hizb": 52.75,
      "juz": 26,
      "manzil": 7,
      "arabic": "وَفِى السَّمَاۤءِ رِزْقُكُمْ وَمَا تُوْعَدُوْنَ ",
      "latin": "Wa fis-samā'i rizqukum wa mā tū‘adūn(a).",
      "translation": " Di langit terdapat pula (hujan yang menjadi sebab) rezekimu dan apa yang dijanjikan kepadamu.",
      "footnotes": null
    },
    {
      "ayah": 23,
      "quarter_hizb": 52.75,
      "juz": 26,
      "manzil": 7,
      "arabic": "فَوَرَبِّ السَّمَاۤءِ وَالْاَرْضِ اِنَّهٗ لَحَقٌّ مِّثْلَ مَآ اَنَّكُمْ تَنْطِقُوْنَ ࣖ",
      "latin": "Fa wa rabbis-samā'i wal-arḍi innahū laḥaqqum miṡla mā annakum tanṭiqūn(a).",
      "translation": " Maka, demi Tuhan langit dan bumi, sesungguhnya (apa yang dijanjikan kepadamu itu) pasti akan nyata seperti (halnya) kamu berucap.",
      "footnotes": null
    },
    {
      "ayah": 24,
      "quarter_hizb": 52.75,
      "juz": 26,
      "manzil": 7,
      "arabic": "هَلْ اَتٰىكَ حَدِيْثُ ضَيْفِ اِبْرٰهِيْمَ الْمُكْرَمِيْنَۘ ",
      "latin": "Hal atāka ḥadīṡu ḍaifi ibrāhīmal-mukramīn(a).",
      "translation": " Sudahkah sampai kepadamu (Nabi Muhammad) cerita tentang tamu Ibrahim (malaikat-malaikat) yang dimuliakan?",
      "footnotes": null
    },
    {
      "ayah": 25,
      "quarter_hizb": 52.75,
      "juz": 26,
      "manzil": 7,
      "arabic": "اِذْ دَخَلُوْا عَلَيْهِ فَقَالُوْا سَلٰمًا ۗقَالَ سَلٰمٌۚ قَوْمٌ مُّنْكَرُوْنَ ",
      "latin": "Iż dakhalū ‘alaihi fa qālū salāmā(n), qāla salām(un), qaumum munkarūn(a).",
      "translation": "(Cerita itu bermula) ketika mereka masuk (bertamu) kepadanya, lalu mengucapkan, “Salam.” Ibrahim menjawab, “Salam.” (Mereka) adalah orang-orang yang belum dikenal.",
      "footnotes": null
    },
    {
      "ayah": 26,
      "quarter_hizb": 52.75,
      "juz": 26,
      "manzil": 7,
      "arabic": "فَرَاغَ اِلٰٓى اَهْلِهٖ فَجَاۤءَ بِعِجْلٍ سَمِيْنٍۙ",
      "latin": "Farāga ilā ahlihī fa jā'a bi‘ijlin samīn(in).",
      "translation": "Kemudian, dia (Ibrahim) pergi diam-diam menemui keluarganya, lalu datang (kembali) membawa (daging) anak sapi gemuk (yang dibakar).",
      "footnotes": null
    },
    {
      "ayah": 27,
      "quarter_hizb": 52.75,
      "juz": 26,
      "manzil": 7,
      "arabic": "فَقَرَّبَهٗٓ اِلَيْهِمْۚ قَالَ اَلَا تَأْكُلُوْنَ ",
      "latin": "Fa qarrabahū ilaihim, qāla alā ta'kulūn(a).",
      "translation": "Dia lalu menghidangkannya kepada mereka, (tetapi mereka tidak mau makan). Ibrahim berkata, “Mengapa kamu tidak makan?”",
      "footnotes": null
    },
    {
      "ayah": 28,
      "quarter_hizb": 52.75,
      "juz": 26,
      "manzil": 7,
      "arabic": "فَاَوْجَسَ مِنْهُمْ خِيْفَةً  ۗقَالُوْا لَا تَخَفْۗ وَبَشَّرُوْهُ بِغُلٰمٍ عَلِيْمٍ ",
      "latin": "Fa aujasa minhum khīfah(tan), qālū lā takhaf, wa basysyarūhu bigulāmin ‘alīm(in).",
      "translation": "Dia (Ibrahim) menyimpan rasa takut terhadap mereka. Mereka berkata, “Janganlah takut!” Mereka memberi kabar gembira kepadanya dengan (akan kelahiran) seorang anak yang sangat berilmu (Ishaq).",
      "footnotes": null
    },
    {
      "ayah": 29,
      "quarter_hizb": 52.75,
      "juz": 26,
      "manzil": 7,
      "arabic": "فَاَقْبَلَتِ امْرَاَتُهٗ فِيْ صَرَّةٍ فَصَكَّتْ وَجْهَهَا وَقَالَتْ عَجُوْزٌ عَقِيْمٌ ",
      "latin": "Fa aqbalatimra'atuhū fī ṣarratin fa ṣakkat wajhahā wa qālat ‘ajūzun ‘aqīm(un).",
      "translation": "Istrinya datang sambil berteriak (terperanjat) lalu menepuk-nepuk wajahnya sendiri dan berkata, “(Aku ini) seorang perempuan tua yang mandul.”",
      "footnotes": null
    },
    {
      "ayah": 30,
      "quarter_hizb": 52.75,
      "juz": 26,
      "manzil": 7,
      "arabic": "قَالُوْا كَذٰلِكِۙ قَالَ رَبُّكِ ۗاِنَّهٗ هُوَ الْحَكِيْمُ الْعَلِيْمُ  ۔",
      "latin": "Qālū każālik(i), qāla rabbuk(i), innahū huwal-ḥakīmul-‘alīm(u).",
      "translation": "Mereka berkata, “Demikianlah Tuhanmu berfirman. Sesungguhnya Dialah Yang Maha Bijaksana lagi Maha Mengetahui.”",
      "footnotes": null
    },
    {
      "ayah": 31,
      "quarter_hizb": 53,
      "juz": 27,
      "manzil": 7,
      "arabic": "۞ قَالَ فَمَا خَطْبُكُمْ اَيُّهَا الْمُرْسَلُوْنَۚ  ",
      "latin": "Qāla famā khaṭbukum ayyuhal-mursalūn(a).",
      "translation": "Dia (Ibrahim) bertanya, “Apa urusan pentingmu, wahai para utusan?”",
      "footnotes": null
    },
    {
      "ayah": 32,
      "quarter_hizb": 53,
      "juz": 27,
      "manzil": 7,
      "arabic": "قَالُوْآ اِنَّآ اُرْسِلْنَآ اِلٰى قَوْمٍ مُّجْرِمِيْنَۙ ",
      "latin": "Qālū innā ursilnā ilā qaumim mujrimīn(a).",
      "translation": "Mereka menjawab, “Sesungguhnya kami diutus kepada kaum yang berdosa (kaum Lut untuk menyiksanya)",
      "footnotes": null
    },
    {
      "ayah": 33,
      "quarter_hizb": 53,
      "juz": 27,
      "manzil": 7,
      "arabic": "لِنُرْسِلَ عَلَيْهِمْ حِجَارَةً مِّنْ طِيْنٍۙ",
      "latin": "Linursila ‘alaihim ḥijāratam min ṭīn(in).",
      "translation": "agar kami menimpa mereka dengan batu-batu yang berasal dari tanah liat",
      "footnotes": null
    },
    {
      "ayah": 34,
      "quarter_hizb": 53,
      "juz": 27,
      "manzil": 7,
      "arabic": "مُّسَوَّمَةً عِنْدَ رَبِّكَ لِلْمُسْرِفِيْنَ ",
      "latin": "Musawwamatan ‘inda rabbika lil-musrifīn(a).",
      "translation": "yang ditandai oleh Tuhanmu untuk (membinasakan) orang-orang yang melampaui batas.”",
      "footnotes": null
    },
    {
      "ayah": 35,
      "quarter_hizb": 53,
      "juz": 27,
      "manzil": 7,
      "arabic": "فَاَخْرَجْنَا مَنْ كَانَ فِيْهَا مِنَ الْمُؤْمِنِيْنَۚ ",
      "latin": "Fa akhrajnā man kāna fīhā minal-mu'minīn(a).",
      "translation": "Kami mengeluarkan orang-orang mukmin yang berada di dalamnya (negeri kaum Lut).",
      "footnotes": null
    },
    {
      "ayah": 36,
      "quarter_hizb": 53,
      "juz": 27,
      "manzil": 7,
      "arabic": "فَمَا وَجَدْنَا فِيْهَا غَيْرَ بَيْتٍ مِّنَ الْمُسْلِمِيْنَۚ  ",
      "latin": "Famā wajadnā fīhā gaira baitim minal-muslimīn(a).",
      "translation": "Kami tidak mendapati di dalamnya, kecuali sebuah rumah dari orang-orang muslim (Lut dan keluarganya).",
      "footnotes": null
    },
    {
      "ayah": 37,
      "quarter_hizb": 53,
      "juz": 27,
      "manzil": 7,
      "arabic": "وَتَرَكْنَا فِيْهَآ اٰيَةً لِّلَّذِيْنَ يَخَافُوْنَ الْعَذَابَ الْاَلِيْمَۗ ",
      "latin": "Wa taraknā fīhā āyatal lil-lażīna yakhāfūnal-‘ażābal-alīm(a).",
      "translation": "Kami meninggalkan suatu tanda (kebesaran-Nya702) di (negeri) itu bagi orang-orang yang takut pada azab yang pedih.",
      "footnotes": "702) Menurut sebagian mufasir, yang dimaksud dengan tanda kebesaran-Nya adalah batu-batu bertumpuk-tumpuk yang digunakan untuk membinasakan kaum Lut. Ada pula yang mengatakan bahwayangdimaksudadalahsebuah telaga yang airnya hitam dan berbau busuk."
    },
    {
      "ayah": 38,
      "quarter_hizb": 53,
      "juz": 27,
      "manzil": 7,
      "arabic": "وَفِيْ مُوْسٰىٓ اِذْ اَرْسَلْنٰهُ اِلٰى فِرْعَوْنَ بِسُلْطٰنٍ مُّبِيْنٍ ",
      "latin": "Wa fī mūsā iż arsalnāhu ilā fir‘auna bisulṭānim mubīn(in).",
      "translation": "(Begitu pula Kami meninggalkan) pada Musa (tanda-tanda kekuasaan Allah) ketika Kami mengutusnya kepada Fir‘aun dengan membawa mukjizat yang nyata.",
      "footnotes": null
    },
    {
      "ayah": 39,
      "quarter_hizb": 53,
      "juz": 27,
      "manzil": 7,
      "arabic": "فَتَوَلّٰى بِرُكْنِهٖ وَقَالَ سٰحِرٌ اَوْ مَجْنُوْنٌ",
      "latin": "Fa tawallā biruknihī wa qāla sāḥirun au majnūn(un).",
      "translation": "Kemudian, dia (Fir‘aun) bersama bala tentaranya berpaling dan (Fir‘aun) berkata, “(Dia adalah) seorang penyihir atau orang gila.”",
      "footnotes": null
    },
    {
      "ayah": 40,
      "quarter_hizb": 53,
      "juz": 27,
      "manzil": 7,
      "arabic": "فَاَخَذْنٰهُ وَجُنُوْدَهٗ فَنَبَذْنٰهُمْ فِى الْيَمِّ وَهُوَ مُلِيْمٌۗ  ",
      "latin": "Fa akhażnāhu wa junūdahū fanabażnāhum fil-yammi wa huwa mulīm(un).",
      "translation": "Maka, Kami menghukumnya beserta bala tentaranya, lalu Kami menenggelamkan mereka ke dalam laut dalam keadaan melakukan perbuatan yang tercela.",
      "footnotes": null
    },
    {
      "ayah": 41,
      "quarter_hizb": 53,
      "juz": 27,
      "manzil": 7,
      "arabic": "وَفِيْ عَادٍ اِذْ اَرْسَلْنَا عَلَيْهِمُ الرِّيْحَ الْعَقِيْمَۚ  ",
      "latin": "Wa fī ‘ādin iż arsalnā ‘alaihimur-rīḥal-‘aqīm(a).",
      "translation": "(Begitu pula Kami meninggalkan) pada (kaum) ‘Ad (tanda-tanda kekuasaan Allah) ketika Kami mengirim kepada mereka angin yang membinasakan. ",
      "footnotes": null
    },
    {
      "ayah": 42,
      "quarter_hizb": 53,
      "juz": 27,
      "manzil": 7,
      "arabic": "مَا تَذَرُ مِنْ شَيْءٍ اَتَتْ عَلَيْهِ اِلَّا جَعَلَتْهُ كَالرَّمِيْمِۗ ",
      "latin": "Mā tażaru min syai'in atat ‘alaihi illā ja‘alathu kar-ramīm(i).",
      "translation": "(Angin) itu tidak meninggalkan apa pun pada semua yang dilandanya, kecuali menjadikannya bagai tulang yang hancur.",
      "footnotes": null
    },
    {
      "ayah": 43,
      "quarter_hizb": 53,
      "juz": 27,
      "manzil": 7,
      "arabic": "وَفِيْ ثَمُوْدَ اِذْ قِيْلَ لَهُمْ تَمَتَّعُوْا حَتّٰى حِيْنٍ ",
      "latin": "Wa fī ṡamūda iż qīla lahum tamatta‘ū ḥattā ḥīn(in).",
      "translation": "(Begitu pula Kami meninggalkan) pada (kaum) Samud (tanda-tanda kekuasaan Allah) ketika dikatakan kepada mereka, “Bersenang-senanglah kamu sampai waktu yang ditentukan!”",
      "footnotes": null
    },
    {
      "ayah": 44,
      "quarter_hizb": 53,
      "juz": 27,
      "manzil": 7,
      "arabic": "فَعَتَوْا عَنْ اَمْرِ رَبِّهِمْ فَاَخَذَتْهُمُ الصّٰعِقَةُ وَهُمْ يَنْظُرُوْنَ",
      "latin": "Fa‘atau ‘an amri rabbihim fa akhażathumuṣ-ṣā‘iqatu wa hum yanẓurūn(a).",
      "translation": "Lalu, mereka bersikap angkuh terhadap perintah Tuhannya. Maka, mereka disambar petir sementara mereka menyaksikan(-nya).",
      "footnotes": null
    },
    {
      "ayah": 45,
      "quarter_hizb": 53,
      "juz": 27,
      "manzil": 7,
      "arabic": "فَمَا اسْتَطَاعُوْا مِنْ قِيَامٍ وَّمَا كَانُوْا مُنْتَصِرِيْنَۙ ",
      "latin": "Famastaṭā‘ū min qiyāmiw wa mā kānū muntaṣirīn(a).",
      "translation": "Mereka sama sekali tidak mampu bangun dan tidak pula mendapat pertolongan.",
      "footnotes": null
    },
    {
      "ayah": 46,
      "quarter_hizb": 53,
      "juz": 27,
      "manzil": 7,
      "arabic": "وَقَوْمَ نُوْحٍ مِّنْ قَبْلُ ۗ اِنَّهُمْ كَانُوْا قَوْمًا فٰسِقِيْنَ ࣖ ",
      "latin": "Wa qauma nūḥim min qabl(u), innahum kānū qauman fāsiqīn(a).",
      "translation": "Sebelum itu (Kami telah membinasakan) kaum Nuh. Sesungguhnya mereka adalah kaum fasik.",
      "footnotes": null
    },
    {
      "ayah": 47,
      "quarter_hizb": 53,
      "juz": 27,
      "manzil": 7,
      "arabic": "وَالسَّمَاۤءَ بَنَيْنٰهَا بِاَيْىدٍ وَّاِنَّا لَمُوْسِعُوْنَ",
      "latin": "Was-samā'a banaināhā bi'aidiw wa innā lamūsi‘ūn(a).",
      "translation": "Langit Kami bangun dengan tangan (kekuatan Kami) dan sesungguhnya Kami benar-benar meluaskan(-nya).",
      "footnotes": null
    },
    {
      "ayah": 48,
      "quarter_hizb": 53,
      "juz": 27,
      "manzil": 7,
      "arabic": "وَالْاَرْضَ فَرَشْنٰهَا فَنِعْمَ الْمٰهِدُوْنَ",
      "latin": "Wal-arḍa farasynāhā fa ni‘mal-māhidūn(a).",
      "translation": "Bumi Kami hamparkan. (Kami adalah) sebaik-baik Zat yang menghamparkan.",
      "footnotes": null
    },
    {
      "ayah": 49,
      "quarter_hizb": 53,
      "juz": 27,
      "manzil": 7,
      "arabic": "وَمِنْ كُلِّ شَيْءٍ خَلَقْنَا زَوْجَيْنِ لَعَلَّكُمْ تَذَكَّرُوْنَ",
      "latin": "Wa min kulli syai'in khalaqnā zaujaini la‘allakum tażakkarūn(a).",
      "translation": "Segala sesuatu Kami ciptakan berpasang-pasangan agar kamu mengingat (kebesaran Allah).",
      "footnotes": null
    },
    {
      "ayah": 50,
      "quarter_hizb": 53,
      "juz": 27,
      "manzil": 7,
      "arabic": "فَفِرُّوْٓا اِلَى اللّٰهِ ۗاِنِّيْ لَكُمْ مِّنْهُ نَذِيْرٌ مُّبِيْنٌۚ  ",
      "latin": "Fa firrū ilallāh(i), innī lakum minhu nażīrum mubīn(un).",
      "translation": "Maka, (katakanlah kepada mereka, wahai Nabi Muhammad,) “Bersegeralah kembali (taat) kepada Allah. Sesungguhnya aku adalah seorang pemberi peringatan yang jelas dari-Nya untukmu.",
      "footnotes": null
    },
    {
      "ayah": 51,
      "quarter_hizb": 53,
      "juz": 27,
      "manzil": 7,
      "arabic": "وَلَا تَجْعَلُوْا مَعَ اللّٰهِ اِلٰهًا اٰخَرَۗ اِنِّيْ لَكُمْ مِّنْهُ نَذِيْرٌ مُّبِيْنٌ",
      "latin": "Wa lā taj‘alū ma‘allāhi ilāhan ākhar(a), innī lakum minhu nażīrum mubīn(un).",
      "translation": "Janganlah kamu mengadakan tuhan lain bersama Allah. Sesungguhnya aku adalah seorang pemberi peringatan yang jelas dari Allah untukmu.”",
      "footnotes": null
    },
    {
      "ayah": 52,
      "quarter_hizb": 53,
      "juz": 27,
      "manzil": 7,
      "arabic": "كَذٰلِكَ مَآ اَتَى الَّذِيْنَ مِنْ قَبْلِهِمْ مِّنْ رَّسُوْلٍ اِلَّا قَالُوْا سَاحِرٌ اَوْ مَجْنُوْنٌ",
      "latin": "Każālika mā atal-lażīna min qablihim mir rasūlin illā qālū sāḥirun au majnūn(un).",
      "translation": "Demikianlah setiap kali seorang rasul datang kepada orang-orang sebelumnya, mereka pasti mengatakan, “(Dia itu adalah) penyihir atau orang gila.”",
      "footnotes": null
    },
    {
      "ayah": 53,
      "quarter_hizb": 53,
      "juz": 27,
      "manzil": 7,
      "arabic": "اَتَوَاصَوْا بِهٖۚ بَلْ هُمْ قَوْمٌ طَاغُوْنَۚ ",
      "latin": "Atawāṣau bih(ī), bal hum qaumun ṭāgūn(a).",
      "translation": "Apakah mereka saling menasihati tentang (apa yang dikatakan) itu? (Tidak!) Sebaliknya, mereka adalah kaum yang melampaui batas.",
      "footnotes": null
    },
    {
      "ayah": 54,
      "quarter_hizb": 53,
      "juz": 27,
      "manzil": 7,
      "arabic": "فَتَوَلَّ عَنْهُمْ فَمَآ اَنْتَ بِمَلُوْمٍ  ",
      "latin": "Fa tawalla ‘anhum famā anta bimalūm(in).",
      "translation": "Berpalinglah dari mereka, maka engkau sama sekali bukan orang yang tercela.",
      "footnotes": null
    },
    {
      "ayah": 55,
      "quarter_hizb": 53,
      "juz": 27,
      "manzil": 7,
      "arabic": "وَذَكِّرْ فَاِنَّ الذِّكْرٰى تَنْفَعُ الْمُؤْمِنِيْنَ ",
      "latin": "Wa żakkir fa innaż-żikra  tanfa‘ul-mu'minīn(a).",
      "translation": "Teruslah memberi peringatan karena sesungguhnya peringatan itu bermanfaat bagi orang-orang mukmin.",
      "footnotes": null
    },
    {
      "ayah": 56,
      "quarter_hizb": 53,
      "juz": 27,
      "manzil": 7,
      "arabic": "وَمَا خَلَقْتُ الْجِنَّ وَالْاِنْسَ اِلَّا لِيَعْبُدُوْنِ",
      "latin": "Wa mā khalaqtul-jinna wal-insa illā liya‘budūn(i).",
      "translation": "Tidaklah Aku menciptakan jin dan manusia kecuali untuk beribadah kepada-Ku.",
      "footnotes": null
    },
    {
      "ayah": 57,
      "quarter_hizb": 53,
      "juz": 27,
      "manzil": 7,
      "arabic": "مَآ اُرِيْدُ مِنْهُمْ مِّنْ رِّزْقٍ وَّمَآ اُرِيْدُ اَنْ يُّطْعِمُوْنِ ",
      "latin": "Mā urīdu minhum mir rizqiw wa mā urīdu ay yuṭ‘imūn(i).",
      "translation": "Aku tidak menghendaki rezeki sedikit pun dari mereka dan tidak menghendaki agar mereka memberi makan kepada-Ku.",
      "footnotes": null
    },
    {
      "ayah": 58,
      "quarter_hizb": 53,
      "juz": 27,
      "manzil": 7,
      "arabic": "اِنَّ اللّٰهَ هُوَ الرَّزَّاقُ ذُو الْقُوَّةِ الْمَتِيْنُ ",
      "latin": "Innallāha huwar-razzāqu żul-quwwatil-matīn(u). ",
      "translation": "Sesungguhnya Allahlah Maha Pemberi Rezeki yang mempunyai kekuatan lagi sangat kukuh.",
      "footnotes": null
    },
    {
      "ayah": 59,
      "quarter_hizb": 53,
      "juz": 27,
      "manzil": 7,
      "arabic": "فَاِنَّ لِلَّذِيْنَ ظَلَمُوْا ذَنُوْبًا مِّثْلَ ذَنُوْبِ اَصْحٰبِهِمْ فَلَا يَسْتَعْجِلُوْنِ",
      "latin": "Fa inna lil-lażīna ẓalamū żanūbam miṡla żanūbi aṣḥābihim falā yasta‘jilūn(i).",
      "translation": "Sesungguhnya orang-orang yang zalim mendapatkan bagian (azab) seperti bagian teman-teman mereka (dahulu). Maka, janganlah mereka meminta kepada-Ku untuk menyegerakan(-nya).\n",
      "footnotes": null
    },
    {
      "ayah": 60,
      "quarter_hizb": 53,
      "juz": 27,
      "manzil": 7,
      "arabic": "فَوَيْلٌ لِّلَّذِيْنَ كَفَرُوْا مِنْ يَّوْمِهِمُ الَّذِيْ يُوْعَدُوْنَ ࣖ ",
      "latin": "Fa wailul lil-lażīna kafarū miy yaumihimul-lażī yū‘adūn(a).",
      "translation": "Celakalah orang-orang yang kufur pada hari yang telah dijanjikan kepada mereka (hari Kiamat).",
      "footnotes": null
    }
  ]
}