{
  "arabic": "الطّور",
  "latin": "Aṭ-Ṭūr",
  "transliteration": "At-Tur",
  "translation": "Gunung",
  "num_ayah": 49,
  "location": "Makkiyah",
  "ayah": [
    {
      "ayah": 1,
      "quarter_hizb": 53,
      "juz": 27,
      "manzil": 7,
      "arabic": "وَالطُّوْرِۙ  ",
      "latin": "Waṭ-ṭūr(i).",
      "translation": "Demi gunung (Sinai),",
      "footnotes": null
    },
    {
      "ayah": 2,
      "quarter_hizb": 53,
      "juz": 27,
      "manzil": 7,
      "arabic": "وَكِتٰبٍ مَّسْطُوْرٍۙ  ",
      "latin": "Wa kitābim masṭūr(in).",
      "translation": "demi Kitab yang ditulis",
      "footnotes": null
    },
    {
      "ayah": 3,
      "quarter_hizb": 53,
      "juz": 27,
      "manzil": 7,
      "arabic": "فِيْ رَقٍّ مَّنْشُوْرٍۙ  ",
      "latin": "Fī raqqim mansyūr(in).",
      "translation": "pada lembaran yang terbuka,",
      "footnotes": null
    },
    {
      "ayah": 4,
      "quarter_hizb": 53,
      "juz": 27,
      "manzil": 7,
      "arabic": "وَّالْبَيْتِ الْمَعْمُوْرِۙ  ",
      "latin": "Wal-baitil-ma‘mūr(i).",
      "translation": "demi Baitulmakmur,703)",
      "footnotes": "703) Menurut riwayat al-Bukhari dan Muslim, Baitulmakmur adalah rumah di langit ketujuh yang senantiasa diramaikan oleh 70.000 malaikat yang beribadah salat."
    },
    {
      "ayah": 5,
      "quarter_hizb": 53,
      "juz": 27,
      "manzil": 7,
      "arabic": "وَالسَّقْفِ الْمَرْفُوْعِۙ  ",
      "latin": "Was-saqfil-marfū‘(i).",
      "translation": " demi atap yang ditinggikan (langit),",
      "footnotes": null
    },
    {
      "ayah": 6,
      "quarter_hizb": 53,
      "juz": 27,
      "manzil": 7,
      "arabic": "وَالْبَحْرِ الْمَسْجُوْرِۙ ",
      "latin": "Wal-baḥril-masjūr(i).",
      "translation": "dan demi lautan yang dipanaskan (di dalamnya ada api),",
      "footnotes": null
    },
    {
      "ayah": 7,
      "quarter_hizb": 53,
      "juz": 27,
      "manzil": 7,
      "arabic": "اِنَّ عَذَابَ رَبِّكَ لَوَاقِعٌۙ  ",
      "latin": "Inna ‘ażāba rabbika lawāqi‘(un).",
      "translation": "sesungguhnya azab Tuhanmu pasti terjadi.",
      "footnotes": null
    },
    {
      "ayah": 8,
      "quarter_hizb": 53,
      "juz": 27,
      "manzil": 7,
      "arabic": "مَّا لَهٗ مِنْ دَافِعٍۙ  ",
      "latin": "Mā lahū min dāfi‘(in).",
      "translation": " Tidak ada sesuatu pun yang dapat menolaknya.",
      "footnotes": null
    },
    {
      "ayah": 9,
      "quarter_hizb": 53,
      "juz": 27,
      "manzil": 7,
      "arabic": "يَّوْمَ تَمُوْرُ السَّمَاۤءُ مَوْرًاۙ ",
      "latin": "Yauma tamūrus-samā'u maurā(n).",
      "translation": "(Azab Tuhanmu terjadi) pada hari (ketika) langit berguncang sekeras-kerasnya",
      "footnotes": null
    },
    {
      "ayah": 10,
      "quarter_hizb": 53,
      "juz": 27,
      "manzil": 7,
      "arabic": "وَّتَسِيْرُ الْجِبَالُ سَيْرًاۗ  ",
      "latin": "Wa tasīrul-jibālu sairā(n).",
      "translation": " dan gunung-gunung bergerak dengan dahsyat.",
      "footnotes": null
    },
    {
      "ayah": 11,
      "quarter_hizb": 53,
      "juz": 27,
      "manzil": 7,
      "arabic": "فَوَيْلٌ يَّوْمَىِٕذٍ لِّلْمُكَذِّبِيْنَۙ  ",
      "latin": "Fawailuy yauma'iżil lil-mukażżibīn(a).",
      "translation": "Maka, pada hari itu celakalah orang-orang yang mendustakan,",
      "footnotes": null
    },
    {
      "ayah": 12,
      "quarter_hizb": 53,
      "juz": 27,
      "manzil": 7,
      "arabic": "الَّذِيْنَ هُمْ فِيْ خَوْضٍ يَّلْعَبُوْنَۘ  ",
      "latin": "Allażīna hum fī khauḍiy yal‘abūn(a).",
      "translation": " (yaitu) orang-orang yang bermain-main dalam kebatilan (perbuatan dosa).",
      "footnotes": null
    },
    {
      "ayah": 13,
      "quarter_hizb": 53,
      "juz": 27,
      "manzil": 7,
      "arabic": "يَوْمَ يُدَعُّوْنَ اِلٰى نَارِ جَهَنَّمَ دَعًّاۗ",
      "latin": "Yauma yuda‘‘ūna ilā nāri jahannama da‘‘ā(n).",
      "translation": " (Azab Tuhanmu terjadi) pada hari (ketika) mereka dicampakkan ke neraka Jahanam dengan sekuat-kuatnya.",
      "footnotes": null
    },
    {
      "ayah": 14,
      "quarter_hizb": 53,
      "juz": 27,
      "manzil": 7,
      "arabic": "هٰذِهِ النَّارُ الَّتِيْ كُنْتُمْ بِهَا تُكَذِّبُوْنَ ",
      "latin": "Hāżihin-nārul-latī kuntum bihā tukażżibūn(a).",
      "translation": "(Dikatakan kepada mereka,) “Inilah neraka yang dahulu kamu dustakan.”",
      "footnotes": null
    },
    {
      "ayah": 15,
      "quarter_hizb": 53,
      "juz": 27,
      "manzil": 7,
      "arabic": "اَفَسِحْرٌ هٰذَآ اَمْ اَنْتُمْ لَا تُبْصِرُوْنَ ",
      "latin": "Afasiḥrun hāżā am antum lā tubṣirūn(a).",
      "translation": "Apakah ini sihir? Ataukah kamu tidak melihat?",
      "footnotes": null
    },
    {
      "ayah": 16,
      "quarter_hizb": 53,
      "juz": 27,
      "manzil": 7,
      "arabic": "اِصْلَوْهَا فَاصْبِرُوْٓا اَوْ لَا تَصْبِرُوْاۚ سَوَاۤءٌ عَلَيْكُمْۗ  اِنَّمَا تُجْزَوْنَ مَا كُنْتُمْ تَعْمَلُوْنَ ",
      "latin": "Iṣlauhā faṣbirū au lā taṣbirū, sawā'un ‘alaikum, innamā tujzauna mā kuntum ta‘malūn(a).",
      "translation": "Masuklah ke dalamnya (dan rasakan panas apinya)! Baik kamu bersabar atau tidak, sama saja (tidak ada manfaatnya)bagimu. Sesungguhnya kamu hanya diberi balasan atas apa yang telah kamu kerjakan.",
      "footnotes": null
    },
    {
      "ayah": 17,
      "quarter_hizb": 53,
      "juz": 27,
      "manzil": 7,
      "arabic": "اِنَّ الْمُتَّقِيْنَ فِيْ جَنّٰتٍ وَّنَعِيْمٍۙ  ",
      "latin": "Innal-muttaqīna fī jannātiw wa na‘īm(in).",
      "translation": "Sesungguhnya orang-orang yang bertakwa berada dalam surga dan kenikmatan.",
      "footnotes": null
    },
    {
      "ayah": 18,
      "quarter_hizb": 53,
      "juz": 27,
      "manzil": 7,
      "arabic": "فٰكِهِيْنَ بِمَآ اٰتٰىهُمْ رَبُّهُمْۚ وَوَقٰىهُمْ رَبُّهُمْ عَذَابَ الْجَحِيْمِ",
      "latin": "Fākihīna bimā ātāhum rabbuhum, wa waqāhum rabbuhum ‘ażābal-jaḥīm(i).",
      "translation": "Mereka bersuka ria dengan apa yang Tuhan anugerahkan kepada mereka. Tuhan menjaga mereka dari azab (neraka) Jahim.",
      "footnotes": null
    },
    {
      "ayah": 19,
      "quarter_hizb": 53,
      "juz": 27,
      "manzil": 7,
      "arabic": "كُلُوْا وَاشْرَبُوْا هَنِيْۤـًٔا ۢبِمَا كُنْتُمْ تَعْمَلُوْنَۙ  ",
      "latin": "Kulū wasyrabū hanī'am bimā kuntum ta‘malūn(a).",
      "translation": " (Dikatakan kepada mereka,) “Makan dan minumlah dengan nikmat sebagai balasan dari apa yang telah kamu kerjakan!”",
      "footnotes": null
    },
    {
      "ayah": 20,
      "quarter_hizb": 53,
      "juz": 27,
      "manzil": 7,
      "arabic": "مُتَّكِـِٕيْنَ عَلٰى سُرُرٍ مَّصْفُوْفَةٍۚ وَزَوَّجْنٰهُمْ بِحُوْرٍ عِيْنٍ",
      "latin": "Muttaki'īna ‘alā sururim maṣfūfah(tin), wa zawwajnāhum biḥūrin ‘īn(in).",
      "translation": " Mereka bertelekan di atas dipan-dipan yang tersusun dan Kami menganugerahkan kepada mereka pasangan, yaitu bidadari yang bermata indah.",
      "footnotes": null
    },
    {
      "ayah": 21,
      "quarter_hizb": 53,
      "juz": 27,
      "manzil": 7,
      "arabic": "وَالَّذِيْنَ اٰمَنُوْا وَاتَّبَعَتْهُمْ ذُرِّيَّتُهُمْ بِاِيْمَانٍ اَلْحَقْنَا بِهِمْ ذُرِّيَّتَهُمْ وَمَآ اَلَتْنٰهُمْ مِّنْ عَمَلِهِمْ مِّنْ شَيْءٍۗ  كُلُّ امْرِئٍ ۢبِمَا كَسَبَ رَهِيْنٌ ",
      "latin": "Wal-lażīna āmanū wattaba‘athum żurriyyatuhum bi'īmānin alḥaqnā bihim żurriyyatahum wa mā alatnāhum min ‘amalihim min syai'(in), kullumri'im bimā kasaba rahīn(un).",
      "translation": "Orang-orang yang beriman dan anak cucunya mengikuti mereka dalam keimanan, Kami akan mengumpulkan anak cucunya itu dengan mereka (di dalam surga). Kami tidak mengurangi sedikit pun pahala amal (kebajikan) mereka. Setiap orang terikat dengan apa yang dikerjakannya.",
      "footnotes": null
    },
    {
      "ayah": 22,
      "quarter_hizb": 53,
      "juz": 27,
      "manzil": 7,
      "arabic": "وَاَمْدَدْنٰهُمْ بِفَاكِهَةٍ وَّلَحْمٍ مِّمَّا يَشْتَهُوْنَ ",
      "latin": "Wa amdadnāhum bifākihatiw wa laḥmim mimmā yasytahūn(a).",
      "translation": " Kami menganugerahkan kepada mereka tambahan (kenikmatan) berupa buah-buahan dan daging dari segala jenis yang mereka inginkan.",
      "footnotes": null
    },
    {
      "ayah": 23,
      "quarter_hizb": 53,
      "juz": 27,
      "manzil": 7,
      "arabic": "يَتَنَازَعُوْنَ فِيْهَا كَأْسًا لَّا لَغْوٌ فِيْهَا وَلَا تَأْثِيْمٌ ",
      "latin": "Yatanāza‘ūna fīhā ka'sal lā lagwun fīhā wa lā ta'ṡīm(un).",
      "translation": " Di dalam (surga) itu mereka saling mengulurkan gelas (yang isinya) tidak (menimbulkan) ucapan atau sikap yang tidak berfaedah dan tidak pula (menimbulkan) perbuatan dosa.",
      "footnotes": null
    },
    {
      "ayah": 24,
      "quarter_hizb": 53.25,
      "juz": 27,
      "manzil": 7,
      "arabic": "۞ وَيَطُوْفُ عَلَيْهِمْ غِلْمَانٌ لَّهُمْ كَاَنَّهُمْ لُؤْلُؤٌ مَّكْنُوْنٌۚ  ",
      "latin": "Wa yaṭūfu ‘alaihim gilmānul lahum ka'annahum lu'lu'um maknūn(un).",
      "translation": " Di sekitar mereka ada anak-anak muda belia berkeliling untuk (melayani) mereka, seakan-akan (anak muda belia) itu bagaikan mutiara yang tersimpan.",
      "footnotes": null
    },
    {
      "ayah": 25,
      "quarter_hizb": 53.25,
      "juz": 27,
      "manzil": 7,
      "arabic": "وَاَقْبَلَ بَعْضُهُمْ عَلٰى بَعْضٍ يَّتَسَاۤءَلُوْنَ ",
      "latin": "Wa aqbala ba‘ḍuhum ‘alā ba‘ḍiy yatasā'alūn(a).",
      "translation": " Sebagian mereka menghadap kepada sebagian yang lain saling bertegur sapa.",
      "footnotes": null
    },
    {
      "ayah": 26,
      "quarter_hizb": 53.25,
      "juz": 27,
      "manzil": 7,
      "arabic": "قَالُوْٓا اِنَّا كُنَّا قَبْلُ فِيْٓ اَهْلِنَا مُشْفِقِيْنَ ",
      "latin": "Qālū innā kunnā qablu fī ahlinā musyfiqīn(a).",
      "translation": "Mereka berkata, “Sesungguhnya kami dahulu, sewaktu berada di tengah-tengah keluarga kami, adalah orang yang takut (ditimpa azab Allah).",
      "footnotes": null
    },
    {
      "ayah": 27,
      "quarter_hizb": 53.25,
      "juz": 27,
      "manzil": 7,
      "arabic": "فَمَنَّ اللّٰهُ عَلَيْنَا وَوَقٰىنَا عَذَابَ السَّمُوْمِ ",
      "latin": "Fa mannallāhu ‘alainā wa waqānā ‘ażābas-samūm(i).",
      "translation": " Allah menganugerahkan karunia kepada kami dan menjaga kami dari azab neraka.",
      "footnotes": null
    },
    {
      "ayah": 28,
      "quarter_hizb": 53.25,
      "juz": 27,
      "manzil": 7,
      "arabic": "اِنَّا كُنَّا مِنْ قَبْلُ نَدْعُوْهُۗ اِنَّهٗ هُوَ الْبَرُّ الرَّحِيْمُ ࣖ",
      "latin": "Innā kunnā min qablu nad‘ūh(u), innahū huwal-barrur-raḥīm(u).",
      "translation": " Sesungguhnya kami menyembah-Nya sejak dahulu. Sesungguhnya hanya Dialah Yang Maha Luas kebajikan-Nya lagi Maha Penyayang.”",
      "footnotes": null
    },
    {
      "ayah": 29,
      "quarter_hizb": 53.25,
      "juz": 27,
      "manzil": 7,
      "arabic": "فَذَكِّرْ فَمَآ اَنْتَ بِنِعْمَتِ رَبِّكَ بِكَاهِنٍ وَّلَا مَجْنُوْنٍۗ ",
      "latin": "Fa żakkir famā anta bini‘mati rabbika  bikāhiniw wa lā majnūn(in).",
      "translation": "(Wahai Nabi Muhammad,) teruslah menyampaikan peringatan karena berkat nikmat Tuhanmulah, engkau bukan seorang tukang tenung dan bukan pula orang gila!",
      "footnotes": null
    },
    {
      "ayah": 30,
      "quarter_hizb": 53.25,
      "juz": 27,
      "manzil": 7,
      "arabic": "اَمْ يَقُوْلُوْنَ شَاعِرٌ نَّتَرَبَّصُ بِهٖ رَيْبَ الْمَنُوْنِ ",
      "latin": "Am yaqūlūna syā‘irin natarabbaṣu bihī raibal-manūn(i).",
      "translation": " Bahkan, mereka (orang musyrik Makkah) berkata, “Dia (Nabi Muhammad) adalah seorang penyair yang kami tunggu-tunggu kecelakaan menimpanya.”",
      "footnotes": null
    },
    {
      "ayah": 31,
      "quarter_hizb": 53.25,
      "juz": 27,
      "manzil": 7,
      "arabic": "قُلْ تَرَبَّصُوْا فَاِنِّيْ مَعَكُمْ مِّنَ الْمُتَرَبِّصِيْنَۗ  ",
      "latin": "Qul tarabbaṣū fa innī ma‘akum minal-mutarabbiṣīn(a).",
      "translation": " Katakanlah (Nabi Muhammad), “Tunggulah! Sesungguhnya aku pun termasuk orang yang sedang menunggu bersamamu.”",
      "footnotes": null
    },
    {
      "ayah": 32,
      "quarter_hizb": 53.25,
      "juz": 27,
      "manzil": 7,
      "arabic": "اَمْ تَأْمُرُهُمْ اَحْلَامُهُمْ بِهٰذَآ اَمْ هُمْ قَوْمٌ طَاغُوْنَۚ ",
      "latin": "Am ta'muruhum aḥlāmuhum bihāżā am hum qaumun ṭāgūn(a).",
      "translation": " Apakah mereka diperintah oleh pikiran-pikiran mereka untuk mengucapkan (tuduhan-tuduhan) ini atau apakah mereka kaum yang melampaui batas?",
      "footnotes": null
    },
    {
      "ayah": 33,
      "quarter_hizb": 53.25,
      "juz": 27,
      "manzil": 7,
      "arabic": "اَمْ يَقُوْلُوْنَ تَقَوَّلَهٗۚ بَلْ لَّا يُؤْمِنُوْنَۚ ",
      "latin": "Am yaqūlūna taqawwalah(ū), bal lā yu'minūn(a).",
      "translation": "Bahkan, apakah mereka (juga) berkata, “Dia (Nabi Muhammad) mereka-rekanya?” Tidak! Merekalah yang tidak beriman.",
      "footnotes": null
    },
    {
      "ayah": 34,
      "quarter_hizb": 53.25,
      "juz": 27,
      "manzil": 7,
      "arabic": "فَلْيَأْتُوْا بِحَدِيْثٍ مِّثْلِهٖٓ اِنْ كَانُوْا صٰدِقِيْنَۗ  ",
      "latin": "Falya'tū biḥadīṡim  miṡlihī in kānū ṣādiqīn(a).",
      "translation": " Cobalah mereka membuat yang semisal dengannya (Al-Qur’an) jika mereka orang-orang benar.",
      "footnotes": null
    },
    {
      "ayah": 35,
      "quarter_hizb": 53.25,
      "juz": 27,
      "manzil": 7,
      "arabic": "اَمْ خُلِقُوْا مِنْ غَيْرِ شَيْءٍ اَمْ هُمُ الْخٰلِقُوْنَۗ  ",
      "latin": "Am khuliqū min gairi syai'in am humul-khāliqūn(a).",
      "translation": "Apakah mereka tercipta tanpa asal-usul ataukah mereka menciptakan (diri mereka sendiri)?",
      "footnotes": null
    },
    {
      "ayah": 36,
      "quarter_hizb": 53.25,
      "juz": 27,
      "manzil": 7,
      "arabic": "اَمْ خَلَقُوا السَّمٰوٰتِ وَالْاَرْضَۚ بَلْ لَّا يُوْقِنُوْنَۗ  ",
      "latin": "Am khalaqus-samāwāti wal-arḍ(a), bal lā yūqinūn(a).",
      "translation": " Apakah mereka menciptakan langit dan bumi? Sebenarnya mereka tidak meyakini (apa yang mereka katakan).",
      "footnotes": null
    },
    {
      "ayah": 37,
      "quarter_hizb": 53.25,
      "juz": 27,
      "manzil": 7,
      "arabic": "اَمْ عِنْدَهُمْ خَزَاۤىِٕنُ رَبِّكَ اَمْ هُمُ الْمُصَۣيْطِرُوْنَۗ  ",
      "latin": "Am ‘indahum khazā'inu rabbika  am humul-musaiṭirūn(a).",
      "translation": "Apakah di sisi mereka ada perbendaharaan Tuhanmu ataukah mereka yang berkuasa?",
      "footnotes": null
    },
    {
      "ayah": 38,
      "quarter_hizb": 53.25,
      "juz": 27,
      "manzil": 7,
      "arabic": "اَمْ لَهُمْ سُلَّمٌ يَّسْتَمِعُوْنَ فِيْهِۚ فَلْيَأْتِ مُسْتَمِعُهُمْ بِسُلْطٰنٍ مُّبِيْنٍۗ  ",
      "latin": "Am lahum sullamuy yastami‘ūna fīh(i), falya'ti mustami‘uhum bisulṭānim mubīn(in).",
      "translation": " Apakah mereka mempunyai tangga (ke langit) untuk mendengarkan (hal-hal yang gaib)? Hendaklah orang yang mendengarkan di antara mereka itu datang membawa keterangan yang nyata.",
      "footnotes": null
    },
    {
      "ayah": 39,
      "quarter_hizb": 53.25,
      "juz": 27,
      "manzil": 7,
      "arabic": "اَمْ لَهُ الْبَنٰتُ وَلَكُمُ الْبَنُوْنَۗ  ",
      "latin": "Am lahul-banātu wa lakumul-banūn(a).",
      "translation": "Apakah (pantas) bagi-Nya anak-anak perempuan, sedangkan untuk kamu anak-anak laki-laki?",
      "footnotes": null
    },
    {
      "ayah": 40,
      "quarter_hizb": 53.25,
      "juz": 27,
      "manzil": 7,
      "arabic": "اَمْ تَسْـَٔلُهُمْ اَجْرًا فَهُمْ مِّنْ مَّغْرَمٍ مُّثْقَلُوْنَۗ  ",
      "latin": "Am tas'aluhum ajran fahum mim magramim muṡqalūn(a).",
      "translation": " Apakah engkau (Nabi Muhammad) meminta imbalan kepada mereka sehingga mereka dibebani dengan utang?",
      "footnotes": null
    },
    {
      "ayah": 41,
      "quarter_hizb": 53.25,
      "juz": 27,
      "manzil": 7,
      "arabic": "اَمْ عِنْدَهُمُ الْغَيْبُ فَهُمْ يَكْتُبُوْنَۗ ",
      "latin": "Am ‘indahumul-gaibu fahum yaktubūn(a).",
      "translation": "Apakah mereka mempunyai (pengetahuan) tentang yang gaib, lalu mereka menuliskannya?",
      "footnotes": null
    },
    {
      "ayah": 42,
      "quarter_hizb": 53.25,
      "juz": 27,
      "manzil": 7,
      "arabic": "اَمْ يُرِيْدُوْنَ كَيْدًاۗ فَالَّذِيْنَ كَفَرُوْا هُمُ الْمَكِيْدُوْنَۗ  ",
      "latin": "Am yurīdūna kaidā(n), fal-lażīna kafarū humul-makīdūn(a).",
      "translation": " Apakah mereka hendak melakukan tipu daya? Justru orang-orang yang kufur itulah yang terkena tipu daya.",
      "footnotes": null
    },
    {
      "ayah": 43,
      "quarter_hizb": 53.25,
      "juz": 27,
      "manzil": 7,
      "arabic": "اَمْ لَهُمْ اِلٰهٌ غَيْرُ اللّٰهِ ۗسُبْحٰنَ اللّٰهِ عَمَّا يُشْرِكُوْنَ  ",
      "latin": "Am lahum ilāhun gairullāh(i), subḥānallāhi ‘ammā yusyrikūn(a).",
      "translation": " Apakah mereka mempunyai tuhan selain Allah? Maha Suci Allah dari apa yang mereka persekutukan. ",
      "footnotes": null
    },
    {
      "ayah": 44,
      "quarter_hizb": 53.25,
      "juz": 27,
      "manzil": 7,
      "arabic": "وَاِنْ يَّرَوْا كِسْفًا مِّنَ السَّمَاۤءِ سَاقِطًا يَّقُوْلُوْا سَحَابٌ مَّرْكُوْمٌ ",
      "latin": "Wa iy yarau kisfam minas-samā'i sāqiṭay yaqūlū saḥābum markūm(un).",
      "translation": "Jika mereka melihat gumpalan-gumpalan awan berjatuhan dari langit, mereka berkata, “Itu adalah awan yang bertumpuk-tumpuk (yang akan menurunkan hujan).”",
      "footnotes": null
    },
    {
      "ayah": 45,
      "quarter_hizb": 53.25,
      "juz": 27,
      "manzil": 7,
      "arabic": "فَذَرْهُمْ حَتّٰى يُلٰقُوْا يَوْمَهُمُ الَّذِيْ فِيْهِ يُصْعَقُوْنَۙ  ",
      "latin": "Fażarhum ḥattā yulāqū yaumahumul-lażī fīhi yuṣ‘aqūn(a).",
      "translation": "Biarkanlah mereka (dalam kesesatan) hingga mereka menemui hari (yang dijanjikan kepada) mereka yang pada hari itu mereka dibinasakan,",
      "footnotes": null
    },
    {
      "ayah": 46,
      "quarter_hizb": 53.25,
      "juz": 27,
      "manzil": 7,
      "arabic": "يَوْمَ لَا يُغْنِيْ عَنْهُمْ كَيْدُهُمْ شَيْـًٔا وَّلَا هُمْ يُنْصَرُوْنَۗ  ",
      "latin": "Yauma lā yugnī ‘anhum kaiduhum syai'aw wa lā hum yunṣarūn(a).",
      "translation": " (yaitu) pada hari (ketika) tipu daya mereka tidak berguna sedikit pun bagi mereka dan mereka tidak akan diberi pertolongan.",
      "footnotes": null
    },
    {
      "ayah": 47,
      "quarter_hizb": 53.25,
      "juz": 27,
      "manzil": 7,
      "arabic": "وَاِنَّ لِلَّذِيْنَ ظَلَمُوْا عَذَابًا دُوْنَ ذٰلِكَ وَلٰكِنَّ اَكْثَرَهُمْ لَا يَعْلَمُوْنَ ",
      "latin": "Wa inna lil-lażīna ẓalamū ‘ażāban dūna żālika wa lākinna akṡarahum lā ya‘lamūn(a).",
      "translation": " Sesungguhnya bagi orang-orang yang zalim ada azab selain itu, tetapi kebanyakan mereka tidak mengetahui.",
      "footnotes": null
    },
    {
      "ayah": 48,
      "quarter_hizb": 53.25,
      "juz": 27,
      "manzil": 7,
      "arabic": "وَاصْبِرْ لِحُكْمِ رَبِّكَ فَاِنَّكَ بِاَعْيُنِنَا وَسَبِّحْ بِحَمْدِ رَبِّكَ حِيْنَ تَقُوْمُۙ  ",
      "latin": "Waṣbir liḥukmi rabbika fa innaka bi'a‘yuninā wa sabbiḥ biḥamdi rabbika ḥīna taqūm(u).",
      "translation": " Bersabarlah (Nabi Muhammad) menunggu ketetapan Tuhanmu karena sesungguhnya engkau berada dalam pengawasan Kami! Bertasbihlah seraya bertahmid (memuji) Tuhanmu ketika engkau bangun!",
      "footnotes": null
    },
    {
      "ayah": 49,
      "quarter_hizb": 53.25,
      "juz": 27,
      "manzil": 7,
      "arabic": "وَمِنَ الَّيْلِ فَسَبِّحْهُ وَاِدْبَارَ النُّجُوْمِ ࣖ",
      "latin": "Wa minal-laili fa sabbiḥhu wa idbāran-nujūm(i).",
      "translation": " Bertasbihlah kepada-Nya pada sebagian malam dan pada waktu terbenamnya bintang-bintang (waktu fajar).",
      "footnotes": null
    }
  ]
}