{
  "arabic": "النّجم",
  "latin": "An-Najm",
  "transliteration": "An-Najm",
  "translation": "Bintang",
  "num_ayah": 62,
  "location": "Makkiyah",
  "ayah": [
    {
      "ayah": 1,
      "quarter_hizb": 53.25,
      "juz": 27,
      "manzil": 7,
      "arabic": "وَالنَّجْمِ اِذَا هَوٰىۙ ",
      "latin": "Wan-najmi iżā hawā.",
      "translation": " Demi bintang ketika terbenam,",
      "footnotes": null
    },
    {
      "ayah": 2,
      "quarter_hizb": 53.25,
      "juz": 27,
      "manzil": 7,
      "arabic": "مَا ضَلَّ صَاحِبُكُمْ وَمَا غَوٰىۚ ",
      "latin": "Mā ḍalla ṣāḥibukum wa mā gawā.",
      "translation": "kawanmu (Nabi Muhammad) tidak sesat, tidak keliru,",
      "footnotes": null
    },
    {
      "ayah": 3,
      "quarter_hizb": 53.25,
      "juz": 27,
      "manzil": 7,
      "arabic": "وَمَا يَنْطِقُ عَنِ الْهَوٰى",
      "latin": "Wa mā yanṭiqu ‘anil-hawā.",
      "translation": " dan tidak pula berucap (tentang Al-Qur’an dan penjelasannya) berdasarkan hawa nafsu(-nya). ",
      "footnotes": null
    },
    {
      "ayah": 4,
      "quarter_hizb": 53.25,
      "juz": 27,
      "manzil": 7,
      "arabic": "اِنْ هُوَ اِلَّا وَحْيٌ يُّوْحٰىۙ ",
      "latin": "In huwa illā waḥyuy yūḥā.",
      "translation": " Ia (Al-Qur’an itu) tidak lain, kecuali wahyu yang disampaikan (kepadanya)",
      "footnotes": null
    },
    {
      "ayah": 5,
      "quarter_hizb": 53.25,
      "juz": 27,
      "manzil": 7,
      "arabic": "عَلَّمَهٗ شَدِيْدُ الْقُوٰىۙ ",
      "latin": " ‘Allamahū syadīdul-quwā.",
      "translation": " yang diajarkan kepadanya oleh (malaikat) yang sangat kuat (Jibril)",
      "footnotes": null
    },
    {
      "ayah": 6,
      "quarter_hizb": 53.25,
      "juz": 27,
      "manzil": 7,
      "arabic": "ذُوْ مِرَّةٍۗ فَاسْتَوٰىۙ ",
      "latin": "Żū mirrah(tin), fastawā.",
      "translation": " lagi mempunyai keteguhan. Lalu, ia (Jibril) menampakkan diri dengan rupa yang asli",
      "footnotes": null
    },
    {
      "ayah": 7,
      "quarter_hizb": 53.25,
      "juz": 27,
      "manzil": 7,
      "arabic": "وَهُوَ بِالْاُفُقِ الْاَعْلٰىۗ ",
      "latin": "Wa huwa bil-ufuqil-a‘lā.",
      "translation": " ketika dia berada di ufuk yang tinggi.",
      "footnotes": null
    },
    {
      "ayah": 8,
      "quarter_hizb": 53.25,
      "juz": 27,
      "manzil": 7,
      "arabic": "ثُمَّ دَنَا فَتَدَلّٰىۙ  ",
      "latin": "Ṡumma danā fa tadallā.",
      "translation": " Dia kemudian mendekat (kepada Nabi Muhammad), lalu bertambah dekat,",
      "footnotes": null
    },
    {
      "ayah": 9,
      "quarter_hizb": 53.25,
      "juz": 27,
      "manzil": 7,
      "arabic": "فَكَانَ قَابَ قَوْسَيْنِ اَوْ اَدْنٰىۚ",
      "latin": "Fa kāna qāba qausaini au adnā.",
      "translation": "sehingga jaraknya (sekitar) dua busur panah atau lebih dekat (lagi).",
      "footnotes": null
    },
    {
      "ayah": 10,
      "quarter_hizb": 53.25,
      "juz": 27,
      "manzil": 7,
      "arabic": "فَاَوْحٰىٓ اِلٰى عَبْدِهٖ مَآ اَوْحٰىۗ",
      "latin": "Fa auḥā ilā ‘abdihī mā auḥā.",
      "translation": " Lalu, dia (Jibril) menyampaikan wahyu kepada hamba-Nya (Nabi Muhammad) apa yang Dia wahyukan.",
      "footnotes": null
    },
    {
      "ayah": 11,
      "quarter_hizb": 53.25,
      "juz": 27,
      "manzil": 7,
      "arabic": "مَا كَذَبَ الْفُؤَادُ مَا رَاٰى",
      "latin": "Mā każabal-fu'ādu mā ra'ā.",
      "translation": "Hatinya tidak mendustakan apa yang telah dilihatnya.",
      "footnotes": null
    },
    {
      "ayah": 12,
      "quarter_hizb": 53.25,
      "juz": 27,
      "manzil": 7,
      "arabic": "اَفَتُمٰرُوْنَهٗ عَلٰى مَا يَرٰى ",
      "latin": "Afa tumārūnahū ‘alā mā yarā.",
      "translation": " Apakah kamu (kaum musyrik Makkah) hendak membantahnya (Nabi Muhammad) tentang apa yang dilihatnya itu (Jibril)?",
      "footnotes": null
    },
    {
      "ayah": 13,
      "quarter_hizb": 53.25,
      "juz": 27,
      "manzil": 7,
      "arabic": "وَلَقَدْ رَاٰهُ نَزْلَةً اُخْرٰىۙ",
      "latin": "Wa laqad ra'āhu nazlatan ukhrā.",
      "translation": " Sungguh, dia (Nabi Muhammad) benar-benar telah melihatnya (dalam rupa yang asli) pada waktu yang lain,",
      "footnotes": null
    },
    {
      "ayah": 14,
      "quarter_hizb": 53.25,
      "juz": 27,
      "manzil": 7,
      "arabic": "عِنْدَ سِدْرَةِ الْمُنْتَهٰى ",
      "latin": " ‘Inda sidratil-muntahā.",
      "translation": "(yaitu ketika) di Sidratulmuntaha.",
      "footnotes": null
    },
    {
      "ayah": 15,
      "quarter_hizb": 53.25,
      "juz": 27,
      "manzil": 7,
      "arabic": "عِنْدَهَا جَنَّةُ الْمَأْوٰىۗ  ",
      "latin": " ‘Indahā jannatul-ma'wā.",
      "translation": " Di dekatnya ada surga tempat tinggal.",
      "footnotes": null
    },
    {
      "ayah": 16,
      "quarter_hizb": 53.25,
      "juz": 27,
      "manzil": 7,
      "arabic": "اِذْ يَغْشَى السِّدْرَةَ مَا يَغْشٰىۙ ",
      "latin": "Iż yagsyas-sidrata mā yagsyā.",
      "translation": " (Nabi Muhammad melihat Jibril) ketika Sidratulmuntaha dilingkupi oleh sesuatu yang melingkupinya.",
      "footnotes": null
    },
    {
      "ayah": 17,
      "quarter_hizb": 53.25,
      "juz": 27,
      "manzil": 7,
      "arabic": "مَا زَاغَ الْبَصَرُ وَمَا طَغٰى",
      "latin": "Mā zāgal-baṣaru wa mā ṭagā.",
      "translation": "Penglihatan (Nabi Muhammad) tidak menyimpang dan tidak melampaui (apa yang dilihatnya).",
      "footnotes": null
    },
    {
      "ayah": 18,
      "quarter_hizb": 53.25,
      "juz": 27,
      "manzil": 7,
      "arabic": "لَقَدْ رَاٰى مِنْ اٰيٰتِ رَبِّهِ الْكُبْرٰى",
      "latin": "Laqad ra'ā min āyāti rabbihil-kubrā.",
      "translation": " Sungguh, dia benar-benar telah melihat sebagian tanda-tanda (kebesaran) Tuhannya yang sangat besar.",
      "footnotes": null
    },
    {
      "ayah": 19,
      "quarter_hizb": 53.25,
      "juz": 27,
      "manzil": 7,
      "arabic": "اَفَرَءَيْتُمُ اللّٰتَ وَالْعُزّٰى",
      "latin": "Afa ra'aitumul-lāta wal-‘uzzā.",
      "translation": "Apakah patut kamu (orang-orang musyrik) menganggap (dua berhala) al-Lata dan al-‘Uzza,",
      "footnotes": null
    },
    {
      "ayah": 20,
      "quarter_hizb": 53.25,
      "juz": 27,
      "manzil": 7,
      "arabic": "وَمَنٰوةَ الثَّالِثَةَ الْاُخْرٰى ",
      "latin": "Wa manātaṡ-ṡāliṡatal-ukhrā.",
      "translation": " serta Manata (berhala) ketiga yang lain (sebagai anak-anak perempuan Allah yang kamu sembah)?",
      "footnotes": null
    },
    {
      "ayah": 21,
      "quarter_hizb": 53.25,
      "juz": 27,
      "manzil": 7,
      "arabic": "اَلَكُمُ الذَّكَرُ وَلَهُ الْاُنْثٰى ",
      "latin": "Alakumuż-żakaru wa lahul-unṡā.",
      "translation": "Apakah (pantas) bagi kamu (anak) laki-laki dan bagi-Nya (anak) perempuan?",
      "footnotes": null
    },
    {
      "ayah": 22,
      "quarter_hizb": 53.25,
      "juz": 27,
      "manzil": 7,
      "arabic": "تِلْكَ اِذًا قِسْمَةٌ ضِيْزٰى ",
      "latin": "Tilka iżan qismatun ḍīzā.",
      "translation": " Itu tentulah suatu pembagian yang tidak adil.",
      "footnotes": null
    },
    {
      "ayah": 23,
      "quarter_hizb": 53.25,
      "juz": 27,
      "manzil": 7,
      "arabic": "اِنْ هِيَ اِلَّآ اَسْمَاۤءٌ سَمَّيْتُمُوْهَآ اَنْتُمْ وَاٰبَاۤؤُكُمْ مَّآ اَنْزَلَ اللّٰهُ بِهَا مِنْ سُلْطٰنٍۗ اِنْ يَّتَّبِعُوْنَ اِلَّا الظَّنَّ وَمَا تَهْوَى الْاَنْفُسُۚ وَلَقَدْ جَاۤءَهُمْ مِّنْ رَّبِّهِمُ الْهُدٰىۗ",
      "latin": "In hiya  illā asmā'un sammaitumūhā antum wa ābā'ukum mā anzalallāhu bihā min sulṭān(in), iy yattabi‘ūna illaẓ-ẓanna wa mā tahwal-anfus(u), wa laqad jā'ahum mir rabbihimul-hudā.",
      "translation": " (Berhala-berhala) itu tidak lain hanyalah nama-nama yang kamu dan nenek moyangmu ada-adakan. Allah tidak menurunkan suatu keterangan apa pun untuk (menyembah)-nya. Mereka hanya mengikuti dugaan dan apa yang diinginkan oleh hawa nafsu. Padahal, sungguh, mereka benar-benar telah didatangi petunjuk dari Tuhan mereka.",
      "footnotes": null
    },
    {
      "ayah": 24,
      "quarter_hizb": 53.25,
      "juz": 27,
      "manzil": 7,
      "arabic": "اَمْ لِلْاِنْسَانِ مَا تَمَنّٰىۖ  ",
      "latin": "Am lil-insāni mā tamannā.",
      "translation": " Apakah manusia akan mendapat segala yang diinginkannya?",
      "footnotes": null
    },
    {
      "ayah": 25,
      "quarter_hizb": 53.25,
      "juz": 27,
      "manzil": 7,
      "arabic": "فَلِلّٰهِ الْاٰخِرَةُ وَالْاُوْلٰى ࣖ ",
      "latin": "Fa lillāhil-ākhiratu wal-ūlā.",
      "translation": "(Tidak!) Milik Allahlah kehidupan akhirat dan dunia.",
      "footnotes": null
    },
    {
      "ayah": 26,
      "quarter_hizb": 53.5,
      "juz": 27,
      "manzil": 7,
      "arabic": "۞ وَكَمْ مِّنْ مَّلَكٍ فِى السَّمٰوٰتِ لَا تُغْنِيْ شَفَاعَتُهُمْ شَيْـًٔا اِلَّا مِنْۢ بَعْدِ اَنْ يَّأْذَنَ اللّٰهُ لِمَنْ يَّشَاۤءُ وَيَرْضٰى ",
      "latin": "Wa kam mim malakin fis-samāwāti lā tugnī syafā‘atuhum syai'an illā mim ba‘di ay ya'żanallāhu limay yasyā'u wa yarḍā.",
      "translation": "Betapa banyak malaikat di langit yang syafaat (pertolongan) mereka sedikit pun tidak berguna, kecuali apabila Allah telah mengizinkan(-nya untuk diberikan) kepada siapa yang Dia kehendaki dan ridai.",
      "footnotes": null
    },
    {
      "ayah": 27,
      "quarter_hizb": 53.5,
      "juz": 27,
      "manzil": 7,
      "arabic": "اِنَّ الَّذِيْنَ لَا يُؤْمِنُوْنَ بِالْاٰخِرَةِ لَيُسَمُّوْنَ الْمَلٰۤىِٕكَةَ تَسْمِيَةَ الْاُنْثٰى ",
      "latin": "Innal-lażīna lā yu'minūna bil-ākhirati layusammūnal-malā'ikata tasmiyatal-unṡā.",
      "translation": " Sesungguhnya orang-orang yang tidak beriman kepada kehidupan akhirat benar-benar menamai para malaikat dengan nama perempuan.",
      "footnotes": null
    },
    {
      "ayah": 28,
      "quarter_hizb": 53.5,
      "juz": 27,
      "manzil": 7,
      "arabic": "وَمَا لَهُمْ بِهٖ مِنْ عِلْمٍۗ اِنْ يَّتَّبِعُوْنَ اِلَّا الظَّنَّ وَاِنَّ الظَّنَّ لَا يُغْنِيْ مِنَ الْحَقِّ شَيْـًٔاۚ ",
      "latin": "Wa mā lahum bihī min ‘ilm(in), iy yattabi‘ūna illaẓ-ẓann(a), wa innaẓ-ẓanna lā yugnī minal-ḥaqqi syai'ā(n).",
      "translation": "Padahal, mereka tidak mempunyai pengetahuan tentang hal itu. Mereka tidak lain hanyalah mengikuti dugaan dan sesungguhnya dugaan itu tidak berfaedah sedikit pun terhadap kebenaran.",
      "footnotes": null
    },
    {
      "ayah": 29,
      "quarter_hizb": 53.5,
      "juz": 27,
      "manzil": 7,
      "arabic": "فَاَعْرِضْ عَنْ مَّنْ تَوَلّٰىۙ عَنْ ذِكْرِنَا وَلَمْ يُرِدْ اِلَّا الْحَيٰوةَ الدُّنْيَاۗ  ",
      "latin": "Fa a‘riḍ ‘am man tawallā, ‘an żikrinā wa lam yurid illal-ḥayātad-dun-yā.",
      "translation": " Tinggalkanlah (Nabi Muhammad) orang yang berpaling dari peringatan Kami (Al-Qur’an) dan hanya menginginkan kehidupan dunia!",
      "footnotes": null
    },
    {
      "ayah": 30,
      "quarter_hizb": 53.5,
      "juz": 27,
      "manzil": 7,
      "arabic": "ذٰلِكَ مَبْلَغُهُمْ مِّنَ الْعِلْمِۗ اِنَّ رَبَّكَ هُوَ اَعْلَمُ بِمَنْ ضَلَّ عَنْ سَبِيْلِهٖۙ وَهُوَ اَعْلَمُ بِمَنِ اهْتَدٰى",
      "latin": "Żālika mablaguhum minal-‘ilm(i), inna rabbaka huwa a‘lamu biman ḍalla ‘an sabīlih(ī), wa huwa a‘lamu bimanihtadā.",
      "translation": " Itulah kadar pengetahuan mereka. Sesungguhnya Tuhanmulah yang lebih mengetahui siapa yang tersesat dari jalan-Nya dan Dia pulalah yang mengetahui siapa yang mendapat petunjuk.",
      "footnotes": null
    },
    {
      "ayah": 31,
      "quarter_hizb": 53.5,
      "juz": 27,
      "manzil": 7,
      "arabic": "وَلِلّٰهِ مَا فِى السَّمٰوٰتِ وَمَا فِى الْاَرْضِۗ لِيَجْزِيَ الَّذِيْنَ اَسَاۤءُوْا بِمَا عَمِلُوْا وَيَجْزِيَ الَّذِيْنَ اَحْسَنُوْا بِالْحُسْنٰىۚ ",
      "latin": "Wa lillāhi mā fis-samāwāti wa mā fil-arḍ(i), liyajziyal-lażīna asā'ū bimā ‘amilū wa yajziyal-lażīna aḥsanū bil-ḥusnā.",
      "translation": " Milik Allahlah apa yang ada di langit dan apa yang ada di bumi. (Dengan demikian,) Dia akan memberi balasan kepada orang-orang yang berbuat jahat sesuai dengan apa yang telah mereka kerjakan dan Dia akan memberi balasan kepada orang-orang yang berbuat baik dengan pahala yang lebih baik (surga).",
      "footnotes": null
    },
    {
      "ayah": 32,
      "quarter_hizb": 53.5,
      "juz": 27,
      "manzil": 7,
      "arabic": "اَلَّذِيْنَ يَجْتَنِبُوْنَ كَبٰۤىِٕرَ الْاِثْمِ وَالْفَوَاحِشَ اِلَّا اللَّمَمَۙ اِنَّ رَبَّكَ وَاسِعُ الْمَغْفِرَةِۗ هُوَ اَعْلَمُ بِكُمْ اِذْ اَنْشَاَكُمْ مِّنَ الْاَرْضِ وَاِذْ اَنْتُمْ اَجِنَّةٌ فِيْ بُطُوْنِ اُمَّهٰتِكُمْۗ فَلَا تُزَكُّوْٓا اَنْفُسَكُمْۗ  هُوَ اَعْلَمُ بِمَنِ اتَّقٰى ࣖ ",
      "latin": "Allażīna yajtanibūna kabā'iral-iṡmi wal-fawāḥisya illal-lamam(a), inna rabbaka wāsi‘ul-magfirah(ti), huwa a‘lamu bikum iż ansya'akum minal-arḍi wa iż antum ajinnatun fī buṭūni ummahātikum, falā tuzakkū anfusakum, huwa a‘lamu bimanittaqā.",
      "translation": "(Mereka adalah) orang-orang yang menjauhi dosa-dosa besar dan perbuatan keji. Akan tetapi, mereka (memang) melakukan dosa-dosa kecil. Sesungguhnya Tuhanmu Maha Luas ampunan-Nya. Dia lebih mengetahui dirimu sejak Dia menjadikanmu dari tanah dan ketika kamu masih berupa janin dalam perut ibumu. Maka, janganlah kamu menganggap dirimu suci. Dia lebih mengetahui siapa yang bertakwa.",
      "footnotes": null
    },
    {
      "ayah": 33,
      "quarter_hizb": 53.5,
      "juz": 27,
      "manzil": 7,
      "arabic": "اَفَرَءَيْتَ الَّذِيْ تَوَلّٰىۙ  ",
      "latin": "Afa ra'aital-lażī tawallā.",
      "translation": " Tidakkah engkau melihat orang yang berpaling (dari Al-Qur’an)?",
      "footnotes": null
    },
    {
      "ayah": 34,
      "quarter_hizb": 53.5,
      "juz": 27,
      "manzil": 7,
      "arabic": "وَاَعْطٰى قَلِيْلًا وَّاَكْدٰى ",
      "latin": "Wa a‘ṭā qalīlaw wa akdā.",
      "translation": " Dia memberikan sedikit (dari apa yang telah disepakati), lalu menahan sisanya.",
      "footnotes": null
    },
    {
      "ayah": 35,
      "quarter_hizb": 53.5,
      "juz": 27,
      "manzil": 7,
      "arabic": "اَعِنْدَهٗ عِلْمُ الْغَيْبِ فَهُوَ يَرٰى ",
      "latin": "A‘indahū ‘ilmul-gaibi fahuwa yarā.",
      "translation": " Apakah dia mempunyai pengetahuan tentang yang gaib, sehingga dia dapat melihat(-nya)?",
      "footnotes": null
    },
    {
      "ayah": 36,
      "quarter_hizb": 53.5,
      "juz": 27,
      "manzil": 7,
      "arabic": "اَمْ لَمْ يُنَبَّأْ بِمَا فِيْ صُحُفِ مُوْسٰى  ",
      "latin": "Am lam yunabba' bimā fī ṣuḥufi mūsā.",
      "translation": " Apakah belum diberitakan kepadanya apa yang ada dalam lembaran-lembaran (kitab suci yang diturunkan kepada) Musa",
      "footnotes": null
    },
    {
      "ayah": 37,
      "quarter_hizb": 53.5,
      "juz": 27,
      "manzil": 7,
      "arabic": "وَاِبْرٰهِيْمَ الَّذِيْ وَفّٰىٓ ۙ ",
      "latin": "Wa ibrāhīmal-lażī waffā.",
      "translation": " dan (lembaran-lembaran) Ibrahim yang telah memenuhi janji setianya?",
      "footnotes": null
    },
    {
      "ayah": 38,
      "quarter_hizb": 53.5,
      "juz": 27,
      "manzil": 7,
      "arabic": "اَلَّا تَزِرُ وَازِرَةٌ وِّزْرَ اُخْرٰىۙ  ",
      "latin": "Allā taziru wāziratuw wizra ukhrā.",
      "translation": " (Dalam lembaran-lembaran itu terdapat ketetapan) bahwa seseorang yang berdosa tidak akan memikul dosa orang lain,",
      "footnotes": null
    },
    {
      "ayah": 39,
      "quarter_hizb": 53.5,
      "juz": 27,
      "manzil": 7,
      "arabic": "وَاَنْ لَّيْسَ لِلْاِنْسَانِ اِلَّا مَا سَعٰىۙ  ",
      "latin": "Wa al laisa lil-insāni illā mā sa‘ā.",
      "translation": " bahwa manusia hanya memperoleh apa yang telah diusahakannya,",
      "footnotes": null
    },
    {
      "ayah": 40,
      "quarter_hizb": 53.5,
      "juz": 27,
      "manzil": 7,
      "arabic": "وَاَنَّ سَعْيَهٗ سَوْفَ يُرٰىۖ",
      "latin": "Wa anna sa‘yahū saufa yurā.",
      "translation": " bahwa sesungguhnya usahanya itu kelak akan diperlihatkan (kepadanya),",
      "footnotes": null
    },
    {
      "ayah": 41,
      "quarter_hizb": 53.5,
      "juz": 27,
      "manzil": 7,
      "arabic": "ثُمَّ يُجْزٰىهُ الْجَزَاۤءَ الْاَوْفٰىۙ ",
      "latin": "Ṡumma yujzāhul-jazā'al-aufā.",
      "translation": "kemudian dia akan diberi balasan atas (amalnya) itu dengan balasan yang paling sempurna,",
      "footnotes": null
    },
    {
      "ayah": 42,
      "quarter_hizb": 53.5,
      "juz": 27,
      "manzil": 7,
      "arabic": "وَاَنَّ اِلٰى رَبِّكَ الْمُنْتَهٰىۙ  ",
      "latin": "Wa anna ilā rabbikal-muntahā.",
      "translation": " bahwa sesungguhnya kepada Tuhanmulah kesudahan (segala sesuatu),",
      "footnotes": null
    },
    {
      "ayah": 43,
      "quarter_hizb": 53.5,
      "juz": 27,
      "manzil": 7,
      "arabic": "وَاَنَّهٗ هُوَ اَضْحَكَ وَاَبْكٰى",
      "latin": "Wa annahū huwa aḍḥaka wa abkā.",
      "translation": "bahwa sesungguhnya Dialah yang menjadikan orang tertawa dan menangis,",
      "footnotes": null
    },
    {
      "ayah": 44,
      "quarter_hizb": 53.5,
      "juz": 27,
      "manzil": 7,
      "arabic": "وَاَنَّهٗ هُوَ اَمَاتَ وَاَحْيَاۙ  ",
      "latin": "Wa annahū huwa amāta wa aḥyā.",
      "translation": " bahwa sesungguhnya Dialah yang mematikan dan menghidupkan,",
      "footnotes": null
    },
    {
      "ayah": 45,
      "quarter_hizb": 53.5,
      "juz": 27,
      "manzil": 7,
      "arabic": "وَاَنَّهٗ خَلَقَ الزَّوْجَيْنِ الذَّكَرَ وَالْاُنْثٰىۙ ",
      "latin": "Wa annahū khalaqaz-zaujainiż-żakara wal-unṡā.",
      "translation": " bahwa sesungguhnya Dialah yang menciptakan pasangan laki-laki dan perempuan",
      "footnotes": null
    },
    {
      "ayah": 46,
      "quarter_hizb": 53.5,
      "juz": 27,
      "manzil": 7,
      "arabic": "مِنْ نُّطْفَةٍ اِذَا تُمْنٰىۙ  ",
      "latin": "Min nuṭfatin iżā tumnā.",
      "translation": " dari mani ketika dipancarkan",
      "footnotes": null
    },
    {
      "ayah": 47,
      "quarter_hizb": 53.5,
      "juz": 27,
      "manzil": 7,
      "arabic": "وَاَنَّ عَلَيْهِ النَّشْاَةَ الْاُخْرٰىۙ ",
      "latin": "Wa anna ‘alaihin nasy'atal-ukhrā.",
      "translation": " bahwa sesungguhnya Dialah yang menetapkan penciptaan yang lain (kebangkitan setelah mati),",
      "footnotes": null
    },
    {
      "ayah": 48,
      "quarter_hizb": 53.5,
      "juz": 27,
      "manzil": 7,
      "arabic": "وَاَنَّهٗ هُوَ اَغْنٰى وَاَقْنٰىۙ ",
      "latin": "Wa annahū huwa agnā wa aqnā.",
      "translation": " bahwa sesungguhnya Dialah yang menganugerahkan kekayaan dan kecukupan,",
      "footnotes": null
    },
    {
      "ayah": 49,
      "quarter_hizb": 53.5,
      "juz": 27,
      "manzil": 7,
      "arabic": "وَاَنَّهٗ هُوَ رَبُّ الشِّعْرٰىۙ",
      "latin": "Wa annahū huwa rabbusy-syi‘rā.",
      "translation": "bahwa sesungguhnya Dialah Tuhan (yang memiliki) bintang Syi‘ra,704)",
      "footnotes": "704)Syi‘ra adalah nama bintang yang disembah oleh sebagian orang Arab pada masa Jahiliah."
    },
    {
      "ayah": 50,
      "quarter_hizb": 53.5,
      "juz": 27,
      "manzil": 7,
      "arabic": "وَاَنَّهٗٓ اَهْلَكَ عَادًا ۨالْاُوْلٰىۙ",
      "latin": "Wa annahū ahlaka ‘ādanil-ūlā.",
      "translation": " dan bahwa sesungguhnya Dialah yang telah membinasakan (kaum) ‘Ad yang terdahulu",
      "footnotes": null
    },
    {
      "ayah": 51,
      "quarter_hizb": 53.5,
      "juz": 27,
      "manzil": 7,
      "arabic": "وَثَمُوْدَا۟ فَمَآ اَبْقٰىۙ",
      "latin": "Wa ṡamūda famā abqā.",
      "translation": "dan (kaum) Samud. Tidak seorang pun ditinggalkan-Nya (hidup).",
      "footnotes": null
    },
    {
      "ayah": 52,
      "quarter_hizb": 53.5,
      "juz": 27,
      "manzil": 7,
      "arabic": "وَقَوْمَ نُوْحٍ مِّنْ قَبْلُۗ اِنَّهُمْ كَانُوْا هُمْ اَظْلَمَ وَاَطْغٰىۗ  ",
      "latin": "Wa qauma nūḥim min qabl(u), innahum kānū hum aẓlama wa aṭgā.",
      "translation": "Sebelum itu kaum Nuh juga (dibinasakan). Sesungguhnya mereka adalah orang-orang yang lebih zalim dan lebih durhaka.",
      "footnotes": null
    },
    {
      "ayah": 53,
      "quarter_hizb": 53.5,
      "juz": 27,
      "manzil": 7,
      "arabic": "وَالْمُؤْتَفِكَةَ اَهْوٰىۙ  ",
      "latin": "Wal-mu'tafikata ahwā.",
      "translation": " Dia juga menjungkirbalikkan negeri kaum Lut,",
      "footnotes": null
    },
    {
      "ayah": 54,
      "quarter_hizb": 53.5,
      "juz": 27,
      "manzil": 7,
      "arabic": "فَغَشّٰىهَا مَا غَشّٰىۚ  ",
      "latin": "Fa gasysyāhā mā gasysyā.",
      "translation": " lalu Dia menimbuninyadengan apa yang menimpanya.",
      "footnotes": null
    },
    {
      "ayah": 55,
      "quarter_hizb": 53.5,
      "juz": 27,
      "manzil": 7,
      "arabic": "فَبِاَيِّ اٰلَاۤءِ رَبِّكَ تَتَمَارٰى",
      "latin": "Fa bi'ayyi ālā'i rabbika tatamārā.",
      "translation": "Maka, nikmat Tuhanmu yang manakah yang masih kamu ragukan?",
      "footnotes": null
    },
    {
      "ayah": 56,
      "quarter_hizb": 53.5,
      "juz": 27,
      "manzil": 7,
      "arabic": "هٰذَا نَذِيْرٌ مِّنَ النُّذُرِ الْاُوْلٰى",
      "latin": "Hāżā nażīrum minan-nużuril-ūlā.",
      "translation": " Ini (Nabi Muhammad) adalah salah seorang pemberi peringatan di antara para pemberi peringatan yang terdahulu. ",
      "footnotes": null
    },
    {
      "ayah": 57,
      "quarter_hizb": 53.5,
      "juz": 27,
      "manzil": 7,
      "arabic": "اَزِفَتِ الْاٰزِفَةُ ۚ ",
      "latin": "Azifatil-āzifah(tu).",
      "translation": " (Hari Kiamat) yang dekat makin mendekat. ",
      "footnotes": null
    },
    {
      "ayah": 58,
      "quarter_hizb": 53.5,
      "juz": 27,
      "manzil": 7,
      "arabic": "لَيْسَ لَهَا مِنْ دُوْنِ اللّٰهِ كَاشِفَةٌ  ۗ ",
      "latin": "Laisa lahā min dūnillāhi kāsyifah(tun).",
      "translation": "Tidak ada yang akan dapat mengungkapkan (terjadinya hari itu) selain Allah.",
      "footnotes": null
    },
    {
      "ayah": 59,
      "quarter_hizb": 53.5,
      "juz": 27,
      "manzil": 7,
      "arabic": "اَفَمِنْ هٰذَا الْحَدِيْثِ تَعْجَبُوْنَۙ  ",
      "latin": "Afamin hāżal-ḥadīṡi ta‘jabūn(a).",
      "translation": " Maka, apakah kamu merasa heran terhadap pemberitaan ini?",
      "footnotes": null
    },
    {
      "ayah": 60,
      "quarter_hizb": 53.5,
      "juz": 27,
      "manzil": 7,
      "arabic": "وَتَضْحَكُوْنَ وَلَا تَبْكُوْنَۙ  ",
      "latin": "Wa taḍḥakūna wa lā tabkūn(a).",
      "translation": "Kamu mentertawakan dan tidak menangisi(-nya),",
      "footnotes": null
    },
    {
      "ayah": 61,
      "quarter_hizb": 53.5,
      "juz": 27,
      "manzil": 7,
      "arabic": "وَاَنْتُمْ سٰمِدُوْنَ ",
      "latin": "Wa antum sāmidūn(a).",
      "translation": " sedangkan kamu lengah (darinya).",
      "footnotes": null
    },
    {
      "ayah": 62,
      "quarter_hizb": 53.5,
      "juz": 27,
      "manzil": 7,
      "arabic": "فَاسْجُدُوْا لِلّٰهِ وَاعْبُدُوْا ࣖ ۩ ",
      "latin": "Fasjudū lillāhi wa‘budū.",
      "translation": " Bersujudlah kepada Allah dan sembahlah (Dia).",
      "footnotes": null
    }
  ]
}