{
  "arabic": " القمر",
  "latin": "Al-Qamar",
  "transliteration": "Al-Qamar",
  "translation": "Bulan",
  "num_ayah": 55,
  "location": "Makkiyah",
  "ayah": [
    {
      "ayah": 1,
      "quarter_hizb": 53.5,
      "juz": 27,
      "manzil": 7,
      "arabic": "اِقْتَرَبَتِ السَّاعَةُ وَانْشَقَّ الْقَمَرُ ",
      "latin": "Iqtarabatis-sā‘atu wansyaqqal-qamar(u).",
      "translation": " Hari Kiamat makin dekat dan bulan terbelah. ",
      "footnotes": null
    },
    {
      "ayah": 2,
      "quarter_hizb": 53.5,
      "juz": 27,
      "manzil": 7,
      "arabic": "وَاِنْ يَّرَوْا اٰيَةً يُّعْرِضُوْا وَيَقُوْلُوْا سِحْرٌ مُّسْتَمِرٌّ",
      "latin": "Wa iy yarau āyatay yu‘riḍū wa yaqūlū siḥrum mustamirr(un).",
      "translation": " Jika mereka (kaum musyrik Makkah) melihat suatu tanda (mukjizat), mereka berpaling dan berkata, “(Ini adalah) sihir yang terus-menerus.” ",
      "footnotes": null
    },
    {
      "ayah": 3,
      "quarter_hizb": 53.5,
      "juz": 27,
      "manzil": 7,
      "arabic": "وَكَذَّبُوْا وَاتَّبَعُوْٓا اَهْوَاۤءَهُمْ وَكُلُّ اَمْرٍ مُّسْتَقِرٌّ",
      "latin": "Wa każżabū wattaba‘ū ahwā'ahum wa kullu amrim mustaqirr(un).",
      "translation": " Mereka mendustakan (Nabi Muhammad) dan mengikuti keinginan mereka, padahal setiap urusan telah ada ketetapannya.",
      "footnotes": null
    },
    {
      "ayah": 4,
      "quarter_hizb": 53.5,
      "juz": 27,
      "manzil": 7,
      "arabic": "وَلَقَدْ جَاۤءَهُمْ مِّنَ الْاَنْۢبَاۤءِ مَا فِيْهِ مُزْدَجَرٌۙ  ",
      "latin": "Wa laqad jā'ahum minal-ambā'i mā fīhi muzdajar(un).",
      "translation": "Sungguh, benar-benar telah datang kepada mereka beberapa berita yang di dalamnya terdapat ancaman (terhadap orang-orang kafir).",
      "footnotes": null
    },
    {
      "ayah": 5,
      "quarter_hizb": 53.5,
      "juz": 27,
      "manzil": 7,
      "arabic": "حِكْمَةٌ ۢ بَالِغَةٌ فَمَا تُغْنِ النُّذُرُۙ  ",
      "latin": "Ḥikmatum bāligatun famā tugnin-nużur(u).",
      "translation": "(Berita-berita itu adalah) hikmah yang sempurna,705) tetapi peringatan-peringatan itu tidak berguna (bagi mereka).",
      "footnotes": "705)Hikmah yang sempurna dalam ayat ini adalah ilmu pengetahuan yang agung dan sempurna."
    },
    {
      "ayah": 6,
      "quarter_hizb": 53.5,
      "juz": 27,
      "manzil": 7,
      "arabic": "فَتَوَلَّ عَنْهُمْ ۘ يَوْمَ يَدْعُ الدَّاعِ اِلٰى شَيْءٍ نُّكُرٍۙ  ",
      "latin": "Fa tawalla ‘anhum, yauma yad‘ud-dā‘i ilā syai'in nukur(in).",
      "translation": "Maka, berpalinglah (Nabi Muhammad) dari mereka. Pada hari (ketika) penyeru (malaikat) mengajak (mereka) pada sesuatu yang tidak menyenangkan (hari Pembalasan),",
      "footnotes": null
    },
    {
      "ayah": 7,
      "quarter_hizb": 53.5,
      "juz": 27,
      "manzil": 7,
      "arabic": "خُشَّعًا اَبْصَارُهُمْ يَخْرُجُوْنَ مِنَ الْاَجْدَاثِ كَاَنَّهُمْ جَرَادٌ مُّنْتَشِرٌۙ  ",
      "latin": "Khusysya‘an abṣāruhum yakhrujūna minal-ajdāṡi ka'annahum jarādum muntasyir(un).",
      "translation": " pandangan mereka tertunduk. Mereka keluar (berhamburan) dari kubur seperti belalang yang beterbangan.",
      "footnotes": null
    },
    {
      "ayah": 8,
      "quarter_hizb": 53.5,
      "juz": 27,
      "manzil": 7,
      "arabic": "مُّهْطِعِيْنَ اِلَى الدَّاعِۗ يَقُوْلُ الْكٰفِرُوْنَ هٰذَا يَوْمٌ عَسِرٌ ",
      "latin": "Muhṭi‘īna ilad-dā‘(i), yaqūlul-kāfirūna hāżā yaumun ‘asir(un).",
      "translation": " Mereka bersegera datang kepada penyeru itu. Orang-orang kafir berkata, “Ini adalah hari yang sulit.” ",
      "footnotes": null
    },
    {
      "ayah": 9,
      "quarter_hizb": 53.75,
      "juz": 27,
      "manzil": 7,
      "arabic": "۞ كَذَّبَتْ قَبْلَهُمْ قَوْمُ نُوْحٍ فَكَذَّبُوْا عَبْدَنَا وَقَالُوْا مَجْنُوْنٌ وَّازْدُجِرَ",
      "latin": "Każżabat qablahum qaumu nūḥin fakażżabū ‘abdanā wa qālū majnūnuw wazdujir(a).",
      "translation": "Sebelum mereka, kaum Nuh juga telah mendustakan (rasul). Mereka mendustakan hamba Kami (Nuh) dan mengatakan, “(Dia) orang gila!” Dia pun dibentak (dengan cacian dan lainnya). ",
      "footnotes": null
    },
    {
      "ayah": 10,
      "quarter_hizb": 53.75,
      "juz": 27,
      "manzil": 7,
      "arabic": "فَدَعَا رَبَّهٗٓ اَنِّيْ مَغْلُوْبٌ فَانْتَصِرْ",
      "latin": "Fa da‘ā rabbahū annī maglūbun fantaṣir.",
      "translation": "Dia (Nuh) lalu mengadu kepada Tuhannya, “Sesungguhnya aku telah dikalahkan, maka tolonglah (aku).”",
      "footnotes": null
    },
    {
      "ayah": 11,
      "quarter_hizb": 53.75,
      "juz": 27,
      "manzil": 7,
      "arabic": "فَفَتَحْنَآ اَبْوَابَ السَّمَاۤءِ بِمَاۤءٍ مُّنْهَمِرٍۖ  ",
      "latin": "Fa fataḥnā abwābas-samā'i bimā'im munhamir(in).",
      "translation": "Lalu, Kami membukakan pintu-pintu langit dengan (menurunkan) air yang tercurah.",
      "footnotes": null
    },
    {
      "ayah": 12,
      "quarter_hizb": 53.75,
      "juz": 27,
      "manzil": 7,
      "arabic": "وَّفَجَّرْنَا الْاَرْضَ عُيُوْنًا فَالْتَقَى الْمَاۤءُ عَلٰٓى اَمْرٍ قَدْ قُدِرَ ۚ",
      "latin": "Wa fajjarnal-arḍa ‘uyūnan faltaqal-mā'u ‘alā amrin qad qudir(a).",
      "translation": "Kami pun menjadikan bumi menyemburkan banyak mata air. Maka, berkumpullah semua air itu sehingga (meluap dan menimbulkan) bencana yang telah ditetapkan. ",
      "footnotes": null
    },
    {
      "ayah": 13,
      "quarter_hizb": 53.75,
      "juz": 27,
      "manzil": 7,
      "arabic": "وَحَمَلْنٰهُ عَلٰى ذَاتِ اَلْوَاحٍ وَّدُسُرٍۙ  ",
      "latin": "Wa ḥamalnāhu ‘alā żāti alwāḥiw wa dusur(in).",
      "translation": "Kami mengangkut dia (Nuh) ke atas (kapal) yang terbuat dari papan dan pasak",
      "footnotes": null
    },
    {
      "ayah": 14,
      "quarter_hizb": 53.75,
      "juz": 27,
      "manzil": 7,
      "arabic": "تَجْرِيْ بِاَعْيُنِنَاۚ جَزَاۤءً لِّمَنْ كَانَ كُفِرَ ",
      "latin": "Tajrī bi'a‘yuninā, jazā'al liman kāna kufir(a).",
      "translation": "yang berlayar dengan pengawasan Kami sebagai balasan (kebaikan) bagi orang yang telah diingkari (kaumnya).",
      "footnotes": null
    },
    {
      "ayah": 15,
      "quarter_hizb": 53.75,
      "juz": 27,
      "manzil": 7,
      "arabic": "وَلَقَدْ تَّرَكْنٰهَآ اٰيَةً فَهَلْ مِنْ مُّدَّكِرٍ",
      "latin": "Wa laqat taraknāhā āyatan fahal mim muddakir(in).",
      "translation": "Sungguh, Kami benar-benar telah menjadikan (kapal) itu sebagai tanda (pelajaran). Maka, adakah orang yang mau mengambil pelajaran?",
      "footnotes": null
    },
    {
      "ayah": 16,
      "quarter_hizb": 53.75,
      "juz": 27,
      "manzil": 7,
      "arabic": "فَكَيْفَ كَانَ عَذَابِيْ وَنُذُرِ ",
      "latin": "Fa kaifa kāna ‘ażābī wa nużur(i).",
      "translation": " Betapa dahsyatnya azab dan peringatan-Ku! ",
      "footnotes": null
    },
    {
      "ayah": 17,
      "quarter_hizb": 53.75,
      "juz": 27,
      "manzil": 7,
      "arabic": "وَلَقَدْ يَسَّرْنَا الْقُرْاٰنَ لِلذِّكْرِ فَهَلْ مِنْ مُّدَّكِرٍ ",
      "latin": "Wa laqad yassarnal-qur'āna liż-żikri fahal mim muddakir(in).",
      "translation": " Sungguh, Kami benar-benar telah memudahkan Al-Qur’an sebagai pelajaran. Maka, adakah orang yang mau mengambil pelajaran?",
      "footnotes": null
    },
    {
      "ayah": 18,
      "quarter_hizb": 53.75,
      "juz": 27,
      "manzil": 7,
      "arabic": "كَذَّبَتْ عَادٌ فَكَيْفَ كَانَ عَذَابِيْ وَنُذُرِ ",
      "latin": "Każżabat ‘ādun fa kaifa kāna ‘ażābī wa nużur(i).",
      "translation": " (Kaum) ‘Ad pun telah mendustakan (rasul mereka). Maka, betapa dahsyatnya azab dan peringatan-Ku! ",
      "footnotes": null
    },
    {
      "ayah": 19,
      "quarter_hizb": 53.75,
      "juz": 27,
      "manzil": 7,
      "arabic": "اِنَّآ اَرْسَلْنَا عَلَيْهِمْ رِيْحًا صَرْصَرًا فِيْ يَوْمِ نَحْسٍ مُّسْتَمِرٍّۙ  ",
      "latin": "Innā arsalnā ‘alaihim rīḥan ṣarṣaran fī yaumi naḥsim mustamirr(in).",
      "translation": "Sesungguhnya Kami telah mengembuskan angin yang sangat kencang kepada mereka pada hari nahas yang terus-menerus, ",
      "footnotes": null
    },
    {
      "ayah": 20,
      "quarter_hizb": 53.75,
      "juz": 27,
      "manzil": 7,
      "arabic": "تَنْزِعُ النَّاسَۙ كَاَنَّهُمْ اَعْجَازُ نَخْلٍ مُّنْقَعِرٍ ",
      "latin": "Tanzi‘un-nās(a), ka'annahum a‘jāzu nakhlim munqa‘ir(in).",
      "translation": " yang membuat manusia bergelimpangan, seakan-akan mereka itu pohon-pohon kurma yang tumbang dengan akar-akarnya. ",
      "footnotes": null
    },
    {
      "ayah": 21,
      "quarter_hizb": 53.75,
      "juz": 27,
      "manzil": 7,
      "arabic": "فَكَيْفَ كَانَ عَذَابِيْ وَنُذُرِ",
      "latin": "Fa kaifa kāna ‘ażābī wa nużur(i).",
      "translation": "Maka, betapa dahsyatnya azab dan peringatan-Ku!",
      "footnotes": null
    },
    {
      "ayah": 22,
      "quarter_hizb": 53.75,
      "juz": 27,
      "manzil": 7,
      "arabic": "وَلَقَدْ يَسَّرْنَا الْقُرْاٰنَ لِلذِّكْرِ فَهَلْ مِنْ مُّدَّكِرٍ ࣖ ",
      "latin": "Wa laqad yassarnal-qur'āna liż-żikri fahal mim muddakir(in).",
      "translation": " Sungguh, Kami benar-benar telah memudahkan Al-Qur’an sebagai pelajaran. Maka, adakah orang yang mau mengambil pelajaran?",
      "footnotes": null
    },
    {
      "ayah": 23,
      "quarter_hizb": 53.75,
      "juz": 27,
      "manzil": 7,
      "arabic": "كَذَّبَتْ ثَمُوْدُ بِالنُّذُرِ",
      "latin": "Każżabat ṡamūdu bin-nużur(i).",
      "translation": "(Kaum) Samud pun telah mendustakan peringatan-peringatan.",
      "footnotes": null
    },
    {
      "ayah": 24,
      "quarter_hizb": 53.75,
      "juz": 27,
      "manzil": 7,
      "arabic": "فَقَالُوْٓا اَبَشَرًا مِّنَّا وَاحِدًا نَّتَّبِعُهٗٓ  ۙاِنَّآ اِذًا لَّفِيْ ضَلٰلٍ وَّسُعُرٍ",
      "latin": "Fa qālū abasyaram minnā wāḥidan nattabi‘uh(ū), innā iżal lafī ḍalāliw wa su‘ur(in).",
      "translation": " Mereka berkata, “Bagaimana kita akan mengikuti seorang manusia (biasa) di antara kita? Sesungguhnya kalau begitu kita benar-benar telah sesat dan gila. ",
      "footnotes": null
    },
    {
      "ayah": 25,
      "quarter_hizb": 53.75,
      "juz": 27,
      "manzil": 7,
      "arabic": "ءَاُلْقِيَ الذِّكْرُ عَلَيْهِ مِنْۢ بَيْنِنَا بَلْ هُوَ كَذَّابٌ اَشِرٌ ",
      "latin": "A'ulqiyaż-żikru ‘alaihi mim baininā bal huwa każżābun asyir(un).",
      "translation": " Apakah wahyu itu diturunkan kepadanya di antara kita? Pastilah dia (Saleh) seorang yang sangat pendusta lagi sombong.” ",
      "footnotes": null
    },
    {
      "ayah": 26,
      "quarter_hizb": 53.75,
      "juz": 27,
      "manzil": 7,
      "arabic": "سَيَعْلَمُوْنَ غَدًا مَّنِ الْكَذَّابُ الْاَشِرُ ",
      "latin": "Saya‘lamūna gadam manil-każżābul-asyir(u).",
      "translation": " Kelak mereka akan mengetahui siapa yang sebenarnya sangat pendusta lagi sombong itu.",
      "footnotes": null
    },
    {
      "ayah": 27,
      "quarter_hizb": 53.75,
      "juz": 27,
      "manzil": 7,
      "arabic": "اِنَّا مُرْسِلُوا النَّاقَةِ فِتْنَةً لَّهُمْ فَارْتَقِبْهُمْ وَاصْطَبِرْۖ  ",
      "latin": "Innā mursilun-nāqati fitnatal lahum fartaqibhum waṣṭabir.",
      "translation": " Sesungguhnya Kami akan mengirimkan unta betina sebagai ujian bagi mereka, maka tunggulah mereka dan bersabarlah (wahai Saleh).",
      "footnotes": null
    },
    {
      "ayah": 28,
      "quarter_hizb": 53.75,
      "juz": 27,
      "manzil": 7,
      "arabic": "وَنَبِّئْهُمْ اَنَّ الْمَاۤءَ قِسْمَةٌ ۢ بَيْنَهُمْۚ  كُلُّ شِرْبٍ مُّحْتَضَرٌ ",
      "latin": "Wa nabbi'hum annal-mā'a qismatum bainahum, kullu syirbim muḥtaḍar(un).",
      "translation": " Beri tahulah mereka bahwa air itu dibagi di antara mereka (dengan unta betina itu). Setiap pihak berhak mendapat giliran minum.",
      "footnotes": null
    },
    {
      "ayah": 29,
      "quarter_hizb": 53.75,
      "juz": 27,
      "manzil": 7,
      "arabic": "فَنَادَوْا صَاحِبَهُمْ فَتَعَاطٰى فَعَقَرَ ",
      "latin": "Fa nādau ṣāḥibahum fa ta‘āṭā fa ‘aqar(a).",
      "translation": "Mereka memanggil kawannya, lalu dia menangkap (unta itu) dan menyembelihnya. ",
      "footnotes": null
    },
    {
      "ayah": 30,
      "quarter_hizb": 53.75,
      "juz": 27,
      "manzil": 7,
      "arabic": "فَكَيْفَ كَانَ عَذَابِيْ وَنُذُرِ ",
      "latin": "Fakaifa kāna ‘ażābī wa nużur(i).",
      "translation": " Betapa dahsyatnya azab dan peringatan-Ku!",
      "footnotes": null
    },
    {
      "ayah": 31,
      "quarter_hizb": 53.75,
      "juz": 27,
      "manzil": 7,
      "arabic": "اِنَّآ اَرْسَلْنَا عَلَيْهِمْ صَيْحَةً وَّاحِدَةً فَكَانُوْا كَهَشِيْمِ الْمُحْتَظِرِ",
      "latin": "Innā arsalnā ‘alaihim ṣaiḥataw wāḥidatan fa kānū kahasyīmil-muḥtaẓir(i).",
      "translation": " Kami mengirimkan atas mereka suara menggelegar satu kali. Maka, jadilah mereka seperti batang-batang kering yang lapuk milik pembuat kandang ternak. ",
      "footnotes": null
    },
    {
      "ayah": 32,
      "quarter_hizb": 53.75,
      "juz": 27,
      "manzil": 7,
      "arabic": "وَلَقَدْ يَسَّرْنَا الْقُرْاٰنَ لِلذِّكْرِ فَهَلْ مِنْ مُّدَّكِرٍ ",
      "latin": "Wa laqad yassarnal-qur'āna liż-żikri fahal mim muddakir(in).",
      "translation": " Sungguh, Kami benar-benar telah memudahkan Al-Qur’an sebagai pelajaran. Adakah orang yang mau mengambil pelajaran?",
      "footnotes": null
    },
    {
      "ayah": 33,
      "quarter_hizb": 53.75,
      "juz": 27,
      "manzil": 7,
      "arabic": "كَذَّبَتْ قَوْمُ لُوْطٍ ۢبِالنُّذُرِ ",
      "latin": "Każżabat qaumu lūṭim bin-nużur(i).",
      "translation": " Kaum Lut pun telah mendustakan peringatan-peringatan. ",
      "footnotes": null
    },
    {
      "ayah": 34,
      "quarter_hizb": 53.75,
      "juz": 27,
      "manzil": 7,
      "arabic": "اِنَّآ اَرْسَلْنَا عَلَيْهِمْ حَاصِبًا اِلَّآ اٰلَ لُوْطٍ ۗنَجَّيْنٰهُمْ بِسَحَرٍۙ",
      "latin": "Innā arsalnā ‘alaihim ḥāṣiban illā āla lūṭ(in), najjaināhum bisaḥar(in).",
      "translation": " Sesungguhnya Kami menimpakan atas mereka badai batu, kecuali pengikut Lut. Kami menyelamatkan mereka sebelum fajar menyingsing",
      "footnotes": null
    },
    {
      "ayah": 35,
      "quarter_hizb": 53.75,
      "juz": 27,
      "manzil": 7,
      "arabic": "نِّعْمَةً مِّنْ عِنْدِنَاۗ  كَذٰلِكَ نَجْزِيْ مَنْ شَكَرَ ",
      "latin": "Ni‘matam min ‘indinā, każālika najzī man syakar(a).",
      "translation": " sebagai nikmat dari Kami. Demikianlah Kami memberi balasan kepada orang-orang yang bersyukur. ",
      "footnotes": null
    },
    {
      "ayah": 36,
      "quarter_hizb": 53.75,
      "juz": 27,
      "manzil": 7,
      "arabic": "وَلَقَدْ اَنْذَرَهُمْ بَطْشَتَنَا فَتَمَارَوْا بِالنُّذُرِ ",
      "latin": "Wa laqad anżarahum baṭsyatanā fa tamārau bin-nużur(i).",
      "translation": " Sungguh, dia (Lut) benar-benar telah memperingatkan mereka akan hukuman Kami, tetapi mereka membantah peringatan itu. ",
      "footnotes": null
    },
    {
      "ayah": 37,
      "quarter_hizb": 53.75,
      "juz": 27,
      "manzil": 7,
      "arabic": "وَلَقَدْ رَاوَدُوْهُ عَنْ ضَيْفِهٖ فَطَمَسْنَآ اَعْيُنَهُمْ فَذُوْقُوْا عَذَابِيْ وَنُذُرِ ",
      "latin": "Wa laqad rāwadūhu ‘an ḍaifihī fa ṭamasnā a‘yunahum fa żūqū ‘ażābī wa nużur(i).",
      "translation": " Sungguh, mereka benar-benar telah membujuknya berkali-kali (agar menyerahkan) tamunya (kepada mereka). Lalu, Kami butakan mata mereka. Maka, rasakanlah azab-Ku dan peringatan-peringatan-Ku!",
      "footnotes": null
    },
    {
      "ayah": 38,
      "quarter_hizb": 53.75,
      "juz": 27,
      "manzil": 7,
      "arabic": "وَلَقَدْ صَبَّحَهُمْ بُكْرَةً عَذَابٌ مُّسْتَقِرٌّۚ  ",
      "latin": "Wa laqad ṣabbaḥahum bukratan ‘ażābum mustaqirr(un).",
      "translation": " Sungguh, pada esok harinya mereka benar-benar ditimpa azab yang terus-menerus.",
      "footnotes": null
    },
    {
      "ayah": 39,
      "quarter_hizb": 53.75,
      "juz": 27,
      "manzil": 7,
      "arabic": "فَذُوْقُوْا عَذَابِيْ وَنُذُرِ ",
      "latin": "Fa żūqū ‘ażābī wa nużur(i).",
      "translation": " Maka, rasakanlah azab-Ku dan peringatan-peringatan-Ku!",
      "footnotes": null
    },
    {
      "ayah": 40,
      "quarter_hizb": 53.75,
      "juz": 27,
      "manzil": 7,
      "arabic": "وَلَقَدْ يَسَّرْنَا الْقُرْاٰنَ لِلذِّكْرِ فَهَلْ مِنْ مُّدَّكِرٍ ࣖ",
      "latin": "Wa laqad yassarnal-qur'āna liż-żikri fahal mim muddakir(in).",
      "translation": "Sungguh, Kami benar-benar telah memudahkan Al-Qur’an sebagai pelajaran. Maka, adakah orang yang mau mengambil pelajaran?",
      "footnotes": null
    },
    {
      "ayah": 41,
      "quarter_hizb": 53.75,
      "juz": 27,
      "manzil": 7,
      "arabic": "وَلَقَدْ جَاۤءَ اٰلَ فِرْعَوْنَ النُّذُرُۚ  ",
      "latin": "Wa laqad jā'a āla fir‘aunan-nużur(u).",
      "translation": " Sungguh, berbagai peringatan benar-benar telah datang kepada pengikut Fir‘aun.",
      "footnotes": null
    },
    {
      "ayah": 42,
      "quarter_hizb": 53.75,
      "juz": 27,
      "manzil": 7,
      "arabic": "كَذَّبُوْا بِاٰيٰتِنَا كُلِّهَا فَاَخَذْنٰهُمْ اَخْذَ عَزِيْزٍ مُّقْتَدِرٍ ",
      "latin": "Każżabū bi'āyātinā kullihā fa'akhażnāhum akhża ‘azīzim muqtadir(in).",
      "translation": " Mereka mendustakan semua tanda-tanda (kebesaran) Kami. Maka, Kami mengazab mereka dengan azab (Tuhan) Yang Maha Perkasa lagi Maha Kuasa.",
      "footnotes": null
    },
    {
      "ayah": 43,
      "quarter_hizb": 53.75,
      "juz": 27,
      "manzil": 7,
      "arabic": "اَكُفَّارُكُمْ خَيْرٌ مِّنْ اُولٰۤىِٕكُمْ اَمْ لَكُمْ بَرَاۤءَةٌ فِى الزُّبُرِۚ",
      "latin": "Akuffārukum khairum min ulā'ikum am lakum barā'atun fiz-zubur(i).",
      "translation": "Apakah orang-orang kafir di lingkunganmu (kaum Quraisy) lebih baik daripada mereka (kaum terdahulu) ataukah kamu telah mempunyai (jaminan) kebebasan (dari azab) dalam kitab-kitab terdahulu? ",
      "footnotes": null
    },
    {
      "ayah": 44,
      "quarter_hizb": 53.75,
      "juz": 27,
      "manzil": 7,
      "arabic": "اَمْ يَقُوْلُوْنَ نَحْنُ جَمِيْعٌ مُّنْتَصِرٌ ",
      "latin": "Am yaqūlūna naḥnu jamī‘um muntaṣir(un).",
      "translation": " Bahkan, apakah mereka mengatakan, “Kami adalah golongan yang pasti menang.” ",
      "footnotes": null
    },
    {
      "ayah": 45,
      "quarter_hizb": 53.75,
      "juz": 27,
      "manzil": 7,
      "arabic": "سَيُهْزَمُ الْجَمْعُ وَيُوَلُّوْنَ الدُّبُرَ",
      "latin": "Sayuhzamul-jam‘u wa yuwallūnad-dubur(a).",
      "translation": "Golongan itu pasti akan dikalahkan dan mereka berbalik ke belakang (mundur). ",
      "footnotes": null
    },
    {
      "ayah": 46,
      "quarter_hizb": 53.75,
      "juz": 27,
      "manzil": 7,
      "arabic": "بَلِ السَّاعَةُ مَوْعِدُهُمْ وَالسَّاعَةُ اَدْهٰى وَاَمَرُّ ",
      "latin": "Balis-sā‘atu mau‘iduhum was-sā‘atu adhā wa amarr(u).",
      "translation": " Bahkan hari Kiamat itulah hari yang dijanjikan kepada mereka. Hari Kiamat itu lebih dahsyat dan lebih pahit. ",
      "footnotes": null
    },
    {
      "ayah": 47,
      "quarter_hizb": 53.75,
      "juz": 27,
      "manzil": 7,
      "arabic": "اِنَّ الْمُجْرِمِيْنَ فِيْ ضَلٰلٍ وَّسُعُرٍۘ ",
      "latin": "Innal-mujrimīna fī ḍalāliw wa su‘ur(in).",
      "translation": "Sesungguhnya para pendurhaka berada dalam kesesatan dan akan berada dalam (neraka) Sa‘ir (yang menyala-nyala). ",
      "footnotes": null
    },
    {
      "ayah": 48,
      "quarter_hizb": 53.75,
      "juz": 27,
      "manzil": 7,
      "arabic": "يَوْمَ يُسْحَبُوْنَ فِى النَّارِ عَلٰى وُجُوْهِهِمْۗ ذُوْقُوْا مَسَّ سَقَرَ",
      "latin": "Yauma yusḥabūna fin-nāri ‘alā wujūhihim, żūqū massa saqar(a).",
      "translation": " Pada hari (ketika) mereka diseret ke neraka dengan wajah (tertelungkup), (dikatakan kepada mereka,) “Rasakanlah sentuhan (api neraka) Saqar.”",
      "footnotes": null
    },
    {
      "ayah": 49,
      "quarter_hizb": 53.75,
      "juz": 27,
      "manzil": 7,
      "arabic": "اِنَّا كُلَّ شَيْءٍ خَلَقْنٰهُ بِقَدَرٍ ",
      "latin": "Innā kulla syai'in khalaqnāhu biqadar(in).",
      "translation": " Sesungguhnya Kami menciptakan segala sesuatu sesuai dengan ukuran.",
      "footnotes": null
    },
    {
      "ayah": 50,
      "quarter_hizb": 53.75,
      "juz": 27,
      "manzil": 7,
      "arabic": "وَمَآ اَمْرُنَآ اِلَّا وَاحِدَةٌ كَلَمْحٍ ۢبِالْبَصَرِ ",
      "latin": "Wa mā amrunā illā wāḥidatun kalamḥim bil-baṣar(i).",
      "translation": "Perintah Kami (ketika menghendaki sesuatu) hanyalah (dengan perkataan) sekali saja seperti kejapan mata. ",
      "footnotes": null
    },
    {
      "ayah": 51,
      "quarter_hizb": 53.75,
      "juz": 27,
      "manzil": 7,
      "arabic": "وَلَقَدْ اَهْلَكْنَآ اَشْيَاعَكُمْ فَهَلْ مِنْ مُّدَّكِرٍ ",
      "latin": "Wa laqad ahlaknā asy-yā‘akum fahal mim muddakir(in).",
      "translation": " Sungguh, Kami benar-benar telah membinasakan orang yang (kekafirannya) serupa dengan kamu. Maka, adakah orang yang mau mengambil pelajaran?",
      "footnotes": null
    },
    {
      "ayah": 52,
      "quarter_hizb": 53.75,
      "juz": 27,
      "manzil": 7,
      "arabic": "وَكُلُّ شَيْءٍ فَعَلُوْهُ فِى الزُّبُرِ ",
      "latin": "Wa kullu syai'in fa‘alūhu fiz-zubur(i).",
      "translation": "Segala sesuatu yang telah mereka perbuat (tertulis) dalam buku-buku catatan (amal).",
      "footnotes": null
    },
    {
      "ayah": 53,
      "quarter_hizb": 53.75,
      "juz": 27,
      "manzil": 7,
      "arabic": "وَكُلُّ صَغِيْرٍ وَّكَبِيْرٍ مُّسْتَطَرٌ ",
      "latin": "Wa kullu ṣagīriw wa kabīrim mustaṭar(un).",
      "translation": " Segala (amalan) yang kecil atau yang besar (semuanya) tertulis (di Lauhulmahfuz). ",
      "footnotes": null
    },
    {
      "ayah": 54,
      "quarter_hizb": 53.75,
      "juz": 27,
      "manzil": 7,
      "arabic": "اِنَّ الْمُتَّقِيْنَ فِيْ جَنّٰتٍ وَّنَهَرٍۙ  ",
      "latin": "Innal-muttaqīna fī jannātiw wa nahar(in).",
      "translation": " Sesungguhnya orang-orang yang bertakwa berada di taman-taman dan sungai",
      "footnotes": null
    },
    {
      "ayah": 55,
      "quarter_hizb": 53.75,
      "juz": 27,
      "manzil": 7,
      "arabic": "فِيْ مَقْعَدِ صِدْقٍ عِنْدَ مَلِيْكٍ مُّقْتَدِرٍ ࣖ ",
      "latin": "Fī maq‘adi ṣidqin ‘inda malīkim muqtadir(in).",
      "translation": " di tempat yang disenangi di sisi Tuhan Yang Maha Kuasa.",
      "footnotes": null
    }
  ]
}