{
  "arabic": " الحديد",
  "latin": "Al-Ḥadīd",
  "transliteration": "Al-Hadid",
  "translation": "Besi",
  "num_ayah": 29,
  "location": "Madaniyah",
  "ayah": [
    {
      "ayah": 1,
      "quarter_hizb": 54.5,
      "juz": 27,
      "manzil": 7,
      "arabic": "سَبَّحَ لِلّٰهِ مَا فِى السَّمٰوٰتِ وَالْاَرْضِۚ وَهُوَ الْعَزِيْزُ الْحَكِيْمُ ",
      "latin": "Sabbaḥa lillāhi mā fis-samāwāti wal-arḍ(i), wa huwal-‘azīzul-ḥakīm(u).",
      "translation": " Apa yang ada di langit dan di bumi bertasbih kepada Allah. Dialah Yang Maha Perkasa lagi Maha Bijaksana.",
      "footnotes": null
    },
    {
      "ayah": 2,
      "quarter_hizb": 54.5,
      "juz": 27,
      "manzil": 7,
      "arabic": "لَهٗ مُلْكُ السَّمٰوٰتِ وَالْاَرْضِۚ يُحْيٖ وَيُمِيْتُۚ وَهُوَ عَلٰى كُلِّ شَيْءٍ قَدِيْرٌ ",
      "latin": "Lahū mulkus-samāwāti wal-arḍ(i), yuḥyī wa yumīt(u), wa huwa ‘alā kulli syai'in qadīr(un).",
      "translation": "Milik-Nyalah kerajaan langit dan bumi. Dia menghidupkan dan mematikan. Dia Maha Kuasa atas segala sesuatu.",
      "footnotes": null
    },
    {
      "ayah": 3,
      "quarter_hizb": 54.5,
      "juz": 27,
      "manzil": 7,
      "arabic": "هُوَ الْاَوَّلُ وَالْاٰخِرُ وَالظَّاهِرُ وَالْبَاطِنُۚ وَهُوَ بِكُلِّ شَيْءٍ عَلِيْمٌ ",
      "latin": "Huwal-awwalu wal-ākhiru waẓ-ẓāhiru wal-bāṭin(u), wa huwa bikulli syai'in ‘alīm(un).",
      "translation": "Dialah Yang Maha Awal, Maha Akhir, Maha Zahir, dan Maha Batin.709) Dia Maha Mengetahui segala sesuatu.",
      "footnotes": "709)Maha Awal berarti telah ada sebelum segala sesuatu ada sehingga tidak ada yang mendahului-Nya; Maha Akhir berarti akan hidup selamanya setelah segala sesuatu musnah; Maha Zahir berarti wujud-Nya begitu nyata, baik melalui perenungan atas alam semesta yang Dia ciptakan maupunmelalui pembuktian logika dan rasa; dan Maha Batin berarti bahwa zat dan hakikat-Nya tidak bisa dijangkau, baik dengan mata, akal, maupun khayal."
    },
    {
      "ayah": 4,
      "quarter_hizb": 54.5,
      "juz": 27,
      "manzil": 7,
      "arabic": "هُوَ الَّذِيْ خَلَقَ السَّمٰوٰتِ وَالْاَرْضَ فِيْ سِتَّةِ اَيَّامٍ ثُمَّ اسْتَوٰى عَلَى الْعَرْشِۗ يَعْلَمُ مَا يَلِجُ فِى الْاَرْضِ وَمَا يَخْرُجُ مِنْهَا وَمَا يَنْزِلُ مِنَ السَّمَاۤءِ وَمَا يَعْرُجُ فِيْهَاۗ وَهُوَ مَعَكُمْ اَيْنَ مَا كُنْتُمْۗ وَاللّٰهُ بِمَا تَعْمَلُوْنَ بَصِيْرٌۗ",
      "latin": "Huwal-lażī khalaqas-samāwāti wal-arḍa fī sittati ayyāmin ṡummastawā ‘alal-‘arsy(i), ya‘lamu mā yaliju fil-arḍi wa mā yakhruju minhā wa mā yanzilu minas-samā'i wa mā ya‘ruju fīhā, wa huwa ma‘akum aina mā kuntum, wallāhu bimā ta‘malūna baṣīr(un).",
      "translation": " Dialah yang menciptakan langit dan bumi dalam enam masa. Kemudian, Dia bersemayam di atas ʻArasy. Dia mengetahui apa yang masuk ke dalam bumi dan apa yang keluar darinya serta apa yang turun dari langit dan apa yang naik ke sana.710) Dia bersamamu di mana saja kamu berada. Allah Maha Melihat apa yang kamu kerjakan.",
      "footnotes": "710)Yang dimaksud dengan yang naik, antara lain, adalah amal-amal dan doa-doa hamba-Nya."
    },
    {
      "ayah": 5,
      "quarter_hizb": 54.5,
      "juz": 27,
      "manzil": 7,
      "arabic": "لَهٗ مُلْكُ السَّمٰوٰتِ وَالْاَرْضِۗ وَاِلَى اللّٰهِ تُرْجَعُ الْاُمُوْرُ ",
      "latin": "Lahū mulkus-samāwāti wal-arḍ(i), wa ilallāhi turja‘ul-umūr(u).",
      "translation": " Milik-Nyalah kerajaan langit dan bumi. Hanya kepada Allah segala urusan dikembalikan",
      "footnotes": null
    },
    {
      "ayah": 6,
      "quarter_hizb": 54.5,
      "juz": 27,
      "manzil": 7,
      "arabic": "يُوْلِجُ الَّيْلَ فِى النَّهَارِ وَيُوْلِجُ النَّهَارَ فِى الَّيْلِۗ وَهُوَ عَلِيْمٌ ۢبِذَاتِ الصُّدُوْرِ ",
      "latin": "Yūlijul-laila fin-nahāri wa yūlijun-nahāra fil-lail(i), wa huwa ‘alīmum biżātiṣ-ṣudūr(i).",
      "translation": " Dia memasukkan malam ke dalam siang dan memasukkan siang ke dalam malam. Dia Maha Mengetahui segala isi hati.",
      "footnotes": null
    },
    {
      "ayah": 7,
      "quarter_hizb": 54.5,
      "juz": 27,
      "manzil": 7,
      "arabic": "اٰمِنُوْا بِاللّٰهِ وَرَسُوْلِهٖ وَاَنْفِقُوْا مِمَّا جَعَلَكُمْ مُّسْتَخْلَفِيْنَ فِيْهِۗ فَالَّذِيْنَ اٰمَنُوْا مِنْكُمْ وَاَنْفَقُوْا لَهُمْ اَجْرٌ كَبِيْرٌۚ",
      "latin": "Āminū billāhi wa rasūlihī wa anfiqū mimmā ja‘alakum mustakhlafīna fīh(i), fal-lażīna āmanū minkum wa anfaqū lahum ajrun kabīr(un).",
      "translation": " Berimanlah kepada Allah dan Rasul-Nya serta infakkanlah (di jalan Allah) sebagian dari apa yang Dia (titipkan kepadamu dan) telah menjadikanmu berwenang dalam (penggunaan)-nya. Lalu, orang-orang yang beriman di antaramu dan menginfakkan (hartanya di jalan Allah) memperoleh pahala yang sangat besar.",
      "footnotes": null
    },
    {
      "ayah": 8,
      "quarter_hizb": 54.5,
      "juz": 27,
      "manzil": 7,
      "arabic": "وَمَا لَكُمْ لَا تُؤْمِنُوْنَ بِاللّٰهِ ۚوَالرَّسُوْلُ يَدْعُوْكُمْ لِتُؤْمِنُوْا بِرَبِّكُمْ وَقَدْ اَخَذَ مِيْثَاقَكُمْ اِنْ كُنْتُمْ مُّؤْمِنِيْنَ ",
      "latin": "Wa mā lakum lā tu'minūna billāh(i), war-rasūlu yad‘ūkum litu'minū birabbikum wa qad akhaża mīṡāqakum in kuntum mu'minīn(a).",
      "translation": " Mengapa kamu tidak beriman kepada Allah, padahal Rasul mengajakmu beriman kepada Tuhanmu? Sungguh, Dia telah mengambil janji (setia)-mu jika kamu adalah orang-orang mukmin.",
      "footnotes": null
    },
    {
      "ayah": 9,
      "quarter_hizb": 54.5,
      "juz": 27,
      "manzil": 7,
      "arabic": "هُوَ الَّذِيْ يُنَزِّلُ عَلٰى عَبْدِهٖٓ اٰيٰتٍۢ بَيِّنٰتٍ لِّيُخْرِجَكُمْ مِّنَ الظُّلُمٰتِ اِلَى النُّوْرِۗ وَاِنَّ اللّٰهَ بِكُمْ لَرَءُوْفٌ رَّحِيْمٌ ",
      "latin": "Huwal-lażī yunazzilu ‘alā ‘abdihī āyātim bayyinātil liyukhrijakum minaẓ-ẓulumāti ilan-nūr(i), wa innallāha bikum lara'ūfur raḥīm(un).",
      "translation": "Dialah yang menurunkan ayat-ayat yang terang (Al-Qur’an) kepada hamba-Nya (Nabi Muhammad) untuk mengeluarkanmu dari kegelapan kepada cahaya. Sesungguhnya Allah benar-benar Maha Penyantun lagi Maha Penyayang kepadamu.",
      "footnotes": null
    },
    {
      "ayah": 10,
      "quarter_hizb": 54.5,
      "juz": 27,
      "manzil": 7,
      "arabic": "وَمَا لَكُمْ اَلَّا تُنْفِقُوْا فِيْ سَبِيْلِ اللّٰهِ وَلِلّٰهِ مِيْرَاثُ السَّمٰوٰتِ وَالْاَرْضِۗ  لَا يَسْتَوِيْ مِنْكُمْ مَّنْ اَنْفَقَ مِنْ قَبْلِ الْفَتْحِ وَقَاتَلَۗ  اُولٰۤىِٕكَ اَعْظَمُ دَرَجَةً مِّنَ الَّذِيْنَ اَنْفَقُوْا مِنْۢ بَعْدُ وَقَاتَلُوْاۗ وَكُلًّا وَّعَدَ اللّٰهُ الْحُسْنٰىۗ وَاللّٰهُ بِمَا تَعْمَلُوْنَ خَبِيْرٌ ࣖ ",
      "latin": "Wa mā lakum allā tunfiqū fī sabīlillāhi wa lillāhi mīrāṡus-samāwāti wal-arḍ(i), lā yastawī minkum man anfaqa min qablil-fatḥi wa qātal(a), ulā'ika a‘ẓamu darajatam minal-lażīna anfaqū mim ba‘du wa qātalū, wa kullaw wa‘adallāhul-ḥusnā, wallāhu bimā ta‘malūna khabīr(un).",
      "translation": " Mengapa kamu tidak menginfakkan (hartamu) di jalan Allah, padahal milik Allah semua pusaka langit dan bumi? Tidak sama orang yang menginfakkan (hartanya di jalan Allah) di antara kamu dan berperang sebelum penaklukan (Makkah). Mereka lebih tinggi derajatnya daripada orang-orang yang menginfakkan (hartanya) dan berperang setelah itu. Allah menjanjikan (balasan) yang baik kepada mereka masing-masing. Allah Maha Teliti terhadap apa yang kamu kerjakan.",
      "footnotes": null
    },
    {
      "ayah": 11,
      "quarter_hizb": 54.5,
      "juz": 27,
      "manzil": 7,
      "arabic": "مَنْ ذَا الَّذِيْ يُقْرِضُ اللّٰهَ قَرْضًا حَسَنًا فَيُضٰعِفَهٗ لَهٗ وَلَهٗٓ اَجْرٌ كَرِيْمٌ ",
      "latin": "Man żal-lażī yuqriḍullāha qarḍan ḥasanan fa yuḍā‘ifahū lahū wa lahū ajrun karīm(un).",
      "translation": " Siapakah yang (mau) memberi pinjaman kepada Allah dengan pinjaman yang baik? Dia akan melipatgandakan (pahala) untuknya, dan baginya (diberikan) ganjaran yang sangat mulia (surga).",
      "footnotes": null
    },
    {
      "ayah": 12,
      "quarter_hizb": 54.5,
      "juz": 27,
      "manzil": 7,
      "arabic": "يَوْمَ تَرَى الْمُؤْمِنِيْنَ وَالْمُؤْمِنٰتِ يَسْعٰى نُوْرُهُمْ بَيْنَ اَيْدِيْهِمْ وَبِاَيْمَانِهِمْ بُشْرٰىكُمُ الْيَوْمَ جَنّٰتٌ تَجْرِيْ مِنْ تَحْتِهَا الْاَنْهٰرُ خٰلِدِيْنَ فِيْهَاۗ ذٰلِكَ هُوَ الْفَوْزُ الْعَظِيْمُۚ ",
      "latin": "Yauma taral-mu'minīna wal-mu'mināti yas‘ā nūruhum baina aidīhim wa bi'aimānihim busyrākumul-yauma jannātun tajrī min taḥtihal-anhāru khālidīna fīhā, żālika huwal-fauzul-‘aẓīm(u).",
      "translation": "Pada hari engkau akan melihat orang-orang mukmin laki-laki dan perempuan, cahaya mereka memancar di hadapan dan di sebelah kanan mereka. (Dikatakan kepada mereka,) “Pada hari ini ada berita gembira untukmu, (yaitu) surga yang mengalir di bawahnya sungai-sungai (dan) mereka kekal di dalamnya. Demikian itulah kemenangan yang sangat agung.”",
      "footnotes": null
    },
    {
      "ayah": 13,
      "quarter_hizb": 54.5,
      "juz": 27,
      "manzil": 7,
      "arabic": "يَوْمَ يَقُوْلُ الْمُنٰفِقُوْنَ وَالْمُنٰفِقٰتُ لِلَّذِيْنَ اٰمَنُوا انْظُرُوْنَا نَقْتَبِسْ مِنْ نُّوْرِكُمْۚ قِيْلَ ارْجِعُوْا وَرَاۤءَكُمْ فَالْتَمِسُوْا نُوْرًاۗ فَضُرِبَ بَيْنَهُمْ بِسُوْرٍ لَّهٗ بَابٌۗ بَاطِنُهٗ فِيْهِ الرَّحْمَةُ وَظَاهِرُهٗ مِنْ قِبَلِهِ الْعَذَابُۗ",
      "latin": "Yauma yaqūlul-munāfiqūna wal-munāfiqātu lil-lażīna āmanunẓurūnā naqtabis min nūrikum, qīlarji‘ū warā'akum faltamisū nūrā(n), faḍuriba bainahum bisūril lahū bāb(un), bāṭinuhū fīhir-raḥmatu wa ẓāhiruhū min qibalihil-‘ażāb(u).",
      "translation": " Pada hari (itu juga) orang-orang munafik laki-laki dan perempuan berkata kepada orang-orang yang beriman, “Tunggulah kami! Kami ingin mengambil cahayamu.” (Kepada mereka) dikatakan, “Kembalilah kamu ke belakang dan carilah sendiri cahaya (untukmu).” Lalu, di antara mereka dipasang dinding (pemisah) yang berpintu. Di sebelah dalamnya ada rahmat dan di luarnya ada azab.",
      "footnotes": null
    },
    {
      "ayah": 14,
      "quarter_hizb": 54.5,
      "juz": 27,
      "manzil": 7,
      "arabic": "يُنَادُوْنَهُمْ اَلَمْ نَكُنْ مَّعَكُمْۗ قَالُوْا بَلٰى وَلٰكِنَّكُمْ فَتَنْتُمْ اَنْفُسَكُمْ وَتَرَبَّصْتُمْ وَارْتَبْتُمْ وَغَرَّتْكُمُ الْاَمَانِيُّ حَتّٰى جَاۤءَ اَمْرُ اللّٰهِ وَغَرَّكُمْ بِاللّٰهِ الْغَرُوْرُ ",
      "latin": "Yunādūnahum alam nakum ma‘akum, qālū balā wa lākinnakum fatantum anfusakum wa tarabbaṣtum wartabtum wa garratkumul-amāniyyu ḥattā jā'a amrullāhi wa garrakum billāhil-garūr(u).",
      "translation": " Orang-orang (munafik) memanggil mereka (orang-orang beriman), “Bukankah kami dahulu bersama kamu?” Mereka menjawab, “Benar, tetapi kamu mencelakakan dirimu sendiri (dengan kemunafikan), menunggu-nunggu (kebinasaan kami), meragukan (ajaran Islam), dan ditipu oleh angan-angan kosong sampai datang ketetapan Allah. (Setan) penipu memperdayakanmu (sehingga kamu lalai) terhadap Allah.",
      "footnotes": null
    },
    {
      "ayah": 15,
      "quarter_hizb": 54.5,
      "juz": 27,
      "manzil": 7,
      "arabic": "فَالْيَوْمَ لَا يُؤْخَذُ مِنْكُمْ فِدْيَةٌ وَّلَا مِنَ الَّذِيْنَ كَفَرُوْاۗ مَأْوٰىكُمُ النَّارُۗ هِيَ مَوْلٰىكُمْۗ وَبِئْسَ الْمَصِيْرُ ",
      "latin": "Fal-yauma lā yu'khażu minkum fidyatuw wa lā minal-lażīna kafarū, ma'wākumun-nār(u), hiya maulākum, wa bi'sal-maṣīr(u).",
      "translation": "Pada hari ini tidak akan diterima tebusan darimu maupun dari orang-orang yang kufur. Tempatmu adalah neraka. Ia adalah tempat berlindungmu dan seburuk-buruk tempat kembali.”",
      "footnotes": null
    },
    {
      "ayah": 16,
      "quarter_hizb": 54.75,
      "juz": 27,
      "manzil": 7,
      "arabic": "۞ اَلَمْ يَأْنِ لِلَّذِيْنَ اٰمَنُوْٓا اَنْ تَخْشَعَ قُلُوْبُهُمْ لِذِكْرِ اللّٰهِ وَمَا نَزَلَ مِنَ الْحَقِّۙ وَلَا يَكُوْنُوْا كَالَّذِيْنَ اُوْتُوا الْكِتٰبَ مِنْ قَبْلُ فَطَالَ عَلَيْهِمُ الْاَمَدُ فَقَسَتْ قُلُوْبُهُمْۗ وَكَثِيْرٌ مِّنْهُمْ فٰسِقُوْنَ  ",
      "latin": "Alam ya'ni lil-lażīna āmanū an takhsya‘a qulūbuhum liżikrillāhi wa mā nazala minal-ḥaqq(i), wa lā yakūnū kal-lażīna ūtul-kitāba min qablu faṭāla ‘alaihimul-amadu faqasat qulūbuhum, wa kaṡīrum minhum fāsiqūn(a).",
      "translation": " Apakah belum tiba waktunya bagi orang-orang yang beriman agar hati mereka khusyuk mengingat Allah dan apa yang turun dari kebenaran (Al-Qur’an). Janganlah mereka (berlaku) seperti orang-orang yang telah menerima kitab sebelum itu, kemudian mereka melalui masa yang panjang sehingga hati mereka menjadi keras. Banyak di antara mereka adalah orang-orang fasik.",
      "footnotes": null
    },
    {
      "ayah": 17,
      "quarter_hizb": 54.75,
      "juz": 27,
      "manzil": 7,
      "arabic": "اِعْلَمُوْٓا اَنَّ اللّٰهَ يُحْيِ الْاَرْضَ بَعْدَ مَوْتِهَاۗ قَدْ بَيَّنَّا لَكُمُ الْاٰيٰتِ لَعَلَّكُمْ تَعْقِلُوْنَ ",
      "latin": "I‘lamū annallāha yuḥyil-arḍa ba‘da mautihā, qad bayyannā lakumul-āyāti la‘allakum ta‘qilūn(a).",
      "translation": "Ketahuilah bahwa Allah menghidupkan bumi setelah matinya (kering). Sungguh, telah Kami jelaskan kepadamu tanda-tanda (kebesaran Kami) agar kamu mengerti.",
      "footnotes": null
    },
    {
      "ayah": 18,
      "quarter_hizb": 54.75,
      "juz": 27,
      "manzil": 7,
      "arabic": "اِنَّ الْمُصَّدِّقِيْنَ وَالْمُصَّدِّقٰتِ وَاَقْرَضُوا اللّٰهَ قَرْضًا حَسَنًا يُّضٰعَفُ لَهُمْ وَلَهُمْ اَجْرٌ كَرِيْمٌ ",
      "latin": "Innal-muṣṣaddiqīna wal-muṣṣaddiqāti wa aqraḍullāha qarḍan ḥasanay yuḍā‘afu lahum wa lahum ajrun karīm(un).",
      "translation": "Sesungguhnya orang-orang yang bersedekah, baik laki-laki maupun perempuan, dan meminjamkan (kepada) Allah pinjaman yang baik, akan dilipatgandakan (balasannya) kepada mereka dan baginya (diberikan) ganjaran yang sangat mulia (surga). ",
      "footnotes": null
    },
    {
      "ayah": 19,
      "quarter_hizb": 54.75,
      "juz": 27,
      "manzil": 7,
      "arabic": "وَالَّذِيْنَ اٰمَنُوْا بِاللّٰهِ وَرُسُلِهٖٓ اُولٰۤىِٕكَ هُمُ الصِّدِّيْقُوْنَ ۖوَالشُّهَدَاۤءُ عِنْدَ رَبِّهِمْۗ  لَهُمْ اَجْرُهُمْ وَنُوْرُهُمْۗ وَالَّذِيْنَ كَفَرُوْا وَكَذَّبُوْا بِاٰيٰتِنَآ اُولٰۤىِٕكَ اَصْحٰبُ الْجَحِيْمِ ࣖ",
      "latin": "Wal-lażīna āmanū billāhi wa rasūlihī ulā'ika humuṣ-ṣiddīqūn(a), wasy-syuhadā'u ‘inda rabbihim, lahum ajruhum wa nūruhum, wal-lażīna kafarū wa każżabū bi'āyātinā ulā'ika aṣḥābul-jaḥīm(i).",
      "translation": " Orang-orang yang beriman kepada Allah dan rasul-rasul-Nya mereka itulah aṣ-ṣiddīqūn (yang sangat kukuh dalam kebenaran dan pembenarannya) dan syuhadā’ (orang-orang yang disaksikan kebenaran dan kebajikannya) di sisi Tuhan mereka. Mereka mendapatkan pahala dan cahaya (dari Tuhan) mereka. Adapun orang-orang yang kufur dan mendustakan ayat-ayat Kami itulah penghuni (neraka) Jahim. ",
      "footnotes": null
    },
    {
      "ayah": 20,
      "quarter_hizb": 54.75,
      "juz": 27,
      "manzil": 7,
      "arabic": "اِعْلَمُوْٓا اَنَّمَا الْحَيٰوةُ الدُّنْيَا لَعِبٌ وَّلَهْوٌ وَّزِيْنَةٌ وَّتَفَاخُرٌۢ بَيْنَكُمْ وَتَكَاثُرٌ فِى الْاَمْوَالِ وَالْاَوْلَادِۗ  كَمَثَلِ غَيْثٍ اَعْجَبَ الْكُفَّارَ نَبَاتُهٗ ثُمَّ يَهِيْجُ فَتَرٰىهُ مُصْفَرًّا ثُمَّ يَكُوْنُ حُطَامًاۗ وَفِى الْاٰخِرَةِ عَذَابٌ شَدِيْدٌۙ وَّمَغْفِرَةٌ مِّنَ اللّٰهِ وَرِضْوَانٌ  ۗوَمَا الْحَيٰوةُ الدُّنْيَآ اِلَّا مَتَاعُ الْغُرُوْرِ ",
      "latin": "I‘lamū annamal-ḥayātud-dun-yā la‘ibuw wa lahwuw wa zīnatuw wa tafākhurum bainakum wa takāṡurun fil-amwāli wal-aulād(i), kamaṡali gaiṡin a‘jabal-kuffāra nabātuhū ṡumma yahīju fatarāhu muṣfarran ṡumma yakūnu ḥuṭāmā(n), wa fil-ākhirati ‘ażābun syadīd(un), wa magfiratum minallāhi wa riḍwān(un), wa mal-ḥayātud-dun-yā illā matā‘ul-gurūr(i).",
      "translation": " Ketahuilah bahwa kehidupan dunia itu hanyalah permainan, kelengahan, perhiasan, dan saling bermegah-megahan di antara kamu serta berlomba-lomba dalam banyaknya harta dan anak keturunan. (Perumpamaannya adalah) seperti hujan yang tanamannya mengagumkan para petani, lalu mengering dan kamu lihat menguning, kemudian hancur. Di akhirat ada azab yang keras serta ampunan dari Allah dan keridaan-Nya. Kehidupan dunia (bagi orang-orang yang lengah) hanyalah kesenangan yang memperdaya.",
      "footnotes": null
    },
    {
      "ayah": 21,
      "quarter_hizb": 54.75,
      "juz": 27,
      "manzil": 7,
      "arabic": "سَابِقُوْٓا اِلٰى مَغْفِرَةٍ مِّنْ رَّبِّكُمْ وَجَنَّةٍ عَرْضُهَا كَعَرْضِ السَّمَاۤءِ وَالْاَرْضِۙ اُعِدَّتْ لِلَّذِيْنَ اٰمَنُوْا بِاللّٰهِ وَرُسُلِهٖۗ ذٰلِكَ فَضْلُ اللّٰهِ يُؤْتِيْهِ مَنْ يَّشَاۤءُ ۗوَاللّٰهُ ذُو الْفَضْلِ الْعَظِيْمِ",
      "latin": "Sābiqū ilā magfiratim mir rabbikum wa jannatin ‘arḍuhā ka‘arḍis-samā'i wal-arḍ(i), u‘iddat lil-lażīna āmanū billāhi wa rasūlih(ī), żālika faḍlullāhi yu'tīhi may yasyā'(u), wallāhu żul-faḍlil-‘aẓīm(i).",
      "translation": " Berlombalah menuju ampunan dari Tuhanmu dan surga yang lebarnya (luasnya) selebar langit dan bumi, yang telah disediakan bagi orang-orang yang beriman kepada Allah dan para rasul-Nya. Itulah karunia Allah yang dianugerahkan kepada siapa yang dikehendaki-Nya. Allah adalah Pemilik karunia yang agung. ",
      "footnotes": null
    },
    {
      "ayah": 22,
      "quarter_hizb": 54.75,
      "juz": 27,
      "manzil": 7,
      "arabic": "مَآ اَصَابَ مِنْ مُّصِيْبَةٍ فِى الْاَرْضِ وَلَا فِيْٓ اَنْفُسِكُمْ اِلَّا فِيْ كِتٰبٍ مِّنْ قَبْلِ اَنْ نَّبْرَاَهَا ۗاِنَّ ذٰلِكَ عَلَى اللّٰهِ يَسِيْرٌۖ  ",
      "latin": "Mā aṣāba mim muṣībatin fil-arḍi wa lā fī anfusikum illā fī kitābim min qabli an nabra'ahā, inna żālika ‘alallāhi yasīr(un).",
      "translation": "Tidak ada bencana (apa pun) yang menimpa di bumi dan tidak (juga yang menimpa) dirimu, kecuali telah tertulis dalam Kitab (Lauhulmahfuz) sebelum Kami mewujudkannya. Sesungguhnya hal itu mudah bagi Allah. ",
      "footnotes": null
    },
    {
      "ayah": 23,
      "quarter_hizb": 54.75,
      "juz": 27,
      "manzil": 7,
      "arabic": "لِّكَيْلَا تَأْسَوْا عَلٰى مَا فَاتَكُمْ وَلَا تَفْرَحُوْا بِمَآ اٰتٰىكُمْ ۗوَاللّٰهُ لَا يُحِبُّ كُلَّ مُخْتَالٍ فَخُوْرٍۙ",
      "latin": "Likailā ta'sau ‘alā mā fātakum wa lā tafraḥū bimā ātākum, wallāhu lā yuḥibbu kulla mukhtālin fakhūr(in).",
      "translation": "(Yang demikian itu kami tetapkan) agar kamu tidak bersedih terhadap apa yang luput dari kamu dan tidak pula terlalu gembira terhadap apa yang diberikan-Nya kepadamu. Allah tidak menyukai setiap orang yang sombong lagi membanggakan diri.",
      "footnotes": null
    },
    {
      "ayah": 24,
      "quarter_hizb": 54.75,
      "juz": 27,
      "manzil": 7,
      "arabic": " ۨالَّذِيْنَ يَبْخَلُوْنَ وَيَأْمُرُوْنَ النَّاسَ بِالْبُخْلِ ۗوَمَنْ يَّتَوَلَّ فَاِنَّ اللّٰهَ هُوَ الْغَنِيُّ الْحَمِيْدُ ",
      "latin": "Allażīna yabkhalūna wa ya'murūnan-nāsa bil-bukhl(i), wa may yatawalla fa'innallāha huwal-ganiyyul-ḥamīd(u).",
      "translation": "(Mereka itu adalah) orang-orang yang kikir dan menyuruh orang lain (berbuat) kikir. Siapa yang berpaling (dari perintah Allah), sesungguhnya Allah, Dialah Yang Maha Kaya lagi Maha Terpuji. ",
      "footnotes": null
    },
    {
      "ayah": 25,
      "quarter_hizb": 54.75,
      "juz": 27,
      "manzil": 7,
      "arabic": "لَقَدْ اَرْسَلْنَا رُسُلَنَا بِالْبَيِّنٰتِ وَاَنْزَلْنَا مَعَهُمُ الْكِتٰبَ وَالْمِيْزَانَ لِيَقُوْمَ النَّاسُ بِالْقِسْطِۚ وَاَنْزَلْنَا الْحَدِيْدَ فِيْهِ بَأْسٌ شَدِيْدٌ وَّمَنَافِعُ لِلنَّاسِ وَلِيَعْلَمَ اللّٰهُ مَنْ يَّنْصُرُهٗ وَرُسُلَهٗ بِالْغَيْبِۗ اِنَّ اللّٰهَ قَوِيٌّ عَزِيْزٌ ࣖ ",
      "latin": "Laqad arsalnā rusulanā bil-bayyināti wa anzalnā ma‘ahumul-kitāba wal-mīzāna liyaqūman-nāsu bil-qisṭ(i), wa anzalnal-ḥadīda fīhi ba'sun syadīduw wa manāfi‘u lin-nāsi wa liya‘lamallāhu may yanṣuruhū wa rusulahū bil-gaib(i), innallāha qawiyyun ‘azīz(un).",
      "translation": " Sungguh, Kami benar-benar telah mengutus rasul-rasul Kami dengan bukti-bukti yang nyata dan Kami menurunkan bersama mereka kitab dan neraca (keadilan) agar manusia dapat berlaku adil. Kami menurunkan besi yang mempunyai kekuatan hebat dan berbagai manfaat bagi manusia agar Allah mengetahui siapa yang menolong (agama)-Nya dan rasul-rasul-Nya walaupun (Allah) tidak dilihatnya. Sesungguhnya Allah Maha Kuat lagi Maha Perkasa.",
      "footnotes": null
    },
    {
      "ayah": 26,
      "quarter_hizb": 54.75,
      "juz": 27,
      "manzil": 7,
      "arabic": "وَلَقَدْ اَرْسَلْنَا نُوْحًا وَّاِبْرٰهِيْمَ وَجَعَلْنَا فِيْ ذُرِّيَّتِهِمَا النُّبُوَّةَ وَالْكِتٰبَ فَمِنْهُمْ مُّهْتَدٍۚ وَكَثِيْرٌ مِّنْهُمْ فٰسِقُوْنَ",
      "latin": "Wa laqad arsalnā nūḥaw wa ibrāhīma wa ja‘alnā fī żurriyyatihiman-nubuwwata wal-kitāba fa minhum muhtad(in), wa kaṡīrum minhum fāsiqūn(a).",
      "translation": "Sungguh, Kami benar-benar telah mengutus Nuh dan Ibrahim serta Kami memberikan kenabian dan kitab (wahyu) kepada keturunan keduanya. Di antara mereka ada yang menerima petunjuk dan banyak pula di antara mereka yang fasik.",
      "footnotes": null
    },
    {
      "ayah": 27,
      "quarter_hizb": 54.75,
      "juz": 27,
      "manzil": 7,
      "arabic": "ثُمَّ قَفَّيْنَا عَلٰٓى اٰثَارِهِمْ بِرُسُلِنَا وَقَفَّيْنَا بِعِيْسَى ابْنِ مَرْيَمَ وَاٰتَيْنٰهُ الْاِنْجِيْلَ ەۙ وَجَعَلْنَا فِيْ قُلُوْبِ الَّذِيْنَ اتَّبَعُوْهُ رَأْفَةً وَّرَحْمَةً  ۗوَرَهْبَانِيَّةَ ِۨابْتَدَعُوْهَا مَا كَتَبْنٰهَا عَلَيْهِمْ اِلَّا ابْتِغَاۤءَ رِضْوَانِ اللّٰهِ فَمَا رَعَوْهَا حَقَّ رِعَايَتِهَا ۚفَاٰتَيْنَا الَّذِيْنَ اٰمَنُوْا مِنْهُمْ اَجْرَهُمْ ۚ وَكَثِيْرٌ مِّنْهُمْ فٰسِقُوْنَ",
      "latin": "Ṡumma qaffainā ‘alā āṡārihim birusulinā wa qaffainā bi‘īsabni maryama wa ātaināhul-injīl(a), wa ja‘alnā fī qulūbil-lażīnattaba‘ūhu ra'fataw wa raḥmah(tan), wa rahbāniyyatanibtada‘ūhā mā katabnā ‘alaihim illabtigā'a riḍwānillāhi famā ra‘auhā ḥaqqa ri‘āyatihā, fa'ātainal-lażīna āmanū minhum ajrahum, wa kaṡīrum minhum fāsiqūn(a).",
      "translation": " Kemudian, Kami meneruskan jejak mereka dengan (mengutus) rasul-rasul Kami dan Kami meneruskan (pula dengan mengutus) Isa putra Maryam serta Kami memberikan Injil kepadanya. Kami menjadikan kesantunan dan kasih sayang dalam hati orang-orang yang mengikutinya. Mereka mengada-adakan rahbaniah (berlebih-lebihan dalam beribadah). Padahal, Kami tidak mewajibkannya kepada mereka. Akan tetapi, (mereka mengada-adakannya dengan tujuan) mencari keridaan Allah, lalu mereka tidak memeliharanya dengan sebaik-baiknya. Maka, kepada orang-orang yang beriman di antara mereka Kami berikan pahalanya dan di antara mereka banyak yang fasik.",
      "footnotes": null
    },
    {
      "ayah": 28,
      "quarter_hizb": 54.75,
      "juz": 27,
      "manzil": 7,
      "arabic": "يٰٓاَيُّهَا الَّذِيْنَ اٰمَنُوا اتَّقُوا اللّٰهَ وَاٰمِنُوْا بِرَسُوْلِهٖ يُؤْتِكُمْ كِفْلَيْنِ مِنْ رَّحْمَتِهٖ وَيَجْعَلْ لَّكُمْ نُوْرًا تَمْشُوْنَ بِهٖ وَيَغْفِرْ لَكُمْۗ وَاللّٰهُ غَفُوْرٌ رَّحِيْمٌۙ",
      "latin": "Yā ayyuhal-lażīna āmanuttaqullāha wa āminū birasūlihī yu'tikum kiflaini mir raḥmatihī wa yaj‘al lakum nūran tamsyūna bihī wa yagfir lakum, wallāhu gafūrur raḥīm(un).",
      "translation": "Wahai orang-orang yang beriman, bertakwalah kepada Allah dan berimanlah kepada Rasul-Nya (Nabi Muhammad), niscaya Allah menganugerahkan kepadamu dua bagian dari rahmat-Nya dan menjadikan cahaya untukmu yang dengan cahaya itu kamu berjalan serta Dia mengampunimu. Allah Maha Pengampun lagi Maha Penyayang.",
      "footnotes": null
    },
    {
      "ayah": 29,
      "quarter_hizb": 54.75,
      "juz": 27,
      "manzil": 7,
      "arabic": "لِّئَلَّا يَعْلَمَ اَهْلُ الْكِتٰبِ اَلَّا يَقْدِرُوْنَ عَلٰى شَيْءٍ مِّنْ فَضْلِ اللّٰهِ وَاَنَّ الْفَضْلَ بِيَدِ اللّٰهِ يُؤْتِيْهِ مَنْ يَّشَاۤءُ ۗوَاللّٰهُ ذُو الْفَضْلِ الْعَظِيْمِ ࣖ   ۔",
      "latin": "Li'allā ya‘lama ahlul-kitābi allā yaqdirūna ‘alā syai'im min faḍlillāhi wa annal-faḍla biyadillāhi yu'tīhi may yasyā'(u), wallāhu żul-faḍlil-‘aẓīm(i).",
      "translation": " (Allah menganugerahkan itu) agar Ahlulkitab (yang tidak beriman kepada Nabi Muhammad) mengetahui bahwa mereka sedikit pun tidak akan mendapat karunia Allah dan bahwa karunia itu ada di tangan Allah. Dia menganugerahkannya kepada siapa yang dikehendaki-Nya. Allah Pemilik karunia yang agung.",
      "footnotes": null
    }
  ]
}