{
  "arabic": " الصّفّ",
  "latin": "Aṣ-Ṣaff",
  "transliteration": "As-Saff",
  "translation": "Barisan",
  "num_ayah": 14,
  "location": "Madaniyah",
  "ayah": [
    {
      "ayah": 1,
      "quarter_hizb": 55.75,
      "juz": 28,
      "manzil": 7,
      "arabic": "سَبَّحَ لِلّٰهِ مَا فِى السَّمٰوٰتِ وَمَا فِى الْاَرْضِۚ وَهُوَ الْعَزِيْزُ الْحَكِيْمُ ",
      "latin": "Sabbaḥa lillāhi mā fis-samāwāti wa mā fil-arḍ(i), wa huwal-‘azīzul-ḥakīm(u).",
      "translation": "Apa yang ada di langit dan apa yang ada di bumi bertasbih kepada Allah. Dialah Yang Maha Perkasa lagi Maha Bijaksana.",
      "footnotes": null
    },
    {
      "ayah": 2,
      "quarter_hizb": 55.75,
      "juz": 28,
      "manzil": 7,
      "arabic": "يٰٓاَيُّهَا الَّذِيْنَ اٰمَنُوْا لِمَ تَقُوْلُوْنَ مَا لَا تَفْعَلُوْنَ ",
      "latin": "Yā ayyuhal-lażīna āmanū lima taqūlūna mā lā taf‘alūn(a).",
      "translation": "Wahai orang-orang yang beriman, mengapa kamu mengatakan sesuatu yang tidak kamu kerjakan?",
      "footnotes": null
    },
    {
      "ayah": 3,
      "quarter_hizb": 55.75,
      "juz": 28,
      "manzil": 7,
      "arabic": "كَبُرَ مَقْتًا عِنْدَ اللّٰهِ اَنْ تَقُوْلُوْا مَا لَا تَفْعَلُوْنَ ",
      "latin": "Kabura maqtan ‘indallāhi an taqūlū mā lā taf‘alūn(a).",
      "translation": "Sangat besarlah kemurkaan di sisi Allah bahwa kamu mengatakan apa yang tidak kamu kerjakan.",
      "footnotes": null
    },
    {
      "ayah": 4,
      "quarter_hizb": 55.75,
      "juz": 28,
      "manzil": 7,
      "arabic": "اِنَّ اللّٰهَ يُحِبُّ الَّذِيْنَ يُقَاتِلُوْنَ فِيْ سَبِيْلِهٖ صَفًّا كَاَنَّهُمْ بُنْيَانٌ مَّرْصُوْصٌ",
      "latin": "Innallāha yuḥibbul-lażīna yuqātilūna fī sabīlihī ṣaffan ka'annahum bun-yānum marṣūṣ(un).",
      "translation": "Sesungguhnya Allah mencintai orang-orang yang berperang di jalan-Nya dalam satu barisan, seakan-akan mereka suatu bangunan yang tersusun kukuh.",
      "footnotes": null
    },
    {
      "ayah": 5,
      "quarter_hizb": 55.75,
      "juz": 28,
      "manzil": 7,
      "arabic": "وَاِذْ قَالَ مُوْسٰى لِقَوْمِهٖ يٰقَوْمِ لِمَ تُؤْذُوْنَنِيْ وَقَدْ تَّعْلَمُوْنَ اَنِّيْ رَسُوْلُ اللّٰهِ اِلَيْكُمْۗ فَلَمَّا زَاغُوْٓا اَزَاغَ اللّٰهُ قُلُوْبَهُمْۗ وَاللّٰهُ لَا يَهْدِى الْقَوْمَ الْفٰسِقِيْنَ ",
      "latin": "Wa iż qāla mūsā liqaumihī yā qaumi lima tu'żūnanī wa qad ta‘lamūna annī rasūlullāhi ilaikum, falammā zāgū azāgallāhu qulūbahum, wallāhu lā yahdil-qaumal-fāsiqīn(a).",
      "translation": "(Ingatlah) ketika Musa berkata kepada kaumnya, “Wahai kaumku, mengapa kamu menyakitiku? Padahal, kamu sungguh mengetahui bahwa aku adalah utusan Allah kepadamu.” Maka, ketika mereka berpaling (dari perintah Allah), Allah memalingkan hati mereka (dari kebenaran).716) Allah tidak memberi petunjuk kepada kaum yang fasik.",
      "footnotes": "716) Karena mereka berpaling dari kebenaran, Allah membiarkan hati mereka sesat sehingga makin jauh dari kebenaran."
    },
    {
      "ayah": 6,
      "quarter_hizb": 55.75,
      "juz": 28,
      "manzil": 7,
      "arabic": "وَاِذْ قَالَ عِيْسَى ابْنُ مَرْيَمَ يٰبَنِيْٓ اِسْرَاۤءِيْلَ اِنِّيْ رَسُوْلُ اللّٰهِ اِلَيْكُمْ مُّصَدِّقًا لِّمَا بَيْنَ يَدَيَّ مِنَ التَّوْرٰىةِ وَمُبَشِّرًاۢ بِرَسُوْلٍ يَّأْتِيْ مِنْۢ بَعْدِى اسْمُهٗٓ اَحْمَدُۗ فَلَمَّا جَاۤءَهُمْ بِالْبَيِّنٰتِ قَالُوْا هٰذَا سِحْرٌ مُّبِيْنٌ ",
      "latin": "Wa iż qāla ‘īsabnu maryama yā banī isrā'īla innī rasūlullāhi ilaikum muṣaddiqal limā baina yadayya minat-taurāti wa mubasysyiram birasūliy ya'tī mim ba‘dismuhū aḥmad(u), falammā jā'ahum bil-bayyināti qālū hāżā siḥrum mubīn(un).",
      "translation": "(Ingatlah) ketika Isa putra Maryam berkata, “Wahai Bani Israil, sesungguhnya aku adalah utusan Allah kepadamu untuk membenarkan kitab (yang turun) sebelumku, yaitu Taurat, dan memberi kabar gembira tentang seorang utusan Allah yang akan datang setelahku yang namanya Ahmad (Nabi Muhammad).”  Akan tetapi, ketika utusan itu datang kepada mereka dengan membawa bukti-bukti yang nyata, mereka berkata, “Ini adalah sihir yang nyata.”",
      "footnotes": null
    },
    {
      "ayah": 7,
      "quarter_hizb": 55.75,
      "juz": 28,
      "manzil": 7,
      "arabic": "وَمَنْ اَظْلَمُ مِمَّنِ افْتَرٰى عَلَى اللّٰهِ الْكَذِبَ وَهُوَ يُدْعٰىٓ اِلَى الْاِسْلَامِۗ وَاللّٰهُ لَا يَهْدِى الْقَوْمَ الظّٰلِمِيْنَ ",
      "latin": "Wa man aẓlamu mimmaniftarā ‘alallāhil-każiba wa huwa yud‘ā ilal-islām(i), wallāhu lā yahdil-qaumaẓ-ẓālimīn(a).",
      "translation": "Siapakah yang lebih zalim daripada orang yang mengada-adakan kebohongan terhadap Allah, padahal dia diseru kepada (agama) Islam? Allah tidak memberi petunjuk kepada kaum yang zalim.",
      "footnotes": null
    },
    {
      "ayah": 8,
      "quarter_hizb": 55.75,
      "juz": 28,
      "manzil": 7,
      "arabic": "يُرِيْدُوْنَ لِيُطْفِـُٔوْا نُوْرَ اللّٰهِ بِاَفْوَاهِهِمْۗ وَاللّٰهُ مُتِمُّ نُوْرِهٖ وَلَوْ كَرِهَ الْكٰفِرُوْنَ ",
      "latin": "Yurīdūna liyuṭfi'ū nūrallāhi bi'afwāhihim, wallāhu mutimmu nūrihī wa lau karihal-kāfirūn(a).",
      "translation": "Mereka hendak memadamkan cahaya (agama) Allah dengan mulut mereka, sedangkan Allah tetap menyempurnakan cahaya-Nya walaupun orang-orang kafir tidak menyukai.",
      "footnotes": null
    },
    {
      "ayah": 9,
      "quarter_hizb": 55.75,
      "juz": 28,
      "manzil": 7,
      "arabic": "هُوَ الَّذِيْٓ اَرْسَلَ رَسُوْلَهٗ بِالْهُدٰى وَدِيْنِ الْحَقِّ لِيُظْهِرَهٗ عَلَى الدِّيْنِ كُلِّهٖۙ وَلَوْ كَرِهَ الْمُشْرِكُوْنَ ࣖ ",
      "latin": "Wa huwal-lażī arsala rasūlahū bil-hudā wa dīnil-ḥaqqi  liyuẓhirahū ‘alad-dīni kullih(ī), wa lau karihal-musyrikūn(a).",
      "translation": "Dialah yang mengutus Rasul-Nya dengan (membawa) petunjuk dan agama yang benar agar Dia mengunggulkannya atas semua agama walaupun orang-orang musyrik tidak menyukai.",
      "footnotes": null
    },
    {
      "ayah": 10,
      "quarter_hizb": 55.75,
      "juz": 28,
      "manzil": 7,
      "arabic": "يٰٓاَيُّهَا الَّذِيْنَ اٰمَنُوْا هَلْ اَدُلُّكُمْ عَلٰى تِجَارَةٍ تُنْجِيْكُمْ مِّنْ عَذَابٍ اَلِيْمٍ ",
      "latin": "Yā ayyuhal-lażīna āmanū hal adullukum ‘alā tijāratin tunjīkum min ‘ażābin alīm(in).",
      "translation": "Wahai orang-orang yang beriman, maukah kamu Aku tunjukkan suatu perdagangan yang (dapat) menyelamatkan kamu dari azab yang pedih?",
      "footnotes": null
    },
    {
      "ayah": 11,
      "quarter_hizb": 55.75,
      "juz": 28,
      "manzil": 7,
      "arabic": "تُؤْمِنُوْنَ بِاللّٰهِ وَرَسُوْلِهٖ وَتُجَاهِدُوْنَ فِيْ سَبِيْلِ اللّٰهِ بِاَمْوَالِكُمْ وَاَنْفُسِكُمْۗ ذٰلِكُمْ خَيْرٌ لَّكُمْ اِنْ كُنْتُمْ تَعْلَمُوْنَۙ ",
      "latin": "Tu'minūna billāhi wa rasūlihī wa tujāhidūna fī sabīlillāhi bi'amwālikum wa anfusikum, żālikum khairul lakum in kuntum ta‘lamūn(a).",
      "translation": "(Caranya) kamu beriman kepada Allah dan Rasul-Nya dan berjihad di jalan Allah dengan harta dan jiwamu. Yang demikian itu lebih baik bagimu jika kamu mengetahui.",
      "footnotes": null
    },
    {
      "ayah": 12,
      "quarter_hizb": 55.75,
      "juz": 28,
      "manzil": 7,
      "arabic": "يَغْفِرْ لَكُمْ ذُنُوْبَكُمْ وَيُدْخِلْكُمْ جَنّٰتٍ تَجْرِيْ مِنْ تَحْتِهَا الْاَنْهٰرُ وَمَسٰكِنَ طَيِّبَةً فِيْ جَنّٰتِ عَدْنٍۗ ذٰلِكَ الْفَوْزُ الْعَظِيْمُۙ ",
      "latin": "Yagfir lakum żunūbakum wa yudkhilkum jannātin tajrī min taḥtihal-anhāru wa masākina ṭayyibatan fī jannāti ‘adn(in), żālikal-fauzul-‘aẓīm(u).",
      "translation": "(Jika kamu beriman dan berjihad,) niscaya Allah mengampuni dosa-dosamu dan memasukkanmu ke dalam surga yang mengalir di bawahnya sungai-sungai dan ke tempat-tempat tinggal yang baik di dalam surga ‘Adn. Itulah kemenangan yang agung. ",
      "footnotes": null
    },
    {
      "ayah": 13,
      "quarter_hizb": 55.75,
      "juz": 28,
      "manzil": 7,
      "arabic": "وَاُخْرٰى تُحِبُّوْنَهَاۗ نَصْرٌ مِّنَ اللّٰهِ وَفَتْحٌ قَرِيْبٌۗ وَبَشِّرِ الْمُؤْمِنِيْنَ ",
      "latin": "Wa ukhrā tuḥibbūnahā, naṣrum minallāhi wa fatḥun qarīb(un), wa basysyiril-mu'minīn(a).",
      "translation": "(Ada balasan) lain yang kamu sukai, (yaitu) pertolongan dari Allah dan kemenangan yang dekat (waktunya). Sampaikanlah berita gembira kepada orang-orang mukmin.",
      "footnotes": null
    },
    {
      "ayah": 14,
      "quarter_hizb": 55.75,
      "juz": 28,
      "manzil": 7,
      "arabic": "يٰٓاَيُّهَا الَّذِيْنَ اٰمَنُوْا كُوْنُوْٓا اَنْصَارَ اللّٰهِ كَمَا قَالَ عِيْسَى ابْنُ مَرْيَمَ لِلْحَوَارِيّٖنَ مَنْ اَنْصَارِيْٓ اِلَى اللّٰهِ ۗقَالَ الْحَوَارِيُّوْنَ نَحْنُ اَنْصَارُ اللّٰهِ فَاٰمَنَتْ طَّاۤىِٕفَةٌ مِّنْۢ بَنِيْٓ اِسْرَاۤءِيْلَ وَكَفَرَتْ طَّاۤىِٕفَةٌ ۚفَاَيَّدْنَا الَّذِيْنَ اٰمَنُوْا عَلٰى عَدُوِّهِمْ فَاَصْبَحُوْا ظٰهِرِيْنَ ࣖ ",
      "latin": "Yā ayyuhal-lażīna āmanū kūnū anṣārallāhi kamā qāla ‘īsabnu maryama lil-ḥawāriyyīna man anṣārī ilallāh(i), qālal-ḥawāriyyūna naḥnu anṣārullāhi fa'āmanaṭ-ṭā'ifatum mim banī isrā'īla wa kafaraṭ-ṭā'ifah(tun), fa'ayyadnal-lażīna āmanū ‘alā ‘aduwwihim fa'aṣbaḥū ẓāhirīn(a).",
      "translation": "Wahai orang-orang yang beriman, jadilah penolong-penolong (agama) Allah sebagaimana Isa putra Maryam berkata kepada pengikut-pengikutnya yang setia, “Siapakah para penolongku menuju kepada (pertolongan) Allah?” Para pengikutnya yang setia itu berkata, “Kamilah penolong-penolong (agama) Allah.” Maka, segolongan dari Bani Israil beriman dan segolongan (yang lain) kufur. Lalu, Kami menguatkan orang-orang yang beriman menghadapi musuh-musuh mereka sehingga menjadi orang-orang yang menang.",
      "footnotes": null
    }
  ]
}