{
  "arabic": "التّغابن",
  "latin": "At-Tagābun",
  "transliteration": "At-Tagabun",
  "translation": "Pengungkapan Kesalahan",
  "num_ayah": 18,
  "location": "Madaniyah",
  "ayah": [
    {
      "ayah": 1,
      "quarter_hizb": 56.25,
      "juz": 28,
      "manzil": 7,
      "arabic": "يُسَبِّحُ لِلّٰهِ مَا فِى السَّمٰوٰتِ وَمَا فِى الْاَرْضِۗ لَهُ الْمُلْكُ وَلَهُ الْحَمْدُۖ وَهُوَ عَلٰى كُلِّ شَيْءٍ قَدِيْرٌ ",
      "latin": "Yusabbiḥu lillāhi mā fis-samāwāti wa mā fil-arḍ(i), lahul-mulku wa lahul-ḥamdu wa huwa ‘alā kulli syai'in qadīr(un).",
      "translation": "Apa yang ada di langit dan apa yang ada di bumi senantiasa bertasbih kepada Allah. Milik-Nyalah segala kerajaan dan segala pujian, dan Dia Maha Kuasa atas segala sesuatu. ",
      "footnotes": null
    },
    {
      "ayah": 2,
      "quarter_hizb": 56.25,
      "juz": 28,
      "manzil": 7,
      "arabic": "هُوَ الَّذِيْ خَلَقَكُمْ فَمِنْكُمْ كَافِرٌ وَّمِنْكُمْ مُّؤْمِنٌۗ وَاللّٰهُ بِمَا تَعْمَلُوْنَ بَصِيْرٌ ",
      "latin": "Huwal-lażī khalaqakum fa minkum kāfiruw wa minkum mu'min(un), wallāhu bimā ta‘malūna baṣīr(un).",
      "translation": "Dialah yang menciptakan kamu, lalu di antara kamu ada yang kafir dan ada yang mukmin. Allah Maha Melihat apa yang kamu kerjakan.",
      "footnotes": null
    },
    {
      "ayah": 3,
      "quarter_hizb": 56.25,
      "juz": 28,
      "manzil": 7,
      "arabic": "خَلَقَ السَّمٰوٰتِ وَالْاَرْضَ بِالْحَقِّ وَصَوَّرَكُمْ فَاَحْسَنَ صُوَرَكُمْۚ وَاِلَيْهِ الْمَصِيْرُ ",
      "latin": "Khalaqas-samāwāti wal-arḍa bil-ḥaqqi wa ṣawwarakum fa'aḥsana ṣuwarakum, wa ilaihil-maṣīr(u).",
      "translation": "Dia menciptakan langit dan bumi dengan benar, Dia membentuk kamu lalu memperindah bentukmu, dan kepada-Nyalah kembali(-mu).",
      "footnotes": null
    },
    {
      "ayah": 4,
      "quarter_hizb": 56.25,
      "juz": 28,
      "manzil": 7,
      "arabic": "يَعْلَمُ مَا فِى السَّمٰوٰتِ وَالْاَرْضِ وَيَعْلَمُ مَا تُسِرُّوْنَ وَمَا تُعْلِنُوْنَۗ وَاللّٰهُ عَلِيْمٌ ۢبِذَاتِ الصُّدُوْرِ ",
      "latin": "Ya‘lamu mā fis-samāwāti wal-arḍi wa ya‘lamu mā tusirrūna wa mā tu‘linūn(a), wallāhu ‘alīmum biżātiṣ-ṣudūr(i).",
      "translation": "Dia mengetahui apa yang di langit dan di bumi. Dia juga mengetahui apa yang kamu rahasiakan dan apa yang kamu tampakkan. Allah Maha Mengetahui segala isi hati.",
      "footnotes": null
    },
    {
      "ayah": 5,
      "quarter_hizb": 56.25,
      "juz": 28,
      "manzil": 7,
      "arabic": "اَلَمْ يَأْتِكُمْ نَبَؤُا الَّذِيْنَ كَفَرُوْا مِنْ قَبْلُ ۖفَذَاقُوْا وَبَالَ اَمْرِهِمْ وَلَهُمْ عَذَابٌ اَلِيْمٌ ",
      "latin": "Alam ya'tikum naba'ul-lażīna kafarū min qabl(u), fa żāqū wabāla amrihim wa lahum ‘ażābun alīm(un).",
      "translation": "Apakah belum sampai kepadamu (orang-orang kafir) berita (tentang) orang-orang yang kufur dahulu? Mereka telah merasakan akibat buruk dari perbuatannya dan bagi mereka azab yang sangat pedih.",
      "footnotes": null
    },
    {
      "ayah": 6,
      "quarter_hizb": 56.25,
      "juz": 28,
      "manzil": 7,
      "arabic": "ذٰلِكَ بِاَنَّهٗ كَانَتْ تَّأْتِيْهِمْ رُسُلُهُمْ بِالْبَيِّنٰتِ فَقَالُوْٓا اَبَشَرٌ يَّهْدُوْنَنَاۖ فَكَفَرُوْا وَتَوَلَّوْا وَّاسْتَغْنَى اللّٰهُ ۗوَاللّٰهُ غَنِيٌّ حَمِيْدٌ ",
      "latin": "Żālika bi'annahū kānat ta'tīhim rusuluhum bil-bayyināti fa qālū abasyaruy yahdūnanā, fa kafarū wa tawallau wastagnallāh(u), wallāhu ganiyyun ḥamīd(un).",
      "translation": "(Hukuman) yang demikian itu (terjadi) karena sesungguhnya telah datang kepada mereka rasul-rasul (yang membawa) keterangan-keterangan lalu mereka berkata, “Apakah  (pantas jenis) manusia yang memberi petunjuk kepada kami?” Lalu mereka ingkar dan berpaling; padahal Allah tidak memerlukan (mereka). Allah Maha Kaya lagi Maha Terpuji.",
      "footnotes": null
    },
    {
      "ayah": 7,
      "quarter_hizb": 56.25,
      "juz": 28,
      "manzil": 7,
      "arabic": "زَعَمَ الَّذِيْنَ كَفَرُوْٓا اَنْ لَّنْ يُّبْعَثُوْاۗ قُلْ بَلٰى وَرَبِّيْ لَتُبْعَثُنَّ ثُمَّ لَتُنَبَّؤُنَّ بِمَا عَمِلْتُمْۗ وَذٰلِكَ عَلَى اللّٰهِ يَسِيْرٌ ",
      "latin": "Za‘amal-lażīna kafarū allay yub‘aṡū, qul balā wa rabbī latub‘aṡunna ṡumma latunabba'unna bimā ‘amiltum, wa żālika ‘alallāhi yasīr(un).",
      "translation": "Orang-orang yang kufur mengira bahwa sesungguhnya mereka tidak akan dibangkitkan. Katakanlah (Nabi Muhammad), “Tidak demikian. Demi Tuhanku, kamu pasti akan dibangkitkan, kemudian pasti akan diberitakan apa yang telah kamu kerjakan.” Yang demikian itu mudah bagi Allah. ",
      "footnotes": null
    },
    {
      "ayah": 8,
      "quarter_hizb": 56.25,
      "juz": 28,
      "manzil": 7,
      "arabic": "فَاٰمِنُوْا بِاللّٰهِ وَرَسُوْلِهٖ وَالنُّوْرِ الَّذِيْٓ اَنْزَلْنَاۗ وَاللّٰهُ بِمَا تَعْمَلُوْنَ خَبِيْرٌ ",
      "latin": "Fa āminū billāhi wa rasūlihī wan-nūril-lażī anzalnā, wallāhu bimā ta‘malūna khabīr(un).",
      "translation": "(Jika demikian halnya,) berimanlah kamu kepada Allah, Rasul-Nya, dan cahaya (Al-Qur’an) yang telah Kami turunkan. Allah Maha Teliti terhadap apa yang kamu kerjakan.",
      "footnotes": null
    },
    {
      "ayah": 9,
      "quarter_hizb": 56.25,
      "juz": 28,
      "manzil": 7,
      "arabic": "يَوْمَ يَجْمَعُكُمْ لِيَوْمِ الْجَمْعِ ذٰلِكَ يَوْمُ التَّغَابُنِۗ وَمَنْ يُّؤْمِنْۢ بِاللّٰهِ وَيَعْمَلْ صَالِحًا يُّكَفِّرْ عَنْهُ سَيِّاٰتِهٖ وَيُدْخِلْهُ جَنّٰتٍ تَجْرِيْ مِنْ تَحْتِهَا الْاَنْهٰرُ خٰلِدِيْنَ فِيْهَآ اَبَدًاۗ ذٰلِكَ الْفَوْزُ الْعَظِيْمُ ",
      "latin": "Yauma yajma‘ukum liyaumil-jam‘i żālika yaumut-tagābun(i), wa may yu'mim billāhi wa ya‘mal ṣāliḥay yukaffir ‘anhu sayyi'ātihī wa yudkhilhu jannātin tajrī min taḥtihal-anhāru khālidīna fīhā abadā(n), żālikal-fauzul-‘aẓīm(u).",
      "translation": "(Ingatlah) hari (ketika) Allah mengumpulkan kamu pada hari berhimpun (hari Kiamat). Itulah hari pengungkapan kesalahan. Siapa yang beriman kepada Allah dan mengerjakan kebajikan, niscaya Dia akan menghapus kesalahan-kesalahannya dan memasukkannya ke dalam surga yang mengalir di bawahnya sungai-sungai. Mereka kekal di dalamnya selama-lamanya. Itulah kemenangan yang agung. ",
      "footnotes": null
    },
    {
      "ayah": 10,
      "quarter_hizb": 56.25,
      "juz": 28,
      "manzil": 7,
      "arabic": "وَالَّذِيْنَ كَفَرُوْا وَكَذَّبُوْا بِاٰيٰتِنَآ اُولٰۤىِٕكَ اَصْحٰبُ النَّارِ خٰلِدِيْنَ فِيْهَاۗ وَبِئْسَ الْمَصِيْرُ ࣖ ",
      "latin": "Wal-lażīna kafarū wa każżabū bi'āyātinā ulā'ika aṣḥābun-nāri khālidīna fīhā, wa bi'sal-maṣīr(u).",
      "translation": "Adapun orang-orang yang kufur dan mendustakan ayat-ayat Kami, mereka itulah penghuni neraka. Mereka kekal di dalamnya. Itulah seburuk-buruk tempat kembali. ",
      "footnotes": null
    },
    {
      "ayah": 11,
      "quarter_hizb": 56.25,
      "juz": 28,
      "manzil": 7,
      "arabic": "مَآ اَصَابَ مِنْ مُّصِيْبَةٍ اِلَّا بِاِذْنِ اللّٰهِ ۗوَمَنْ يُّؤْمِنْۢ بِاللّٰهِ يَهْدِ قَلْبَهٗ ۗوَاللّٰهُ بِكُلِّ شَيْءٍ عَلِيْمٌ ",
      "latin": "Mā aṣāba mim muṣībatin illā bi'iżnillāh(i), wa may yu'mim billāhi yahdi qalbah(ū), wallāhu bikulli syai'in ‘alīm(un).",
      "translation": "Tidak ada suatu musibah pun yang menimpa (seseorang), kecuali dengan izin Allah. Siapa yang beriman kepada Allah, niscaya Dia akan memberi petunjuk kepada hatinya. Allah Maha Mengetahui segala sesuatu. ",
      "footnotes": null
    },
    {
      "ayah": 12,
      "quarter_hizb": 56.25,
      "juz": 28,
      "manzil": 7,
      "arabic": "وَاَطِيْعُوا اللّٰهَ وَاَطِيْعُوا الرَّسُوْلَۚ فَاِنْ تَوَلَّيْتُمْ فَاِنَّمَا عَلٰى رَسُوْلِنَا الْبَلٰغُ الْمُبِيْنُ ",
      "latin": "Wa aṭī‘ullāha wa aṭī‘ur-rasūl(a), fa'in tawallaitum fa innamā ‘alā rasūlinal-balāgul-mubīn(u).",
      "translation": "Taatlah kepada Allah dan taatlah kepada Rasul. Jika kamu berpaling, sesungguhnya kewajiban rasul Kami hanyalah menyampaikan (risalah) dengan terang. ",
      "footnotes": null
    },
    {
      "ayah": 13,
      "quarter_hizb": 56.25,
      "juz": 28,
      "manzil": 7,
      "arabic": "اَللّٰهُ لَآ اِلٰهَ اِلَّا هُوَۗ وَعَلَى اللّٰهِ فَلْيَتَوَكَّلِ الْمُؤْمِنُوْنَ ",
      "latin": "Allāhu lā ilāha illā huw(a), wa ‘alallāhi falyatawakkalil-mu'minūn(a).",
      "translation": "(Dialah) Allah. Tidak ada tuhan selain Dia. Kepada Allahlah hendaknya orang-orang mukmin itu bertawakal.",
      "footnotes": null
    },
    {
      "ayah": 14,
      "quarter_hizb": 56.25,
      "juz": 28,
      "manzil": 7,
      "arabic": "يٰٓاَيُّهَا الَّذِيْنَ اٰمَنُوْٓا اِنَّ مِنْ اَزْوَاجِكُمْ وَاَوْلَادِكُمْ عَدُوًّا لَّكُمْ فَاحْذَرُوْهُمْۚ وَاِنْ تَعْفُوْا وَتَصْفَحُوْا وَتَغْفِرُوْا فَاِنَّ اللّٰهَ غَفُوْرٌ رَّحِيْمٌ ",
      "latin": "Yā ayyuhal-lażīna āmanū inna min azwājikum wa aulādikum ‘aduwwal lakum faḥżarūhum, wa in ta‘fū wa taṣfaḥū wa tagfirū fa innallāha gafūrur raḥīm(un).",
      "translation": "Wahai orang-orang yang beriman, sesungguhnya di antara istri-istrimu dan anak-anakmu ada yang menjadi musuh bagimu.719) Maka, berhati-hatilah kamu terhadap mereka. Jika kamu memaafkan, menyantuni, dan mengampuni (mereka), sesungguhnya Allah Maha Pengampun lagi Maha Penyayang.",
      "footnotes": "719) Kadang-kadang istri atau anak dapat menjerumuskan suami atau bapaknya untuk melakukan perbuatan-perbuatan yang tidak dibenarkan oleh agama."
    },
    {
      "ayah": 15,
      "quarter_hizb": 56.25,
      "juz": 28,
      "manzil": 7,
      "arabic": "اِنَّمَآ اَمْوَالُكُمْ وَاَوْلَادُكُمْ فِتْنَةٌ  ۗوَاللّٰهُ عِنْدَهٗٓ اَجْرٌ عَظِيْمٌ ",
      "latin": "Innamā amwālukum wa aulādukum fitnah(tun), wallāhu ‘indahū ajrun ‘aẓīm(un).",
      "translation": "Sesungguhnya hartamu dan anak-anakmu hanyalah cobaan (bagimu). Di sisi Allahlah (ada) pahala yang besar. ",
      "footnotes": null
    },
    {
      "ayah": 16,
      "quarter_hizb": 56.25,
      "juz": 28,
      "manzil": 7,
      "arabic": "فَاتَّقُوا اللّٰهَ مَا اسْتَطَعْتُمْ وَاسْمَعُوْا وَاَطِيْعُوْا وَاَنْفِقُوْا خَيْرًا لِّاَنْفُسِكُمْۗ وَمَنْ يُّوْقَ شُحَّ نَفْسِهٖ فَاُولٰۤىِٕكَ هُمُ الْمُفْلِحُوْنَ ",
      "latin": "Fattaqullāha mastaṭa‘tum wasma‘ū wa aṭī‘ū wa anfiqū khairal li'anfusikum, wa may yūqa syuḥḥa nafsihī fa ulā'ika humul-mufliḥūn(a).",
      "translation": "Bertakwalah kamu kepada Allah sekuat kemampuanmu! Dengarkanlah, taatlah, dan infakkanlah harta yang baik untuk dirimu! Siapa yang dijaga dirinya dari kekikiran, mereka itulah orang-orang yang beruntung. ",
      "footnotes": null
    },
    {
      "ayah": 17,
      "quarter_hizb": 56.25,
      "juz": 28,
      "manzil": 7,
      "arabic": "اِنْ تُقْرِضُوا اللّٰهَ قَرْضًا حَسَنًا يُّضٰعِفْهُ لَكُمْ وَيَغْفِرْ لَكُمْۗ وَاللّٰهُ شَكُوْرٌ حَلِيْمٌۙ ",
      "latin": "In tuqriḍullāha qarḍan ḥasanay yuḍā‘ifhu lakum wa yagfir lakum, wallāhu syakūrun ḥalīm(un).",
      "translation": "Jika kamu meminjamkan kepada Allah pinjaman yang baik,720) niscaya Dia akan melipatgandakan (balasan) untukmu dan mengampunimu. Allah Maha Mensyukuri lagi Maha Penyantun.",
      "footnotes": "720) Pinjaman yang disebut dalam ayat ini adalah sedekah, infak, wakaf, zakat, dan lain-lain."
    },
    {
      "ayah": 18,
      "quarter_hizb": 56.25,
      "juz": 28,
      "manzil": 7,
      "arabic": "عٰلِمُ الْغَيْبِ وَالشَّهَادَةِ الْعَزِيْزُ الْحَكِيْمُ ࣖ ",
      "latin": "‘Ālimul-gaibi wasy-syahādatil-‘azīzul-ḥakīm(u).",
      "translation": "Dialah yang mengetahui semua yang gaib dan yang nyata. (Dialah) Yang Maha Perkasa lagi Maha Bijaksana.",
      "footnotes": null
    }
  ]
}