{
  "arabic": "المُلك",
  "latin": "Al-Mulk",
  "transliteration": "Al-Mulk",
  "translation": "Kerajaan",
  "num_ayah": 30,
  "location": "Makkiyah",
  "ayah": [
    {
      "ayah": 1,
      "quarter_hizb": 57,
      "juz": 29,
      "manzil": 7,
      "arabic": "تَبٰرَكَ الَّذِيْ بِيَدِهِ الْمُلْكُۖ وَهُوَ عَلٰى كُلِّ شَيْءٍ قَدِيْرٌۙ",
      "latin": "Tabārakal-lażī biyadihil-mulk(u), wa huwa ‘alā kulli syai'in qadīr(un).",
      "translation": "Maha Berkah Zat yang menguasai (segala) kerajaan dan Dia Maha Kuasa atas segala sesuatu,",
      "footnotes": null
    },
    {
      "ayah": 2,
      "quarter_hizb": 57,
      "juz": 29,
      "manzil": 7,
      "arabic": " ۨالَّذِيْ خَلَقَ الْمَوْتَ وَالْحَيٰوةَ لِيَبْلُوَكُمْ اَيُّكُمْ اَحْسَنُ عَمَلًاۗ وَهُوَ الْعَزِيْزُ الْغَفُوْرُۙ",
      "latin": "Allażī khalaqal-mauta wal-ḥayāta liyabluwakum ayyukum aḥsanu ‘amalā(n), wa huwal-‘azīzul-gafūr(u).",
      "translation": "yaitu yang menciptakan kematian dan kehidupan untuk menguji kamu, siapa di antara kamu yang lebih baik amalnya. Dia Maha Perkasa lagi Maha Pengampun.",
      "footnotes": null
    },
    {
      "ayah": 3,
      "quarter_hizb": 57,
      "juz": 29,
      "manzil": 7,
      "arabic": "الَّذِيْ خَلَقَ سَبْعَ سَمٰوٰتٍ طِبَاقًاۗ مَا تَرٰى فِيْ خَلْقِ الرَّحْمٰنِ مِنْ تَفٰوُتٍۗ فَارْجِعِ الْبَصَرَۙ هَلْ تَرٰى مِنْ فُطُوْرٍ ",
      "latin": "Allażī khalaqa sab‘a samāwātin ṭibāqā(n), mā tarā fī khalqir-raḥmāni min tafāwut(in), farji‘il-baṣara hal tarā min fuṭūr(in).",
      "translation": "(Dia juga) yang menciptakan tujuh langit berlapis-lapis. Kamu tidak akan melihat pada ciptaan Tuhan Yang Maha Pengasih ketidakseimbangan sedikit pun. Maka, lihatlah sekali lagi! Adakah kamu melihat suatu cela?",
      "footnotes": null
    },
    {
      "ayah": 4,
      "quarter_hizb": 57,
      "juz": 29,
      "manzil": 7,
      "arabic": "ثُمَّ ارْجِعِ الْبَصَرَ كَرَّتَيْنِ يَنْقَلِبْ اِلَيْكَ الْبَصَرُ خَاسِئًا وَّهُوَ حَسِيْرٌ ",
      "latin": "Ṡummarji‘il-baṣara karrataini yanqalib ilaikal-baṣaru khāsi'aw wa huwa ḥasīr(un).",
      "translation": "Kemudian, lihatlah sekali lagi (dan) sekali lagi (untuk mencari cela dalam ciptaan Allah), niscaya pandanganmu akan kembali kepadamu dengan kecewa dan dalam keadaan letih (karena tidak menemukannya).",
      "footnotes": null
    },
    {
      "ayah": 5,
      "quarter_hizb": 57,
      "juz": 29,
      "manzil": 7,
      "arabic": "وَلَقَدْ زَيَّنَّا السَّمَاۤءَ الدُّنْيَا بِمَصَابِيْحَ وَجَعَلْنٰهَا رُجُوْمًا لِّلشَّيٰطِيْنِ وَاَعْتَدْنَا لَهُمْ عَذَابَ السَّعِيْرِ ",
      "latin": "Wa laqad zayyannas-samā'ad-dun-yā bimaṣābīḥa wa ja‘alnāhā rujūmal lisy-syayāṭīni wa a‘tadnā lahum ‘ażābas-sa‘īr(i).",
      "translation": "Sungguh, Kami benar-benar telah menghiasi langit dunia dengan bintang-bintang, menjadikannya (bintang-bintang itu) sebagai alat pelempar terhadap setan, dan menyediakan bagi mereka (setan-setan itu) azab (neraka) Sa‘ir (yang menyala-nyala).",
      "footnotes": null
    },
    {
      "ayah": 6,
      "quarter_hizb": 57,
      "juz": 29,
      "manzil": 7,
      "arabic": "وَلِلَّذِيْنَ كَفَرُوْا بِرَبِّهِمْ عَذَابُ جَهَنَّمَۗ وَبِئْسَ الْمَصِيْرُ",
      "latin": "Wa lil-lażīna kafarū birabbihim ‘ażābu jahannam(a), wa bi'sal-maṣīr(u).",
      "translation": "Orang-orang yang kufur kepada Tuhannya akan mendapat azab (neraka) Jahanam. Itulah seburuk-buruk tempat kembali.",
      "footnotes": null
    },
    {
      "ayah": 7,
      "quarter_hizb": 57,
      "juz": 29,
      "manzil": 7,
      "arabic": "اِذَآ اُلْقُوْا فِيْهَا سَمِعُوْا لَهَا شَهِيْقًا وَّهِيَ تَفُوْرُۙ",
      "latin": "Iżā ulqū fīhā sami‘ū lahā syahīqaw wa hiya tafūr(u).",
      "translation": "Apabila dilemparkan ke dalamnya (neraka), mereka pasti mendengar suaranya yang mengerikan saat ia membara.",
      "footnotes": null
    },
    {
      "ayah": 8,
      "quarter_hizb": 57,
      "juz": 29,
      "manzil": 7,
      "arabic": "تَكَادُ تَمَيَّزُ مِنَ الْغَيْظِۗ كُلَّمَآ اُلْقِيَ فِيْهَا فَوْجٌ سَاَلَهُمْ خَزَنَتُهَآ اَلَمْ يَأْتِكُمْ نَذِيْرٌۙ",
      "latin": "Takādu tamayyazu minal-gaiẓ(i), kullamā ulqiya fīhā faujun sa'alahum khazanatuhā alam ya'tikum nażīr(un).",
      "translation": "(Neraka itu) hampir meledak karena marah. Setiap kali ada sekumpulan (orang-orang kafir) dilemparkan ke dalamnya, penjaga-penjaganya bertanya kepada mereka, “Tidak pernahkah seorang pemberi peringatan datang kepadamu (di dunia)?”",
      "footnotes": null
    },
    {
      "ayah": 9,
      "quarter_hizb": 57,
      "juz": 29,
      "manzil": 7,
      "arabic": "قَالُوْا بَلٰى قَدْ جَاۤءَنَا نَذِيْرٌ ەۙ فَكَذَّبْنَا وَقُلْنَا مَا نَزَّلَ اللّٰهُ مِنْ شَيْءٍۖ اِنْ اَنْتُمْ اِلَّا فِيْ ضَلٰلٍ كَبِيْرٍ",
      "latin": "Qālū balā qad jā'anā nażīr(un), fa każżabnā wa qulnā mā nazzalallāhu min syai'(in), in antum illā fī ḍalālin kabīr(in).",
      "translation": "Mereka menjawab, “Pernah! Sungguh, seorang pemberi peringatan telah datang kepada kami, tetapi kami mendustakan(-nya) dan mengatakan, ‘Allah tidak menurunkan sesuatu apa pun.’” (Para malaikat berkata,) “Kamu tidak lain hanyalah (berada) dalam kesesatan yang besar.”",
      "footnotes": null
    },
    {
      "ayah": 10,
      "quarter_hizb": 57,
      "juz": 29,
      "manzil": 7,
      "arabic": "وَقَالُوْا لَوْ كُنَّا نَسْمَعُ اَوْ نَعْقِلُ مَا كُنَّا فِيْٓ اَصْحٰبِ السَّعِيْرِ",
      "latin": "Wa qālū lau kunnā nasma‘u au na‘qilu mā kunnā fī aṣḥābis-sa‘īr(i).",
      "translation": "Mereka juga berkata, “Andaikan dahulu kami mendengarkan atau memikirkan (peringatan itu), tentulah kami tidak termasuk ke dalam (golongan) para penghuni (neraka) Sa‘ir (yang menyala-nyala).”",
      "footnotes": null
    },
    {
      "ayah": 11,
      "quarter_hizb": 57,
      "juz": 29,
      "manzil": 7,
      "arabic": "فَاعْتَرَفُوْا بِذَنْۢبِهِمْۚ فَسُحْقًا لِّاَصْحٰبِ السَّعِيْرِ ",
      "latin": "Fa‘tarafū biżambihim, fasuḥqal li'aṣḥābis-sa‘īr(i).",
      "translation": "Mereka mengakui dosanya (saat penyesalan tidak lagi bermanfaat). Maka, jauhlah (dari rahmat Allah) bagi para penghuni (neraka) Sa‘ir (yang menyala-nyala) itu.",
      "footnotes": null
    },
    {
      "ayah": 12,
      "quarter_hizb": 57,
      "juz": 29,
      "manzil": 7,
      "arabic": "اِنَّ الَّذِيْنَ يَخْشَوْنَ رَبَّهُمْ بِالْغَيْبِ لَهُمْ مَّغْفِرَةٌ وَّاَجْرٌ كَبِيْرٌ ",
      "latin": "Innal-lażīna yakhsyauna rabbahum bil-gaibi lahum magfiratuw wa ajrun kabīr(un).",
      "translation": "Sesungguhnya orang-orang yang takut kepada Tuhannya dengan tanpa melihat-Nya akan memperoleh ampunan dan pahala yang besar.",
      "footnotes": null
    },
    {
      "ayah": 13,
      "quarter_hizb": 57,
      "juz": 29,
      "manzil": 7,
      "arabic": "وَاَسِرُّوْا قَوْلَكُمْ اَوِ اجْهَرُوْا بِهٖۗ اِنَّهٗ عَلِيْمٌ ۢبِذَاتِ الصُّدُوْرِ ",
      "latin": "Wa asirrū qaulakum awijharū bih(ī), innahū ‘alīmum biżātiṣ-ṣudūr(i).",
      "translation": "Rahasiakanlah perkataanmu atau nyatakanlah. Sesungguhnya Dia Maha Mengetahui segala isi hati.",
      "footnotes": null
    },
    {
      "ayah": 14,
      "quarter_hizb": 57,
      "juz": 29,
      "manzil": 7,
      "arabic": "اَلَا يَعْلَمُ مَنْ خَلَقَۗ وَهُوَ اللَّطِيْفُ الْخَبِيْرُ ࣖ ",
      "latin": "Alā ya‘lamu man khalaq(a), wa huwal-laṭīful-khabīr(u).",
      "translation": "Apakah (pantas) Zat yang menciptakan itu tidak mengetahui, sedangkan Dia (juga) Maha Halus lagi Maha Mengetahui?",
      "footnotes": null
    },
    {
      "ayah": 15,
      "quarter_hizb": 57,
      "juz": 29,
      "manzil": 7,
      "arabic": "هُوَ الَّذِيْ جَعَلَ لَكُمُ الْاَرْضَ ذَلُوْلًا فَامْشُوْا فِيْ مَنَاكِبِهَا وَكُلُوْا مِنْ رِّزْقِهٖۗ وَاِلَيْهِ النُّشُوْرُ ",
      "latin": "Huwal-lażī ja‘ala lakumul-arḍa żalūlan famsyū fī manākibihā wa kulū mir rizqih(ī), wa ilaihin-nusyūr(u).",
      "translation": "Dialah yang menjadikan bumi untuk kamu dalam keadaan mudah dimanfaatkan. Maka, jelajahilah segala penjurunya dan makanlah sebagian dari rezeki-Nya. Hanya kepada-Nya kamu (kembali setelah) dibangkitkan.",
      "footnotes": null
    },
    {
      "ayah": 16,
      "quarter_hizb": 57,
      "juz": 29,
      "manzil": 7,
      "arabic": "ءَاَمِنْتُمْ مَّنْ فِى السَّمَاۤءِ اَنْ يَّخْسِفَ بِكُمُ الْاَرْضَ فَاِذَا هِيَ تَمُوْرُۙ",
      "latin": "A'amintum man fis-samā'i ay yakhsifa bikumul-arḍa  fa'iżā hiya tamūr(u).",
      "translation": "Sudah merasa amankah kamu dari Zat yang di langit, yaitu (dari bencana) dibenamkannya bumi oleh-Nya bersama kamu ketika tiba-tiba ia terguncang?",
      "footnotes": null
    },
    {
      "ayah": 17,
      "quarter_hizb": 57,
      "juz": 29,
      "manzil": 7,
      "arabic": "اَمْ اَمِنْتُمْ مَّنْ فِى السَّمَاۤءِ اَنْ يُّرْسِلَ عَلَيْكُمْ حَاصِبًاۗ فَسَتَعْلَمُوْنَ كَيْفَ نَذِيْرِ ",
      "latin": "Am amintum man fis-samā'i ay yursila ‘alaikum ḥāṣibā(n), fa sata‘lamūna kaifa nażīr(i).",
      "translation": "Atau, sudah merasa amankah kamu dari Zat yang di langit, yaitu (dari bencana) dikirimkannya badai batu oleh-Nya kepadamu? Kelak kamu akan mengetahui bagaimana (akibat mendustakan) peringatan-Ku.",
      "footnotes": null
    },
    {
      "ayah": 18,
      "quarter_hizb": 57,
      "juz": 29,
      "manzil": 7,
      "arabic": "وَلَقَدْ كَذَّبَ الَّذِيْنَ مِنْ قَبْلِهِمْ فَكَيْفَ كَانَ نَكِيْرِ ",
      "latin": "Wa laqad każżabal-lażīna min qablihim fakaifa kāna nakīr(i).",
      "translation": "Sungguh, orang-orang sebelum mereka pun benar-benar telah mendustakan (rasul-rasul-Nya). Maka, betapa hebatnya kemurkaan-Ku!",
      "footnotes": null
    },
    {
      "ayah": 19,
      "quarter_hizb": 57,
      "juz": 29,
      "manzil": 7,
      "arabic": "اَوَلَمْ يَرَوْا اِلَى الطَّيْرِ فَوْقَهُمْ صٰۤفّٰتٍ وَّيَقْبِضْنَۘ مَا يُمْسِكُهُنَّ اِلَّا الرَّحْمٰنُۗ اِنَّهٗ بِكُلِّ شَيْءٍۢ بَصِيْرٌ ",
      "latin": "Awalam yarau ilaṭ-ṭairi fauqahum ṣāffātiw wa yaqbiḍn(a), mā yumsikuhunna illar-raḥmān(u), innahū bikulli syai'im baṣīr(un).",
      "translation": "Tidakkah mereka memperhatikan burung-burung yang mengembangkan dan mengatupkan sayapnya di atas mereka? Tidak ada yang menahannya (di udara) selain Yang Maha Pengasih. Sesungguhnya Dia Maha Melihat segala sesuatu.",
      "footnotes": null
    },
    {
      "ayah": 20,
      "quarter_hizb": 57,
      "juz": 29,
      "manzil": 7,
      "arabic": "اَمَّنْ هٰذَا الَّذِيْ هُوَ جُنْدٌ لَّكُمْ يَنْصُرُكُمْ مِّنْ دُوْنِ الرَّحْمٰنِۗ اِنِ الْكٰفِرُوْنَ اِلَّا فِيْ غُرُوْرٍۚ ",
      "latin": "Am man hāżal-lażī huwa jundul lakum yanṣurukum min dūnir-raḥmān(i), inil-kāfirūna illā fī gurūr(in).",
      "translation": "Atau, siapakah yang akan menjadi bala tentara bagimu yang dapat menolongmu selain (Allah) Yang Maha Pengasih? Orang-orang kafir itu tidak lain hanyalah dalam (keadaan) tertipu.",
      "footnotes": null
    },
    {
      "ayah": 21,
      "quarter_hizb": 57,
      "juz": 29,
      "manzil": 7,
      "arabic": "اَمَّنْ هٰذَا الَّذِيْ يَرْزُقُكُمْ اِنْ اَمْسَكَ رِزْقَهٗ ۚ بَلْ لَّجُّوْا فِيْ عُتُوٍّ وَّنُفُوْرٍ ",
      "latin": "Am man hāżal-lażī yarzuqukum in amsaka rizqah(ū), bal lajjū fī ‘utuwwiw wa nufūr(in).",
      "translation": "Atau, siapakah yang dapat memberimu rezeki jika Dia menahan rezeki-Nya? Sebaliknya, mereka terus-menerus dalam kesombongan dan menjauhkan diri (dari kebenaran).",
      "footnotes": null
    },
    {
      "ayah": 22,
      "quarter_hizb": 57,
      "juz": 29,
      "manzil": 7,
      "arabic": "اَفَمَنْ يَّمْشِيْ مُكِبًّا عَلٰى وَجْهِهٖٓ اَهْدٰىٓ اَمَّنْ يَّمْشِيْ سَوِيًّا عَلٰى صِرَاطٍ مُّسْتَقِيْمٍ ",
      "latin": "Afamay yamsyī mukibban ‘alā wajhihī ahdā ammay yamsyī sawiyyan ‘alā ṣirāṭim mustaqīm(in).",
      "translation": "Apakah orang yang berjalan dengan wajah tertelungkup itu lebih mendapatkan petunjuk ataukah orang yang berjalan tegap di atas jalan yang lurus?",
      "footnotes": null
    },
    {
      "ayah": 23,
      "quarter_hizb": 57,
      "juz": 29,
      "manzil": 7,
      "arabic": "قُلْ هُوَ الَّذِيْٓ اَنْشَاَكُمْ وَجَعَلَ لَكُمُ السَّمْعَ وَالْاَبْصَارَ وَالْاَفْـِٕدَةَۗ قَلِيْلًا مَّا تَشْكُرُوْنَ ",
      "latin": "Qul huwal-lażī ansya'akum wa ja‘ala lakumus-sam‘a wal-abṣāra wal-af'idah(ta), qalīlam mā tasykurūn(a).",
      "translation": "Katakanlah, “Dialah Zat yang menciptakanmu dan menjadikan bagimu pendengaran, penglihatan, dan hati nurani. (Akan tetapi,) sedikit sekali kamu bersyukur.”",
      "footnotes": null
    },
    {
      "ayah": 24,
      "quarter_hizb": 57,
      "juz": 29,
      "manzil": 7,
      "arabic": "قُلْ هُوَ الَّذِيْ ذَرَاَكُمْ فِى الْاَرْضِ وَاِلَيْهِ تُحْشَرُوْنَ ",
      "latin": "Qul huwal-lażī żara'akum fil-arḍi wa ilaihi tuḥsyarūn(a).",
      "translation": "Katakanlah, “Dialah yang menjadikan kamu berkembang biak di muka bumi dan kepada-Nyalah kamu akan dikumpulkan.”",
      "footnotes": null
    },
    {
      "ayah": 25,
      "quarter_hizb": 57,
      "juz": 29,
      "manzil": 7,
      "arabic": "وَيَقُوْلُوْنَ مَتٰى هٰذَا الْوَعْدُ اِنْ كُنْتُمْ صٰدِقِيْنَ ",
      "latin": "Wa yaqūlūna matā hāżal-wa‘du in kuntum ṣādiqīn(a).",
      "translation": "Mereka berkata, “Kapankah (datangnya) janji (azab) ini jika kamu orang-orang benar?”",
      "footnotes": null
    },
    {
      "ayah": 26,
      "quarter_hizb": 57,
      "juz": 29,
      "manzil": 7,
      "arabic": "قُلْ اِنَّمَا الْعِلْمُ عِنْدَ اللّٰهِ ۖوَاِنَّمَآ اَنَا۠ نَذِيْرٌ مُّبِيْنٌ ",
      "latin": "Qul innamal-‘ilmu ‘indallāh(i), wa innamā ana nażīrum mubīn(un).",
      "translation": "Katakanlah (Nabi Muhammad), “Sesungguhnya ilmu (tentang hari Kiamat itu) hanya ada pada Allah. Aku hanyalah seorang pemberi peringatan yang jelas.”",
      "footnotes": null
    },
    {
      "ayah": 27,
      "quarter_hizb": 57,
      "juz": 29,
      "manzil": 7,
      "arabic": "فَلَمَّا رَاَوْهُ زُلْفَةً سِيْۤـَٔتْ وُجُوْهُ الَّذِيْنَ كَفَرُوْا وَقِيْلَ هٰذَا الَّذِيْ كُنْتُمْ بِهٖ تَدَّعُوْنَ ",
      "latin": "Falammā ra'auhu zulfatan sī'at wujūhul-lażīna kafarū wa qīla hāżal-lażī kuntum bihī tadda‘ūn(a).",
      "translation": "Ketika mereka melihat azab (pada hari Kiamat) sudah dekat, wajah orang-orang kafir itu menjadi muram. Dikatakan (kepada mereka), “Ini adalah (sesuatu) yang dahulu kamu selalu mengaku (bahwa kamu tidak akan dibangkitkan).”",
      "footnotes": null
    },
    {
      "ayah": 28,
      "quarter_hizb": 57,
      "juz": 29,
      "manzil": 7,
      "arabic": "قُلْ اَرَءَيْتُمْ اِنْ اَهْلَكَنِيَ اللّٰهُ وَمَنْ مَّعِيَ اَوْ رَحِمَنَاۙ فَمَنْ يُّجِيْرُ الْكٰفِرِيْنَ مِنْ عَذَابٍ اَلِيْمٍ ",
      "latin": "Qul ara'aitum in ahlakaniyallāhu wa mam ma‘iya au raḥimanā, famay yujīrul-kāfirīna min ‘ażābin alīm(in).",
      "translation": "Katakanlah (Nabi Muhammad), “Tahukah kamu jika Allah mematikan aku dan orang-orang yang bersamaku atau memberi rahmat kepada kami (dengan memperpanjang umur kami,) lalu siapa yang dapat melindungi orang-orang kafir dari azab yang pedih?”",
      "footnotes": null
    },
    {
      "ayah": 29,
      "quarter_hizb": 57,
      "juz": 29,
      "manzil": 7,
      "arabic": "قُلْ هُوَ الرَّحْمٰنُ اٰمَنَّا بِهٖ وَعَلَيْهِ تَوَكَّلْنَاۚ فَسَتَعْلَمُوْنَ مَنْ هُوَ فِيْ ضَلٰلٍ مُّبِيْنٍ ",
      "latin": "Qul huwar-raḥmānu āmannā bihī wa ‘alaihi tawakkalnā, fasata‘lamūna man huwa fī ḍalālim mubīn(in).",
      "translation": "Katakanlah (Nabi Muhammad), “Dialah Zat Yang Maha Pengasih, kami beriman kepada-Nya dan hanya kepada-Nya kami bertawakal. Kelak kamu akan tahu siapa yang berada dalam kesesatan yang nyata.”",
      "footnotes": null
    },
    {
      "ayah": 30,
      "quarter_hizb": 57,
      "juz": 29,
      "manzil": 7,
      "arabic": "قُلْ اَرَءَيْتُمْ اِنْ اَصْبَحَ مَاۤؤُكُمْ غَوْرًا فَمَنْ يَّأْتِيْكُمْ بِمَاۤءٍ مَّعِيْنٍ ࣖ ",
      "latin": "Qul ara'aitum in aṣbaḥa mā'ukum gauran famay ya'tīkum bimā'im ma‘īn(in).",
      "translation": "Katakanlah (Nabi Muhammad), “Terangkanlah kepadaku jika (sumber) air kamu surut ke dalam tanah, siapa yang akan memberimu air yang mengalir?”",
      "footnotes": null
    }
  ]
}