{
  "arabic": " القلم",
  "latin": "Al-Qalam",
  "transliteration": "Al-Qalam",
  "translation": "Pena",
  "num_ayah": 52,
  "location": "Makkiyah",
  "ayah": [
    {
      "ayah": 1,
      "quarter_hizb": 57.25,
      "juz": 29,
      "manzil": 7,
      "arabic": "نۤ ۚوَالْقَلَمِ وَمَا يَسْطُرُوْنَۙ",
      "latin": "Nūn, wal-qalami wa mā yasṭurūn(a).",
      "translation": "Nūn. Demi pena dan apa yang mereka tuliskan,",
      "footnotes": null
    },
    {
      "ayah": 2,
      "quarter_hizb": 57.25,
      "juz": 29,
      "manzil": 7,
      "arabic": "مَآ اَنْتَ بِنِعْمَةِ رَبِّكَ بِمَجْنُوْنٍ ",
      "latin": "Mā anta bini‘mati rabbika bimajnūn(in).",
      "translation": "berkat karunia Tuhanmu engkau (Nabi Muhammad) bukanlah orang gila.",
      "footnotes": null
    },
    {
      "ayah": 3,
      "quarter_hizb": 57.25,
      "juz": 29,
      "manzil": 7,
      "arabic": "وَاِنَّ لَكَ لَاَجْرًا غَيْرَ مَمْنُوْنٍۚ",
      "latin": "Wa inna laka la'ajran gaira mamnūn(in).",
      "translation": "Sesungguhnya bagi engkaulah pahala yang tidak putus-putus.",
      "footnotes": null
    },
    {
      "ayah": 4,
      "quarter_hizb": 57.25,
      "juz": 29,
      "manzil": 7,
      "arabic": "وَاِنَّكَ لَعَلٰى خُلُقٍ عَظِيْمٍ ",
      "latin": "Wa innaka la‘alā khuluqin ‘aẓīm(in).",
      "translation": "Sesungguhnya engkau benar-benar berbudi pekerti yang agung.",
      "footnotes": null
    },
    {
      "ayah": 5,
      "quarter_hizb": 57.25,
      "juz": 29,
      "manzil": 7,
      "arabic": "فَسَتُبْصِرُ وَيُبْصِرُوْنَۙ",
      "latin": "Fasatubṣiru wa yubṣirūn(a).",
      "translation": "Kelak engkau akan melihat dan mereka (orang-orang kafir) pun akan melihat,",
      "footnotes": null
    },
    {
      "ayah": 6,
      "quarter_hizb": 57.25,
      "juz": 29,
      "manzil": 7,
      "arabic": "بِاَيِّىكُمُ الْمَفْتُوْنُ ",
      "latin": "Bi'ayyikumul-maftūn(u).",
      "translation": "siapa di antara kamu yang gila?",
      "footnotes": null
    },
    {
      "ayah": 7,
      "quarter_hizb": 57.25,
      "juz": 29,
      "manzil": 7,
      "arabic": "اِنَّ رَبَّكَ هُوَ اَعْلَمُ بِمَنْ ضَلَّ عَنْ سَبِيْلِهٖۖ وَهُوَ اَعْلَمُ بِالْمُهْتَدِيْنَ ",
      "latin": "Inna rabbaka huwa a‘lamu biman ḍalla ‘an sabīlih(ī), wa huwa a‘lamu bil-muhtadīn(a).",
      "translation": "Sesungguhnya Tuhanmulah yang paling mengetahui siapa yang sesat dari jalan-Nya. Dialah yang paling mengetahui siapa orang yang mendapat petunjuk.",
      "footnotes": null
    },
    {
      "ayah": 8,
      "quarter_hizb": 57.25,
      "juz": 29,
      "manzil": 7,
      "arabic": "فَلَا تُطِعِ الْمُكَذِّبِيْنَ ",
      "latin": "Falā tuṭi‘il-mukażżibīn(a).",
      "translation": "Maka, janganlah engkau patuhi orang-orang yang mendustakan (ayat-ayat Allah).",
      "footnotes": null
    },
    {
      "ayah": 9,
      "quarter_hizb": 57.25,
      "juz": 29,
      "manzil": 7,
      "arabic": "وَدُّوْا لَوْ تُدْهِنُ فَيُدْهِنُوْنَۚ",
      "latin": "Waddū lau tudhinu fayudhinūn(a).",
      "translation": "Mereka menginginkan agar engkau bersikap lunak. Maka, mereka bersikap lunak (pula).",
      "footnotes": null
    },
    {
      "ayah": 10,
      "quarter_hizb": 57.25,
      "juz": 29,
      "manzil": 7,
      "arabic": "وَلَا تُطِعْ كُلَّ حَلَّافٍ مَّهِيْنٍۙ",
      "latin": "Wa lā tuṭi‘ kulla ḥallāfim mahīn(in).",
      "translation": "Janganlah engkau patuhi setiap orang yang suka bersumpah lagi berkepribadian hina,",
      "footnotes": null
    },
    {
      "ayah": 11,
      "quarter_hizb": 57.25,
      "juz": 29,
      "manzil": 7,
      "arabic": "هَمَّازٍ مَّشَّاۤءٍۢ بِنَمِيْمٍۙ",
      "latin": "Hammāzim masysyā'im binamīm(in).",
      "translation": "suka mencela, (berjalan) kian kemari menyebarkan fitnah (berita bohong),",
      "footnotes": null
    },
    {
      "ayah": 12,
      "quarter_hizb": 57.25,
      "juz": 29,
      "manzil": 7,
      "arabic": "مَّنَّاعٍ لِّلْخَيْرِ مُعْتَدٍ اَثِيْمٍۙ",
      "latin": "Mannā‘il lil-khairi mu‘tadin aṡīm(in).",
      "translation": "merintangi segala yang baik, melampaui batas dan banyak dosa,",
      "footnotes": null
    },
    {
      "ayah": 13,
      "quarter_hizb": 57.25,
      "juz": 29,
      "manzil": 7,
      "arabic": "عُتُلٍّۢ بَعْدَ ذٰلِكَ زَنِيْمٍۙ",
      "latin": "‘Utullim ba‘da żālika zanīm(in).",
      "translation": "bertabiat kasar, dan selain itu juga terkenal kejahatannya,",
      "footnotes": null
    },
    {
      "ayah": 14,
      "quarter_hizb": 57.25,
      "juz": 29,
      "manzil": 7,
      "arabic": "اَنْ كَانَ ذَا مَالٍ وَّبَنِيْنَۗ",
      "latin": "An kāna żā māliw wa banīn(a).",
      "translation": "karena dia kaya dan mempunyai banyak anak.",
      "footnotes": null
    },
    {
      "ayah": 15,
      "quarter_hizb": 57.25,
      "juz": 29,
      "manzil": 7,
      "arabic": "اِذَا تُتْلٰى عَلَيْهِ اٰيٰتُنَا قَالَ اَسَاطِيْرُ الْاَوَّلِيْنَۗ",
      "latin": "Iżā tutlā ‘alaihi āyātunā qāla asāṭīrul-awwalīn(a).",
      "translation": "Apabila ayat-ayat Kami dibacakan kepadanya, dia berkata, “(Ini adalah) dongengan orang-orang terdahulu.”",
      "footnotes": null
    },
    {
      "ayah": 16,
      "quarter_hizb": 57.25,
      "juz": 29,
      "manzil": 7,
      "arabic": "سَنَسِمُهٗ عَلَى الْخُرْطُوْمِ ",
      "latin": "Sanasimuhū ‘alal-khurṭūm(i).",
      "translation": "Kelak dia akan Kami beri tanda pada belalai (hidung)-nya.",
      "footnotes": null
    },
    {
      "ayah": 17,
      "quarter_hizb": 57.25,
      "juz": 29,
      "manzil": 7,
      "arabic": "اِنَّا بَلَوْنٰهُمْ كَمَا بَلَوْنَآ اَصْحٰبَ الْجَنَّةِۚ اِذْ اَقْسَمُوْا لَيَصْرِمُنَّهَا مُصْبِحِيْنَۙ",
      "latin": "Innā balaunāhum kamā balaunā aṣḥābal-jannah(ti), iż aqsamū layaṣrimunnahā muṣbiḥīn(a).",
      "translation": "Sesungguhnya Kami telah menguji mereka (orang musyrik Makkah) sebagaimana Kami telah menguji pemilik-pemilik kebun ketika mereka bersumpah bahwa mereka pasti akan memetik (hasil)-nya pada pagi hari,",
      "footnotes": null
    },
    {
      "ayah": 18,
      "quarter_hizb": 57.25,
      "juz": 29,
      "manzil": 7,
      "arabic": "وَلَا يَسْتَثْنُوْنَ ",
      "latin": "Wa lā yastaṡnūn(a).",
      "translation": "tetapi mereka tidak mengecualikan (dengan mengucapkan, “Insyaallah”).",
      "footnotes": null
    },
    {
      "ayah": 19,
      "quarter_hizb": 57.25,
      "juz": 29,
      "manzil": 7,
      "arabic": "فَطَافَ عَلَيْهَا طَاۤىِٕفٌ مِّنْ رَّبِّكَ وَهُمْ نَاۤىِٕمُوْنَ ",
      "latin": "Fa ṭāfa ‘alaihā ṭā'ifum mir rabbika wa hum nā'imūn(a).",
      "translation": "Lalu, kebun itu ditimpa bencana (yang datang) dari Tuhanmu ketika mereka sedang tidur.",
      "footnotes": null
    },
    {
      "ayah": 20,
      "quarter_hizb": 57.25,
      "juz": 29,
      "manzil": 7,
      "arabic": "فَاَصْبَحَتْ كَالصَّرِيْمِۙ",
      "latin": "Fa aṣbaḥat kaṣ-ṣarīm(i).",
      "translation": "Maka, jadilah kebun itu hitam (karena terbakar) seperti malam yang gelap gulita.",
      "footnotes": null
    },
    {
      "ayah": 21,
      "quarter_hizb": 57.25,
      "juz": 29,
      "manzil": 7,
      "arabic": "فَتَنَادَوْا مُصْبِحِيْنَۙ",
      "latin": "Fa tanādau muṣbiḥīn(a).",
      "translation": "Lalu, mereka saling memanggil pada pagi hari,",
      "footnotes": null
    },
    {
      "ayah": 22,
      "quarter_hizb": 57.25,
      "juz": 29,
      "manzil": 7,
      "arabic": "اَنِ اغْدُوْا عَلٰى حَرْثِكُمْ اِنْ كُنْتُمْ صٰرِمِيْنَ ",
      "latin": "Anigdū ‘alā ḥarṡikum in kuntum ṣārimīn(a).",
      "translation": "“Pergilah pagi-pagi ke kebunmu jika kamu hendak memetik hasil.”",
      "footnotes": null
    },
    {
      "ayah": 23,
      "quarter_hizb": 57.25,
      "juz": 29,
      "manzil": 7,
      "arabic": "فَانْطَلَقُوْا وَهُمْ يَتَخَافَتُوْنَۙ",
      "latin": "Fanṭalaqū wa hum yatakhāfatūn(a).",
      "translation": "Mereka pun berangkat sambil berbisik-bisik,",
      "footnotes": null
    },
    {
      "ayah": 24,
      "quarter_hizb": 57.25,
      "juz": 29,
      "manzil": 7,
      "arabic": "اَنْ لَّا يَدْخُلَنَّهَا الْيَوْمَ عَلَيْكُمْ مِّسْكِيْنٌۙ",
      "latin": "Allā yadkhulannahal-yauma ‘alaikum miskīn(un).",
      "translation": "“Pada hari ini jangan sampai ada orang miskin yang masuk ke dalam kebunmu.”",
      "footnotes": null
    },
    {
      "ayah": 25,
      "quarter_hizb": 57.25,
      "juz": 29,
      "manzil": 7,
      "arabic": "وَّغَدَوْا عَلٰى حَرْدٍ قٰدِرِيْنَ ",
      "latin": "Wa gadau ‘alā ḥardin qādirīn(a).",
      "translation": "Berangkatlah mereka pada pagi hari dengan niat menghalangi (orang-orang miskin). Mereka mengira mampu (melakukan hal itu).",
      "footnotes": null
    },
    {
      "ayah": 26,
      "quarter_hizb": 57.25,
      "juz": 29,
      "manzil": 7,
      "arabic": "فَلَمَّا رَاَوْهَا قَالُوْٓا اِنَّا لَضَاۤلُّوْنَۙ",
      "latin": "Falammā ra'auhā qālū innā laḍāllūn(a).",
      "translation": "Ketika melihat kebun itu, mereka berkata, “Sesungguhnya kita benar-benar orang sesat.",
      "footnotes": null
    },
    {
      "ayah": 27,
      "quarter_hizb": 57.25,
      "juz": 29,
      "manzil": 7,
      "arabic": "بَلْ نَحْنُ مَحْرُوْمُوْنَ ",
      "latin": "Bal naḥnu maḥrūmūn(a).",
      "translation": "Bahkan, kita tidak memperoleh apa pun.”",
      "footnotes": null
    },
    {
      "ayah": 28,
      "quarter_hizb": 57.25,
      "juz": 29,
      "manzil": 7,
      "arabic": "قَالَ اَوْسَطُهُمْ اَلَمْ اَقُلْ لَّكُمْ لَوْلَا تُسَبِّحُوْنَ ",
      "latin": "Qāla ausaṭuhum alam aqul lakum lau lā tusabbiḥūn(a).",
      "translation": "Seorang yang paling bijak di antara mereka berkata, “Bukankah aku telah mengatakan kepadamu hendaklah kamu bertasbih (kepada Tuhanmu)?”",
      "footnotes": null
    },
    {
      "ayah": 29,
      "quarter_hizb": 57.25,
      "juz": 29,
      "manzil": 7,
      "arabic": "قَالُوْا سُبْحٰنَ رَبِّنَآ اِنَّا كُنَّا ظٰلِمِيْنَ ",
      "latin": "Qālū subḥāna rabbinā innā kunnā ẓālimīn(a).",
      "translation": "Mereka mengucapkan, “Maha Suci Tuhan kami. Sungguh, kami adalah orang-orang yang zalim.”",
      "footnotes": null
    },
    {
      "ayah": 30,
      "quarter_hizb": 57.25,
      "juz": 29,
      "manzil": 7,
      "arabic": "فَاَقْبَلَ بَعْضُهُمْ عَلٰى بَعْضٍ يَّتَلَاوَمُوْنَ ",
      "latin": "Fa'aqbala ba‘ḍuhum ‘alā ba‘ḍiy yatalāwamūn(a).",
      "translation": "Mereka saling berhadapan dengan saling mencela.",
      "footnotes": null
    },
    {
      "ayah": 31,
      "quarter_hizb": 57.25,
      "juz": 29,
      "manzil": 7,
      "arabic": "قَالُوْا يٰوَيْلَنَآ اِنَّا كُنَّا طٰغِيْنَ ",
      "latin": "Qālū yā wailanā innā kunnā ṭāgīn(a).",
      "translation": "Mereka berkata, “Aduh celaka kita! Sesungguhnya kita adalah orang-orang yang melampaui batas.",
      "footnotes": null
    },
    {
      "ayah": 32,
      "quarter_hizb": 57.25,
      "juz": 29,
      "manzil": 7,
      "arabic": "عَسٰى رَبُّنَآ اَنْ يُّبْدِلَنَا خَيْرًا مِّنْهَآ اِنَّآ اِلٰى رَبِّنَا رٰغِبُوْنَ ",
      "latin": "‘Asā rabbunā ay yubdilanā khairam minhā innā ilā rabbinā rāgibūn(a).",
      "translation": "Mudah-mudahan Tuhan memberikan ganti kepada kita dengan yang lebih baik daripadanya. Sesungguhnya kita mengharapkan (ampunan dan kebaikan) Tuhan kita.”",
      "footnotes": null
    },
    {
      "ayah": 33,
      "quarter_hizb": 57.25,
      "juz": 29,
      "manzil": 7,
      "arabic": "كَذٰلِكَ الْعَذَابُۗ وَلَعَذَابُ الْاٰخِرَةِ اَكْبَرُۘ لَوْ كَانُوْا يَعْلَمُوْنَ ࣖ ",
      "latin": "Każālikal-‘ażāb(u), wa la‘ażābul-ākhirati akbar(u), lau kānū ya‘lamūn(a).",
      "translation": "Seperti itulah azab (di dunia). Sungguh, azab akhirat lebih besar sekiranya mereka mengetahui.",
      "footnotes": null
    },
    {
      "ayah": 34,
      "quarter_hizb": 57.25,
      "juz": 29,
      "manzil": 7,
      "arabic": "اِنَّ لِلْمُتَّقِيْنَ عِنْدَ رَبِّهِمْ جَنّٰتِ النَّعِيْمِ ",
      "latin": "Inna lil-muttaqīna ‘inda rabbihim jannātin-na‘īm(i).",
      "translation": "Sesungguhnya orang-orang yang bertakwa mendapatkan surga yang penuh kenikmatan di sisi Tuhannya.",
      "footnotes": null
    },
    {
      "ayah": 35,
      "quarter_hizb": 57.25,
      "juz": 29,
      "manzil": 7,
      "arabic": "اَفَنَجْعَلُ الْمُسْلِمِيْنَ كَالْمُجْرِمِيْنَۗ",
      "latin": "Afanaj‘alul-muslimīna kal-mujrimīn(a).   ",
      "translation": "Apakah patut Kami memperlakukan orang-orang Islam (orang yang tunduk kepada Allah) seperti orang-orang yang pendurhaka (orang kafir)?",
      "footnotes": null
    },
    {
      "ayah": 36,
      "quarter_hizb": 57.25,
      "juz": 29,
      "manzil": 7,
      "arabic": "مَا لَكُمْۗ  كَيْفَ تَحْكُمُوْنَۚ",
      "latin": "Mā lakum, kaifa taḥkumūn(a).",
      "translation": "Mengapa kamu (berbuat demikian)? Bagaimana kamu mengambil putusan?",
      "footnotes": null
    },
    {
      "ayah": 37,
      "quarter_hizb": 57.25,
      "juz": 29,
      "manzil": 7,
      "arabic": "اَمْ لَكُمْ كِتٰبٌ فِيْهِ تَدْرُسُوْنَۙ",
      "latin": "Am lakum kitābun fīhi tadrusūn(a).",
      "translation": "Atau, apakah kamu mempunyai kitab (yang diturunkan Allah) yang kamu pelajari?",
      "footnotes": null
    },
    {
      "ayah": 38,
      "quarter_hizb": 57.25,
      "juz": 29,
      "manzil": 7,
      "arabic": "اِنَّ لَكُمْ فِيْهِ لَمَا تَخَيَّرُوْنَۚ",
      "latin": "Inna lakum fīhi lamā takhayyarūn(a).",
      "translation": "Sesungguhnya di dalamnya kamu dapat memilih apa saja yang kamu sukai.",
      "footnotes": null
    },
    {
      "ayah": 39,
      "quarter_hizb": 57.25,
      "juz": 29,
      "manzil": 7,
      "arabic": "اَمْ لَكُمْ اَيْمَانٌ عَلَيْنَا بَالِغَةٌ اِلٰى يَوْمِ الْقِيٰمَةِۙ اِنَّ لَكُمْ لَمَا تَحْكُمُوْنَۚ",
      "latin": "Am lakum aimānun ‘alainā bāligatun ilā yaumil-qiyāmah(ti), inna lakum lamā taḥkumūn(a).",
      "translation": "Atau, apakah kamu memperoleh (janji-janji yang diperkuat dengan) sumpah dari Kami, yang tetap berlaku sampai hari Kiamat, (yakni) bahwa kamu dapat mengambil putusan (sekehendakmu)?",
      "footnotes": null
    },
    {
      "ayah": 40,
      "quarter_hizb": 57.25,
      "juz": 29,
      "manzil": 7,
      "arabic": "سَلْهُمْ اَيُّهُمْ بِذٰلِكَ زَعِيْمٌۚ",
      "latin": "Salhum ayyuhum biżālika za‘īm(un).",
      "translation": "Tanyakanlah kepada mereka (kaum musyrik) siapakah di antara mereka yang bertanggung jawab terhadap (putusan yang diambil itu).",
      "footnotes": null
    },
    {
      "ayah": 41,
      "quarter_hizb": 57.25,
      "juz": 29,
      "manzil": 7,
      "arabic": "اَمْ لَهُمْ شُرَكَاۤءُۚ فَلْيَأْتُوْا بِشُرَكَاۤىِٕهِمْ اِنْ كَانُوْا صٰدِقِيْنَ ",
      "latin": "Am lahum syurakā'(u), falya'tū bisyurakā'ihim in kānū ṣādiqīn(a).",
      "translation": "Atau, apakah mereka mempunyai sekutu-sekutu? Kalau begitu, hendaklah mereka mendatangkan sekutu-sekutunya jika mereka orang-orang benar.",
      "footnotes": null
    },
    {
      "ayah": 42,
      "quarter_hizb": 57.25,
      "juz": 29,
      "manzil": 7,
      "arabic": "يَوْمَ يُكْشَفُ عَنْ سَاقٍ وَّيُدْعَوْنَ اِلَى السُّجُوْدِ فَلَا يَسْتَطِيْعُوْنَۙ",
      "latin": "Yauma yuksyafu ‘an sāqiw wa yud‘auna ilas-sujūdi falā yastaṭī‘ūn(a).",
      "translation": "(Ingatlah) pada hari ketika betis disingkapkan (yakni huru-hara di hari Kiamat) dan mereka diseru untuk bersujud. Namun, mereka tidak mampu.",
      "footnotes": null
    },
    {
      "ayah": 43,
      "quarter_hizb": 57.25,
      "juz": 29,
      "manzil": 7,
      "arabic": "خَاشِعَةً اَبْصَارُهُمْ تَرْهَقُهُمْ ذِلَّةٌ  ۗوَقَدْ كَانُوْا يُدْعَوْنَ اِلَى السُّجُوْدِ وَهُمْ سٰلِمُوْنَ ",
      "latin": "Khāsyi‘atan abṣāruhum tarhaquhum żillah(tun), wa qad kānū yud‘auna ilas-sujūdi wa hum sālimun(a).",
      "translation": "Pandangan mereka tertunduk dan diliputi kehinaan. Sungguh, dahulu (di dunia) mereka telah diseru untuk bersujud pada waktu mereka sehat (tetapi mereka enggan).",
      "footnotes": null
    },
    {
      "ayah": 44,
      "quarter_hizb": 57.25,
      "juz": 29,
      "manzil": 7,
      "arabic": "فَذَرْنِيْ وَمَنْ يُّكَذِّبُ بِهٰذَا الْحَدِيْثِۗ سَنَسْتَدْرِجُهُمْ مِّنْ حَيْثُ لَا يَعْلَمُوْنَۙ",
      "latin": "Fażarnī wa may yukażżibu bihāżal-ḥadīṡi sanastadrijuhum min ḥaiṡu lā ya‘lamūn(a).",
      "translation": "Biarkan Aku bersama orang-orang yang mendustakan perkataan ini (Al-Qur’an). Kelak akan Kami biarkan mereka berangsur-angsur (menuju kebinasaan) dari arah yang tidak mereka ketahui.",
      "footnotes": null
    },
    {
      "ayah": 45,
      "quarter_hizb": 57.25,
      "juz": 29,
      "manzil": 7,
      "arabic": "وَاُمْلِيْ لَهُمْۗ اِنَّ كَيْدِيْ مَتِيْنٌ ",
      "latin": "Wa umlī lahum, inna kaidī matīn(un).",
      "translation": "Aku memberi tenggang waktu kepada mereka. Sesungguhnya rencana-Ku sangat teguh.",
      "footnotes": null
    },
    {
      "ayah": 46,
      "quarter_hizb": 57.25,
      "juz": 29,
      "manzil": 7,
      "arabic": "اَمْ تَسْـَٔلُهُمْ اَجْرًا فَهُمْ مِّنْ مَّغْرَمٍ مُّثْقَلُوْنَۚ ",
      "latin": "Am tas'aluhum ajran fahum mim magramim muṡqalūn(a).",
      "translation": "Ataukah engkau (Nabi Muhammad) meminta imbalan kepada mereka sehingga mereka dibebani utang?",
      "footnotes": null
    },
    {
      "ayah": 47,
      "quarter_hizb": 57.25,
      "juz": 29,
      "manzil": 7,
      "arabic": "اَمْ عِنْدَهُمُ الْغَيْبُ فَهُمْ يَكْتُبُوْنَ ",
      "latin": "Am ‘indahumul-gaibu fahum yaktubūn(a).",
      "translation": "Ataukah mereka mengetahui yang gaib lalu mereka menuliskannya?",
      "footnotes": null
    },
    {
      "ayah": 48,
      "quarter_hizb": 57.25,
      "juz": 29,
      "manzil": 7,
      "arabic": "فَاصْبِرْ لِحُكْمِ رَبِّكَ وَلَا تَكُنْ كَصَاحِبِ الْحُوْتِۘ اِذْ نَادٰى وَهُوَ مَكْظُوْمٌۗ",
      "latin": "Faṣbir liḥukmi rabbika wa lā takun kaṣāḥibil-ḥūt(i), iż nādā wa huwa makẓūm(un).",
      "translation": "Oleh karena itu, bersabarlah (Nabi Muhammad) terhadap ketetapan Tuhanmu dan janganlah seperti orang yang berada dalam (perut) ikan (Yunus) ketika dia berdoa dengan hati sedih.",
      "footnotes": null
    },
    {
      "ayah": 49,
      "quarter_hizb": 57.25,
      "juz": 29,
      "manzil": 7,
      "arabic": "لَوْلَآ اَنْ تَدٰرَكَهٗ نِعْمَةٌ مِّنْ رَّبِّهٖ لَنُبِذَ بِالْعَرَاۤءِ وَهُوَ مَذْمُوْمٌ ",
      "latin": "Lau lā an tadārakahū ni‘matum mir rabbihī lanubiża bil-‘arā'i wa huwa mażmūm(un).",
      "translation": "Seandainya dia tidak segera mendapat nikmat dari Tuhannya, pastilah dia dicampakkan ke tanah tandus dalam keadaan tercela.",
      "footnotes": null
    },
    {
      "ayah": 50,
      "quarter_hizb": 57.25,
      "juz": 29,
      "manzil": 7,
      "arabic": "فَاجْتَبٰىهُ رَبُّهٗ فَجَعَلَهٗ مِنَ الصّٰلِحِيْنَ ",
      "latin": "Fajtabāhu rabbuhū faja‘alahū minaṣ-ṣāliḥīn(a).",
      "translation": "Tuhannya lalu memilihnya dan menjadikannya termasuk orang-orang saleh.",
      "footnotes": null
    },
    {
      "ayah": 51,
      "quarter_hizb": 57.25,
      "juz": 29,
      "manzil": 7,
      "arabic": "وَاِنْ يَّكَادُ الَّذِيْنَ كَفَرُوْا لَيُزْلِقُوْنَكَ بِاَبْصَارِهِمْ لَمَّا سَمِعُوا الذِّكْرَ وَيَقُوْلُوْنَ اِنَّهٗ لَمَجْنُوْنٌ ۘ",
      "latin": "Wa iy yakādul-lażīna kafarū layuzliqūnaka bi'abṣārihim lammā sami‘uż żikra wa yaqūlūna innahū lamajnūn(un).",
      "translation": "Sesungguhnya orang-orang yang kufur itu hampir-hampir menggelincirkanmu dengan pandangan matanya ketika mereka mendengar Al-Qur’an dan berkata, “Sesungguhnya dia (Nabi Muhammad) benar-benar orang gila.”",
      "footnotes": null
    },
    {
      "ayah": 52,
      "quarter_hizb": 57.25,
      "juz": 29,
      "manzil": 7,
      "arabic": "وَمَا هُوَ اِلَّا ذِكْرٌ لِّلْعٰلَمِيْنَ ࣖ ",
      "latin": "Wa mā huwa illā żikrul lil-‘ālamīn(a).",
      "translation": "(Al-Qur’an) itu tidak lain kecuali peringatan bagi seluruh alam.",
      "footnotes": null
    }
  ]
}