{
  "arabic": " الحاۤقّة",
  "latin": "Al-Ḥāqqah",
  "transliteration": "Al-Haqqah",
  "translation": "Hari Kiamat Yang Pasti Terjadi",
  "num_ayah": 52,
  "location": "Makkiyah",
  "ayah": [
    {
      "ayah": 1,
      "quarter_hizb": 57.5,
      "juz": 29,
      "manzil": 7,
      "arabic": "اَلْحَاۤقَّةُۙ",
      "latin": "Al-ḥāqqah(tu).",
      "translation": "Al-Ḥāqqah (hari Kiamat yang pasti datang).",
      "footnotes": null
    },
    {
      "ayah": 2,
      "quarter_hizb": 57.5,
      "juz": 29,
      "manzil": 7,
      "arabic": "مَا الْحَاۤقَّةُ ۚ ",
      "latin": "Mal-ḥāqqah(tu).",
      "translation": "Apakah al-Ḥāqqah itu?",
      "footnotes": null
    },
    {
      "ayah": 3,
      "quarter_hizb": 57.5,
      "juz": 29,
      "manzil": 7,
      "arabic": "وَمَآ اَدْرٰىكَ مَا الْحَاۤقَّةُ ۗ ",
      "latin": "Wa mā adrāka mal-ḥāqqah(tu).",
      "translation": "Tahukah kamu apakah al-Ḥāqqah itu?",
      "footnotes": null
    },
    {
      "ayah": 4,
      "quarter_hizb": 57.5,
      "juz": 29,
      "manzil": 7,
      "arabic": "كَذَّبَتْ ثَمُوْدُ وَعَادٌ ۢبِالْقَارِعَةِ ",
      "latin": "Każżabat ṡamūdu wa ‘ādum bil-qāri‘ah(ti).",
      "translation": "(Kaum) Samud dan ‘Ad telah mendustakan al-Qāri‘ah (hari Kiamat yang menggetarkan hati).",
      "footnotes": null
    },
    {
      "ayah": 5,
      "quarter_hizb": 57.5,
      "juz": 29,
      "manzil": 7,
      "arabic": "فَاَمَّا ثَمُوْدُ فَاُهْلِكُوْا بِالطَّاغِيَةِ ",
      "latin": "Fa'ammā ṡamūdu fa uhlikū biṭ-ṭāgiyah(ti).",
      "translation": "Adapun (kaum) Samud, mereka telah dibinasakan dengan suara yang sangat keras,",
      "footnotes": null
    },
    {
      "ayah": 6,
      "quarter_hizb": 57.5,
      "juz": 29,
      "manzil": 7,
      "arabic": "وَاَمَّا عَادٌ فَاُهْلِكُوْا بِرِيْحٍ صَرْصَرٍ عَاتِيَةٍۙ",
      "latin": "Wa ammā ‘ādun fa'uhlikū birīḥin ṣarṣarin ‘ātiyah(tin).",
      "translation": "sedangkan (kaum) ‘Ad telah dibinasakan dengan angin topan yang sangat dingin.",
      "footnotes": null
    },
    {
      "ayah": 7,
      "quarter_hizb": 57.5,
      "juz": 29,
      "manzil": 7,
      "arabic": "سَخَّرَهَا عَلَيْهِمْ سَبْعَ لَيَالٍ وَّثَمٰنِيَةَ اَيَّامٍۙ حُسُوْمًا فَتَرَى الْقَوْمَ فِيْهَا صَرْعٰىۙ  كَاَنَّهُمْ اَعْجَازُ نَخْلٍ خَاوِيَةٍۚ",
      "latin": "Sakhkharahā ‘alaihim sab‘a layāliw wa ṡamāniyata ayyām(in), ḥusūman fataral-qauma fīhā ṣar‘ā, ka'annahum a‘jāzu nakhlin khāwiyah(tin).",
      "translation": "Dia menimpakan angin itu kepada mereka selama tujuh malam delapan hari terus-menerus. Maka, kamu melihat kaum (‘Ad) pada waktu itu mati bergelimpangan seperti batang-batang pohon kurma yang telah (lapuk) bagian dalamnya.",
      "footnotes": null
    },
    {
      "ayah": 8,
      "quarter_hizb": 57.5,
      "juz": 29,
      "manzil": 7,
      "arabic": "فَهَلْ تَرٰى لَهُمْ مِّنْۢ بَاقِيَةٍ ",
      "latin": "Fahal tarā lahum mim bāqiyah(tin).",
      "translation": "Adakah kamu melihat seorang pun yang masih tersisa di antara mereka?",
      "footnotes": null
    },
    {
      "ayah": 9,
      "quarter_hizb": 57.5,
      "juz": 29,
      "manzil": 7,
      "arabic": "وَجَاۤءَ فِرْعَوْنُ وَمَنْ قَبْلَهٗ وَالْمُؤْتَفِكٰتُ بِالْخَاطِئَةِۚ",
      "latin": "Wa jā'a fir‘aunu wa man qablahū wal-mu'tafikātu bil-khāṭi'ah(ti).",
      "translation": "Begitu juga, Firʻaun dan orang-orang yang sebelumnya serta (penduduk) negeri-negeri yang dijungkirbalikkan datang dengan membawa kesalahan yang besar.",
      "footnotes": null
    },
    {
      "ayah": 10,
      "quarter_hizb": 57.5,
      "juz": 29,
      "manzil": 7,
      "arabic": "فَعَصَوْا رَسُوْلَ رَبِّهِمْ فَاَخَذَهُمْ اَخْذَةً رَّابِيَةً ",
      "latin": "Fa ‘aṣau rasūla rabbihim fa akhażahum akhżatar rābiyah(tan).",
      "translation": "Mereka mendurhakai utusan Tuhannya, lalu Dia menyiksa mereka dengan siksaan yang sangat keras.",
      "footnotes": null
    },
    {
      "ayah": 11,
      "quarter_hizb": 57.5,
      "juz": 29,
      "manzil": 7,
      "arabic": "اِنَّا لَمَّا طَغَا الْمَاۤءُ حَمَلْنٰكُمْ فِى الْجَارِيَةِۙ",
      "latin": "Innā lammā ṭagal-mā'u ḥamalnākum fil-jāriyah(ti).",
      "translation": "Sesungguhnya ketika air naik (sampai ke gunung), Kami membawa (nenek moyang)-mu ke dalam (bahtera) yang berlayar",
      "footnotes": null
    },
    {
      "ayah": 12,
      "quarter_hizb": 57.5,
      "juz": 29,
      "manzil": 7,
      "arabic": "لِنَجْعَلَهَا لَكُمْ تَذْكِرَةً وَّتَعِيَهَآ اُذُنٌ وَّاعِيَةٌ ",
      "latin": "Linaj‘alahā lakum tażkirataw wa ta‘iyahā użunuw wā‘iyah(tun).",
      "translation": "agar Kami jadikan (peristiwa) itu sebagai peringatan bagi kamu dan agar diperhatikan oleh telinga yang mau mendengar.",
      "footnotes": null
    },
    {
      "ayah": 13,
      "quarter_hizb": 57.5,
      "juz": 29,
      "manzil": 7,
      "arabic": "فَاِذَا نُفِخَ فِى الصُّوْرِ نَفْخَةٌ وَّاحِدَةٌ ۙ",
      "latin": "Fa iżā nufikha fiṣ-ṣūri nafkhatuw wāḥidah(tun).",
      "translation": "Apabila sangkakala ditiup dengan sekali tiupan",
      "footnotes": null
    },
    {
      "ayah": 14,
      "quarter_hizb": 57.5,
      "juz": 29,
      "manzil": 7,
      "arabic": "وَّحُمِلَتِ الْاَرْضُ وَالْجِبَالُ فَدُكَّتَا دَكَّةً وَّاحِدَةًۙ",
      "latin": "Wa ḥumilatil-arḍu wal-jibālu fa dukkatā dakkataw wāḥidah(tan).",
      "translation": "dan bumi serta gunung-gunung diangkat lalu dibenturkan dengan sekali benturan,",
      "footnotes": null
    },
    {
      "ayah": 15,
      "quarter_hizb": 57.5,
      "juz": 29,
      "manzil": 7,
      "arabic": "فَيَوْمَىِٕذٍ وَّقَعَتِ الْوَاقِعَةُۙ",
      "latin": "Fayauma'iżiw waqa‘atil-wāqi‘ah(tu).",
      "translation": "pada hari itu terjadilah kiamat.",
      "footnotes": null
    },
    {
      "ayah": 16,
      "quarter_hizb": 57.5,
      "juz": 29,
      "manzil": 7,
      "arabic": "وَانْشَقَّتِ السَّمَاۤءُ فَهِيَ يَوْمَىِٕذٍ وَّاهِيَةٌۙ",
      "latin": "Wansyaqqatis-samā'u fahiya yauma'iżiw wāhiyah(tun).",
      "translation": "Langit juga terbelah karena pada hari itu ia rapuh.",
      "footnotes": null
    },
    {
      "ayah": 17,
      "quarter_hizb": 57.5,
      "juz": 29,
      "manzil": 7,
      "arabic": "وَّالْمَلَكُ عَلٰٓى اَرْجَاۤىِٕهَاۗ وَيَحْمِلُ عَرْشَ رَبِّكَ فَوْقَهُمْ يَوْمَىِٕذٍ ثَمٰنِيَةٌ  ۗ",
      "latin": "Wal-malaku ‘alā arjā'ihā, wa yaḥmilu ‘arsya rabbika fauqahum yauma'iżin ṡamāniyah(tun).",
      "translation": "Para malaikat berada di berbagai penjurunya (langit). Pada hari itu delapan malaikat menjunjung ʻArasy (singgasana) Tuhanmu di atas mereka.",
      "footnotes": null
    },
    {
      "ayah": 18,
      "quarter_hizb": 57.5,
      "juz": 29,
      "manzil": 7,
      "arabic": "يَوْمَىِٕذٍ تُعْرَضُوْنَ لَا تَخْفٰى مِنْكُمْ خَافِيَةٌ ",
      "latin": "Yauma'iżin tu‘raḍūna lā takhfā minkum khāfiyah(tun). ",
      "translation": "Pada hari itu kamu dihadapkan (kepada Tuhanmu). Tidak ada sesuatu pun dari kamu yang tersembunyi.",
      "footnotes": null
    },
    {
      "ayah": 19,
      "quarter_hizb": 57.5,
      "juz": 29,
      "manzil": 7,
      "arabic": "فَاَمَّا مَنْ اُوْتِيَ كِتٰبَهٗ بِيَمِيْنِهٖ فَيَقُوْلُ هَاۤؤُمُ اقْرَءُوْا كِتٰبِيَهْۚ ",
      "latin": "Fa ammā man ūtiya kitābahū biyamīnihī fa yaqūlu hā'umuqra'ū kitābiyah.",
      "translation": "Adapun orang yang diberi catatan amalnya di tangan kanannya, dia berkata (kepada orang-orang di sekelilingnya), “Ambillah (dan) bacalah kitabku (ini)!",
      "footnotes": null
    },
    {
      "ayah": 20,
      "quarter_hizb": 57.5,
      "juz": 29,
      "manzil": 7,
      "arabic": "اِنِّيْ ظَنَنْتُ اَنِّيْ مُلٰقٍ حِسَابِيَهْۚ",
      "latin": "Innī ẓanantu annī mulāqin ḥisābiyah.",
      "translation": "Sesungguhnya (saat di dunia) aku yakin bahwa (suatu saat) aku akan menerima perhitungan diriku.”",
      "footnotes": null
    },
    {
      "ayah": 21,
      "quarter_hizb": 57.5,
      "juz": 29,
      "manzil": 7,
      "arabic": "فَهُوَ فِيْ عِيْشَةٍ رَّاضِيَةٍۚ",
      "latin": "Fa huwa fī ‘īsyatir rāḍiyah(tin).",
      "translation": "Maka, ia berada dalam kehidupan yang menyenangkan",
      "footnotes": null
    },
    {
      "ayah": 22,
      "quarter_hizb": 57.5,
      "juz": 29,
      "manzil": 7,
      "arabic": "فِيْ جَنَّةٍ عَالِيَةٍۙ",
      "latin": "Fī jannatin ‘āliyah(tin).",
      "translation": "dalam surga yang tinggi ",
      "footnotes": null
    },
    {
      "ayah": 23,
      "quarter_hizb": 57.5,
      "juz": 29,
      "manzil": 7,
      "arabic": "قُطُوْفُهَا دَانِيَةٌ ",
      "latin": "Quṭūfuhā dāniyah(tun).",
      "translation": "yang buah-buahannya dekat.",
      "footnotes": null
    },
    {
      "ayah": 24,
      "quarter_hizb": 57.5,
      "juz": 29,
      "manzil": 7,
      "arabic": "كُلُوْا وَاشْرَبُوْا هَنِيْۤـًٔا ۢبِمَآ اَسْلَفْتُمْ فِى الْاَيَّامِ الْخَالِيَةِ ",
      "latin": "Kulū wasyrabū hanī'am bimā aslaftum fil-ayyāmil-khāliyah(ti).",
      "translation": "(Dikatakan kepada mereka,) “Makan dan minumlah dengan nikmat sebagai balasan amal yang kamu kerjakan pada hari-hari yang telah lalu.”",
      "footnotes": null
    },
    {
      "ayah": 25,
      "quarter_hizb": 57.5,
      "juz": 29,
      "manzil": 7,
      "arabic": "وَاَمَّا مَنْ اُوْتِيَ كِتٰبَهٗ بِشِمَالِهٖ ەۙ فَيَقُوْلُ يٰلَيْتَنِيْ لَمْ اُوْتَ كِتٰبِيَهْۚ",
      "latin": "Wa ammā man ūtiya kitābahū bisyimālih(ī), fa yaqūlu yā laitanī lam ūta kitābiyah.",
      "translation": "Adapun orang yang diberi catatan amalnya di tangan kirinya berkata, “Seandainya saja aku tidak diberi catatan amalku",
      "footnotes": null
    },
    {
      "ayah": 26,
      "quarter_hizb": 57.5,
      "juz": 29,
      "manzil": 7,
      "arabic": "وَلَمْ اَدْرِ مَا حِسَابِيَهْۚ",
      "latin": "Wa lam adri mā ḥisābiyah.",
      "translation": "dan tidak mengetahui bagaimana perhitunganku.",
      "footnotes": null
    },
    {
      "ayah": 27,
      "quarter_hizb": 57.5,
      "juz": 29,
      "manzil": 7,
      "arabic": "يٰلَيْتَهَا كَانَتِ الْقَاضِيَةَۚ",
      "latin": "Yā laitahā kānatil-qāḍiyah(ta).",
      "translation": "Seandainya saja ia (kematian) itulah yang menyudahi segala sesuatu.",
      "footnotes": null
    },
    {
      "ayah": 28,
      "quarter_hizb": 57.5,
      "juz": 29,
      "manzil": 7,
      "arabic": "مَآ اَغْنٰى عَنِّيْ مَالِيَهْۚ ",
      "latin": "Mā agnā ‘annī māliyah.",
      "translation": "Hartaku sama sekali tidak berguna bagiku.",
      "footnotes": null
    },
    {
      "ayah": 29,
      "quarter_hizb": 57.5,
      "juz": 29,
      "manzil": 7,
      "arabic": "هَلَكَ عَنِّيْ سُلْطٰنِيَهْۚ",
      "latin": "Halaka ‘annī sulṭāniyah.",
      "translation": "Kekuasaanku telah hilang dariku.”",
      "footnotes": null
    },
    {
      "ayah": 30,
      "quarter_hizb": 57.5,
      "juz": 29,
      "manzil": 7,
      "arabic": "خُذُوْهُ فَغُلُّوْهُۙ",
      "latin": "Khużūhu fagullūh(u).",
      "translation": "(Allah berfirman,) “Tangkap dia lalu belenggu tangannya ke lehernya.",
      "footnotes": null
    },
    {
      "ayah": 31,
      "quarter_hizb": 57.5,
      "juz": 29,
      "manzil": 7,
      "arabic": "ثُمَّ الْجَحِيْمَ صَلُّوْهُۙ",
      "latin": "Ṡummal-jaḥīma ṣallūh(u).",
      "translation": "Kemudian, masukkan dia ke dalam (neraka) Jahim.",
      "footnotes": null
    },
    {
      "ayah": 32,
      "quarter_hizb": 57.5,
      "juz": 29,
      "manzil": 7,
      "arabic": "ثُمَّ فِيْ سِلْسِلَةٍ ذَرْعُهَا سَبْعُوْنَ ذِرَاعًا فَاسْلُكُوْهُۗ",
      "latin": "Ṡumma fī silsilatin żar‘uhā sab‘ūna żirā‘an faslukūh(u).",
      "translation": "Kemudian, belit dia dengan rantai yang panjangnya tujuh puluh hasta.",
      "footnotes": null
    },
    {
      "ayah": 33,
      "quarter_hizb": 57.5,
      "juz": 29,
      "manzil": 7,
      "arabic": "اِنَّهٗ كَانَ لَا يُؤْمِنُ بِاللّٰهِ الْعَظِيْمِۙ",
      "latin": "Innahū kāna lā yu'minu billāhil-‘aẓīm(i).",
      "translation": "Sesungguhnya dia tidak beriman kepada Allah Yang Maha Agung.",
      "footnotes": null
    },
    {
      "ayah": 34,
      "quarter_hizb": 57.5,
      "juz": 29,
      "manzil": 7,
      "arabic": "وَلَا يَحُضُّ عَلٰى طَعَامِ الْمِسْكِيْنِۗ",
      "latin": "Wa lā yaḥuḍḍu ‘alā ṭa‘āmil-miskīn(i).",
      "translation": "Dia juga tidak mendorong (orang lain) untuk memberi makan orang miskin.",
      "footnotes": null
    },
    {
      "ayah": 35,
      "quarter_hizb": 57.5,
      "juz": 29,
      "manzil": 7,
      "arabic": "فَلَيْسَ لَهُ الْيَوْمَ هٰهُنَا حَمِيْمٌۙ",
      "latin": "Fa laisa lahul-yauma hāhunā ḥamīm(un).",
      "translation": "Maka, pada hari ini tidak ada seorang pun teman setia baginya di sini (neraka).",
      "footnotes": null
    },
    {
      "ayah": 36,
      "quarter_hizb": 57.5,
      "juz": 29,
      "manzil": 7,
      "arabic": "وَّلَا طَعَامٌ اِلَّا مِنْ غِسْلِيْنٍۙ",
      "latin": "Wa lā ṭa‘āmun illā min gislīn(in).",
      "translation": "Tidak ada makanan (baginya), kecuali dari darah dan nanah.",
      "footnotes": null
    },
    {
      "ayah": 37,
      "quarter_hizb": 57.5,
      "juz": 29,
      "manzil": 7,
      "arabic": "لَّا يَأْكُلُهٗٓ اِلَّا الْخٰطِـُٔوْنَ ࣖ ",
      "latin": "Lā ya'kuluhū illal-khāṭi'ūn(a).",
      "translation": "Tidak ada yang memakannya, kecuali para pendosa.”",
      "footnotes": null
    },
    {
      "ayah": 38,
      "quarter_hizb": 57.5,
      "juz": 29,
      "manzil": 7,
      "arabic": "فَلَآ اُقْسِمُ بِمَا تُبْصِرُوْنَۙ",
      "latin": "Falā uqsimu bimā tubṣirūn(a).",
      "translation": "Maka, Aku bersumpah demi apa yang kamu lihat",
      "footnotes": null
    },
    {
      "ayah": 39,
      "quarter_hizb": 57.5,
      "juz": 29,
      "manzil": 7,
      "arabic": "وَمَا لَا تُبْصِرُوْنَۙ",
      "latin": "Wa mā lā tubṣirūn(a).",
      "translation": "dan demi apa yang tidak kamu lihat,",
      "footnotes": null
    },
    {
      "ayah": 40,
      "quarter_hizb": 57.5,
      "juz": 29,
      "manzil": 7,
      "arabic": "اِنَّهٗ لَقَوْلُ رَسُوْلٍ كَرِيْمٍۙ",
      "latin": "Innahū laqaulu rasūlin karīm(in).",
      "translation": "sesungguhnya ia (Al-Qur’an) itu benar-benar wahyu (yang diturunkan kepada) Rasul yang mulia.",
      "footnotes": null
    },
    {
      "ayah": 41,
      "quarter_hizb": 57.5,
      "juz": 29,
      "manzil": 7,
      "arabic": "وَّمَا هُوَ بِقَوْلِ شَاعِرٍۗ قَلِيْلًا مَّا تُؤْمِنُوْنَۙ",
      "latin": "Wa mā huwa biqauli syā‘ir(in), qalīlam mā tu'minūn(a).",
      "translation": "Ia (Al-Qur’an) bukanlah perkataan seorang penyair. Sedikit sekali kamu beriman (kepadanya).",
      "footnotes": null
    },
    {
      "ayah": 42,
      "quarter_hizb": 57.5,
      "juz": 29,
      "manzil": 7,
      "arabic": "وَلَا بِقَوْلِ كَاهِنٍۗ قَلِيْلًا مَّا تَذَكَّرُوْنَۗ",
      "latin": "Wa lā biqauli kāhin(in), qalīlam mā tażakkarūn(a).",
      "translation": "(Al-Qur’an) bukan pula perkataan tukang tenung. Sedikit sekali kamu mengambil pelajaran (darinya).",
      "footnotes": null
    },
    {
      "ayah": 43,
      "quarter_hizb": 57.5,
      "juz": 29,
      "manzil": 7,
      "arabic": "تَنْزِيْلٌ مِّنْ رَّبِّ الْعٰلَمِيْنَ ",
      "latin": "Tanzīlum mir rabbil-‘ālamīn(a).",
      "translation": "(Al-Qur’an itu) diturunkan dari Tuhan semesta alam.",
      "footnotes": null
    },
    {
      "ayah": 44,
      "quarter_hizb": 57.5,
      "juz": 29,
      "manzil": 7,
      "arabic": "وَلَوْ تَقَوَّلَ عَلَيْنَا بَعْضَ الْاَقَاوِيْلِۙ",
      "latin": "Wa lau taqawwala ‘alainā ba‘ḍal-aqāwīl(i).",
      "translation": "Sekiranya dia (Nabi Muhammad) mengada-adakan sebagian saja perkataan atas (nama) Kami,",
      "footnotes": null
    },
    {
      "ayah": 45,
      "quarter_hizb": 57.5,
      "juz": 29,
      "manzil": 7,
      "arabic": "لَاَخَذْنَا مِنْهُ بِالْيَمِيْنِۙ",
      "latin": "La'akhażnā minhu  bil-yamīn(i).",
      "translation": "niscaya Kami benar-benar menyiksanya dengan penuh kekuatan.",
      "footnotes": null
    },
    {
      "ayah": 46,
      "quarter_hizb": 57.5,
      "juz": 29,
      "manzil": 7,
      "arabic": "ثُمَّ لَقَطَعْنَا مِنْهُ الْوَتِيْنَۖ",
      "latin": "Ṡumma laqaṭa‘nā minhul-watīn(a).",
      "translation": "Kemudian, Kami benar-benar memotong urat nadinya.",
      "footnotes": null
    },
    {
      "ayah": 47,
      "quarter_hizb": 57.5,
      "juz": 29,
      "manzil": 7,
      "arabic": "فَمَا مِنْكُمْ مِّنْ اَحَدٍ عَنْهُ حٰجِزِيْنَۙ",
      "latin": "Famā minkum min aḥadin ‘anhu ḥājizīn(a).",
      "translation": "Maka, tidak ada seorang pun dari kamu yang dapat menghalangi (Kami) darinya (pemotongan urat nadi itu).",
      "footnotes": null
    },
    {
      "ayah": 48,
      "quarter_hizb": 57.5,
      "juz": 29,
      "manzil": 7,
      "arabic": "وَاِنَّهٗ لَتَذْكِرَةٌ لِّلْمُتَّقِيْنَ ",
      "latin": "Wa innahū latażkiratul lil-muttaqīn(a).",
      "translation": "Sesungguhnya ia (Al-Qur’an itu) benar-benar suatu pelajaran bagi orang-orang yang bertakwa.",
      "footnotes": null
    },
    {
      "ayah": 49,
      "quarter_hizb": 57.5,
      "juz": 29,
      "manzil": 7,
      "arabic": "وَاِنَّا لَنَعْلَمُ اَنَّ مِنْكُمْ مُّكَذِّبِيْنَۗ",
      "latin": "Wa innā lana‘lamu anna minkum mukażżibīn(a).",
      "translation": "Sesungguhnya Kami benar-benar mengetahui bahwa di antara kamu ada para pendusta.",
      "footnotes": null
    },
    {
      "ayah": 50,
      "quarter_hizb": 57.5,
      "juz": 29,
      "manzil": 7,
      "arabic": "وَاِنَّهٗ لَحَسْرَةٌ عَلَى الْكٰفِرِيْنَۚ",
      "latin": "Wa innahū laḥasratun ‘alal-kāfirīn(a).",
      "translation": "Sesungguhnya ia (pendustaan terhadap Al-Qur’an) benar-benar menjadi penyesalan bagi orang-orang kafir (di akhirat).",
      "footnotes": null
    },
    {
      "ayah": 51,
      "quarter_hizb": 57.5,
      "juz": 29,
      "manzil": 7,
      "arabic": "وَاِنَّهٗ لَحَقُّ الْيَقِيْنِ ",
      "latin": "Wa innahū laḥaqqul-yaqīn(i).",
      "translation": "Sesungguhnya ia (Al-Qur’an itu) adalah kebenaran yang meyakinkan.",
      "footnotes": null
    },
    {
      "ayah": 52,
      "quarter_hizb": 57.5,
      "juz": 29,
      "manzil": 7,
      "arabic": "فَسَبِّحْ بِاسْمِ رَبِّكَ الْعَظِيْمِ ࣖ",
      "latin": "Fa sabbiḥ bismi rabbikal-‘aẓīm(i).",
      "translation": "Maka, bertasbihlah dengan (menyebut) nama Tuhanmu Yang Maha Agung.",
      "footnotes": null
    }
  ]
}