{
  "arabic": " المعارج",
  "latin": "Al-Ma‘ārij",
  "transliteration": "Al-Ma‘arij",
  "translation": "Tempat-Tempat Naik",
  "num_ayah": 44,
  "location": "Makkiyah",
  "ayah": [
    {
      "ayah": 1,
      "quarter_hizb": 57.5,
      "juz": 29,
      "manzil": 7,
      "arabic": "سَاَلَ سَاۤىِٕلٌۢ بِعَذَابٍ وَّاقِعٍۙ",
      "latin": "Sa'ala sā'ilum bi‘ażābiw wāqi‘(in).",
      "translation": "Seseorang (dengan nada mengejek) meminta (didatangkan) azab yang pasti akan terjadi",
      "footnotes": null
    },
    {
      "ayah": 2,
      "quarter_hizb": 57.5,
      "juz": 29,
      "manzil": 7,
      "arabic": "لِّلْكٰفِرِيْنَ لَيْسَ لَهٗ دَافِعٌۙ",
      "latin": "Lil-kāfirīna laisa lahū dāfi‘(un).",
      "translation": "bagi orang-orang kafir. Tidak seorang pun yang dapat menolaknya (azab)",
      "footnotes": null
    },
    {
      "ayah": 3,
      "quarter_hizb": 57.5,
      "juz": 29,
      "manzil": 7,
      "arabic": "مِّنَ اللّٰهِ ذِى الْمَعَارِجِۗ",
      "latin": "Minallāhi żil-ma‘ārij(i).",
      "translation": "dari Allah, Pemilik tempat-tempat (untuk) naik.",
      "footnotes": null
    },
    {
      "ayah": 4,
      "quarter_hizb": 57.5,
      "juz": 29,
      "manzil": 7,
      "arabic": "تَعْرُجُ الْمَلٰۤىِٕكَةُ وَالرُّوْحُ اِلَيْهِ فِيْ يَوْمٍ كَانَ مِقْدَارُهٗ خَمْسِيْنَ اَلْفَ سَنَةٍۚ",
      "latin": "Ta‘rujul-malā'ikatu war-rūḥu ilaihi fī yaumin kāna miqdāruhū khamsīna alfa sanah(tin).",
      "translation": "Para malaikat dan Rūḥ (Jibril) naik (menghadap) kepada-Nya dalam sehari yang kadarnya lima puluh ribu tahun.722)",
      "footnotes": "722) Maksudnya, Jibril dan para malaikat lain butuh waktu satu hari perjalanan untuk menghadap Allah Swt. Satu hari dalam dunia malaikat sama dengan lima puluh ribu tahun dalam dunia manusia."
    },
    {
      "ayah": 5,
      "quarter_hizb": 57.5,
      "juz": 29,
      "manzil": 7,
      "arabic": "فَاصْبِرْ صَبْرًا جَمِيْلًا",
      "latin": "Faṣbir ṣabran jamīlā(n).",
      "translation": "Maka, bersabarlah dengan kesabaran yang baik.",
      "footnotes": null
    },
    {
      "ayah": 6,
      "quarter_hizb": 57.5,
      "juz": 29,
      "manzil": 7,
      "arabic": "اِنَّهُمْ يَرَوْنَهٗ بَعِيْدًاۙ",
      "latin": "Innahum yaraunahū ba‘īdā(n).",
      "translation": "Sesungguhnya mereka memandangnya (siksaan itu) jauh (mustahil terjadi),",
      "footnotes": null
    },
    {
      "ayah": 7,
      "quarter_hizb": 57.5,
      "juz": 29,
      "manzil": 7,
      "arabic": "وَّنَرٰىهُ قَرِيْبًاۗ",
      "latin": "Wa narāhu qarībā(n).",
      "translation": "sedangkan Kami memandangnya dekat (pasti terjadi).",
      "footnotes": null
    },
    {
      "ayah": 8,
      "quarter_hizb": 57.5,
      "juz": 29,
      "manzil": 7,
      "arabic": "يَوْمَ تَكُوْنُ السَّمَاۤءُ كَالْمُهْلِۙ",
      "latin": "Yauma takūnus-samā'u kal-muhl(i).",
      "translation": "(Siksaan itu datang) pada hari (ketika) langit menjadi seperti luluhan perak,",
      "footnotes": null
    },
    {
      "ayah": 9,
      "quarter_hizb": 57.5,
      "juz": 29,
      "manzil": 7,
      "arabic": "وَتَكُوْنُ الْجِبَالُ كَالْعِهْنِۙ",
      "latin": "Wa takūnul-jibālu kal-‘ihn(i).",
      "translation": "gunung-gunung menjadi seperti bulu (yang beterbangan),",
      "footnotes": null
    },
    {
      "ayah": 10,
      "quarter_hizb": 57.5,
      "juz": 29,
      "manzil": 7,
      "arabic": "وَلَا يَسْـَٔلُ حَمِيْمٌ حَمِيْمًاۚ ",
      "latin": "Wa lā yas'alu ḥamīmun ḥamīmā(n).",
      "translation": "dan tidak ada seorang pun teman setia yang menanyakan temannya,",
      "footnotes": null
    },
    {
      "ayah": 11,
      "quarter_hizb": 57.5,
      "juz": 29,
      "manzil": 7,
      "arabic": "يُبَصَّرُوْنَهُمْۗ يَوَدُّ الْمُجْرِمُ لَوْ يَفْتَدِيْ مِنْ عَذَابِ يَوْمِىِٕذٍۢ بِبَنِيْهِۙ",
      "latin": "Yubaṣṣarūnahum, yawaddul-mujrimu lau yaftadī  min ‘ażābi yaumi'iżim bibanīh(i).",
      "translation": "(padahal) mereka saling melihat. Orang yang berbuat durhaka itu menginginkan sekiranya dia dapat menebus (dirinya) dari azab hari itu dengan anak-anaknya,",
      "footnotes": null
    },
    {
      "ayah": 12,
      "quarter_hizb": 57.5,
      "juz": 29,
      "manzil": 7,
      "arabic": "وَصَاحِبَتِهٖ وَاَخِيْهِۙ",
      "latin": "Wa ṣāḥibatihī wa akhīh(i).",
      "translation": "istrinya, saudaranya,",
      "footnotes": null
    },
    {
      "ayah": 13,
      "quarter_hizb": 57.5,
      "juz": 29,
      "manzil": 7,
      "arabic": "وَفَصِيْلَتِهِ الَّتِيْ تُـْٔوِيْهِۙ",
      "latin": "Wa faṣīlatihil-latī tu'wīh(i).",
      "translation": "keluarga yang melindunginya (di dunia),",
      "footnotes": null
    },
    {
      "ayah": 14,
      "quarter_hizb": 57.5,
      "juz": 29,
      "manzil": 7,
      "arabic": "وَمَنْ فِى الْاَرْضِ جَمِيْعًاۙ ثُمَّ يُنْجِيْهِۙ",
      "latin": "Wa man fil-arḍi jamī‘ā(n), ṡumma yunjīh(i).",
      "translation": "dan seluruh orang di bumi. Kemudian, (dia mengharapkan) tebusan itu dapat menyelamatkannya.",
      "footnotes": null
    },
    {
      "ayah": 15,
      "quarter_hizb": 57.5,
      "juz": 29,
      "manzil": 7,
      "arabic": "كَلَّاۗ اِنَّهَا لَظٰىۙ",
      "latin": "Kallā, innahā laẓā.",
      "translation": "Sekali-kali tidak! Sesungguhnya ia (neraka) itu adalah api yang bergejolak",
      "footnotes": null
    },
    {
      "ayah": 16,
      "quarter_hizb": 57.5,
      "juz": 29,
      "manzil": 7,
      "arabic": "نَزَّاعَةً لِّلشَّوٰىۚ",
      "latin": "Nazzā‘atal lisy-syawā.",
      "translation": "yang mengelupaskan kulit kepala,",
      "footnotes": null
    },
    {
      "ayah": 17,
      "quarter_hizb": 57.5,
      "juz": 29,
      "manzil": 7,
      "arabic": "تَدْعُوْا مَنْ اَدْبَرَ وَتَوَلّٰىۙ",
      "latin": "Tad‘ū man adbara wa tawallā.",
      "translation": "yang memanggil orang yang berpaling dan menjauh (dari agama),",
      "footnotes": null
    },
    {
      "ayah": 18,
      "quarter_hizb": 57.5,
      "juz": 29,
      "manzil": 7,
      "arabic": "وَجَمَعَ فَاَوْعٰى ",
      "latin": "Wa jama‘a fa'au‘ā.",
      "translation": "serta mengumpulkan (harta benda), lalu menyimpannya.723)",
      "footnotes": "723) Maksudnya adalah orang-orang yangmenyimpan hartanya, tidak mau mengeluarkan zakat, dan tidak pula menginfakkannya ke jalan yang benar. "
    },
    {
      "ayah": 19,
      "quarter_hizb": 57.75,
      "juz": 29,
      "manzil": 7,
      "arabic": "۞ اِنَّ الْاِنْسَانَ خُلِقَ هَلُوْعًاۙ",
      "latin": "Innal-insāna khuliqa halu‘ā(n).",
      "translation": "Sesungguhnya manusia diciptakan dengan sifat keluh kesah lagi kikir.",
      "footnotes": null
    },
    {
      "ayah": 20,
      "quarter_hizb": 57.75,
      "juz": 29,
      "manzil": 7,
      "arabic": "اِذَا مَسَّهُ الشَّرُّ جَزُوْعًاۙ",
      "latin": "Iżā massahusy-syarru jazū‘ā(n).",
      "translation": "Apabila ditimpa keburukan (kesusahan), ia berkeluh kesah.",
      "footnotes": null
    },
    {
      "ayah": 21,
      "quarter_hizb": 57.75,
      "juz": 29,
      "manzil": 7,
      "arabic": "وَّاِذَا مَسَّهُ الْخَيْرُ مَنُوْعًاۙ",
      "latin": "Wa iżā massahul-khairu manū‘ā(n).",
      "translation": "Apabila mendapat kebaikan (harta), ia amat kikir,",
      "footnotes": null
    },
    {
      "ayah": 22,
      "quarter_hizb": 57.75,
      "juz": 29,
      "manzil": 7,
      "arabic": "اِلَّا الْمُصَلِّيْنَۙ",
      "latin": "Illal-muṣallīn(a).",
      "translation": "kecuali orang-orang yang mengerjakan salat,",
      "footnotes": null
    },
    {
      "ayah": 23,
      "quarter_hizb": 57.75,
      "juz": 29,
      "manzil": 7,
      "arabic": "الَّذِيْنَ هُمْ عَلٰى صَلَاتِهِمْ دَاۤىِٕمُوْنَۖ",
      "latin": "Allażīna hum ‘alā ṣalātihim dā'imūn(a).",
      "translation": "yang selalu setia mengerjakan salatnya,",
      "footnotes": null
    },
    {
      "ayah": 24,
      "quarter_hizb": 57.75,
      "juz": 29,
      "manzil": 7,
      "arabic": "وَالَّذِيْنَ فِيْٓ اَمْوَالِهِمْ حَقٌّ مَّعْلُوْمٌۖ",
      "latin": "Wal-lażīna fī amwālihim ḥaqqum ma‘lūm(un).",
      "translation": "yang di dalam hartanya ada bagian tertentu",
      "footnotes": null
    },
    {
      "ayah": 25,
      "quarter_hizb": 57.75,
      "juz": 29,
      "manzil": 7,
      "arabic": "لِّلسَّاۤىِٕلِ وَالْمَحْرُوْمِۖ",
      "latin": "Lis-sā'ili wal-maḥrūm(i).",
      "translation": "untuk orang (miskin) yang meminta-minta dan orang (miskin) yang menahan diri dari meminta-minta,",
      "footnotes": null
    },
    {
      "ayah": 26,
      "quarter_hizb": 57.75,
      "juz": 29,
      "manzil": 7,
      "arabic": "وَالَّذِيْنَ يُصَدِّقُوْنَ بِيَوْمِ الدِّيْنِۖ",
      "latin": "Wal-lażīna yuṣaddiqūna biyaumid-dīn(i).",
      "translation": "yang memercayai hari Pembalasan,",
      "footnotes": null
    },
    {
      "ayah": 27,
      "quarter_hizb": 57.75,
      "juz": 29,
      "manzil": 7,
      "arabic": "وَالَّذِيْنَ هُمْ مِّنْ عَذَابِ رَبِّهِمْ مُّشْفِقُوْنَۚ",
      "latin": "Wal-lażīna hum min ‘ażābi rabbihim musyfiqūn(a).",
      "translation": "dan yang takut terhadap azab Tuhannya.",
      "footnotes": null
    },
    {
      "ayah": 28,
      "quarter_hizb": 57.75,
      "juz": 29,
      "manzil": 7,
      "arabic": "اِنَّ عَذَابَ رَبِّهِمْ غَيْرُ مَأْمُوْنٍۖ",
      "latin": "Inna ‘ażāba rabbihim gairu ma'mūn(in).",
      "translation": "Sesungguhnya tidak ada orang yang merasa aman dari azab Tuhan mereka.",
      "footnotes": null
    },
    {
      "ayah": 29,
      "quarter_hizb": 57.75,
      "juz": 29,
      "manzil": 7,
      "arabic": "وَّالَّذِيْنَ هُمْ لِفُرُوْجِهِمْ حٰفِظُوْنَۙ",
      "latin": "Wal-lażīna hum lifurūjihim ḥāfiẓūn(a).",
      "translation": "(Termasuk orang yang selamat dari azab adalah) orang-orang yang menjaga kemaluannya,",
      "footnotes": null
    },
    {
      "ayah": 30,
      "quarter_hizb": 57.75,
      "juz": 29,
      "manzil": 7,
      "arabic": "اِلَّا عَلٰٓى اَزْوَاجِهِمْ اَوْ مَا مَلَكَتْ اَيْمَانُهُمْ فَاِنَّهُمْ غَيْرُ مَلُوْمِيْنَۚ",
      "latin": "Illā ‘alā azwājihim au mā malakat aimānuhum fa innahum gairu malūmīn(a).",
      "translation": "kecuali terhadap istri-istri mereka atau hamba sahaya yang mereka miliki.724) Sesungguhnya mereka tidak tercela (karena menggaulinya).",
      "footnotes": "724) Lihat catatan kaki surah al-Mu’minūn (23): 6."
    },
    {
      "ayah": 31,
      "quarter_hizb": 57.75,
      "juz": 29,
      "manzil": 7,
      "arabic": "فَمَنِ ابْتَغٰى وَرَاۤءَ ذٰلِكَ فَاُولٰۤىِٕكَ هُمُ الْعَادُوْنَۚ",
      "latin": "Fa manibtagā warā'a żālika fa ulā'ika  humul-‘ādūn(a).",
      "translation": "Maka, siapa yang mencari (pelampiasan syahwat) selain itu, mereka itulah orang-orang yang melampaui batas.",
      "footnotes": null
    },
    {
      "ayah": 32,
      "quarter_hizb": 57.75,
      "juz": 29,
      "manzil": 7,
      "arabic": "وَالَّذِيْنَ هُمْ لِاَمٰنٰتِهِمْ وَعَهْدِهِمْ رٰعُوْنَۖ",
      "latin": "Wal-lażīna hum li'amānātihim wa ‘ahdihim rā'ūn(a).",
      "translation": "(Termasuk orang yang selamat dari azab adalah) orang-orang yang memelihara amanat dan janji mereka,",
      "footnotes": null
    },
    {
      "ayah": 33,
      "quarter_hizb": 57.75,
      "juz": 29,
      "manzil": 7,
      "arabic": "وَالَّذِيْنَ هُمْ بِشَهٰدٰتِهِمْ قَاۤىِٕمُوْنَۖ",
      "latin": "Wal-lażīna hum bisyahādātihim qā'imūn(a).",
      "translation": "yang memberikan kesaksiannya (secara benar),",
      "footnotes": null
    },
    {
      "ayah": 34,
      "quarter_hizb": 57.75,
      "juz": 29,
      "manzil": 7,
      "arabic": "وَالَّذِيْنَ هُمْ عَلٰى صَلَاتِهِمْ يُحَافِظُوْنَۖ",
      "latin": "Wal-lażīna hum ‘alā ṣalātihim yuḥāfiẓūn(a).",
      "translation": "dan yang memelihara salatnya.",
      "footnotes": null
    },
    {
      "ayah": 35,
      "quarter_hizb": 57.75,
      "juz": 29,
      "manzil": 7,
      "arabic": "اُولٰۤىِٕكَ فِيْ جَنّٰتٍ مُّكْرَمُوْنَ ۗ ࣖ",
      "latin": "Ulā'ika fī jannātim mukramūn(a).",
      "translation": "Mereka itu (berada) di surga lagi dimuliakan.",
      "footnotes": null
    },
    {
      "ayah": 36,
      "quarter_hizb": 57.75,
      "juz": 29,
      "manzil": 7,
      "arabic": "فَمَالِ الَّذِيْنَ كَفَرُوْا قِبَلَكَ مُهْطِعِيْنَۙ",
      "latin": "Famālil-lażīna kafarū qibalaka muhṭi‘īn(a).",
      "translation": "Mengapa orang-orang kafir itu bersegera datang ke arahmu (Nabi Muhammad)",
      "footnotes": null
    },
    {
      "ayah": 37,
      "quarter_hizb": 57.75,
      "juz": 29,
      "manzil": 7,
      "arabic": "عَنِ الْيَمِيْنِ وَعَنِ الشِّمَالِ عِزِيْنَ ",
      "latin": "‘Anil-yamīni wa ‘anisy-syimāli ‘izīn(a).",
      "translation": "dari kanan dan dari kiri dengan berkelompok-kelompok?725)",
      "footnotes": "725) Menurut sebagian mufasir, padasuatu hari orang-orang musyrik berkerumun di hadapan Rasulullah saw. sambil mengejek dan mengatakan, “Jika orang-orang mukmin benar-benar akan masuk surga sebagaimana kata Muhammad, kitalah yang akan masuk terlebih dahulu.” Maka, turunlah ayat 38."
    },
    {
      "ayah": 38,
      "quarter_hizb": 57.75,
      "juz": 29,
      "manzil": 7,
      "arabic": "اَيَطْمَعُ كُلُّ امْرِئٍ مِّنْهُمْ اَنْ يُّدْخَلَ جَنَّةَ نَعِيْمٍۙ",
      "latin": "Ayaṭma‘u kullumri'im minhum ay yudkhala jannata na‘īm(in).",
      "translation": "Apakah setiap orang dari mereka (orang-orang kafir itu) ingin dimasukkan ke dalam surga yang penuh kenikmatan?",
      "footnotes": null
    },
    {
      "ayah": 39,
      "quarter_hizb": 57.75,
      "juz": 29,
      "manzil": 7,
      "arabic": "كَلَّاۗ اِنَّا خَلَقْنٰهُمْ مِّمَّا يَعْلَمُوْنَ ",
      "latin": "Kallā, innā khalaqnāhum mimmā ya‘malūn(a).",
      "translation": "Sekali-kali tidak! Sesungguhnya Kami menciptakan mereka dari apa yang mereka ketahui (air mani).726)",
      "footnotes": "726) Orang-orang kafir itu mengetahui bahwa mereka diciptakan oleh Allah dari air mani untuk beriman dan bertakwa kepada-Nya seperti manusia lainnya. Jadi, jika tidak beriman dan bertakwa, mereka tidak berhak masuk surga."
    },
    {
      "ayah": 40,
      "quarter_hizb": 57.75,
      "juz": 29,
      "manzil": 7,
      "arabic": "فَلَآ اُقْسِمُ بِرَبِّ الْمَشٰرِقِ وَالْمَغٰرِبِ اِنَّا لَقٰدِرُوْنَۙ",
      "latin": "Falā uqsimu birabbil-masyāriqi wal-magāribi  innā laqādirūn(a).",
      "translation": "Maka, Aku bersumpah dengan Tuhan yang mengatur tempat-tempat terbit dan terbenamnya (matahari, bulan, dan bintang), sesungguhnya Kami benar-benar Maha Kuasa",
      "footnotes": null
    },
    {
      "ayah": 41,
      "quarter_hizb": 57.75,
      "juz": 29,
      "manzil": 7,
      "arabic": "عَلٰٓى اَنْ نُّبَدِّلَ خَيْرًا مِّنْهُمْۙ وَمَا نَحْنُ بِمَسْبُوْقِيْنَ ",
      "latin": "‘Alā an nubaddila khairam minhum, wa mā naḥnu bimasbūqīn(a).",
      "translation": "untuk mengganti (mereka) dengan (kaum) yang lebih baik daripada mereka. Kami sekali-kali tidak dapat dikalahkan.",
      "footnotes": null
    },
    {
      "ayah": 42,
      "quarter_hizb": 57.75,
      "juz": 29,
      "manzil": 7,
      "arabic": "فَذَرْهُمْ يَخُوْضُوْا وَيَلْعَبُوْا حَتّٰى يُلٰقُوْا يَوْمَهُمُ الَّذِيْ يُوْعَدُوْنَۙ",
      "latin": "Fa żarhum yakhūḍū  wa yal‘abū ḥattā yulāqū yaumahumul-lażī yū‘adūn(a)",
      "translation": "Maka, biarkanlah mereka tenggelam (dalam kesesatan) dan bermain-main (di dunia) sampai mereka menjumpai hari yang dijanjikan kepada mereka,",
      "footnotes": null
    },
    {
      "ayah": 43,
      "quarter_hizb": 57.75,
      "juz": 29,
      "manzil": 7,
      "arabic": "يَوْمَ يَخْرُجُوْنَ مِنَ الْاَجْدَاثِ سِرَاعًا كَاَنَّهُمْ اِلٰى نُصُبٍ يُّوْفِضُوْنَۙ",
      "latin": "Yauma yakhrujūna minal-ajdāṡi sirā‘an ka'annahum ilā nuṣubiy yūfiḍūn(a).",
      "translation": "(yaitu) pada hari ketika mereka keluar dari kubur dengan cepat seperti ketika mereka pergi dengan segera menuju berhala-berhala (sewaktu di dunia).",
      "footnotes": null
    },
    {
      "ayah": 44,
      "quarter_hizb": 57.75,
      "juz": 29,
      "manzil": 7,
      "arabic": "خَاشِعَةً اَبْصَارُهُمْ تَرْهَقُهُمْ ذِلَّةٌ  ۗذٰلِكَ الْيَوْمُ الَّذِيْ كَانُوْا يُوْعَدُوْنَ ࣖ ",
      "latin": "Khāsyi‘atan abṣāruhum tarhaquhum żillah(tun), żālikal-yaumul-lażī kānū yū‘adūn(a).",
      "translation": "Pandangan mereka tertunduk (serta) diliputi kehinaan. Itulah hari yang diancamkan kepada mereka.",
      "footnotes": null
    }
  ]
}