{
  "arabic": " نوح",
  "latin": "Nūḥ",
  "transliteration": "Nuh",
  "translation": "Nuh",
  "num_ayah": 28,
  "location": "Makkiyah",
  "ayah": [
    {
      "ayah": 1,
      "quarter_hizb": 57.75,
      "juz": 29,
      "manzil": 7,
      "arabic": "اِنَّآ اَرْسَلْنَا نُوْحًا اِلٰى قَوْمِهٖٓ اَنْ اَنْذِرْ قَوْمَكَ مِنْ قَبْلِ اَنْ يَّأْتِيَهُمْ عَذَابٌ اَلِيْمٌ ",
      "latin": "Innā arsalnā nūḥan ilā qaumihī an anżir qaumaka min qabli ay ya'tiyahum ‘ażābun alīm(un).",
      "translation": "Sesungguhnya Kami telah mengutus Nuh kepada kaumnya (dengan perintah), “Berilah peringatan kepada kaummu sebelum datang azab yang pedih kepadanya!”",
      "footnotes": null
    },
    {
      "ayah": 2,
      "quarter_hizb": 57.75,
      "juz": 29,
      "manzil": 7,
      "arabic": "قَالَ يٰقَوْمِ اِنِّيْ لَكُمْ نَذِيْرٌ مُّبِيْنٌۙ",
      "latin": "Qāla yā qaumi innī lakum nażīrum mubīn(un).",
      "translation": "Dia (Nuh) berkata, “Wahai kaumku, sesungguhnya aku ini adalah seorang pemberi peringatan yang menjelaskan kepadamu,",
      "footnotes": null
    },
    {
      "ayah": 3,
      "quarter_hizb": 57.75,
      "juz": 29,
      "manzil": 7,
      "arabic": "اَنِ اعْبُدُوا اللّٰهَ وَاتَّقُوْهُ وَاَطِيْعُوْنِۙ ",
      "latin": "Ani‘budullāha wattaqūhu wa aṭī‘ūn(i).",
      "translation": "(yaitu) sembahlah Allah, bertakwalah kepada-Nya, dan taatlah kepadaku,",
      "footnotes": null
    },
    {
      "ayah": 4,
      "quarter_hizb": 57.75,
      "juz": 29,
      "manzil": 7,
      "arabic": "يَغْفِرْ لَكُمْ مِّنْ ذُنُوْبِكُمْ وَيُؤَخِّرْكُمْ اِلٰٓى اَجَلٍ مُّسَمًّىۗ اِنَّ اَجَلَ اللّٰهِ اِذَا جَاۤءَ لَا يُؤَخَّرُۘ لَوْ كُنْتُمْ تَعْلَمُوْنَ ",
      "latin": "Yagfir lakum min żunūbikum wa yu'akhkhirkum ilā ajalim musammā(n), inna ajalallāhi iżā jā'a lā yu'akhkhar(u), lau kuntum ta‘lamūn(a).",
      "translation": "niscaya Dia akan mengampuni sebagian dosa-dosamu dan menangguhkanmu (memanjangkan umurmu) sampai pada batas waktu yang ditentukan. Sesungguhnya ketetapan Allah itu, apabila telah datang, tidak dapat ditunda. Seandainya kamu mengetahui(-nya).”",
      "footnotes": null
    },
    {
      "ayah": 5,
      "quarter_hizb": 57.75,
      "juz": 29,
      "manzil": 7,
      "arabic": "قَالَ رَبِّ اِنِّيْ دَعَوْتُ قَوْمِيْ لَيْلًا وَّنَهَارًاۙ",
      "latin": "Qāla rabbi innī da‘atu qaumī lailaw wa nahārā(n).",
      "translation": "Dia (Nuh) berkata, “Ya Tuhanku, sesungguhnya aku telah menyeru kaumku siang dan malam,",
      "footnotes": null
    },
    {
      "ayah": 6,
      "quarter_hizb": 57.75,
      "juz": 29,
      "manzil": 7,
      "arabic": "فَلَمْ يَزِدْهُمْ دُعَاۤءِيْٓ اِلَّا فِرَارًا ",
      "latin": "Falam yazidhum du‘ā'ī illā firārā(n).",
      "translation": "tetapi seruanku itu tidak menambah (iman) mereka, melainkan mereka (makin) lari (dari kebenaran).",
      "footnotes": null
    },
    {
      "ayah": 7,
      "quarter_hizb": 57.75,
      "juz": 29,
      "manzil": 7,
      "arabic": "وَاِنِّيْ كُلَّمَا دَعَوْتُهُمْ لِتَغْفِرَ لَهُمْ جَعَلُوْٓا اَصَابِعَهُمْ فِيْٓ اٰذَانِهِمْ وَاسْتَغْشَوْا ثِيَابَهُمْ وَاَصَرُّوْا وَاسْتَكْبَرُوا اسْتِكْبَارًاۚ ",
      "latin": "Wa innī kullamā da‘autuhum litagfira lahum ja‘alū aṣābi‘ahum fī āżānihim wastagsyau ṡiyābahum wa aṣarrū wastakbarustikbārā(n).",
      "translation": "Sesungguhnya setiap kali aku menyeru mereka (untuk beriman) agar Engkau mengampuni mereka, mereka memasukkan anak jarinya ke telinganya dan menutupkan bajunya (ke wajahnya). Mereka pun tetap (mengingkari) dan sangat menyombongkan diri.",
      "footnotes": null
    },
    {
      "ayah": 8,
      "quarter_hizb": 57.75,
      "juz": 29,
      "manzil": 7,
      "arabic": "ثُمَّ اِنِّيْ دَعَوْتُهُمْ جِهَارًاۙ",
      "latin": "Ṡumma innī da‘autuhum jihārā(n).",
      "translation": "Kemudian, sesungguhnya aku menyeru mereka dengan cara terang-terangan.727)",
      "footnotes": "727) Dakwah ini dilakukan setelah dakwah dengan cara diam-diam tidak berhasil."
    },
    {
      "ayah": 9,
      "quarter_hizb": 57.75,
      "juz": 29,
      "manzil": 7,
      "arabic": "ثُمَّ اِنِّيْٓ اَعْلَنْتُ لَهُمْ وَاَسْرَرْتُ لَهُمْ اِسْرَارًاۙ",
      "latin": "Ṡumma innī a‘lantu lahum wa asrartu lahum isrārā(n).",
      "translation": "Lalu, aku menyeru mereka secara terbuka dan diam-diam.728)",
      "footnotes": "728) Setelah gagalnya dakwah secara diam-diam dan dakwah secara terang-terangan, Nabi Nuh a.s. melakukan keduanya sekaligus."
    },
    {
      "ayah": 10,
      "quarter_hizb": 57.75,
      "juz": 29,
      "manzil": 7,
      "arabic": "فَقُلْتُ اسْتَغْفِرُوْا رَبَّكُمْ اِنَّهٗ كَانَ غَفَّارًاۙ",
      "latin": "Faqultustagfirū rabbakum innahū kāna gaffārā(n).",
      "translation": "Lalu, aku berkata (kepada mereka), “Mohonlah ampun kepada Tuhanmu. Sesungguhnya Dia Maha Pengampun.",
      "footnotes": null
    },
    {
      "ayah": 11,
      "quarter_hizb": 57.75,
      "juz": 29,
      "manzil": 7,
      "arabic": "يُّرْسِلِ السَّمَاۤءَ عَلَيْكُمْ مِّدْرَارًاۙ",
      "latin": "Yursilis-samā'a ‘alaikum midrārā(n).",
      "translation": "(Jika kamu memohon ampun,) niscaya Dia akan menurunkan hujan yang lebat dari langit kepadamu,",
      "footnotes": null
    },
    {
      "ayah": 12,
      "quarter_hizb": 57.75,
      "juz": 29,
      "manzil": 7,
      "arabic": "وَّيُمْدِدْكُمْ بِاَمْوَالٍ وَّبَنِيْنَ وَيَجْعَلْ لَّكُمْ جَنّٰتٍ وَّيَجْعَلْ لَّكُمْ اَنْهٰرًاۗ",
      "latin": "Wa yumdidkum bi'amwāliw wa banīna wa yaj‘al lakum jannātiw wa yaj‘al lakum anhārā(n).",
      "translation": "memperbanyak harta dan anak-anakmu, serta mengadakan kebun-kebun dan sungai-sungai untukmu.”",
      "footnotes": null
    },
    {
      "ayah": 13,
      "quarter_hizb": 57.75,
      "juz": 29,
      "manzil": 7,
      "arabic": "مَا لَكُمْ لَا تَرْجُوْنَ لِلّٰهِ وَقَارًاۚ",
      "latin": "Mā lakum lā tarjūna lillāhi waqārā(n).",
      "translation": "Mengapa kamu tidak takut akan kebesaran Allah?",
      "footnotes": null
    },
    {
      "ayah": 14,
      "quarter_hizb": 57.75,
      "juz": 29,
      "manzil": 7,
      "arabic": "وَقَدْ خَلَقَكُمْ اَطْوَارًا ",
      "latin": "Wa qad khalaqakum aṭwārā(n).",
      "translation": "Padahal, sungguh, Dia telah menciptakanmu dalam beberapa tahapan (penciptaan).729)",
      "footnotes": "729) Lihat surah al-Mu’minūn (23): 12‒14."
    },
    {
      "ayah": 15,
      "quarter_hizb": 57.75,
      "juz": 29,
      "manzil": 7,
      "arabic": "اَلَمْ تَرَوْا كَيْفَ خَلَقَ اللّٰهُ سَبْعَ سَمٰوٰتٍ طِبَاقًاۙ",
      "latin": "Alam tara kaifa khalaqallāhu sab‘a samāwātin ṭibāqā(n).",
      "translation": "Tidakkah kamu memperhatikan bagaimana Allah telah menciptakan tujuh langit berlapis-lapis?",
      "footnotes": null
    },
    {
      "ayah": 16,
      "quarter_hizb": 57.75,
      "juz": 29,
      "manzil": 7,
      "arabic": "وَّجَعَلَ الْقَمَرَ فِيْهِنَّ نُوْرًا وَّجَعَلَ الشَّمْسَ سِرَاجًا ",
      "latin": "Wa ja‘alal-qamara fīhinna nūraw wa ja‘alasy-syamsa sirājā(n).",
      "translation": "Di sana Dia menjadikan bulan bercahaya dan matahari sebagai pelita (yang cemerlang).",
      "footnotes": null
    },
    {
      "ayah": 17,
      "quarter_hizb": 57.75,
      "juz": 29,
      "manzil": 7,
      "arabic": "وَاللّٰهُ اَنْۢبَتَكُمْ مِّنَ الْاَرْضِ نَبَاتًاۙ",
      "latin": "Wallāhu ambatakum minal-arḍi nabātā(n).",
      "translation": "Allah benar-benar menciptakanmu dari tanah.",
      "footnotes": null
    },
    {
      "ayah": 18,
      "quarter_hizb": 57.75,
      "juz": 29,
      "manzil": 7,
      "arabic": "ثُمَّ يُعِيْدُكُمْ فِيْهَا وَيُخْرِجُكُمْ اِخْرَاجًا ",
      "latin": "Ṡumma yu‘īdukum fīhā wa yukhrijukum ikhrājā(n).",
      "translation": "Kemudian, dia akan mengembalikanmu ke dalamnya (tanah) dan mengeluarkanmu (pada hari Kiamat) dengan pasti. ",
      "footnotes": null
    },
    {
      "ayah": 19,
      "quarter_hizb": 57.75,
      "juz": 29,
      "manzil": 7,
      "arabic": "وَاللّٰهُ جَعَلَ لَكُمُ الْاَرْضَ بِسَاطًاۙ",
      "latin": "Wallāhu ja‘ala lakumul-arḍa bisāṭā(n).",
      "translation": "Allah menjadikan bumi untukmu sebagai hamparan",
      "footnotes": null
    },
    {
      "ayah": 20,
      "quarter_hizb": 57.75,
      "juz": 29,
      "manzil": 7,
      "arabic": "لِّتَسْلُكُوْا مِنْهَا سُبُلًا فِجَاجًا ࣖ ",
      "latin": "Litaslukū minhā subulan fijājā(n).",
      "translation": "agar kamu dapat pergi dengan leluasa di jalan-jalan yang luas.",
      "footnotes": null
    },
    {
      "ayah": 21,
      "quarter_hizb": 57.75,
      "juz": 29,
      "manzil": 7,
      "arabic": "قَالَ نُوْحٌ رَّبِّ اِنَّهُمْ عَصَوْنِيْ وَاتَّبَعُوْا مَنْ لَّمْ يَزِدْهُ مَالُهٗ وَوَلَدُهٗٓ اِلَّا خَسَارًاۚ ",
      "latin": "Qāla nūḥur rabbi innahum ‘aṣaunī wattaba‘ū mal lam yazidhu māluhū wa waladuhū illā khasārā(n).",
      "translation": "Nuh berkata, “Ya Tuhanku, sesungguhnya mereka durhaka kepadaku dan mengikuti orang-orang yang harta dan anak-anaknya hanya menambah kerugian baginya.",
      "footnotes": null
    },
    {
      "ayah": 22,
      "quarter_hizb": 57.75,
      "juz": 29,
      "manzil": 7,
      "arabic": "وَمَكَرُوْا مَكْرًا كُبَّارًاۚ",
      "latin": "Wa makarū makran kubbārā(n).",
      "translation": "Mereka pun melakukan tipu daya yang sangat besar.",
      "footnotes": null
    },
    {
      "ayah": 23,
      "quarter_hizb": 57.75,
      "juz": 29,
      "manzil": 7,
      "arabic": "وَقَالُوْا لَا تَذَرُنَّ اٰلِهَتَكُمْ وَلَا تَذَرُنَّ وَدًّا وَّلَا سُوَاعًا ەۙ وَّلَا يَغُوْثَ وَيَعُوْقَ وَنَسْرًاۚ",
      "latin": "Wa qālū lā tażarunna ālihatakum wa lā tażarunna waddaw wa lā suwā‘ā(n), wa lā yagūṡa wa ya‘ūqa wa nasrā(n).",
      "translation": "Mereka berkata, ‘Jangan sekali-kali kamu meninggalkan tuhan-tuhanmu dan jangan pula sekali-kali kamu meninggalkan Wadd, Suwā‘, Yagūṡ, Ya‘ūq, dan Nasr.’730)",
      "footnotes": "730) Kelimanya adalah nama-nama berhala terbesar pada kabilah-kabilah kaum Nabi Nuh a.s. yang semula merupakan nama-nama orang saleh."
    },
    {
      "ayah": 24,
      "quarter_hizb": 57.75,
      "juz": 29,
      "manzil": 7,
      "arabic": "وَقَدْ اَضَلُّوْا كَثِيْرًا ەۚ وَلَا تَزِدِ الظّٰلِمِيْنَ اِلَّا ضَلٰلًا",
      "latin": "Wa qad aḍallū kaṡīrā(n), wa lā tazidiẓ-ẓālimīna illā ḍalālā(n).",
      "translation": "Sungguh, mereka telah menyesatkan banyak orang. Janganlah Engkau tambahkan bagi orang-orang zalim itu selain kesesatan.”",
      "footnotes": null
    },
    {
      "ayah": 25,
      "quarter_hizb": 57.75,
      "juz": 29,
      "manzil": 7,
      "arabic": "مِمَّا خَطِيْۤـٰٔتِهِمْ اُغْرِقُوْا فَاُدْخِلُوْا نَارًا ەۙ فَلَمْ يَجِدُوْا لَهُمْ مِّنْ دُوْنِ اللّٰهِ اَنْصَارًا",
      "latin": "Mimmā khaṭī'ātihim ugriqū fa'udkhilū nārā(n), falam yajidū lahum min dūnillāhi anṣārā(n).",
      "translation": "Disebabkan kesalahan-kesalahan mereka, mereka ditenggelamkan, lalu dimasukkan ke neraka. Mereka tidak mendapat penolong selain Allah.",
      "footnotes": null
    },
    {
      "ayah": 26,
      "quarter_hizb": 57.75,
      "juz": 29,
      "manzil": 7,
      "arabic": "وَقَالَ نُوْحٌ رَّبِّ لَا تَذَرْ عَلَى الْاَرْضِ مِنَ الْكٰفِرِيْنَ دَيَّارًا ",
      "latin": "Wa qāla nūḥur rabbi lā tażar ‘alal-arḍi minal-kāfirīna dayyārā(n).",
      "translation": "Nuh berkata, “Ya Tuhanku, janganlah Engkau biarkan seorang pun di antara orang-orang kafir itu tinggal di atas bumi.",
      "footnotes": null
    },
    {
      "ayah": 27,
      "quarter_hizb": 57.75,
      "juz": 29,
      "manzil": 7,
      "arabic": "اِنَّكَ اِنْ تَذَرْهُمْ يُضِلُّوْا عِبَادَكَ وَلَا يَلِدُوْٓا اِلَّا فَاجِرًا كَفَّارًا ",
      "latin": "Innaka in tażarhum yuḍillū ‘ibādaka wa lā yalidū illā fājiran kaffārā(n).",
      "translation": "Sesungguhnya jika Engkau biarkan mereka tinggal, niscaya mereka akan menyesatkan hamba-hamba-Mu. Mereka pun hanya akan melahirkan anak-anak yang jahat dan tidak tahu bersyukur.",
      "footnotes": null
    },
    {
      "ayah": 28,
      "quarter_hizb": 57.75,
      "juz": 29,
      "manzil": 7,
      "arabic": "رَبِّ اغْفِرْ لِيْ وَلِوَالِدَيَّ وَلِمَنْ دَخَلَ بَيْتِيَ مُؤْمِنًا وَّلِلْمُؤْمِنِيْنَ وَالْمُؤْمِنٰتِۗ وَلَا تَزِدِ الظّٰلِمِيْنَ اِلَّا تَبَارًا ࣖ",
      "latin": "Rabbigfir lī wa liwālidayya wa liman dakhala baitiya  mu'minaw wa lil-mu'minīna wal-mu'mināt(i), wa lā tazidiẓ-ẓālimīna illā tabārā(n).",
      "translation": "Ya Tuhanku, ampunilah aku, ibu bapakku, dan siapa pun yang memasuki rumahku dengan beriman dan semua orang yang beriman laki-laki dan perempuan. Janganlah Engkau tambahkan bagi orang-orang zalim itu selain kehancuran.”",
      "footnotes": null
    }
  ]
}