{
  "arabic": " المزّمّل",
  "latin": "Al-Muzzammil",
  "transliteration": "Al-Muzzammil",
  "translation": "Orang Berkelumun",
  "num_ayah": 20,
  "location": "Makkiyah",
  "ayah": [
    {
      "ayah": 1,
      "quarter_hizb": 58,
      "juz": 29,
      "manzil": 7,
      "arabic": "يٰٓاَيُّهَا الْمُزَّمِّلُۙ",
      "latin": "Yā ayyuhal-muzzammil(u).",
      "translation": "Wahai orang yang berkelumun (Nabi Muhammad),",
      "footnotes": null
    },
    {
      "ayah": 2,
      "quarter_hizb": 58,
      "juz": 29,
      "manzil": 7,
      "arabic": "قُمِ الَّيْلَ اِلَّا قَلِيْلًاۙ",
      "latin": "Qumil-laila illā qalīlā(n).",
      "translation": "bangunlah (untuk salat) pada malam hari, kecuali sebagian kecil,732)",
      "footnotes": "732) Salat malam hukumnya wajib sebelum ayat ke-20 surah ini diturunkan. Setelah itu, hukumnya menjadi sunah."
    },
    {
      "ayah": 3,
      "quarter_hizb": 58,
      "juz": 29,
      "manzil": 7,
      "arabic": "نِّصْفَهٗٓ اَوِ انْقُصْ مِنْهُ قَلِيْلًاۙ",
      "latin": "Niṣfahū awinquṣ minhu qalīlā(n).",
      "translation": "(yaitu) seperduanya, kurang sedikit dari itu,",
      "footnotes": null
    },
    {
      "ayah": 4,
      "quarter_hizb": 58,
      "juz": 29,
      "manzil": 7,
      "arabic": "اَوْ زِدْ عَلَيْهِ وَرَتِّلِ الْقُرْاٰنَ تَرْتِيْلًاۗ",
      "latin": "Au zid ‘alaihi wa rattilil-qur'āna tartīlā(n).",
      "translation": "atau lebih dari (seperdua) itu. Bacalah Al-Qur’an itu dengan perlahan-lahan.",
      "footnotes": null
    },
    {
      "ayah": 5,
      "quarter_hizb": 58,
      "juz": 29,
      "manzil": 7,
      "arabic": "اِنَّا سَنُلْقِيْ عَلَيْكَ قَوْلًا ثَقِيْلًا",
      "latin": "Innā sanulqī ‘alaika qaulan ṡaqīlā(n).",
      "translation": "Sesungguhnya Kami akan menurunkan perkataan yang berat kepadamu.",
      "footnotes": null
    },
    {
      "ayah": 6,
      "quarter_hizb": 58,
      "juz": 29,
      "manzil": 7,
      "arabic": "اِنَّ نَاشِئَةَ الَّيْلِ هِيَ اَشَدُّ وَطْـًٔا وَّاَقْوَمُ قِيْلًاۗ",
      "latin": "Inna nāsyi'atal-laili hiya asyaddu waṭ'aw wa aqwamu qīlā(n).",
      "translation": "Sesungguhnya bangun malam itu lebih kuat (pengaruhnya terhadap jiwa) dan lebih mantap ucapannya.",
      "footnotes": null
    },
    {
      "ayah": 7,
      "quarter_hizb": 58,
      "juz": 29,
      "manzil": 7,
      "arabic": "اِنَّ لَكَ فِى النَّهَارِ سَبْحًا طَوِيْلًاۗ",
      "latin": "Inna laka fin-nahāri sabḥan ṭawīlā(n).",
      "translation": "Sesungguhnya pada siang hari engkau memiliki kesibukan yang panjang.",
      "footnotes": null
    },
    {
      "ayah": 8,
      "quarter_hizb": 58,
      "juz": 29,
      "manzil": 7,
      "arabic": "وَاذْكُرِ اسْمَ رَبِّكَ وَتَبَتَّلْ اِلَيْهِ تَبْتِيْلًاۗ",
      "latin": "Ważkurisma rabbika wa tabattal ilaihi tabtīlā(n).",
      "translation": "Sebutlah nama Tuhanmu dan beribadahlah kepada-Nya dengan sepenuh hati. ",
      "footnotes": null
    },
    {
      "ayah": 9,
      "quarter_hizb": 58,
      "juz": 29,
      "manzil": 7,
      "arabic": "رَبُّ الْمَشْرِقِ وَالْمَغْرِبِ لَآ اِلٰهَ اِلَّا هُوَ فَاتَّخِذْهُ وَكِيْلًا",
      "latin": "Rabbul-masyriqi wal-magribi lā ilāha illā huwa fattakhiżhu wakīlā(n).",
      "translation": "(Allah) adalah Tuhan timur dan barat. Tidak ada tuhan selain Dia. Maka, jadikanlah Dia sebagai pelindung.",
      "footnotes": null
    },
    {
      "ayah": 10,
      "quarter_hizb": 58,
      "juz": 29,
      "manzil": 7,
      "arabic": "وَاصْبِرْ عَلٰى مَا يَقُوْلُوْنَ وَاهْجُرْهُمْ هَجْرًا جَمِيْلًا ",
      "latin": "Waṣbir ‘alā mā yaqūlūna wahjurhum hajran jamīlā(n).",
      "translation": "Bersabarlah (Nabi Muhammad) terhadap apa yang mereka katakan dan tinggalkanlah mereka dengan cara yang baik.",
      "footnotes": null
    },
    {
      "ayah": 11,
      "quarter_hizb": 58,
      "juz": 29,
      "manzil": 7,
      "arabic": "وَذَرْنِيْ وَالْمُكَذِّبِيْنَ اُولِى النَّعْمَةِ وَمَهِّلْهُمْ قَلِيْلًا ",
      "latin": "Wa żarnī wal-mukażżibīna ulin-na‘mati wa mahhilhum qalīlā(n).",
      "translation": "Biarkanlah Aku (yang bertindak) terhadap para pendusta yang memiliki segala kenikmatan hidup dan berilah mereka penangguhan sementara.",
      "footnotes": null
    },
    {
      "ayah": 12,
      "quarter_hizb": 58,
      "juz": 29,
      "manzil": 7,
      "arabic": "اِنَّ لَدَيْنَآ اَنْكَالًا وَّجَحِيْمًاۙ",
      "latin": "Inna ladainā ankālaw wa jaḥīmā(n).",
      "translation": "Sesungguhnya di sisi Kami ada belenggu-belenggu (yang berat), (neraka) Jahim,",
      "footnotes": null
    },
    {
      "ayah": 13,
      "quarter_hizb": 58,
      "juz": 29,
      "manzil": 7,
      "arabic": "وَّطَعَامًا ذَا غُصَّةٍ وَّعَذَابًا اَلِيْمًا ",
      "latin": "Wa ṭa‘āman żā guṣṣatiw wa ‘ażāban alīmā(n).",
      "translation": "makanan yang menyumbat kerongkongan, dan azab yang pedih.",
      "footnotes": null
    },
    {
      "ayah": 14,
      "quarter_hizb": 58,
      "juz": 29,
      "manzil": 7,
      "arabic": "يَوْمَ تَرْجُفُ الْاَرْضُ وَالْجِبَالُ وَكَانَتِ الْجِبَالُ كَثِيْبًا مَّهِيْلًا ",
      "latin": "Yauma tarjuful-arḍu wal-jibālu wa kānatil-jibālu kaṡībam mahīlā(n).",
      "translation": "(Ingatlah) pada hari (ketika) bumi dan gunung-gunung berguncang keras dan gunung-gunung itu menjadi seperti onggokan pasir yang tercurah.",
      "footnotes": null
    },
    {
      "ayah": 15,
      "quarter_hizb": 58,
      "juz": 29,
      "manzil": 7,
      "arabic": "اِنَّآ اَرْسَلْنَآ اِلَيْكُمْ رَسُوْلًا ەۙ شَاهِدًا عَلَيْكُمْ كَمَآ اَرْسَلْنَآ اِلٰى فِرْعَوْنَ رَسُوْلًا ۗ",
      "latin": "Innā arsalnā ilaikum rasūlā(n), syāhidan ‘alaikum kamā arsalnā ilā fir‘auna rasūlā(n).",
      "translation": "Sesungguhnya Kami telah mengutus seorang rasul (Nabi Muhammad) kepadamu sebagai saksi atasmu, sebagaimana Kami telah mengutus seorang rasul kepada Fir‘aun.",
      "footnotes": null
    },
    {
      "ayah": 16,
      "quarter_hizb": 58,
      "juz": 29,
      "manzil": 7,
      "arabic": "فَعَصٰى فِرْعَوْنُ الرَّسُوْلَ فَاَخَذْنٰهُ اَخْذًا وَّبِيْلًاۚ",
      "latin": "Fa ‘aṣā fir‘aunar-rasūla fa akhażnāhu akhżaw wabīlā(n).",
      "translation": "Namun, Fir‘aun mendurhakai rasul itu sehingga Kami siksa dia dengan siksaan yang berat. ",
      "footnotes": null
    },
    {
      "ayah": 17,
      "quarter_hizb": 58,
      "juz": 29,
      "manzil": 7,
      "arabic": "فَكَيْفَ تَتَّقُوْنَ اِنْ كَفَرْتُمْ يَوْمًا يَّجْعَلُ الْوِلْدَانَ شِيْبًاۖ",
      "latin": "Fakaifa tattaqūna in kafartum yaumay yaj‘alul-wildāna syībā(n).",
      "translation": "Lalu, bagaimanakah kamu akan dapat menjaga dirimu (dari azab) hari yang menjadikan anak-anak beruban jika kamu tetap kufur?",
      "footnotes": null
    },
    {
      "ayah": 18,
      "quarter_hizb": 58,
      "juz": 29,
      "manzil": 7,
      "arabic": " ۨالسَّمَاۤءُ مُنْفَطِرٌۢ بِهٖۗ كَانَ وَعْدُهٗ مَفْعُوْلًا",
      "latin": "As-samā'u munfaṭirum bih(ī), kāna wa‘duhū maf‘ūlā(n).",
      "translation": "Langit terbelah padanya (hari itu). Janji-Nya pasti terlaksana.",
      "footnotes": null
    },
    {
      "ayah": 19,
      "quarter_hizb": 58,
      "juz": 29,
      "manzil": 7,
      "arabic": "اِنَّ هٰذِهٖ تَذْكِرَةٌ ۚ فَمَنْ شَاۤءَ اتَّخَذَ اِلٰى رَبِّهٖ سَبِيْلًا ࣖ ",
      "latin": "Inna hāżihī tażkirah(tun), faman syā'attakhaża ilā rabbihī sabīlā(n).",
      "translation": "Sesungguhnya ini adalah peringatan. Siapa yang berkehendak niscaya mengambil jalan (yang lurus) kepada Tuhannya.",
      "footnotes": null
    },
    {
      "ayah": 20,
      "quarter_hizb": 58.25,
      "juz": 29,
      "manzil": 7,
      "arabic": "۞ اِنَّ رَبَّكَ يَعْلَمُ اَنَّكَ تَقُوْمُ اَدْنٰى مِنْ ثُلُثَيِ الَّيْلِ وَنِصْفَهٗ وَثُلُثَهٗ وَطَاۤىِٕفَةٌ مِّنَ الَّذِيْنَ مَعَكَۗ وَاللّٰهُ يُقَدِّرُ الَّيْلَ وَالنَّهَارَۗ عَلِمَ اَنْ لَّنْ تُحْصُوْهُ فَتَابَ عَلَيْكُمْ فَاقْرَءُوْا مَا تَيَسَّرَ مِنَ الْقُرْاٰنِۗ عَلِمَ اَنْ سَيَكُوْنُ مِنْكُمْ مَّرْضٰىۙ وَاٰخَرُوْنَ يَضْرِبُوْنَ فِى الْاَرْضِ يَبْتَغُوْنَ مِنْ فَضْلِ اللّٰهِ ۙوَاٰخَرُوْنَ يُقَاتِلُوْنَ فِيْ سَبِيْلِ اللّٰهِ ۖفَاقْرَءُوْا مَا تَيَسَّرَ مِنْهُۙ وَاَقِيْمُوا الصَّلٰوةَ وَاٰتُوا الزَّكٰوةَ وَاَقْرِضُوا اللّٰهَ قَرْضًا حَسَنًاۗ وَمَا تُقَدِّمُوْا لِاَنْفُسِكُمْ مِّنْ خَيْرٍ تَجِدُوْهُ عِنْدَ اللّٰهِ ۙهُوَ خَيْرًا وَّاَعْظَمَ اَجْرًاۗ وَاسْتَغْفِرُوا اللّٰهَ ۗاِنَّ اللّٰهَ غَفُوْرٌ رَّحِيْمٌ ࣖ ",
      "latin": "Inna rabbaka ya‘lamu annaka taqūmu adnā min ṡuluṡayil-laili wa niṣfahū wa ṡuluṡahū wa ṭā'ifatum minal-lażīna ma‘ak(a), wallāhu yuqaddirul-laila wan-nahār(a), ‘alima allan tuḥṣūhu fa tāba ‘alaikum faqra'ū mā tayassara minal-qur'ān(i), ‘alima an sayakūnu minkum marḍā, wa ākharūna yaḍribūna fil-arḍi yabtagūna min faḍlillāh(i), wa ākharūna yuqātilūna fī sabīlillāh(i), faqra'ū mā tayassara minh(u), wa aqīmuṣ-ṣalāta wa ātuz-zakāta wa aqriḍullāha qarḍan ḥasanā(n), wa mā tuqaddimū li'anfusikum min khairin tajidūhu ‘indallāh(i), huwa khairaw wa a‘ẓama ajrā(n), wastagfirullāh(a), innallāha gafūrur raḥīm(un).",
      "translation": "Sesungguhnya Tuhanmu mengetahui bahwa engkau (Nabi Muhammad) berdiri (salat) kurang dari dua pertiga malam, atau seperdua malam atau sepertiganya dan (demikian pula) segolongan dari orang-orang yang bersamamu. Allah menetapkan ukuran malam dan siang. Allah mengetahui bahwa kamu tidak dapat menghitungnya (secara terperinci waktu-waktu tersebut sehingga menyulitkanmu dalam melaksanakan salat malam). Maka, Dia kembali (memberi keringanan) kepadamu. Oleh karena itu, bacalah (ayat) Al-Qur’an yang mudah (bagimu). Dia mengetahui bahwa akan ada di antara kamu orang-orang yang sakit, dan yang lain berjalan di bumi mencari sebagian karunia Allah serta yang lain berperang di jalan Allah, maka bacalah apa yang mudah (bagimu) darinya (Al-Qur’an). Tegakkanlah salat, tunaikanlah zakat, dan berikanlah pinjaman kepada Allah pinjaman yang baik. Kebaikan apa saja yang kamu perbuat untuk dirimu niscaya kamu memperoleh (balasan)-nya di sisi Allah sebagai balasan yang paling baik dan yang paling besar pahalanya. Mohonlah ampunan kepada Allah. Sesungguhnya Allah Maha Pengampun lagi Maha Penyayang.",
      "footnotes": null
    }
  ]
}