{
  "arabic": " المدّثّر",
  "latin": "Al-Muddaṡṡir",
  "transliteration": "Al-Muddassir",
  "translation": "Orang Berselimut",
  "num_ayah": 56,
  "location": "Makkiyah",
  "ayah": [
    {
      "ayah": 1,
      "quarter_hizb": 58.25,
      "juz": 29,
      "manzil": 7,
      "arabic": "يٰٓاَيُّهَا الْمُدَّثِّرُۙ",
      "latin": "Yā ayyuhal-muddaṡṡir(u).",
      "translation": "Wahai orang yang berselimut (Nabi Muhammad),",
      "footnotes": null
    },
    {
      "ayah": 2,
      "quarter_hizb": 58.25,
      "juz": 29,
      "manzil": 7,
      "arabic": "قُمْ فَاَنْذِرْۖ",
      "latin": "Qum fa'anżir.",
      "translation": "bangunlah, lalu berilah peringatan!",
      "footnotes": null
    },
    {
      "ayah": 3,
      "quarter_hizb": 58.25,
      "juz": 29,
      "manzil": 7,
      "arabic": "وَرَبَّكَ فَكَبِّرْۖ",
      "latin": "Wa rabbaka fakabbir.",
      "translation": "Tuhanmu, agungkanlah!",
      "footnotes": null
    },
    {
      "ayah": 4,
      "quarter_hizb": 58.25,
      "juz": 29,
      "manzil": 7,
      "arabic": "وَثِيَابَكَ فَطَهِّرْۖ",
      "latin": "Wa ṡiyābaka faṭahhir.",
      "translation": "Pakaianmu, bersihkanlah!",
      "footnotes": null
    },
    {
      "ayah": 5,
      "quarter_hizb": 58.25,
      "juz": 29,
      "manzil": 7,
      "arabic": "وَالرُّجْزَ فَاهْجُرْۖ ",
      "latin": "War-rujza fahjur.",
      "translation": "Segala (perbuatan) yang keji, tinggalkanlah!",
      "footnotes": null
    },
    {
      "ayah": 6,
      "quarter_hizb": 58.25,
      "juz": 29,
      "manzil": 7,
      "arabic": "وَلَا تَمْنُنْ تَسْتَكْثِرُۖ ",
      "latin": "Wa lā tamnun tastakṡir(u).",
      "translation": "Janganlah memberi (dengan maksud) memperoleh (balasan) yang lebih banyak!",
      "footnotes": null
    },
    {
      "ayah": 7,
      "quarter_hizb": 58.25,
      "juz": 29,
      "manzil": 7,
      "arabic": "وَلِرَبِّكَ فَاصْبِرْۗ ",
      "latin": "Wa lirabbika faṣbir.",
      "translation": "Karena Tuhanmu, bersabarlah!",
      "footnotes": null
    },
    {
      "ayah": 8,
      "quarter_hizb": 58.25,
      "juz": 29,
      "manzil": 7,
      "arabic": "فَاِذَا نُقِرَ فِى النَّاقُوْرِۙ ",
      "latin": "Fa iżā nuqira fin-nāqūr(i).",
      "translation": "Apabila sangkakala ditiup,",
      "footnotes": null
    },
    {
      "ayah": 9,
      "quarter_hizb": 58.25,
      "juz": 29,
      "manzil": 7,
      "arabic": "فَذٰلِكَ يَوْمَىِٕذٍ يَّوْمٌ عَسِيْرٌۙ ",
      "latin": "Fa żālika yauma'iżiy yaumun ‘asīr(un).",
      "translation": "hari itulah hari yang sulit,",
      "footnotes": null
    },
    {
      "ayah": 10,
      "quarter_hizb": 58.25,
      "juz": 29,
      "manzil": 7,
      "arabic": "عَلَى الْكٰفِرِيْنَ غَيْرُ يَسِيْرٍ ",
      "latin": "‘Alal-kāfirīna gairu yasīr(in).",
      "translation": "(yang) tidak mudah bagi orang-orang kafir. ",
      "footnotes": null
    },
    {
      "ayah": 11,
      "quarter_hizb": 58.25,
      "juz": 29,
      "manzil": 7,
      "arabic": "ذَرْنِيْ وَمَنْ خَلَقْتُ وَحِيْدًاۙ ",
      "latin": "Żarnī wa man khalaqtu waḥīdā(n).",
      "translation": "Biarkanlah Aku (yang bertindak) terhadap orang yang Aku ciptakan dia dalam kesendirian.733)",
      "footnotes": "733) Ayat ini dan beberapa ayat berikutnya diturunkan mengenai al-Walid bin al-Mugirah, pemimpin kafir Quraisy, yang sebelumnya tidak memiliki apa-apa."
    },
    {
      "ayah": 12,
      "quarter_hizb": 58.25,
      "juz": 29,
      "manzil": 7,
      "arabic": "وَّجَعَلْتُ لَهٗ مَالًا مَّمْدُوْدًاۙ ",
      "latin": "Wa ja‘altu lahū mālam mamdūdā(n).",
      "translation": "Aku beri dia kekayaan yang berlimpah,",
      "footnotes": null
    },
    {
      "ayah": 13,
      "quarter_hizb": 58.25,
      "juz": 29,
      "manzil": 7,
      "arabic": "وَّبَنِيْنَ شُهُوْدًاۙ ",
      "latin": "Wa banīna syuhūdā(n).",
      "translation": "anak-anak yang selalu bersamanya,",
      "footnotes": null
    },
    {
      "ayah": 14,
      "quarter_hizb": 58.25,
      "juz": 29,
      "manzil": 7,
      "arabic": "وَّمَهَّدْتُّ لَهٗ تَمْهِيْدًاۙ ",
      "latin": "Wa mahhattu lahū tamhīdā(n).",
      "translation": "dan Aku beri dia kelapangan (hidup) seluas-luasnya.",
      "footnotes": null
    },
    {
      "ayah": 15,
      "quarter_hizb": 58.25,
      "juz": 29,
      "manzil": 7,
      "arabic": "ثُمَّ يَطْمَعُ اَنْ اَزِيْدَۙ    ",
      "latin": "Ṡumma yaṭma‘u an azīd(a).",
      "translation": "Kemudian, dia ingin sekali agar Aku menambahnya.",
      "footnotes": null
    },
    {
      "ayah": 16,
      "quarter_hizb": 58.25,
      "juz": 29,
      "manzil": 7,
      "arabic": "كَلَّاۗ اِنَّهٗ كَانَ لِاٰيٰتِنَا عَنِيْدًاۗ ",
      "latin": "Kallā, innahū kāna li'āyātinā ‘anīdā(n).",
      "translation": "Sekali-kali tidak! Sesungguhnya dia telah menentang ayat-ayat Kami (Al-Qur’an).",
      "footnotes": null
    },
    {
      "ayah": 17,
      "quarter_hizb": 58.25,
      "juz": 29,
      "manzil": 7,
      "arabic": "سَاُرْهِقُهٗ صَعُوْدًاۗ ",
      "latin": "Sa'urhiquhū ṣa‘ūdā(n).",
      "translation": "Aku akan membebaninya dengan pendakian yang memayahkan.",
      "footnotes": null
    },
    {
      "ayah": 18,
      "quarter_hizb": 58.25,
      "juz": 29,
      "manzil": 7,
      "arabic": "اِنَّهٗ فَكَّرَ وَقَدَّرَۙ ",
      "latin": "Innahū fakkara wa qaddar(a).",
      "translation": "Sesungguhnya dia telah memikirkan dan menetapkan (apa yang ditetapkannya).",
      "footnotes": null
    },
    {
      "ayah": 19,
      "quarter_hizb": 58.25,
      "juz": 29,
      "manzil": 7,
      "arabic": "فَقُتِلَ كَيْفَ قَدَّرَۙ ",
      "latin": "Faqutila kaifa qaddar(a).",
      "translation": "Maka, binasalah dia. Bagaimanakah dia menetapkan?",
      "footnotes": null
    },
    {
      "ayah": 20,
      "quarter_hizb": 58.25,
      "juz": 29,
      "manzil": 7,
      "arabic": "ثُمَّ قُتِلَ كَيْفَ قَدَّرَۙ ",
      "latin": "Ṡumma qutila kaifa qaddar(a).",
      "translation": "Kemudian, binasalah dia. Bagaimanakah dia menetapkan?",
      "footnotes": null
    },
    {
      "ayah": 21,
      "quarter_hizb": 58.25,
      "juz": 29,
      "manzil": 7,
      "arabic": "ثُمَّ نَظَرَۙ ",
      "latin": "Ṡumma naẓar(a).",
      "translation": "Kemudian dia memikirkan (untuk melecehkan Al-Qur’an).",
      "footnotes": null
    },
    {
      "ayah": 22,
      "quarter_hizb": 58.25,
      "juz": 29,
      "manzil": 7,
      "arabic": "ثُمَّ عَبَسَ وَبَسَرَۙ ",
      "latin": "Ṡumma ‘abasa wa basar(a).",
      "translation": "Kemudian, dia berwajah masam dan cemberut (karena tidak menemukan kelemahan Al-Qur’an).",
      "footnotes": null
    },
    {
      "ayah": 23,
      "quarter_hizb": 58.25,
      "juz": 29,
      "manzil": 7,
      "arabic": "ثُمَّ اَدْبَرَ وَاسْتَكْبَرَۙ ",
      "latin": "Ṡumma adbara wastakbar(a).",
      "translation": "Kemudian, dia berpaling (dari kebenaran) dan menyombongkan diri.",
      "footnotes": null
    },
    {
      "ayah": 24,
      "quarter_hizb": 58.25,
      "juz": 29,
      "manzil": 7,
      "arabic": "فَقَالَ اِنْ هٰذَآ اِلَّا سِحْرٌ يُّؤْثَرُۙ ",
      "latin": "Faqāla in hāżā illā siḥruy yu'ṡar(u).",
      "translation": "Lalu, dia berkata, “(Al-Qur’an) ini tidak lain, kecuali sihir yang dipelajari (dari orang-orang terdahulu).",
      "footnotes": null
    },
    {
      "ayah": 25,
      "quarter_hizb": 58.25,
      "juz": 29,
      "manzil": 7,
      "arabic": "اِنْ هٰذَآ اِلَّا قَوْلُ الْبَشَرِۗ ",
      "latin": "In hāżā illā qaulul-basyar(i).",
      "translation": "Ini tidak lain kecuali perkataan manusia.”",
      "footnotes": null
    },
    {
      "ayah": 26,
      "quarter_hizb": 58.25,
      "juz": 29,
      "manzil": 7,
      "arabic": "سَاُصْلِيْهِ سَقَرَ",
      "latin": "Sa'uṣlīhi saqar(a).",
      "translation": "Aku akan memasukkannya ke dalam (neraka) Saqar.",
      "footnotes": null
    },
    {
      "ayah": 27,
      "quarter_hizb": 58.25,
      "juz": 29,
      "manzil": 7,
      "arabic": "وَمَآ اَدْرٰىكَ مَا سَقَرُۗ ",
      "latin": "Wa mā adrāka mā saqar(a).",
      "translation": "Tahukah kamu apa (neraka) Saqar itu?",
      "footnotes": null
    },
    {
      "ayah": 28,
      "quarter_hizb": 58.25,
      "juz": 29,
      "manzil": 7,
      "arabic": "لَا تُبْقِيْ وَلَا تَذَرُۚ ",
      "latin": "Lā tubqī wa lā tażar(u).",
      "translation": "(Neraka Saqar itu) tidak meninggalkan (sedikit pun bagian jasmani) dan tidak membiarkan(-nya luput dari siksaan).",
      "footnotes": null
    },
    {
      "ayah": 29,
      "quarter_hizb": 58.25,
      "juz": 29,
      "manzil": 7,
      "arabic": "لَوَّاحَةٌ لِّلْبَشَرِۚ ",
      "latin": "Lawwāḥatul lil-basyar(i).",
      "translation": "(Neraka Saqar itu) menghanguskan kulit manusia.",
      "footnotes": null
    },
    {
      "ayah": 30,
      "quarter_hizb": 58.25,
      "juz": 29,
      "manzil": 7,
      "arabic": "عَلَيْهَا تِسْعَةَ عَشَرَۗ ",
      "latin": "‘Alaihā tis‘ata ‘asyar(a).",
      "translation": "Di atasnya ada sembilan belas (malaikat penjaga).",
      "footnotes": null
    },
    {
      "ayah": 31,
      "quarter_hizb": 58.25,
      "juz": 29,
      "manzil": 7,
      "arabic": "وَمَا جَعَلْنَآ اَصْحٰبَ النَّارِ اِلَّا مَلٰۤىِٕكَةً ۖوَّمَا جَعَلْنَا عِدَّتَهُمْ اِلَّا فِتْنَةً لِّلَّذِيْنَ كَفَرُوْاۙ لِيَسْتَيْقِنَ الَّذِيْنَ اُوْتُوا الْكِتٰبَ وَيَزْدَادَ الَّذِيْنَ اٰمَنُوْٓا اِيْمَانًا وَّلَا يَرْتَابَ الَّذِيْنَ اُوْتُوا الْكِتٰبَ وَالْمُؤْمِنُوْنَۙ وَلِيَقُوْلَ الَّذِيْنَ فِيْ قُلُوْبِهِمْ مَّرَضٌ وَّالْكٰفِرُوْنَ مَاذَآ اَرَادَ اللّٰهُ بِهٰذَا مَثَلًاۗ  كَذٰلِكَ يُضِلُّ اللّٰهُ مَنْ يَّشَاۤءُ وَيَهْدِيْ مَنْ يَّشَاۤءُۗ وَمَا يَعْلَمُ جُنُوْدَ رَبِّكَ اِلَّا هُوَۗ وَمَا هِيَ اِلَّا ذِكْرٰى لِلْبَشَرِ ࣖ",
      "latin": "Wa mā ja‘alnā aṣḥāban-nāri illā malā'ikah(tan), wa mā ja‘alnā ‘iddatahum illā fitnatal lil-lażīna kafarū, liyastaiqinal-lażīna ūtul-kitāba wa yazdādal-lażīna āmanū īmānaw wa lā yartābal-lażīna ūtul-kitāba wal-mu'minūn(a), wa liyaqūlal-lażīna fī qulūbihim maraḍuw wal-kāfirūna māżā arādallāhu bihāżā maṡalā(n), każālika yuḍillullāhu may yasyā'u wa yahdī may yasyā'(u), wa mā ya‘lamu junūda rabbika illā huw(a), wa mā hiya illā żikrā lil-basyar(i).",
      "translation": "Kami tidak menjadikan para penjaga neraka, kecuali para malaikat dan Kami tidak menentukan bilangan mereka itu, kecuali sebagai cobaan bagi orang-orang kafir. (Yang demikian itu) agar orang-orang yang diberi kitab menjadi yakin, orang yang beriman bertambah imannya, orang-orang yang diberi kitab dan orang-orang mukmin itu tidak ragu-ragu, serta orang-orang yang di dalam hatinya ada penyakit dan orang-orang kafir (berkata,) “Apakah yang dikehendaki Allah dengan (bilangan) ini sebagai suatu perumpamaan?” Demikianlah Allah membiarkan sesat orang-orang yang Dia kehendaki (berdasarkan kecenderungan dan pilihan mereka sendiri) dan memberi petunjuk kepada orang-orang yang Dia kehendaki (berdasarkan kesiapan mereka untuk menerima petunjuk). Tidak ada yang mengetahui bala tentara Tuhanmu kecuali Dia sendiri. Ia (neraka Saqar itu) tidak lain hanyalah peringatan bagi manusia.",
      "footnotes": null
    },
    {
      "ayah": 32,
      "quarter_hizb": 58.25,
      "juz": 29,
      "manzil": 7,
      "arabic": "كَلَّا وَالْقَمَرِۙ",
      "latin": "Kallā wal-qamar(i).",
      "translation": "Sekali-kali tidak!734) Demi bulan,",
      "footnotes": "734) Kalimat ini merupakan bantahan terhadap ucapan orang-orang musyrik yang mengingkari hal-hal tersebut di atas."
    },
    {
      "ayah": 33,
      "quarter_hizb": 58.25,
      "juz": 29,
      "manzil": 7,
      "arabic": "وَالَّيْلِ اِذْ اَدْبَرَۙ",
      "latin": "Wal-laili iż adbar(a).",
      "translation": "demi malam ketika telah berlalu,",
      "footnotes": null
    },
    {
      "ayah": 34,
      "quarter_hizb": 58.25,
      "juz": 29,
      "manzil": 7,
      "arabic": "وَالصُّبْحِ اِذَآ اَسْفَرَۙ",
      "latin": "Waṣ-ṣubḥi iżā asfar(a).",
      "translation": "dan demi subuh apabila mulai terang,",
      "footnotes": null
    },
    {
      "ayah": 35,
      "quarter_hizb": 58.25,
      "juz": 29,
      "manzil": 7,
      "arabic": "اِنَّهَا لَاِحْدَى الْكُبَرِۙ",
      "latin": "Innahā la'iḥdal-kubar(i).",
      "translation": "sesungguhnya ia (neraka Saqar itu) benar-benar salah satu (bencana) yang sangat besar,",
      "footnotes": null
    },
    {
      "ayah": 36,
      "quarter_hizb": 58.25,
      "juz": 29,
      "manzil": 7,
      "arabic": "نَذِيْرًا لِّلْبَشَرِۙ",
      "latin": "Nażīral lil-basyar(i).",
      "translation": "sebagai peringatan bagi manusia,",
      "footnotes": null
    },
    {
      "ayah": 37,
      "quarter_hizb": 58.25,
      "juz": 29,
      "manzil": 7,
      "arabic": "لِمَنْ شَاۤءَ مِنْكُمْ اَنْ يَّتَقَدَّمَ اَوْ يَتَاَخَّرَۗ",
      "latin": "Liman syā'a minkum ay yataqaddama au yata'akhkhar(a).",
      "translation": "(yaitu) bagi siapa di antara kamu yang ingin maju (meraih kebajikan) atau mundur (dengan berbuat maksiat).",
      "footnotes": null
    },
    {
      "ayah": 38,
      "quarter_hizb": 58.25,
      "juz": 29,
      "manzil": 7,
      "arabic": "كُلُّ نَفْسٍۢ بِمَا كَسَبَتْ رَهِيْنَةٌۙ",
      "latin": "Kullu nafsim bimā kasabat rahīnah(tun).",
      "translation": "Setiap orang bertanggung jawab atas apa yang telah ia lakukan,",
      "footnotes": null
    },
    {
      "ayah": 39,
      "quarter_hizb": 58.25,
      "juz": 29,
      "manzil": 7,
      "arabic": "اِلَّآ اَصْحٰبَ الْيَمِيْنِ ۛ ",
      "latin": "Illā aṣḥābal-yamīn(i).",
      "translation": "kecuali golongan kanan,",
      "footnotes": null
    },
    {
      "ayah": 40,
      "quarter_hizb": 58.25,
      "juz": 29,
      "manzil": 7,
      "arabic": "فِيْ جَنّٰتٍ ۛ يَتَسَاۤءَلُوْنَۙ",
      "latin": "Fī jannātin - yatasā'alūn(a).",
      "translation": "berada di dalam surga yang mereka saling bertanya",
      "footnotes": null
    },
    {
      "ayah": 41,
      "quarter_hizb": 58.25,
      "juz": 29,
      "manzil": 7,
      "arabic": "عَنِ الْمُجْرِمِيْنَۙ",
      "latin": "‘Anil-mujrimīn(a).",
      "translation": "tentang (keadaan) para pendurhaka,",
      "footnotes": null
    },
    {
      "ayah": 42,
      "quarter_hizb": 58.25,
      "juz": 29,
      "manzil": 7,
      "arabic": "مَا سَلَكَكُمْ فِيْ سَقَرَ ",
      "latin": "Mā salakakum fī saqar(a).",
      "translation": "“Apa yang menyebabkan kamu masuk ke dalam (neraka) Saqar?”",
      "footnotes": null
    },
    {
      "ayah": 43,
      "quarter_hizb": 58.25,
      "juz": 29,
      "manzil": 7,
      "arabic": "قَالُوْا لَمْ نَكُ مِنَ الْمُصَلِّيْنَۙ",
      "latin": "Qālū lam naku minal-muṣallīn(a).",
      "translation": "Mereka menjawab, “Dahulu kami tidak termasuk orang-orang yang melaksanakan salat",
      "footnotes": null
    },
    {
      "ayah": 44,
      "quarter_hizb": 58.25,
      "juz": 29,
      "manzil": 7,
      "arabic": "وَلَمْ نَكُ نُطْعِمُ الْمِسْكِيْنَۙ",
      "latin": "Wa lam naku nuṭ‘imul-miskīn(a).",
      "translation": "dan kami (juga) tidak memberi makan orang miskin.",
      "footnotes": null
    },
    {
      "ayah": 45,
      "quarter_hizb": 58.25,
      "juz": 29,
      "manzil": 7,
      "arabic": "وَكُنَّا نَخُوْضُ مَعَ الْخَاۤىِٕضِيْنَۙ",
      "latin": "Wa kunnā nakhūḍu ma‘al-khā'iḍīn(a).",
      "translation": "Bahkan, kami selalu berbincang (untuk tujuan yang batil) bersama para pembincang,",
      "footnotes": null
    },
    {
      "ayah": 46,
      "quarter_hizb": 58.25,
      "juz": 29,
      "manzil": 7,
      "arabic": "وَكُنَّا نُكَذِّبُ بِيَوْمِ الدِّيْنِۙ",
      "latin": "Wa kunnā nukażżibu biyaumid-dīn(i).",
      "translation": "dan kami selalu mendustakan hari Pembalasan,",
      "footnotes": null
    },
    {
      "ayah": 47,
      "quarter_hizb": 58.25,
      "juz": 29,
      "manzil": 7,
      "arabic": "حَتّٰىٓ اَتٰىنَا الْيَقِيْنُۗ",
      "latin": "Ḥattā atānal-yaqīn(u).",
      "translation": "hingga datang kepada kami kematian.”",
      "footnotes": null
    },
    {
      "ayah": 48,
      "quarter_hizb": 58.25,
      "juz": 29,
      "manzil": 7,
      "arabic": "فَمَا تَنْفَعُهُمْ شَفَاعَةُ الشّٰفِعِيْنَۗ",
      "latin": "Famā tanfa‘uhum syafā‘atusy-syāfi‘īn(a).",
      "translation": "Maka, tidak berguna lagi bagi mereka syafaat (pertolongan) dari para pemberi syafaat.",
      "footnotes": null
    },
    {
      "ayah": 49,
      "quarter_hizb": 58.25,
      "juz": 29,
      "manzil": 7,
      "arabic": "فَمَا لَهُمْ عَنِ التَّذْكِرَةِ مُعْرِضِيْنَۙ",
      "latin": "Famā lahum ‘anit-tażkirati mu‘riḍīn(a).",
      "translation": "Lalu, mengapa mereka (orang-orang kafir) berpaling dari peringatan (Allah)",
      "footnotes": null
    },
    {
      "ayah": 50,
      "quarter_hizb": 58.25,
      "juz": 29,
      "manzil": 7,
      "arabic": "كَاَنَّهُمْ حُمُرٌ مُّسْتَنْفِرَةٌۙ",
      "latin": "Ka'annahum ḥumurum mustanfirah(tun).",
      "translation": "seakan-akan mereka keledai liar yang terkejut",
      "footnotes": null
    },
    {
      "ayah": 51,
      "quarter_hizb": 58.25,
      "juz": 29,
      "manzil": 7,
      "arabic": "فَرَّتْ مِنْ قَسْوَرَةٍۗ",
      "latin": "Farrat min qaswarah(tin).",
      "translation": "lari dari singa.",
      "footnotes": null
    },
    {
      "ayah": 52,
      "quarter_hizb": 58.25,
      "juz": 29,
      "manzil": 7,
      "arabic": "بَلْ يُرِيْدُ كُلُّ امْرِئٍ مِّنْهُمْ اَنْ يُّؤْتٰى صُحُفًا مُّنَشَّرَةًۙ",
      "latin": "Bal yurīdu kullumri'im minhum ay yu'tā ṣuḥufam munasysyarah(tan).",
      "translation": "Bahkan, setiap orang dari mereka ingin diberi lembaran-lembaran (kitab) yang terbuka.",
      "footnotes": null
    },
    {
      "ayah": 53,
      "quarter_hizb": 58.25,
      "juz": 29,
      "manzil": 7,
      "arabic": "كَلَّاۗ بَلْ لَّا يَخَافُوْنَ الْاٰخِرَةَۗ",
      "latin": "Kallā, bal lā yakhāfūnal-ākhirah(ta).",
      "translation": "Sekali-kali tidak! Sebenarnya mereka tidak takut pada akhirat.",
      "footnotes": null
    },
    {
      "ayah": 54,
      "quarter_hizb": 58.25,
      "juz": 29,
      "manzil": 7,
      "arabic": "كَلَّآ اِنَّهٗ تَذْكِرَةٌ ۚ",
      "latin": "Kallā innahū tażkirah(tun).",
      "translation": "Sekali-kali tidak! Sesungguhnya (Al-Qur’an) itu adalah suatu peringatan.",
      "footnotes": null
    },
    {
      "ayah": 55,
      "quarter_hizb": 58.25,
      "juz": 29,
      "manzil": 7,
      "arabic": "فَمَنْ شَاۤءَ ذَكَرَهٗۗ",
      "latin": "Faman syā'a żakarah(ū).",
      "translation": "Siapa yang berkehendak tentu mengambil pelajaran darinya.",
      "footnotes": null
    },
    {
      "ayah": 56,
      "quarter_hizb": 58.25,
      "juz": 29,
      "manzil": 7,
      "arabic": "وَمَا يَذْكُرُوْنَ اِلَّآ اَنْ يَّشَاۤءَ اللّٰهُ ۗهُوَ اَهْلُ التَّقْوٰى وَاَهْلُ الْمَغْفِرَةِ ࣖ",
      "latin": "Wa mā yażkurūna illā ay yasyā'allāh(u), huwa ahlut-taqwā wa ahlul-magfirah(ti).",
      "translation": "Mereka tidak akan mengambil pelajaran darinya (Al-Qur’an), kecuali (jika) Allah menghendakinya. Dialah yang (kita) patut bertakwa kepada-Nya dan yang berhak memberi ampunan.",
      "footnotes": null
    }
  ]
}