{
  "arabic": " الانسان",
  "latin": "Al-Insān",
  "transliteration": "Al-Insan",
  "translation": "Manusia",
  "num_ayah": 31,
  "location": "Madaniyah",
  "ayah": [
    {
      "ayah": 1,
      "quarter_hizb": 58.5,
      "juz": 29,
      "manzil": 7,
      "arabic": "هَلْ اَتٰى عَلَى الْاِنْسَانِ حِيْنٌ مِّنَ الدَّهْرِ لَمْ يَكُنْ شَيْـًٔا مَّذْكُوْرًا ",
      "latin": "Hal atāka ‘alal-insāni ḥīnum minad-dahri lam yakun syai'am mażkūrā(n).",
      "translation": "Bukankah telah datang kepada manusia suatu waktu dari masa yang ia belum merupakan sesuatu yang dapat disebut?",
      "footnotes": null
    },
    {
      "ayah": 2,
      "quarter_hizb": 58.5,
      "juz": 29,
      "manzil": 7,
      "arabic": "اِنَّا خَلَقْنَا الْاِنْسَانَ مِنْ نُّطْفَةٍ اَمْشَاجٍۖ نَّبْتَلِيْهِ فَجَعَلْنٰهُ سَمِيْعًاۢ بَصِيْرًا ",
      "latin": "Innā khalaqnal-insāna min nuṭfatin amsyājin nabtalīhi fa ja‘alnāhu samī‘am baṣīrā(n).",
      "translation": "Sesungguhnya Kami telah menciptakan manusia dari setetes mani yang bercampur. Kami hendak mengujinya (dengan perintah dan larangan) sehingga menjadikannya dapat mendengar dan melihat.",
      "footnotes": null
    },
    {
      "ayah": 3,
      "quarter_hizb": 58.5,
      "juz": 29,
      "manzil": 7,
      "arabic": "اِنَّا هَدَيْنٰهُ السَّبِيْلَ اِمَّا شَاكِرًا وَّاِمَّا كَفُوْرًا ",
      "latin": "Innā hadaināhus-sabīla immā syākiraw wa immā kafūrā(n).",
      "translation": "Sesungguhnya Kami telah menunjukkan kepadanya jalan (yang lurus); ada yang bersyukur dan ada pula yang sangat kufur. ",
      "footnotes": null
    },
    {
      "ayah": 4,
      "quarter_hizb": 58.5,
      "juz": 29,
      "manzil": 7,
      "arabic": "اِنَّآ اَعْتَدْنَا لِلْكٰفِرِيْنَ سَلٰسِلَا۟ وَاَغْلٰلًا وَّسَعِيْرًا ",
      "latin": "Innā a‘tadnā lil-kāfirīna salāsila wa aglālaw wa sa‘īrā(n).",
      "translation": "Sesungguhnya Kami telah menyediakan bagi orang-orang kafir rantai, belenggu, dan api (neraka) Sa‘ir (yang menyala-nyala). ",
      "footnotes": null
    },
    {
      "ayah": 5,
      "quarter_hizb": 58.5,
      "juz": 29,
      "manzil": 7,
      "arabic": "اِنَّ الْاَبْرَارَ يَشْرَبُوْنَ مِنْ كَأْسٍ كَانَ مِزَاجُهَا كَافُوْرًاۚ",
      "latin": "Innal-abrāra yasyrabūna min ka'sin kāna mizājuhā kāfūrā(n).",
      "translation": "Sesungguhnya orang-orang yang berbuat kebajikan akan minum (khamar) dari gelas yang campurannya air kafur,737)",
      "footnotes": "737) Kafur merupakan nama suatu mata air di surga yang warnanya putih, aromanya harum, dan enak rasanya. Kafur disediakan untuk hamba Allah yang taat."
    },
    {
      "ayah": 6,
      "quarter_hizb": 58.5,
      "juz": 29,
      "manzil": 7,
      "arabic": "عَيْنًا يَّشْرَبُ بِهَا عِبَادُ اللّٰهِ يُفَجِّرُوْنَهَا تَفْجِيْرًا ",
      "latin": "‘Ainay yasyrabu bihā ‘ibādullāhi yufajjirūnahā tafjīrā(n).",
      "translation": "(yaitu) mata air (dalam surga) yang diminum oleh hamba-hamba Allah dan dapat mereka pancarkan dengan mudah.",
      "footnotes": null
    },
    {
      "ayah": 7,
      "quarter_hizb": 58.5,
      "juz": 29,
      "manzil": 7,
      "arabic": "يُوْفُوْنَ بِالنَّذْرِ وَيَخَافُوْنَ يَوْمًا كَانَ شَرُّهٗ مُسْتَطِيْرًا ",
      "latin": "Yūfūna bin-nażri wa yakhāfūna yauman kāna syarruhū mustaṭīrā(n).",
      "translation": "Mereka memenuhi nazar dan takut akan suatu hari yang azabnya merata di mana-mana. ",
      "footnotes": null
    },
    {
      "ayah": 8,
      "quarter_hizb": 58.5,
      "juz": 29,
      "manzil": 7,
      "arabic": "وَيُطْعِمُوْنَ الطَّعَامَ عَلٰى حُبِّهٖ مِسْكِيْنًا وَّيَتِيْمًا وَّاَسِيْرًا ",
      "latin": "Wa yuṭ‘imūnaṭ-ṭa‘āma ‘alā ḥubbihī miskīnaw wa yatīmaw wa asīrā(n).",
      "translation": "Mereka memberikan makanan yang disukainya kepada orang miskin, anak yatim, dan tawanan. ",
      "footnotes": null
    },
    {
      "ayah": 9,
      "quarter_hizb": 58.5,
      "juz": 29,
      "manzil": 7,
      "arabic": "اِنَّمَا نُطْعِمُكُمْ لِوَجْهِ اللّٰهِ لَا نُرِيْدُ مِنْكُمْ جَزَاۤءً وَّلَا شُكُوْرًا ",
      "latin": "Innamā nuṭ‘imukum liwajhillāhi lā nurīdu minkum jazā'aw wa lā syukūrā(n).",
      "translation": "(Mereka berkata,) “Sesungguhnya kami memberi makanan kepadamu hanya demi rida Allah. Kami tidak mengharap balasan dan terima kasih darimu.",
      "footnotes": null
    },
    {
      "ayah": 10,
      "quarter_hizb": 58.5,
      "juz": 29,
      "manzil": 7,
      "arabic": "اِنَّا نَخَافُ مِنْ رَّبِّنَا يَوْمًا عَبُوْسًا قَمْطَرِيْرًا ",
      "latin": "Innā nakhāfu mir rabbinā yauman ‘abūsan qamṭarīrā(n).",
      "translation": "Sesungguhnya kami takut akan (azab) Tuhan kami pada suatu hari (ketika) orang-orang berwajah masam penuh kesulitan.”",
      "footnotes": null
    },
    {
      "ayah": 11,
      "quarter_hizb": 58.5,
      "juz": 29,
      "manzil": 7,
      "arabic": "فَوَقٰىهُمُ اللّٰهُ شَرَّ ذٰلِكَ الْيَوْمِ وَلَقّٰىهُمْ نَضْرَةً وَّسُرُوْرًاۚ",
      "latin": "Fa waqāhumullāhu syarra żālikal-yaumi wa laqqāhum naḍrataw wa surūrā(n).",
      "translation": "Maka, Allah melindungi mereka dari keburukan hari itu dan memberikan keceriaan dan kegembiraan kepada mereka.",
      "footnotes": null
    },
    {
      "ayah": 12,
      "quarter_hizb": 58.5,
      "juz": 29,
      "manzil": 7,
      "arabic": "وَجَزٰىهُمْ بِمَا صَبَرُوْا جَنَّةً وَّحَرِيْرًاۙ",
      "latin": "Wa jazāhum bimā ṣabarū jannataw wa ḥarīrā(n).",
      "translation": "Dia memberikan balasan kepada mereka atas kesabarannya (berupa) surga dan (pakaian) sutra.",
      "footnotes": null
    },
    {
      "ayah": 13,
      "quarter_hizb": 58.5,
      "juz": 29,
      "manzil": 7,
      "arabic": "مُّتَّكِـِٕيْنَ فِيْهَا عَلَى الْاَرَاۤىِٕكِۚ  لَا يَرَوْنَ فِيْهَا شَمْسًا وَّلَا زَمْهَرِيْرًاۚ",
      "latin": "Muttaki'īna fīhā ‘alal-arā'ik(i), lā yarauna fīhā syamsaw wa lā zamharīrā(n).",
      "translation": "Di dalamnya mereka duduk bersandar di atas dipan. Di sana mereka tidak merasakan terik matahari dan dingin yang menusuk.",
      "footnotes": null
    },
    {
      "ayah": 14,
      "quarter_hizb": 58.5,
      "juz": 29,
      "manzil": 7,
      "arabic": "وَدَانِيَةً عَلَيْهِمْ ظِلٰلُهَا وَذُلِّلَتْ قُطُوْفُهَا تَذْلِيْلًا ",
      "latin": "Wa dāniyatan ‘alaihim ẓilāluhā wa żullilat quṭūfuhā tażlīlā(n).",
      "translation": "Naungan (pepohonan)-nya dekat di atas mereka dan sangat dimudahkan untuk memetik (buah)-nya.",
      "footnotes": null
    },
    {
      "ayah": 15,
      "quarter_hizb": 58.5,
      "juz": 29,
      "manzil": 7,
      "arabic": "وَيُطَافُ عَلَيْهِمْ بِاٰنِيَةٍ مِّنْ فِضَّةٍ وَّاَكْوَابٍ كَانَتْ قَوَارِيْرَا۠ ",
      "latin": "Wa yuṭāfu ‘alaihim bi'āniyatim min fiḍḍatiw wa akwābin kānat qawārīrā.",
      "translation": "Diedarkan kepada mereka bejana-bejana dari perak dan gelas-gelas yang sangat bening (kacanya),",
      "footnotes": null
    },
    {
      "ayah": 16,
      "quarter_hizb": 58.5,
      "juz": 29,
      "manzil": 7,
      "arabic": "قَوَارِيْرَا۟ مِنْ فِضَّةٍ قَدَّرُوْهَا تَقْدِيْرًا ",
      "latin": "Qawārīra min fiḍḍatin qaddarūhā taqdīrā(n).",
      "translation": "kaca yang sangat bening terbuat dari perak. Mereka menentukan ukuran sesuai (dengan kehendak mereka). ",
      "footnotes": null
    },
    {
      "ayah": 17,
      "quarter_hizb": 58.5,
      "juz": 29,
      "manzil": 7,
      "arabic": "وَيُسْقَوْنَ فِيْهَا كَأْسًا كَانَ مِزَاجُهَا زَنْجَبِيْلًاۚ",
      "latin": "Wa yusqauna fīhā ka'san kāna mizājuhā zanjabīlā(n).",
      "translation": "Di sana mereka diberi segelas minuman bercampur jahe",
      "footnotes": null
    },
    {
      "ayah": 18,
      "quarter_hizb": 58.5,
      "juz": 29,
      "manzil": 7,
      "arabic": "عَيْنًا فِيْهَا تُسَمّٰى سَلْسَبِيْلًا ",
      "latin": "‘Ainan fīhā tusammā salsabīlā(n).",
      "translation": "(yang didatangkan dari) sebuah mata air (di surga) yang dinamakan Salsabil.",
      "footnotes": null
    },
    {
      "ayah": 19,
      "quarter_hizb": 58.75,
      "juz": 29,
      "manzil": 7,
      "arabic": "۞ وَيَطُوْفُ عَلَيْهِمْ وِلْدَانٌ مُّخَلَّدُوْنَۚ اِذَا رَاَيْتَهُمْ حَسِبْتَهُمْ لُؤْلُؤًا مَّنْثُوْرًا",
      "latin": "Wa yaṭūfu ‘alaihim wildānum mukhalladūn(a), iżā ra'aitahum ḥasibtahum lu'lu'am manṡūrā(n).",
      "translation": "Mereka dikelilingi oleh para pemuda yang tetap muda. Apabila melihatnya, kamu akan mengira bahwa mereka adalah mutiara yang bertaburan.",
      "footnotes": null
    },
    {
      "ayah": 20,
      "quarter_hizb": 58.75,
      "juz": 29,
      "manzil": 7,
      "arabic": "وَاِذَا رَاَيْتَ ثَمَّ رَاَيْتَ نَعِيْمًا وَّمُلْكًا كَبِيْرًا ",
      "latin": "Wa iżā ra'aita ṡamma ra'aita  na‘īmaw wa mulkan kabīrā(n).",
      "translation": "Apabila melihat (keadaan) di sana (surga), niscaya engkau akan melihat berbagai kenikmatan dan kerajaan yang besar.",
      "footnotes": null
    },
    {
      "ayah": 21,
      "quarter_hizb": 58.75,
      "juz": 29,
      "manzil": 7,
      "arabic": "عٰلِيَهُمْ ثِيَابُ سُنْدُسٍ خُضْرٌ وَّاِسْتَبْرَقٌۖ وَّحُلُّوْٓا اَسَاوِرَ مِنْ فِضَّةٍۚ وَسَقٰىهُمْ رَبُّهُمْ شَرَابًا طَهُوْرًا ",
      "latin": "‘Āliyahum ṡiyābu sundusin khuḍruw wa istabraq(un), wa ḥullū asāwira  min fiḍḍah(tin), wa saqāhum rabbuhum syarāban ṭahūrā(n).",
      "translation": "Mereka berpakaian sutra halus yang hijau, sutra tebal, dan memakai gelang perak. Tuhan memberikan kepada mereka minuman yang suci.",
      "footnotes": null
    },
    {
      "ayah": 22,
      "quarter_hizb": 58.75,
      "juz": 29,
      "manzil": 7,
      "arabic": "اِنَّ هٰذَا كَانَ لَكُمْ جَزَاۤءً وَّكَانَ سَعْيُكُمْ مَّشْكُوْرًا ࣖ ",
      "latin": "Inna hāżā kāna lakum jazā'aw wa kāna sa‘yukum masykūrā(n).",
      "translation": "Sesungguhnya ini adalah balasan untukmu dan usahamu diterima dengan baik.",
      "footnotes": null
    },
    {
      "ayah": 23,
      "quarter_hizb": 58.75,
      "juz": 29,
      "manzil": 7,
      "arabic": "اِنَّا نَحْنُ نَزَّلْنَا عَلَيْكَ الْقُرْاٰنَ تَنْزِيْلًاۚ",
      "latin": "Innā naḥnu nazzalnā ‘alaikal-qur'āna tanzīlā(n).",
      "translation": "Sesungguhnya Kamilah yang benar-benar menurunkan Al-Qur’an kepadamu (Nabi Muhammad) secara berangsur-angsur.",
      "footnotes": null
    },
    {
      "ayah": 24,
      "quarter_hizb": 58.75,
      "juz": 29,
      "manzil": 7,
      "arabic": "فَاصْبِرْ لِحُكْمِ رَبِّكَ وَلَا تُطِعْ مِنْهُمْ اٰثِمًا اَوْ كَفُوْرًاۚ",
      "latin": "Faṣbir liḥukmi rabbika wa lā tuṭi‘ minhum āṡiman au kafūrā(n).",
      "translation": "Maka, bersabarlah untuk (melaksanakan) ketetapan Tuhanmu dan jangan ikuti pendosa dan orang yang sangat kufur di antara mereka.",
      "footnotes": null
    },
    {
      "ayah": 25,
      "quarter_hizb": 58.75,
      "juz": 29,
      "manzil": 7,
      "arabic": "وَاذْكُرِ اسْمَ رَبِّكَ بُكْرَةً وَّاَصِيْلًاۚ",
      "latin": "Ważkurisma rabbika bukrataw wa aṣīlā(n).",
      "translation": "Sebutlah nama Tuhanmu pada (waktu) pagi dan petang.",
      "footnotes": null
    },
    {
      "ayah": 26,
      "quarter_hizb": 58.75,
      "juz": 29,
      "manzil": 7,
      "arabic": "وَمِنَ الَّيْلِ فَاسْجُدْ لَهٗ وَسَبِّحْهُ لَيْلًا طَوِيْلًا ",
      "latin": "Wa minal-laili fasjud lahū wa sabbiḥhu lailan ṭawīlā(n).",
      "translation": "Pada sebagian malam bersujudlah kepada-Nya dan bertasbihlah kepada-Nya pada malam yang panjang.",
      "footnotes": null
    },
    {
      "ayah": 27,
      "quarter_hizb": 58.75,
      "juz": 29,
      "manzil": 7,
      "arabic": "اِنَّ هٰٓؤُلَاۤءِ يُحِبُّوْنَ الْعَاجِلَةَ وَيَذَرُوْنَ وَرَاۤءَهُمْ يَوْمًا ثَقِيْلًا ",
      "latin": "Inna hā'ulā'i yuḥibbūnal-‘ājilata wa yażarūna warā'ahum yauman ṡaqīlā(n)",
      "translation": "Sesungguhnya mereka (orang-orang kafir) itu mencintai kehidupan dunia dan meninggalkan di belakang mereka hari yang berat (akhirat). ",
      "footnotes": null
    },
    {
      "ayah": 28,
      "quarter_hizb": 58.75,
      "juz": 29,
      "manzil": 7,
      "arabic": "نَحْنُ خَلَقْنٰهُمْ وَشَدَدْنَآ اَسْرَهُمْۚ وَاِذَا شِئْنَا بَدَّلْنَآ اَمْثَالَهُمْ تَبْدِيْلًا ",
      "latin": "Naḥnu khalaqnāhum wa syadadnā asrahum, wa iżā syi'nā baddalnā amṡālahum tabdīlā(n).",
      "translation": "Kami telah menciptakan mereka dan menguatkan persendian tubuh mereka. Jika berkehendak, Kami dapat mengganti (mereka) dengan orang-orang yang serupa mereka.",
      "footnotes": null
    },
    {
      "ayah": 29,
      "quarter_hizb": 58.75,
      "juz": 29,
      "manzil": 7,
      "arabic": "اِنَّ هٰذِهٖ تَذْكِرَةٌ ۚ فَمَنْ شَاۤءَ اتَّخَذَ اِلٰى رَبِّهٖ سَبِيْلًا ",
      "latin": "Inna hāżihī tażkirah(tun), faman syā'attakhaża ilā rabbihī sabīlā(n).",
      "translation": "Sesungguhnya ini adalah peringatan. Maka, siapa yang menghendaki (kebaikan bagi dirinya) tentu mengambil jalan menuju Tuhannya.",
      "footnotes": null
    },
    {
      "ayah": 30,
      "quarter_hizb": 58.75,
      "juz": 29,
      "manzil": 7,
      "arabic": "وَمَا تَشَاۤءُوْنَ اِلَّآ اَنْ يَّشَاۤءَ اللّٰهُ ۗاِنَّ اللّٰهَ كَانَ عَلِيْمًا حَكِيْمًاۖ",
      "latin": "Wa mā tasyā'ūna illā ay yasyā'allāh(u), innallāha kāna ‘alīman ḥakīmā(n).",
      "translation": "Kamu tidak menghendaki (sesuatu) kecuali apabila dikehendaki Allah. Sesungguhnya Allah Maha Mengetahui lagi Maha Bijaksana. ",
      "footnotes": null
    },
    {
      "ayah": 31,
      "quarter_hizb": 58.75,
      "juz": 29,
      "manzil": 7,
      "arabic": "يُّدْخِلُ مَنْ يَّشَاۤءُ فِيْ رَحْمَتِهٖۗ وَالظّٰلِمِيْنَ اَعَدَّ لَهُمْ عَذَابًا اَلِيْمًا ࣖ",
      "latin": "Yudkhilu may yasyā'u fī raḥmatih(ī),  waẓ-ẓālimīna a‘adda lahum ‘ażāban alīmā(n).",
      "translation": "Dia memasukkan siapa pun yang Dia kehendaki ke dalam rahmat-Nya (surga). Bagi orang-orang zalim Dia sediakan azab yang pedih.",
      "footnotes": null
    }
  ]
}