{
  "arabic": " المرسلٰت",
  "latin": "Al-Mursalāt",
  "transliteration": "Al-Mursalat",
  "translation": "Malaikat Yang Diutus",
  "num_ayah": 50,
  "location": "Makkiyah",
  "ayah": [
    {
      "ayah": 1,
      "quarter_hizb": 58.75,
      "juz": 29,
      "manzil": 7,
      "arabic": "وَالْمُرْسَلٰتِ عُرْفًاۙ",
      "latin": "Wal-mursalāti ‘urfā(n).",
      "translation": "Demi (malaikat-malaikat) yang diutus untuk membawa kebaikan",
      "footnotes": null
    },
    {
      "ayah": 2,
      "quarter_hizb": 58.75,
      "juz": 29,
      "manzil": 7,
      "arabic": "فَالْعٰصِفٰتِ عَصْفًاۙ",
      "latin": "Fal-‘āṣifāti ‘aṣfā(n).",
      "translation": "dan (malaikat-malaikat) yang terbang dengan kencang;",
      "footnotes": null
    },
    {
      "ayah": 3,
      "quarter_hizb": 58.75,
      "juz": 29,
      "manzil": 7,
      "arabic": "وَّالنّٰشِرٰتِ نَشْرًاۙ",
      "latin": "Wan-nāsyirāti nasyrā(n).",
      "translation": "demi (malaikat-malaikat) yang menyebarkan (rahmat Allah) dengan seluas-luasnya,738)",
      "footnotes": "738) Yang dimaksud adalah malaikat yang turun untuk membawa wahyu. Sebagian mufasir berpendapat bahwa yang dimaksud dengan an-nāsyirāt ialah angin yang bertiup disertai hujan."
    },
    {
      "ayah": 4,
      "quarter_hizb": 58.75,
      "juz": 29,
      "manzil": 7,
      "arabic": "فَالْفٰرِقٰتِ فَرْقًاۙ",
      "latin": "Fal-fāriqāti farqā(n).",
      "translation": "dan (malaikat-malaikat) yang membedakan (antara yang baik dan yang buruk) dengan sejelas-jelasnya,",
      "footnotes": null
    },
    {
      "ayah": 5,
      "quarter_hizb": 58.75,
      "juz": 29,
      "manzil": 7,
      "arabic": "فَالْمُلْقِيٰتِ ذِكْرًاۙ",
      "latin": "Fal-mulqiyāti żikrā(n).",
      "translation": "serta (malaikat-malaikat) yang menyampaikan wahyu",
      "footnotes": null
    },
    {
      "ayah": 6,
      "quarter_hizb": 58.75,
      "juz": 29,
      "manzil": 7,
      "arabic": "عُذْرًا اَوْ نُذْرًاۙ",
      "latin": "‘Użran au nużrā(n).",
      "translation": "untuk (menolak) alasan atau (memberi) peringatan,",
      "footnotes": null
    },
    {
      "ayah": 7,
      "quarter_hizb": 58.75,
      "juz": 29,
      "manzil": 7,
      "arabic": "اِنَّمَا تُوْعَدُوْنَ لَوَاقِعٌۗ",
      "latin": "Innamā tū‘adūna lawāqi‘(un).",
      "translation": "sesungguhnya apa yang dijanjikan kepadamu pasti terjadi.",
      "footnotes": null
    },
    {
      "ayah": 8,
      "quarter_hizb": 58.75,
      "juz": 29,
      "manzil": 7,
      "arabic": "فَاِذَا النُّجُوْمُ طُمِسَتْۙ",
      "latin": "Fa iżan-nujūmu ṭumisat.",
      "translation": "Apabila bintang-bintang dihapuskan (cahayanya),",
      "footnotes": null
    },
    {
      "ayah": 9,
      "quarter_hizb": 58.75,
      "juz": 29,
      "manzil": 7,
      "arabic": "وَاِذَا السَّمَاۤءُ فُرِجَتْۙ",
      "latin": "Wa iżas-samā'u furijat.",
      "translation": "apabila langit dibelah,",
      "footnotes": null
    },
    {
      "ayah": 10,
      "quarter_hizb": 58.75,
      "juz": 29,
      "manzil": 7,
      "arabic": "وَاِذَا الْجِبَالُ نُسِفَتْۙ",
      "latin": "Wa iżal-jibālu nusifat. ",
      "translation": "apabila gunung-gunung dihancurleburkan,",
      "footnotes": null
    },
    {
      "ayah": 11,
      "quarter_hizb": 58.75,
      "juz": 29,
      "manzil": 7,
      "arabic": "وَاِذَا الرُّسُلُ اُقِّتَتْۗ",
      "latin": "Wa iżar-rusulu uqqitat.",
      "translation": "dan apabila rasul-rasul telah ditetapkan waktunya,739)",
      "footnotes": "739) Maksudnya adalah waktu untuk berkumpul bersama umat mereka masing-masing."
    },
    {
      "ayah": 12,
      "quarter_hizb": 58.75,
      "juz": 29,
      "manzil": 7,
      "arabic": "لِاَيِّ يَوْمٍ اُجِّلَتْۗ",
      "latin": "Li'ayyi yaumin ujjilat.",
      "translation": "(niscaya dikatakan kepada mereka,) “Sampai hari apakah ditangguhkan (azab orang kafir itu)?”",
      "footnotes": null
    },
    {
      "ayah": 13,
      "quarter_hizb": 58.75,
      "juz": 29,
      "manzil": 7,
      "arabic": "لِيَوْمِ الْفَصْلِۚ",
      "latin": "Liyaumil-faṣl(i).",
      "translation": "Sampai hari Keputusan.",
      "footnotes": null
    },
    {
      "ayah": 14,
      "quarter_hizb": 58.75,
      "juz": 29,
      "manzil": 7,
      "arabic": "وَمَآ اَدْرٰىكَ مَا يَوْمُ الْفَصْلِۗ",
      "latin": "Wa mā adrāka mā yaumul-faṣl(i).",
      "translation": "Tahukah kamu apakah hari Keputusan itu?",
      "footnotes": null
    },
    {
      "ayah": 15,
      "quarter_hizb": 58.75,
      "juz": 29,
      "manzil": 7,
      "arabic": "وَيْلٌ يَّوْمَىِٕذٍ لِّلْمُكَذِّبِيْنَ ",
      "latin": "Wailuy yauma'iżil lil-mukażżibīn(a).",
      "translation": "Celakalah pada hari itu para pendusta (kebenaran).",
      "footnotes": null
    },
    {
      "ayah": 16,
      "quarter_hizb": 58.75,
      "juz": 29,
      "manzil": 7,
      "arabic": "اَلَمْ نُهْلِكِ الْاَوَّلِيْنَۗ",
      "latin": "Alam nuhlikil-awwalīn(a).",
      "translation": "Bukankah Kami telah membinasakan orang-orang dahulu?",
      "footnotes": null
    },
    {
      "ayah": 17,
      "quarter_hizb": 58.75,
      "juz": 29,
      "manzil": 7,
      "arabic": "ثُمَّ نُتْبِعُهُمُ الْاٰخِرِيْنَ ",
      "latin": "Ṡumma nutbi‘uhumul-ākhirīn(a).",
      "translation": "Lalu, Kami susuli mereka dengan (mengazab) orang-orang yang datang kemudian.",
      "footnotes": null
    },
    {
      "ayah": 18,
      "quarter_hizb": 58.75,
      "juz": 29,
      "manzil": 7,
      "arabic": "كَذٰلِكَ نَفْعَلُ بِالْمُجْرِمِيْنَ ",
      "latin": "Każālika naf‘alu bil-mujrimīn(a).",
      "translation": "Demikianlah Kami memperlakukan para pendurhaka.",
      "footnotes": null
    },
    {
      "ayah": 19,
      "quarter_hizb": 58.75,
      "juz": 29,
      "manzil": 7,
      "arabic": "وَيْلٌ يَّوْمَىِٕذٍ لِّلْمُكَذِّبِيْنَ ",
      "latin": "Wailuy yauma'iżil lil-mukażżibīn(a).",
      "translation": "Celakalah pada hari itu para pendusta (kebenaran).",
      "footnotes": null
    },
    {
      "ayah": 20,
      "quarter_hizb": 58.75,
      "juz": 29,
      "manzil": 7,
      "arabic": "اَلَمْ نَخْلُقْكُّمْ مِّنْ مَّاۤءٍ مَّهِيْنٍۙ",
      "latin": "Alam nakhluqkum mim mā'im mahīn(in).",
      "translation": "Bukankah Kami menciptakanmu dari air yang hina (mani)?",
      "footnotes": null
    },
    {
      "ayah": 21,
      "quarter_hizb": 58.75,
      "juz": 29,
      "manzil": 7,
      "arabic": "فَجَعَلْنٰهُ فِيْ قَرَارٍ مَّكِيْنٍ",
      "latin": "Fa ja‘alnāhu fī qarārim makīn(in).",
      "translation": "Kemudian, Kami meletakkannya di dalam tempat yang kukuh (rahim)",
      "footnotes": null
    },
    {
      "ayah": 22,
      "quarter_hizb": 58.75,
      "juz": 29,
      "manzil": 7,
      "arabic": "اِلٰى قَدَرٍ مَّعْلُوْمٍۙ",
      "latin": "Ilā qadarim ma‘lūm(in).",
      "translation": "sampai waktu yang ditentukan.",
      "footnotes": null
    },
    {
      "ayah": 23,
      "quarter_hizb": 58.75,
      "juz": 29,
      "manzil": 7,
      "arabic": "فَقَدَرْنَاۖ فَنِعْمَ الْقٰدِرُوْنَ ",
      "latin": "Fa qadarnā, fani‘mal-qādirūn(a).",
      "translation": "Lalu, Kami tentukan (bentuk dan waktu lahirnya). Maka, (Kamilah) sebaik-baik penentu. ",
      "footnotes": null
    },
    {
      "ayah": 24,
      "quarter_hizb": 58.75,
      "juz": 29,
      "manzil": 7,
      "arabic": "وَيْلٌ يَّوْمَىِٕذٍ لِّلْمُكَذِّبِيْنَ ",
      "latin": "Wailuy yauma'iżil lil-mukażżibīn(a).",
      "translation": "Celakalah pada hari itu para pendusta (kebenaran).",
      "footnotes": null
    },
    {
      "ayah": 25,
      "quarter_hizb": 58.75,
      "juz": 29,
      "manzil": 7,
      "arabic": "اَلَمْ نَجْعَلِ الْاَرْضَ كِفَاتًاۙ",
      "latin": "Alam naj‘alil-arḍa kifātā(n).",
      "translation": "Bukankah Kami menjadikan bumi sebagai (tempat) berkumpul",
      "footnotes": null
    },
    {
      "ayah": 26,
      "quarter_hizb": 58.75,
      "juz": 29,
      "manzil": 7,
      "arabic": "اَحْيَاۤءً وَّاَمْوَاتًاۙ",
      "latin": "Aḥyā'aw wa amwātā(n).",
      "translation": "bagi yang (masih) hidup dan yang (sudah) mati?740)",
      "footnotes": "740) Bumi mengumpulkan orang-orang hidup di permukaannya dan orang-orang mati dalam perutnya."
    },
    {
      "ayah": 27,
      "quarter_hizb": 58.75,
      "juz": 29,
      "manzil": 7,
      "arabic": "وَّجَعَلْنَا فِيْهَا رَوَاسِيَ شٰمِخٰتٍ وَّاَسْقَيْنٰكُمْ مَّاۤءً فُرَاتًاۗ",
      "latin": "Wa ja‘alnā fīhā rawāsiya syāmikhātiw wa asqainākum mā'an furātā(n).",
      "translation": "Kami menjadikan padanya gunung-gunung yang tinggi dan memberi minum kamu air yang tawar?",
      "footnotes": null
    },
    {
      "ayah": 28,
      "quarter_hizb": 58.75,
      "juz": 29,
      "manzil": 7,
      "arabic": "وَيْلٌ يَّوْمَىِٕذٍ لِّلْمُكَذِّبِيْنَ ",
      "latin": "Wailuy yauma'iżil lil-mukażżibīn(a).",
      "translation": "Celakalah pada hari itu para pendusta (kebenaran).",
      "footnotes": null
    },
    {
      "ayah": 29,
      "quarter_hizb": 58.75,
      "juz": 29,
      "manzil": 7,
      "arabic": "اِنْطَلِقُوْٓا اِلٰى مَا كُنْتُمْ بِهٖ تُكَذِّبُوْنَۚ",
      "latin": "Inṭaliqū ilā mā kuntum bihī tukażżibūn(a).",
      "translation": "(Dikatakan kepada orang-orang kafir,) “Pergilah menuju apa (neraka) yang selalu kamu dustakan.",
      "footnotes": null
    },
    {
      "ayah": 30,
      "quarter_hizb": 58.75,
      "juz": 29,
      "manzil": 7,
      "arabic": "اِنْطَلِقُوْٓا اِلٰى ظِلٍّ ذِيْ ثَلٰثِ شُعَبٍ ",
      "latin": "Inṭaliqū ilā ẓillin żī ṡalāṡi syu‘ab(in).",
      "translation": "Pergilah menuju naungan (asap api neraka) yang mempunyai tiga cabang741)",
      "footnotes": "741) Maksudnya adalah tiga gejolak, yaitu di kanan, di kiri, dan di atas. Ini berarti bahwa azab itu mengepung orang-orang kafir dari segala penjuru."
    },
    {
      "ayah": 31,
      "quarter_hizb": 58.75,
      "juz": 29,
      "manzil": 7,
      "arabic": "لَا ظَلِيْلٍ وَّلَا يُغْنِيْ مِنَ اللَّهَبِۗ",
      "latin": "Lā ẓalīliw wa lā yugnī minal-lahab(i).",
      "translation": "yang tidak melindungi dan tidak menahan (panasnya) nyala api neraka.” ",
      "footnotes": null
    },
    {
      "ayah": 32,
      "quarter_hizb": 58.75,
      "juz": 29,
      "manzil": 7,
      "arabic": "اِنَّهَا تَرْمِيْ بِشَرَرٍ كَالْقَصْرِۚ",
      "latin": "Innahā tarmī bisyararin kal-qaṣr(i).",
      "translation": "Sesungguhnya ia (neraka) menyemburkan bunga api bagaikan istana (yang besar dan tinggi), ",
      "footnotes": null
    },
    {
      "ayah": 33,
      "quarter_hizb": 58.75,
      "juz": 29,
      "manzil": 7,
      "arabic": "كَاَنَّهٗ جِمٰلَتٌ صُفْرٌۗ",
      "latin": "Ka'annahū jimālatun ṣufr(un).",
      "translation": "seakan-akan iringan unta (hitam) kekuning-kuningan.",
      "footnotes": null
    },
    {
      "ayah": 34,
      "quarter_hizb": 58.75,
      "juz": 29,
      "manzil": 7,
      "arabic": "وَيْلٌ يَّوْمَىِٕذٍ لِّلْمُكَذِّبِيْنَ ",
      "latin": "Wailuy yauma'iżil lil-mukażżibīn(a).",
      "translation": "Celakalah pada hari itu para pendusta (kebenaran). ",
      "footnotes": null
    },
    {
      "ayah": 35,
      "quarter_hizb": 58.75,
      "juz": 29,
      "manzil": 7,
      "arabic": "هٰذَا يَوْمُ لَا يَنْطِقُوْنَۙ",
      "latin": "Hāżā yaumu lā yanṭiqūn(a).",
      "translation": "Inilah hari ketika mereka tidak dapat berbicara.",
      "footnotes": null
    },
    {
      "ayah": 36,
      "quarter_hizb": 58.75,
      "juz": 29,
      "manzil": 7,
      "arabic": "وَلَا يُؤْذَنُ لَهُمْ فَيَعْتَذِرُوْنَ ",
      "latin": "Wa lā yu'żanu lahum fa ya‘tażirūn(a).",
      "translation": "Mereka tidak diizinkan (berbicara) sehingga (dapat) meminta maaf. ",
      "footnotes": null
    },
    {
      "ayah": 37,
      "quarter_hizb": 58.75,
      "juz": 29,
      "manzil": 7,
      "arabic": "وَيْلٌ يَّوْمَىِٕذٍ لِّلْمُكَذِّبِيْنَ ",
      "latin": "Wailuy yauma'iżil lil-mukażżibīn(a).",
      "translation": "Celakalah pada hari itu para pendusta (kebenaran). ",
      "footnotes": null
    },
    {
      "ayah": 38,
      "quarter_hizb": 58.75,
      "juz": 29,
      "manzil": 7,
      "arabic": "هٰذَا يَوْمُ الْفَصْلِ جَمَعْنٰكُمْ وَالْاَوَّلِيْنَ ",
      "latin": "Hāżā yaumul-faṣli jama‘nākum wal-awwalīn(a).",
      "translation": "(Dikatakan kepada mereka,) “Inilah hari Keputusan. Kami kumpulkan kamu dan orang-orang terdahulu. ",
      "footnotes": null
    },
    {
      "ayah": 39,
      "quarter_hizb": 58.75,
      "juz": 29,
      "manzil": 7,
      "arabic": "فَاِنْ كَانَ لَكُمْ كَيْدٌ فَكِيْدُوْنِ ",
      "latin": "Fa'in kāna lakum kaidun fakīdūn(i).",
      "translation": "Jika kamu punya tipu daya, lakukanlah terhadap-Ku.” ",
      "footnotes": null
    },
    {
      "ayah": 40,
      "quarter_hizb": 58.75,
      "juz": 29,
      "manzil": 7,
      "arabic": "وَيْلٌ يَّوْمَىِٕذٍ لِّلْمُكَذِّبِيْنَ ࣖ ",
      "latin": "Wailuy yauma'iżil lil-mukażżibīn(a).",
      "translation": "Celakalah pada hari itu para pendusta (kebenaran).",
      "footnotes": null
    },
    {
      "ayah": 41,
      "quarter_hizb": 58.75,
      "juz": 29,
      "manzil": 7,
      "arabic": "اِنَّ الْمُتَّقِيْنَ فِيْ ظِلٰلٍ وَّعُيُوْنٍۙ",
      "latin": "Innal-muttaqīna fī ẓilāliw wa ‘uyūn(in).",
      "translation": "Sesungguhnya orang-orang yang bertakwa berada dalam naungan (pepohonan surga yang teduh) dan (ada di sekitar) mata air ",
      "footnotes": null
    },
    {
      "ayah": 42,
      "quarter_hizb": 58.75,
      "juz": 29,
      "manzil": 7,
      "arabic": "وَّفَوَاكِهَ مِمَّا يَشْتَهُوْنَۗ",
      "latin": "Wa fawākiha mimmā yasytahūn(a).",
      "translation": "serta buah-buahan yang mereka sukai. ",
      "footnotes": null
    },
    {
      "ayah": 43,
      "quarter_hizb": 58.75,
      "juz": 29,
      "manzil": 7,
      "arabic": "كُلُوْا وَاشْرَبُوْا هَنِيْۤـًٔا ۢبِمَا كُنْتُمْ تَعْمَلُوْنَ ",
      "latin": "Kulū wasyrabū hanī'am bimā kuntum ta‘malūn(a).",
      "translation": "(Dikatakan kepada mereka,) “Makan dan minumlah dengan nikmat karena apa yang selalu kamu kerjakan.” ",
      "footnotes": null
    },
    {
      "ayah": 44,
      "quarter_hizb": 58.75,
      "juz": 29,
      "manzil": 7,
      "arabic": "اِنَّا كَذٰلِكَ نَجْزِى الْمُحْسِنِيْنَ ",
      "latin": "Innā każālika najzil-muḥsinīn(a).",
      "translation": "Sesungguhnya demikianlah Kami beri balasan kepada orang-orang yang berbuat baik. ",
      "footnotes": null
    },
    {
      "ayah": 45,
      "quarter_hizb": 58.75,
      "juz": 29,
      "manzil": 7,
      "arabic": "وَيْلٌ يَّوْمَىِٕذٍ لِّلْمُكَذِّبِيْنَ ",
      "latin": "Wailuy yauma'iżil lil-mukażżibīn(a).",
      "translation": "Celakalah pada hari itu para pendusta (kebenaran).",
      "footnotes": null
    },
    {
      "ayah": 46,
      "quarter_hizb": 58.75,
      "juz": 29,
      "manzil": 7,
      "arabic": "كُلُوْا وَتَمَتَّعُوْا قَلِيْلًا اِنَّكُمْ مُّجْرِمُوْنَ ",
      "latin": "Kulū wa tamatta‘ū qalīlan innakum mujrimūn(a).",
      "translation": "(Dikatakan kepada orang-orang kafir,) “Makan dan bersenang-senanglah kamu (di dunia) sebentar. Sesungguhnya kamu adalah para pendurhaka!”",
      "footnotes": null
    },
    {
      "ayah": 47,
      "quarter_hizb": 58.75,
      "juz": 29,
      "manzil": 7,
      "arabic": "وَيْلٌ يَّوْمَىِٕذٍ لِّلْمُكَذِّبِيْنَ ",
      "latin": "Wailuy yauma'iżil lil-mukażżibīn(a).",
      "translation": "Celakalah pada hari itu para pendusta (kebenaran).",
      "footnotes": null
    },
    {
      "ayah": 48,
      "quarter_hizb": 58.75,
      "juz": 29,
      "manzil": 7,
      "arabic": "وَاِذَا قِيْلَ لَهُمُ ارْكَعُوْا لَا يَرْكَعُوْنَ ",
      "latin": "Wa iżā qīla lahumurka‘ū lā yarka‘ūn(a).",
      "translation": "Apabila dikatakan kepada mereka, “Rukuklah,” mereka tidak mau rukuk.",
      "footnotes": null
    },
    {
      "ayah": 49,
      "quarter_hizb": 58.75,
      "juz": 29,
      "manzil": 7,
      "arabic": "وَيْلٌ يَّوْمَىِٕذٍ لِّلْمُكَذِّبِيْنَ ",
      "latin": "Wailuy yauma'iżil lil-mukażżibīn(a).",
      "translation": "Celakalah pada hari itu para pendusta (kebenaran).",
      "footnotes": null
    },
    {
      "ayah": 50,
      "quarter_hizb": 58.75,
      "juz": 29,
      "manzil": 7,
      "arabic": "فَبِاَيِّ حَدِيْثٍۢ بَعْدَهٗ يُؤْمِنُوْنَ ࣖ   ۔",
      "latin": "Fa bi'ayyi ḥadīṡim ba‘dahū yu'minūn(a).",
      "translation": "Maka, pada perkataan manakah sesudahnya (Al-Qur’an) mereka akan beriman?",
      "footnotes": null
    }
  ]
}