{
  "arabic": " النّٰزعٰت",
  "latin": "An-Nāzi‘āt",
  "transliteration": "An-Nazi‘at",
  "translation": "Yang Mencabut Dengan Keras",
  "num_ayah": 46,
  "location": "Makkiyah",
  "ayah": [
    {
      "ayah": 1,
      "quarter_hizb": 59,
      "juz": 30,
      "manzil": 7,
      "arabic": "وَالنّٰزِعٰتِ غَرْقًاۙ",
      "latin": "Wan-nāzi‘āti garqā(n).",
      "translation": "Demi (malaikat) yang mencabut (nyawa orang kafir) dengan keras,",
      "footnotes": null
    },
    {
      "ayah": 2,
      "quarter_hizb": 59,
      "juz": 30,
      "manzil": 7,
      "arabic": "وَّالنّٰشِطٰتِ نَشْطًاۙ",
      "latin": "Wan-nāsyiṭāti nasyṭā(n).",
      "translation": "demi (malaikat) yang mencabut (nyawa orang mukmin) dengan lemah lembut,",
      "footnotes": null
    },
    {
      "ayah": 3,
      "quarter_hizb": 59,
      "juz": 30,
      "manzil": 7,
      "arabic": "وَّالسّٰبِحٰتِ سَبْحًاۙ",
      "latin": "Was-sābiḥāti sabḥā(n).",
      "translation": "demi (malaikat) yang cepat (menunaikan tugasnya) dengan mudah,",
      "footnotes": null
    },
    {
      "ayah": 4,
      "quarter_hizb": 59,
      "juz": 30,
      "manzil": 7,
      "arabic": "فَالسّٰبِقٰتِ سَبْقًاۙ",
      "latin": "Fas-sābiqāti sabqā(n).",
      "translation": "(malaikat) yang bergegas (melaksanakan perintah Allah) dengan cepat,",
      "footnotes": null
    },
    {
      "ayah": 5,
      "quarter_hizb": 59,
      "juz": 30,
      "manzil": 7,
      "arabic": "فَالْمُدَبِّرٰتِ اَمْرًاۘ",
      "latin": "Fal-mudabbirāti amrā(n).",
      "translation": "dan (malaikat) yang mengatur urusan (dunia),744)",
      "footnotes": "744) Dalam ayat 1‒5 Allah bersumpah dengan malaikat yang bermacam-macam sifat dan urusannya bahwa manusia akan dibangkitkan pada hari Kiamat. Sebagian mufasir berpendapat bahwa dalam ayat-ayat ini, kecuali ayat 5, Allah bersumpah dengan bintang-bintang."
    },
    {
      "ayah": 6,
      "quarter_hizb": 59,
      "juz": 30,
      "manzil": 7,
      "arabic": "يَوْمَ تَرْجُفُ الرَّاجِفَةُۙ",
      "latin": "Yauma tarjufur-rājifah(tu).",
      "translation": "(kamu benar-benar akan dibangkitkan) pada hari ketika tiupan pertama mengguncang (alam semesta).",
      "footnotes": null
    },
    {
      "ayah": 7,
      "quarter_hizb": 59,
      "juz": 30,
      "manzil": 7,
      "arabic": "تَتْبَعُهَا الرَّادِفَةُ ۗ",
      "latin": "Tatba‘uhar-rādifah(tu).",
      "translation": "(Tiupan pertama) itu diiringi oleh tiupan kedua.",
      "footnotes": null
    },
    {
      "ayah": 8,
      "quarter_hizb": 59,
      "juz": 30,
      "manzil": 7,
      "arabic": "قُلُوْبٌ يَّوْمَىِٕذٍ وَّاجِفَةٌۙ",
      "latin": "Qulūbuy yauma'iżiw wājifah(tun).",
      "translation": "Hati manusia pada hari itu merasa sangat takut;",
      "footnotes": null
    },
    {
      "ayah": 9,
      "quarter_hizb": 59,
      "juz": 30,
      "manzil": 7,
      "arabic": "اَبْصَارُهَا خَاشِعَةٌ  ۘ",
      "latin": "Abṣāruhā khāsyi‘ah(tun).",
      "translation": "pandangannya tertunduk.",
      "footnotes": null
    },
    {
      "ayah": 10,
      "quarter_hizb": 59,
      "juz": 30,
      "manzil": 7,
      "arabic": "يَقُوْلُوْنَ ءَاِنَّا لَمَرْدُوْدُوْنَ فِى الْحَافِرَةِۗ",
      "latin": "Yaqūlūna a'innā lamardūdūna fil-ḥāfirah(ti).",
      "translation": "Mereka (di dunia) berkata, “Apakah kita benar-benar akan dikembalikan pada kehidupan yang semula?745)",
      "footnotes": "745) Setelah orang-orang kafir mendengar berita tentang adanya hari Kebangkitan setelah mati, mereka merasa heran dan mengejek karena menurut keyakinan mereka, hari Kebangkitan itu tidak ada. Itulah sebabnya mereka berkata demikian."
    },
    {
      "ayah": 11,
      "quarter_hizb": 59,
      "juz": 30,
      "manzil": 7,
      "arabic": "ءَاِذَا كُنَّا عِظَامًا نَّخِرَةً ۗ",
      "latin": "A'iżā kunnā ‘iẓāman nakhirah(tan).",
      "translation": "Apabila kita telah menjadi tulang-belulang yang hancur, apakah kita (akan dibangkitkan juga)?”",
      "footnotes": null
    },
    {
      "ayah": 12,
      "quarter_hizb": 59,
      "juz": 30,
      "manzil": 7,
      "arabic": "قَالُوْا تِلْكَ اِذًا كَرَّةٌ خَاسِرَةٌ  ۘ",
      "latin": "Qālū tilka iżan karratun khāsirah(tun).",
      "translation": "Mereka berkata, “Kalau demikian, itu suatu pengembalian yang merugikan.”",
      "footnotes": null
    },
    {
      "ayah": 13,
      "quarter_hizb": 59,
      "juz": 30,
      "manzil": 7,
      "arabic": "فَاِنَّمَا هِيَ زَجْرَةٌ وَّاحِدَةٌۙ",
      "latin": "Fa innamā hiya zajratuw wāḥidah(tun).",
      "translation": "(Jangan dianggap sulit,) pengembalian itu (dilakukan) hanyalah dengan sekali tiupan.",
      "footnotes": null
    },
    {
      "ayah": 14,
      "quarter_hizb": 59,
      "juz": 30,
      "manzil": 7,
      "arabic": "فَاِذَا هُمْ بِالسَّاهِرَةِۗ",
      "latin": "Fa iżā hum bis-sāhirah(ti).",
      "translation": "Seketika itu, mereka hidup kembali di bumi (yang baru).",
      "footnotes": null
    },
    {
      "ayah": 15,
      "quarter_hizb": 59,
      "juz": 30,
      "manzil": 7,
      "arabic": "هَلْ اَتٰىكَ حَدِيْثُ مُوْسٰىۘ",
      "latin": "Hal atāka ḥadīṡu mūsā.",
      "translation": "Sudah sampaikah kepadamu (Nabi Muhammad) kisah Musa?",
      "footnotes": null
    },
    {
      "ayah": 16,
      "quarter_hizb": 59,
      "juz": 30,
      "manzil": 7,
      "arabic": "اِذْ نَادٰىهُ رَبُّهٗ بِالْوَادِ الْمُقَدَّسِ طُوًىۚ",
      "latin": "Iż nādāhu rabbuhū bil-wādil-muqaddasi ṭuwā(n).",
      "translation": "(Ingatlah) ketika Tuhannya menyeru dia (Musa) di lembah suci, yaitu Lembah Tuwa,",
      "footnotes": null
    },
    {
      "ayah": 17,
      "quarter_hizb": 59,
      "juz": 30,
      "manzil": 7,
      "arabic": "اِذْهَبْ اِلٰى فِرْعَوْنَ اِنَّهٗ طَغٰىۖ",
      "latin": "Iżhab ilā fir‘auna innahū ṭagā.",
      "translation": "“Pergilah engkau kepada Fir‘aun! Sesungguhnya dia telah melampaui batas.",
      "footnotes": null
    },
    {
      "ayah": 18,
      "quarter_hizb": 59,
      "juz": 30,
      "manzil": 7,
      "arabic": "فَقُلْ هَلْ لَّكَ اِلٰٓى اَنْ تَزَكّٰىۙ",
      "latin": "Fa qul hal laka ilā an tazakkā.",
      "translation": "Lalu, katakanlah (kepada Fir‘aun), ‘Adakah keinginanmu untuk menyucikan diri (dari kesesatan)",
      "footnotes": null
    },
    {
      "ayah": 19,
      "quarter_hizb": 59,
      "juz": 30,
      "manzil": 7,
      "arabic": "وَاَهْدِيَكَ اِلٰى رَبِّكَ فَتَخْشٰىۚ",
      "latin": "Wa ahdiyaka ilā rabbika fa takhsyā.",
      "translation": "dan aku akan menunjukimu ke (jalan) Tuhanmu agar engkau takut (kepada-Nya)?’”",
      "footnotes": null
    },
    {
      "ayah": 20,
      "quarter_hizb": 59,
      "juz": 30,
      "manzil": 7,
      "arabic": "فَاَرٰىهُ الْاٰيَةَ الْكُبْرٰىۖ",
      "latin": "Fa arāhul-āyatal-kubrā.",
      "translation": "Lalu, dia (Musa) memperlihatkan mukjizat yang besar kepadanya.",
      "footnotes": null
    },
    {
      "ayah": 21,
      "quarter_hizb": 59,
      "juz": 30,
      "manzil": 7,
      "arabic": "فَكَذَّبَ وَعَصٰىۖ",
      "latin": "Fa każżaba wa ‘aṣā.",
      "translation": "Akan tetapi, dia (Fir‘aun) mendustakan (kerasulan) dan mendurhakai (Allah).",
      "footnotes": null
    },
    {
      "ayah": 22,
      "quarter_hizb": 59,
      "juz": 30,
      "manzil": 7,
      "arabic": "ثُمَّ اَدْبَرَ يَسْعٰىۖ",
      "latin": "Ṡumma adbara yas‘ā.",
      "translation": "Kemudian, dia berpaling seraya berusaha (menantang Musa).",
      "footnotes": null
    },
    {
      "ayah": 23,
      "quarter_hizb": 59,
      "juz": 30,
      "manzil": 7,
      "arabic": "فَحَشَرَ فَنَادٰىۖ",
      "latin": "Fa ḥasyara fanādā.",
      "translation": "Maka, dia mengumpulkan (pembesar-pembesarnya), lalu berseru (memanggil kaumnya).",
      "footnotes": null
    },
    {
      "ayah": 24,
      "quarter_hizb": 59,
      "juz": 30,
      "manzil": 7,
      "arabic": "فَقَالَ اَنَا۠ رَبُّكُمُ الْاَعْلٰىۖ",
      "latin": "Fa qāla ana rabbukumul-a‘lā.",
      "translation": "Dia berkata, “Akulah Tuhanmu yang paling tinggi.”",
      "footnotes": null
    },
    {
      "ayah": 25,
      "quarter_hizb": 59,
      "juz": 30,
      "manzil": 7,
      "arabic": "فَاَخَذَهُ اللّٰهُ نَكَالَ الْاٰخِرَةِ وَالْاُوْلٰىۗ",
      "latin": "Fa akhażahullāhu nakālal-ākhirati wal-ūlā.",
      "translation": "Maka, Allah menghukumnya dengan azab di akhirat dan (siksaan) di dunia.",
      "footnotes": null
    },
    {
      "ayah": 26,
      "quarter_hizb": 59,
      "juz": 30,
      "manzil": 7,
      "arabic": "اِنَّ فِيْ ذٰلِكَ لَعِبْرَةً لِّمَنْ يَّخْشٰى ۗ ࣖ",
      "latin": "Inna fī żālika la‘ibratal limay yakhsyā.",
      "translation": "Sesungguhnya pada yang demikian itu benar-benar terdapat pelajaran bagi orang yang takut (kepada Allah).",
      "footnotes": null
    },
    {
      "ayah": 27,
      "quarter_hizb": 59,
      "juz": 30,
      "manzil": 7,
      "arabic": "ءَاَنْتُمْ اَشَدُّ خَلْقًا اَمِ السَّمَاۤءُ ۚ بَنٰىهَاۗ",
      "latin": "A'antum asyaddu khalqan amis-samā'u banāhā.",
      "translation": "Apakah penciptaan kamu yang lebih hebat ataukah langit yang telah dibangun-Nya?",
      "footnotes": null
    },
    {
      "ayah": 28,
      "quarter_hizb": 59,
      "juz": 30,
      "manzil": 7,
      "arabic": "رَفَعَ سَمْكَهَا فَسَوّٰىهَاۙ",
      "latin": "Rafa‘a samkahā fa sawwāhā.",
      "translation": "Dia telah meninggikan bangunannya, lalu menyempurnakannya.",
      "footnotes": null
    },
    {
      "ayah": 29,
      "quarter_hizb": 59,
      "juz": 30,
      "manzil": 7,
      "arabic": "وَاَغْطَشَ لَيْلَهَا وَاَخْرَجَ ضُحٰىهَاۖ",
      "latin": "Wa agṭasya lailahā wa akhraja ḍuḥāhā.",
      "translation": "Dia menjadikan malamnya (gelap gulita) dan menjadikan siangnya (terang benderang).",
      "footnotes": null
    },
    {
      "ayah": 30,
      "quarter_hizb": 59,
      "juz": 30,
      "manzil": 7,
      "arabic": "وَالْاَرْضَ بَعْدَ ذٰلِكَ دَحٰىهَاۗ",
      "latin": "Wal-arḍa ba‘da żālika daḥāhā.",
      "translation": "Setelah itu, bumi Dia hamparkan (untuk dihuni).",
      "footnotes": null
    },
    {
      "ayah": 31,
      "quarter_hizb": 59,
      "juz": 30,
      "manzil": 7,
      "arabic": "اَخْرَجَ مِنْهَا مَاۤءَهَا وَمَرْعٰىهَاۖ",
      "latin": "Akhraja minhā mā'ahā wa mar‘āhā.",
      "translation": "Darinya (bumi) Dia mengeluarkan air dan (menyediakan) tempat penggembalaan.",
      "footnotes": null
    },
    {
      "ayah": 32,
      "quarter_hizb": 59,
      "juz": 30,
      "manzil": 7,
      "arabic": "وَالْجِبَالَ اَرْسٰىهَاۙ",
      "latin": "Wal-jibāla arsāhā.",
      "translation": "Gunung-gunung Dia pancangkan dengan kukuh.",
      "footnotes": null
    },
    {
      "ayah": 33,
      "quarter_hizb": 59,
      "juz": 30,
      "manzil": 7,
      "arabic": "مَتَاعًا لَّكُمْ وَلِاَنْعَامِكُمْۗ",
      "latin": "Matā‘al lakum wa li'an‘āmikum.",
      "translation": "(Semua itu disediakan) untuk kesenanganmu dan hewan ternakmu.",
      "footnotes": null
    },
    {
      "ayah": 34,
      "quarter_hizb": 59,
      "juz": 30,
      "manzil": 7,
      "arabic": "فَاِذَا جَاۤءَتِ الطَّاۤمَّةُ الْكُبْرٰىۖ",
      "latin": "Fa iżā jā'atiṭ-ṭāmmatul-kubrā.",
      "translation": "Maka, apabila malapetaka terbesar (hari Kiamat) telah datang,",
      "footnotes": null
    },
    {
      "ayah": 35,
      "quarter_hizb": 59,
      "juz": 30,
      "manzil": 7,
      "arabic": "يَوْمَ يَتَذَكَّرُ الْاِنْسَانُ مَا سَعٰىۙ",
      "latin": "Yauma yatażakkarul-insānu mā sa‘ā.",
      "translation": "pada hari (itu) manusia teringat apa yang telah dikerjakannya",
      "footnotes": null
    },
    {
      "ayah": 36,
      "quarter_hizb": 59,
      "juz": 30,
      "manzil": 7,
      "arabic": "وَبُرِّزَتِ الْجَحِيْمُ لِمَنْ يَّرٰى",
      "latin": "Wa burrizatil-jaḥīmu limay yarā.",
      "translation": "dan (neraka) Jahim diperlihatkan dengan jelas kepada orang yang melihat(-nya).",
      "footnotes": null
    },
    {
      "ayah": 37,
      "quarter_hizb": 59,
      "juz": 30,
      "manzil": 7,
      "arabic": "فَاَمَّا مَنْ طَغٰىۖ",
      "latin": "Fa ammā man ṭagā.",
      "translation": "Adapun orang yang melampaui batas",
      "footnotes": null
    },
    {
      "ayah": 38,
      "quarter_hizb": 59,
      "juz": 30,
      "manzil": 7,
      "arabic": "وَاٰثَرَ الْحَيٰوةَ الدُّنْيَاۙ",
      "latin": "Wa āṡaral-ḥayātad-dun-yā.",
      "translation": "dan lebih mengutamakan kehidupan dunia,",
      "footnotes": null
    },
    {
      "ayah": 39,
      "quarter_hizb": 59,
      "juz": 30,
      "manzil": 7,
      "arabic": "فَاِنَّ الْجَحِيْمَ هِيَ الْمَأْوٰىۗ",
      "latin": "Fa innal-jaḥīma hiyal-ma'wā.",
      "translation": "sesungguhnya (neraka) Jahimlah tempat tinggal(-nya).",
      "footnotes": null
    },
    {
      "ayah": 40,
      "quarter_hizb": 59,
      "juz": 30,
      "manzil": 7,
      "arabic": "وَاَمَّا مَنْ خَافَ مَقَامَ رَبِّهٖ وَنَهَى النَّفْسَ عَنِ الْهَوٰىۙ",
      "latin": "Wa ammā man khāfa maqāma rabbihī wa nahan-nafsa ‘anil-hawā.",
      "translation": "Adapun orang-orang yang takut pada kebesaran Tuhannya dan menahan diri dari (keinginan) hawa nafsunya,",
      "footnotes": null
    },
    {
      "ayah": 41,
      "quarter_hizb": 59,
      "juz": 30,
      "manzil": 7,
      "arabic": "فَاِنَّ الْجَنَّةَ هِيَ الْمَأْوٰىۗ",
      "latin": "Fa innal-jannata hiyal-ma'wā.",
      "translation": "sesungguhnya surgalah tempat tinggal(-nya).",
      "footnotes": null
    },
    {
      "ayah": 42,
      "quarter_hizb": 59,
      "juz": 30,
      "manzil": 7,
      "arabic": "يَسْـَٔلُوْنَكَ عَنِ السَّاعَةِ اَيَّانَ مُرْسٰىهَاۗ",
      "latin": "Yas'alūnaka ‘anis-sā‘ati ayyāna mursāhā.",
      "translation": "Mereka (orang-orang kafir) bertanya kepadamu (Nabi Muhammad) tentang hari Kiamat, “Kapankah terjadinya?” ",
      "footnotes": null
    },
    {
      "ayah": 43,
      "quarter_hizb": 59,
      "juz": 30,
      "manzil": 7,
      "arabic": "فِيْمَ اَنْتَ مِنْ ذِكْرٰىهَاۗ",
      "latin": "Fīma anta min żikrāhā.",
      "translation": "Untuk apa engkau perlu menyebutkan (waktu)-nya?",
      "footnotes": null
    },
    {
      "ayah": 44,
      "quarter_hizb": 59,
      "juz": 30,
      "manzil": 7,
      "arabic": "اِلٰى رَبِّكَ مُنْتَهٰىهَاۗ",
      "latin": "Ilā rabbika muntahāhā.",
      "translation": "Kepada Tuhanmulah (dikembalikan) kesudahan (ketentuan waktu)-nya.",
      "footnotes": null
    },
    {
      "ayah": 45,
      "quarter_hizb": 59,
      "juz": 30,
      "manzil": 7,
      "arabic": "اِنَّمَآ اَنْتَ مُنْذِرُ مَنْ يَّخْشٰىهَاۗ",
      "latin": "Innamā anta munżiru may yakhsyāhā.",
      "translation": "Engkau (Nabi Muhammad) hanyalah pemberi peringatan kepada siapa yang takut padanya (hari Kiamat).",
      "footnotes": null
    },
    {
      "ayah": 46,
      "quarter_hizb": 59,
      "juz": 30,
      "manzil": 7,
      "arabic": "كَاَنَّهُمْ يَوْمَ يَرَوْنَهَا لَمْ يَلْبَثُوْٓا اِلَّا عَشِيَّةً اَوْ ضُحٰىهَا ࣖ",
      "latin": "Ka'annahum yauma yaraunahā lam yalbaṡū illā ‘asyiyyatan au ḍuḥāhā.",
      "translation": "Pada hari ketika melihatnya (hari Kiamat itu), mereka merasa seakan-akan hanya (sebentar) tinggal (di dunia) pada waktu petang atau pagi.",
      "footnotes": null
    }
  ]
}