{
  "arabic": "التّكوير",
  "latin": "At-Takwīr",
  "transliteration": "At-Takwir",
  "translation": "Penggulungan",
  "num_ayah": 29,
  "location": "Makkiyah",
  "ayah": [
    {
      "ayah": 1,
      "quarter_hizb": 59.25,
      "juz": 30,
      "manzil": 7,
      "arabic": "اِذَا الشَّمْسُ كُوِّرَتْۖ",
      "latin": "Iżasy-syamsu kuwwirat.",
      "translation": "Apabila matahari digulung,",
      "footnotes": null
    },
    {
      "ayah": 2,
      "quarter_hizb": 59.25,
      "juz": 30,
      "manzil": 7,
      "arabic": "وَاِذَا النُّجُوْمُ انْكَدَرَتْۖ",
      "latin": "Wa iżan-nujūmunkadarat.",
      "translation": "apabila bintang-bintang berjatuhan,",
      "footnotes": null
    },
    {
      "ayah": 3,
      "quarter_hizb": 59.25,
      "juz": 30,
      "manzil": 7,
      "arabic": "وَاِذَا الْجِبَالُ سُيِّرَتْۖ",
      "latin": "Wa iżal-jibālu suyyirat.",
      "translation": "apabila gunung-gunung dihancurkan,",
      "footnotes": null
    },
    {
      "ayah": 4,
      "quarter_hizb": 59.25,
      "juz": 30,
      "manzil": 7,
      "arabic": "وَاِذَا الْعِشَارُ عُطِّلَتْۖ",
      "latin": "Wa iżal-‘isyāru ‘uṭṭilat.",
      "translation": "apabila unta-unta yang bunting ditinggalkan (tidak terurus),",
      "footnotes": null
    },
    {
      "ayah": 5,
      "quarter_hizb": 59.25,
      "juz": 30,
      "manzil": 7,
      "arabic": "وَاِذَا الْوُحُوْشُ حُشِرَتْۖ",
      "latin": "Wa iżal-wuḥūsy ḥusyirat.",
      "translation": "apabila binatang-binatang liar dikumpulkan,",
      "footnotes": null
    },
    {
      "ayah": 6,
      "quarter_hizb": 59.25,
      "juz": 30,
      "manzil": 7,
      "arabic": "وَاِذَا الْبِحَارُ سُجِّرَتْۖ",
      "latin": "Wa iżal-biḥāru sujjirat.",
      "translation": "apabila lautan dipanaskan,",
      "footnotes": null
    },
    {
      "ayah": 7,
      "quarter_hizb": 59.25,
      "juz": 30,
      "manzil": 7,
      "arabic": "وَاِذَا النُّفُوْسُ زُوِّجَتْۖ",
      "latin": "Wa iżan-nufūsu zuwwijat.",
      "translation": "apabila roh-roh dipertemukan (dengan tubuh), ",
      "footnotes": null
    },
    {
      "ayah": 8,
      "quarter_hizb": 59.25,
      "juz": 30,
      "manzil": 7,
      "arabic": "وَاِذَا الْمَوْءٗدَةُ سُىِٕلَتْۖ ",
      "latin": "Wa iżal-mau'ūdatu su'ilat.",
      "translation": "apabila bayi-bayi perempuan yang dikubur hidup-hidup ditanya, ",
      "footnotes": null
    },
    {
      "ayah": 9,
      "quarter_hizb": 59.25,
      "juz": 30,
      "manzil": 7,
      "arabic": "بِاَيِّ ذَنْۢبٍ قُتِلَتْۚ",
      "latin": "Bi'ayyi żambin qutilat.",
      "translation": "“Karena dosa apa dia dibunuh,”",
      "footnotes": null
    },
    {
      "ayah": 10,
      "quarter_hizb": 59.25,
      "juz": 30,
      "manzil": 7,
      "arabic": "وَاِذَا الصُّحُفُ نُشِرَتْۖ",
      "latin": "Wa iżaṣ-ṣuḥufu nusyirat.",
      "translation": "apabila lembaran-lembaran (catatan amal) telah dibuka lebar-lebar, ",
      "footnotes": null
    },
    {
      "ayah": 11,
      "quarter_hizb": 59.25,
      "juz": 30,
      "manzil": 7,
      "arabic": "وَاِذَا السَّمَاۤءُ كُشِطَتْۖ",
      "latin": "Wa iżas-samā'u kusyiṭat.",
      "translation": "apabila langit dilenyapkan, ",
      "footnotes": null
    },
    {
      "ayah": 12,
      "quarter_hizb": 59.25,
      "juz": 30,
      "manzil": 7,
      "arabic": "وَاِذَا الْجَحِيْمُ سُعِّرَتْۖ",
      "latin": "Wa iżal-jaḥīmu su‘‘irat.",
      "translation": "apabila (neraka) Jahim dinyalakan, ",
      "footnotes": null
    },
    {
      "ayah": 13,
      "quarter_hizb": 59.25,
      "juz": 30,
      "manzil": 7,
      "arabic": "وَاِذَا الْجَنَّةُ اُزْلِفَتْۖ",
      "latin": "Wa iżal-jannatu uzlifat.",
      "translation": "dan apabila surga didekatkan, ",
      "footnotes": null
    },
    {
      "ayah": 14,
      "quarter_hizb": 59.25,
      "juz": 30,
      "manzil": 7,
      "arabic": "عَلِمَتْ نَفْسٌ مَّآ اَحْضَرَتْۗ",
      "latin": "‘Alimat nafsum mā aḥḍarat.",
      "translation": "setiap jiwa akan mengetahui apa yang telah dikerjakannya.",
      "footnotes": null
    },
    {
      "ayah": 15,
      "quarter_hizb": 59.25,
      "juz": 30,
      "manzil": 7,
      "arabic": "فَلَآ اُقْسِمُ بِالْخُنَّسِۙ",
      "latin": "Falā uqsimu bil-khunnas(i).",
      "translation": "Aku bersumpah demi bintang-bintang",
      "footnotes": null
    },
    {
      "ayah": 16,
      "quarter_hizb": 59.25,
      "juz": 30,
      "manzil": 7,
      "arabic": "الْجَوَارِ الْكُنَّسِۙ",
      "latin": "Al-jawāril-kunnas(i).",
      "translation": "yang beredar lagi terbenam, ",
      "footnotes": null
    },
    {
      "ayah": 17,
      "quarter_hizb": 59.25,
      "juz": 30,
      "manzil": 7,
      "arabic": "وَالَّيْلِ اِذَا عَسْعَسَۙ",
      "latin": "Wal-laili iżā ‘as‘as(a).",
      "translation": "demi malam apabila telah larut,",
      "footnotes": null
    },
    {
      "ayah": 18,
      "quarter_hizb": 59.25,
      "juz": 30,
      "manzil": 7,
      "arabic": "وَالصُّبْحِ اِذَا تَنَفَّسَۙ",
      "latin": "Waṣ-ṣubḥi iżā tanaffas(a).",
      "translation": "demi subuh apabila (fajar) telah menyingsing, ",
      "footnotes": null
    },
    {
      "ayah": 19,
      "quarter_hizb": 59.25,
      "juz": 30,
      "manzil": 7,
      "arabic": "اِنَّهٗ لَقَوْلُ رَسُوْلٍ كَرِيْمٍۙ",
      "latin": "Innahū laqaulu rasūlin karīm(in).",
      "translation": "sesungguhnya (Al-Qur’an) itu benar-benar firman (Allah yang dibawa oleh) utusan yang mulia (Jibril)",
      "footnotes": null
    },
    {
      "ayah": 20,
      "quarter_hizb": 59.25,
      "juz": 30,
      "manzil": 7,
      "arabic": "ذِيْ قُوَّةٍ عِنْدَ ذِى الْعَرْشِ مَكِيْنٍۙ",
      "latin": "Żī quwwatin ‘inda żil-‘arsyi makīn(in).",
      "translation": "yang memiliki kekuatan dan kedudukan tinggi di sisi (Allah) yang memiliki ʻArasy,",
      "footnotes": null
    },
    {
      "ayah": 21,
      "quarter_hizb": 59.25,
      "juz": 30,
      "manzil": 7,
      "arabic": "مُّطَاعٍ ثَمَّ اَمِيْنٍۗ",
      "latin": "Muṭā‘in ṡamma amīn(in).",
      "translation": "yang di sana (Jibril) ditaati lagi dipercaya.",
      "footnotes": null
    },
    {
      "ayah": 22,
      "quarter_hizb": 59.25,
      "juz": 30,
      "manzil": 7,
      "arabic": "وَمَا صَاحِبُكُمْ بِمَجْنُوْنٍۚ",
      "latin": "Wa mā ṣāḥibukum bimajnūn(in).",
      "translation": "Temanmu (Nabi Muhammad) itu bukanlah orang gila. ",
      "footnotes": null
    },
    {
      "ayah": 23,
      "quarter_hizb": 59.25,
      "juz": 30,
      "manzil": 7,
      "arabic": "وَلَقَدْ رَاٰهُ بِالْاُفُقِ الْمُبِيْنِۚ",
      "latin": "Wa laqad ra'āhu bil-ufuqil-mubīn(i).",
      "translation": "Sungguh, dia (Nabi Muhammad) benar-benar telah melihatnya (Jibril) di ufuk yang terang. ",
      "footnotes": null
    },
    {
      "ayah": 24,
      "quarter_hizb": 59.25,
      "juz": 30,
      "manzil": 7,
      "arabic": "وَمَا هُوَ عَلَى الْغَيْبِ بِضَنِيْنٍۚ",
      "latin": "Wa mā huwa ‘alal-gaibi biḍanīn(in).",
      "translation": "Dia (Nabi Muhammad) bukanlah seorang yang kikir (enggan) untuk menerangkan yang gaib.",
      "footnotes": null
    },
    {
      "ayah": 25,
      "quarter_hizb": 59.25,
      "juz": 30,
      "manzil": 7,
      "arabic": "وَمَا هُوَ بِقَوْلِ شَيْطٰنٍ رَّجِيْمٍۚ",
      "latin": "Wa mā huwa biqauli syaiṭānir rajīm(in).",
      "translation": "(Al-Qur’an) itu bukanlah perkataan setan yang terkutuk.",
      "footnotes": null
    },
    {
      "ayah": 26,
      "quarter_hizb": 59.25,
      "juz": 30,
      "manzil": 7,
      "arabic": "فَاَيْنَ تَذْهَبُوْنَۗ",
      "latin": "Fa aina tażhabūn(a).",
      "translation": "Maka, ke manakah kamu akan pergi?747)",
      "footnotes": "747) Setelah diterangkan bahwa Al-Qur’an itu benar-benar datang dari Allah dan di dalamnya ada pelajaran dan petunjuk yang memimpin manusia ke jalan yang lurus, ditanyakanlah kepada orang-orang kafir itu, “Jalan manakah yang akan kamu tempuh?”"
    },
    {
      "ayah": 27,
      "quarter_hizb": 59.25,
      "juz": 30,
      "manzil": 7,
      "arabic": "اِنْ هُوَ اِلَّا ذِكْرٌ لِّلْعٰلَمِيْنَۙ",
      "latin": "In huwa illā żikrul lil-‘ālamīn(a).",
      "translation": "(Al-Qur’an) itu tidak lain, kecuali peringatan bagi semesta alam, ",
      "footnotes": null
    },
    {
      "ayah": 28,
      "quarter_hizb": 59.25,
      "juz": 30,
      "manzil": 7,
      "arabic": "لِمَنْ شَاۤءَ مِنْكُمْ اَنْ يَّسْتَقِيْمَۗ",
      "latin": "Liman syā'a minkum ay yastaqīm(a).",
      "translation": "(yaitu) bagi siapa di antaramu yang hendak menempuh jalan yang lurus. ",
      "footnotes": null
    },
    {
      "ayah": 29,
      "quarter_hizb": 59.25,
      "juz": 30,
      "manzil": 7,
      "arabic": "وَمَا تَشَاۤءُوْنَ اِلَّآ اَنْ يَّشَاۤءَ اللّٰهُ رَبُّ الْعٰلَمِيْنَ ࣖ",
      "latin": "Wa mā tasyā'ūna illā ay yasyā'allāhu rabbul-‘ālamīn(a).",
      "translation": "Kamu tidak dapat berkehendak, kecuali apabila dikehendaki Allah, Tuhan semesta alam.",
      "footnotes": null
    }
  ]
}