{
  "arabic": " المطفّفين",
  "latin": "Al-Muṭaffifīn",
  "transliteration": "Al-Mutaffifin",
  "translation": "Orang-Orang Yang Curang",
  "num_ayah": 36,
  "location": "Makkiyah",
  "ayah": [
    {
      "ayah": 1,
      "quarter_hizb": 59.5,
      "juz": 30,
      "manzil": 7,
      "arabic": "وَيْلٌ لِّلْمُطَفِّفِيْنَۙ",
      "latin": "Wailul lil-muṭaffifīn(a).",
      "translation": "Celakalah orang-orang yang curang (dalam menakar dan menimbang)!",
      "footnotes": null
    },
    {
      "ayah": 2,
      "quarter_hizb": 59.5,
      "juz": 30,
      "manzil": 7,
      "arabic": "الَّذِيْنَ اِذَا اكْتَالُوْا عَلَى النَّاسِ يَسْتَوْفُوْنَۖ",
      "latin": "Allażīna iżaktālū ‘alan-nāsi yastaufūn(a).",
      "translation": "(Mereka adalah) orang-orang yang apabila menerima takaran dari orang lain, mereka minta dipenuhi.",
      "footnotes": null
    },
    {
      "ayah": 3,
      "quarter_hizb": 59.5,
      "juz": 30,
      "manzil": 7,
      "arabic": "وَاِذَا كَالُوْهُمْ اَوْ وَّزَنُوْهُمْ يُخْسِرُوْنَۗ",
      "latin": "Wa iżā kālūhum au wazanūhum yukhsirūn(a).",
      "translation": "(Sebaliknya,) apabila mereka menakar atau menimbang untuk orang lain, mereka kurangi. ",
      "footnotes": null
    },
    {
      "ayah": 4,
      "quarter_hizb": 59.5,
      "juz": 30,
      "manzil": 7,
      "arabic": "اَلَا يَظُنُّ اُولٰۤىِٕكَ اَنَّهُمْ مَّبْعُوْثُوْنَۙ",
      "latin": "Alā yaẓunnu ulā'ika annahum mab‘ūṡūn(a).",
      "translation": "Tidakkah mereka mengira (bahwa) sesungguhnya mereka akan dibangkitkan",
      "footnotes": null
    },
    {
      "ayah": 5,
      "quarter_hizb": 59.5,
      "juz": 30,
      "manzil": 7,
      "arabic": "لِيَوْمٍ عَظِيْمٍۙ",
      "latin": "Liyaumin ‘aẓīm(in).",
      "translation": "pada suatu hari yang besar (Kiamat),",
      "footnotes": null
    },
    {
      "ayah": 6,
      "quarter_hizb": 59.5,
      "juz": 30,
      "manzil": 7,
      "arabic": "يَّوْمَ يَقُوْمُ النَّاسُ لِرَبِّ الْعٰلَمِيْنَۗ",
      "latin": "Yauma yaqūmun-nāsu lirabbil-‘ālamīn(a).",
      "translation": "(yaitu) hari (ketika) manusia bangkit menghadap Tuhan seluruh alam?",
      "footnotes": null
    },
    {
      "ayah": 7,
      "quarter_hizb": 59.5,
      "juz": 30,
      "manzil": 7,
      "arabic": "كَلَّآ اِنَّ كِتٰبَ الْفُجَّارِ لَفِيْ سِجِّيْنٍۗ",
      "latin": "Kallā inna kitābal-fujjāri lafī sijjīn(in).",
      "translation": "Jangan sekali-kali begitu! Sesungguhnya catatan orang yang durhaka benar-benar (tersimpan) dalam Sijjīn.748)",
      "footnotes": "748) Sijjīn adalah nama kitab yang mencatat segala perbuatan orang-orang yang durhaka."
    },
    {
      "ayah": 8,
      "quarter_hizb": 59.5,
      "juz": 30,
      "manzil": 7,
      "arabic": "وَمَآ اَدْرٰىكَ مَا سِجِّيْنٌۗ",
      "latin": "Wa mā adrāka mā sijjīn(un).",
      "translation": "Tahukah engkau apakah Sijjīn itu? ",
      "footnotes": null
    },
    {
      "ayah": 9,
      "quarter_hizb": 59.5,
      "juz": 30,
      "manzil": 7,
      "arabic": "كِتٰبٌ مَّرْقُوْمٌۗ",
      "latin": "Kitābum marqūm(un).",
      "translation": "(Ia adalah) kitab yang berisi catatan (amal).",
      "footnotes": null
    },
    {
      "ayah": 10,
      "quarter_hizb": 59.5,
      "juz": 30,
      "manzil": 7,
      "arabic": "وَيْلٌ يَّوْمَىِٕذٍ لِّلْمُكَذِّبِيْنَۙ",
      "latin": "Wailuy yauma'iżil lil-mukażżibīn(a).",
      "translation": "Celakalah pada hari itu bagi para pendusta,",
      "footnotes": null
    },
    {
      "ayah": 11,
      "quarter_hizb": 59.5,
      "juz": 30,
      "manzil": 7,
      "arabic": "الَّذِيْنَ يُكَذِّبُوْنَ بِيَوْمِ الدِّيْنِۗ",
      "latin": "Allażīna yukażżibūna biyaumid-dīn(i).",
      "translation": "yaitu orang-orang yang mendustakan hari Pembalasan.",
      "footnotes": null
    },
    {
      "ayah": 12,
      "quarter_hizb": 59.5,
      "juz": 30,
      "manzil": 7,
      "arabic": "وَمَا يُكَذِّبُ بِهٖٓ اِلَّا كُلُّ مُعْتَدٍ اَثِيْمٍۙ",
      "latin": "Wa mā yukażżibu bihī illā kullu mu‘tadin aṡīm(in).",
      "translation": "Tidak ada yang mendustakannya, kecuali setiap orang yang melampaui batas lagi sangat berdosa.",
      "footnotes": null
    },
    {
      "ayah": 13,
      "quarter_hizb": 59.5,
      "juz": 30,
      "manzil": 7,
      "arabic": "اِذَا تُتْلٰى عَلَيْهِ اٰيٰتُنَا قَالَ اَسَاطِيْرُ الْاَوَّلِيْنَۗ",
      "latin": "Iżā tutlā ‘alaihi āyātunā qāla asāṭīrul-awwalīn(a).",
      "translation": "Apabila dibacakan kepadanya ayat-ayat Kami, dia berkata, “(Itu adalah) dongeng orang-orang dahulu.” ",
      "footnotes": null
    },
    {
      "ayah": 14,
      "quarter_hizb": 59.5,
      "juz": 30,
      "manzil": 7,
      "arabic": "كَلَّا بَلْ ۜرَانَ عَلٰى قُلُوْبِهِمْ مَّا كَانُوْا يَكْسِبُوْنَ ",
      "latin": "Kallā bal…rāna ‘alā qulūbihim mā kānū yaksibūn(a).",
      "translation": "Sekali-kali tidak! Bahkan, apa yang selalu mereka kerjakan itu telah menutupi hati mereka. ",
      "footnotes": null
    },
    {
      "ayah": 15,
      "quarter_hizb": 59.5,
      "juz": 30,
      "manzil": 7,
      "arabic": "كَلَّآ اِنَّهُمْ عَنْ رَّبِّهِمْ يَوْمَىِٕذٍ لَّمَحْجُوْبُوْنَۗ",
      "latin": "Kallā innahum ‘ar rabbihim yauma'iżil lamaḥjūbūn(a).",
      "translation": "Sekali-kali tidak!749) Sesungguhnya mereka pada hari itu benar-benar terhalang dari (rahmat) Tuhannya. ",
      "footnotes": "749) Maksudnya adalah sekali-kali tidak seperti apa yang mereka katakan, yakni bahwa mereka dekat pada sisi Tuhan."
    },
    {
      "ayah": 16,
      "quarter_hizb": 59.5,
      "juz": 30,
      "manzil": 7,
      "arabic": "ثُمَّ اِنَّهُمْ لَصَالُوا الْجَحِيْمِۗ",
      "latin": "Ṡumma innahum laṣālul-jaḥīm(i). ",
      "translation": "Sesungguhnya mereka kemudian benar-benar masuk (neraka) Jahim. ",
      "footnotes": null
    },
    {
      "ayah": 17,
      "quarter_hizb": 59.5,
      "juz": 30,
      "manzil": 7,
      "arabic": "ثُمَّ يُقَالُ هٰذَا الَّذِيْ كُنْتُمْ بِهٖ تُكَذِّبُوْنَۗ",
      "latin": "Ṡumma yuqālu hāżal-lażī kuntum bihī tukażżibūn(a).",
      "translation": "Lalu dikatakan (kepada mereka), “Inilah (azab) yang selalu kamu dustakan.”",
      "footnotes": null
    },
    {
      "ayah": 18,
      "quarter_hizb": 59.5,
      "juz": 30,
      "manzil": 7,
      "arabic": "كَلَّآ اِنَّ كِتٰبَ الْاَبْرَارِ لَفِيْ عِلِّيِّيْنَۗ ",
      "latin": "Kallā inna kitābal-abrāri lafī ‘illiyyīn(a).",
      "translation": "Sekali-kali tidak! Sesungguhnya catatan orang-orang yang berbakti benar-benar tersimpan dalam ‘Illiyyīn.750)",
      "footnotes": "750) ‘Illiyyīn adalah nama kitab yang mencatat segala perbuatan orang-orang yang beramal saleh."
    },
    {
      "ayah": 19,
      "quarter_hizb": 59.5,
      "juz": 30,
      "manzil": 7,
      "arabic": "وَمَآ اَدْرٰىكَ مَا عِلِّيُّوْنَۗ",
      "latin": "Wa mā adrāka mā ‘illiyyūn(a).",
      "translation": "Tahukah engkau apakah ‘Illiyyīn itu?",
      "footnotes": null
    },
    {
      "ayah": 20,
      "quarter_hizb": 59.5,
      "juz": 30,
      "manzil": 7,
      "arabic": "كِتٰبٌ مَّرْقُوْمٌۙ",
      "latin": "Kitābum marqūm(un).",
      "translation": "(Itulah) kitab yang berisi catatan (amal)",
      "footnotes": null
    },
    {
      "ayah": 21,
      "quarter_hizb": 59.5,
      "juz": 30,
      "manzil": 7,
      "arabic": "يَّشْهَدُهُ الْمُقَرَّبُوْنَۗ",
      "latin": "Yasyhaduhul-muqarrabūn(a).",
      "translation": "yang disaksikan oleh (malaikat-malaikat) yang didekatkan (kepada Allah). ",
      "footnotes": null
    },
    {
      "ayah": 22,
      "quarter_hizb": 59.5,
      "juz": 30,
      "manzil": 7,
      "arabic": "اِنَّ الْاَبْرَارَ لَفِيْ نَعِيْمٍۙ",
      "latin": "Innal-abrāra lafī na‘īm(in).",
      "translation": "Sesungguhnya orang-orang yang berbakti benar-benar berada dalam (surga yang penuh) kenikmatan.",
      "footnotes": null
    },
    {
      "ayah": 23,
      "quarter_hizb": 59.5,
      "juz": 30,
      "manzil": 7,
      "arabic": "عَلَى الْاَرَاۤىِٕكِ يَنْظُرُوْنَۙ",
      "latin": "‘Alal-arā'iki yanẓurūn(a).",
      "translation": "Mereka (duduk) di atas dipan-dipan (sambil) melepas pandangan. ",
      "footnotes": null
    },
    {
      "ayah": 24,
      "quarter_hizb": 59.5,
      "juz": 30,
      "manzil": 7,
      "arabic": "تَعْرِفُ فِيْ وُجُوْهِهِمْ نَضْرَةَ النَّعِيْمِۚ",
      "latin": "Ta‘rifu fī wujūhihim naḍratan na‘īm(i).",
      "translation": "Engkau dapat mengetahui pada wajah mereka gemerlapnya kenikmatan.",
      "footnotes": null
    },
    {
      "ayah": 25,
      "quarter_hizb": 59.5,
      "juz": 30,
      "manzil": 7,
      "arabic": "يُسْقَوْنَ مِنْ رَّحِيْقٍ مَّخْتُوْمٍۙ",
      "latin": "Yusqauna mir raḥīqim makhtūm(in).",
      "translation": "Mereka diberi minum dari khamar murni (tidak memabukkan) yang (tempatnya) masih diberi lak (sebagai jaminan keasliannya).",
      "footnotes": null
    },
    {
      "ayah": 26,
      "quarter_hizb": 59.5,
      "juz": 30,
      "manzil": 7,
      "arabic": "خِتٰمُهٗ مِسْكٌ ۗوَفِيْ ذٰلِكَ فَلْيَتَنَافَسِ الْمُتَنٰفِسُوْنَۗ",
      "latin": "Khitāmuhū misk(un), wa fī żālika falyatanāfasil-mutanāfisūn(a).",
      "translation": "Laknya terbuat dari kasturi. Untuk (mendapatkan) yang demikian itu hendaknya orang berlomba-lomba. ",
      "footnotes": null
    },
    {
      "ayah": 27,
      "quarter_hizb": 59.5,
      "juz": 30,
      "manzil": 7,
      "arabic": "وَمِزَاجُهٗ مِنْ تَسْنِيْمٍۙ",
      "latin": "Wa mizājuhū min tasnīm(in).",
      "translation": "Campurannya terbuat dari tasnīm,",
      "footnotes": null
    },
    {
      "ayah": 28,
      "quarter_hizb": 59.5,
      "juz": 30,
      "manzil": 7,
      "arabic": "عَيْنًا يَّشْرَبُ بِهَا الْمُقَرَّبُوْنَۗ",
      "latin": "‘Ainay yasyrabu bihal-muqarrabūn(a).",
      "translation": "(yaitu) mata air yang diminum oleh mereka yang didekatkan (kepada Allah). ",
      "footnotes": null
    },
    {
      "ayah": 29,
      "quarter_hizb": 59.5,
      "juz": 30,
      "manzil": 7,
      "arabic": "اِنَّ الَّذِيْنَ اَجْرَمُوْا كَانُوْا مِنَ الَّذِيْنَ اٰمَنُوْا يَضْحَكُوْنَۖ",
      "latin": "Innal-lażīna ajramū kānū minal-lażīna āmanū yaḍḥakūn(a).",
      "translation": "Sesungguhnya orang-orang yang berdosa adalah mereka yang dahulu selalu mentertawakan orang-orang yang beriman.",
      "footnotes": null
    },
    {
      "ayah": 30,
      "quarter_hizb": 59.5,
      "juz": 30,
      "manzil": 7,
      "arabic": "وَاِذَا مَرُّوْا بِهِمْ يَتَغَامَزُوْنَۖ",
      "latin": "Wa iżā marrū bihim yatagāmazūn(a).",
      "translation": "Apabila mereka (orang-orang yang beriman) melintas di hadapan mereka, mereka saling mengedip-ngedipkan matanya.",
      "footnotes": null
    },
    {
      "ayah": 31,
      "quarter_hizb": 59.5,
      "juz": 30,
      "manzil": 7,
      "arabic": "وَاِذَا انْقَلَبُوْٓا اِلٰٓى اَهْلِهِمُ انْقَلَبُوْا فَكِهِيْنَۖ",
      "latin": "Wa iżanqalabū ilā ahlihimunqalabū fakihīn(a).",
      "translation": "Apabila kembali kepada kaumnya, mereka kembali dengan gembira ria (dan sombong). ",
      "footnotes": null
    },
    {
      "ayah": 32,
      "quarter_hizb": 59.5,
      "juz": 30,
      "manzil": 7,
      "arabic": "وَاِذَا رَاَوْهُمْ قَالُوْٓا اِنَّ هٰٓؤُلَاۤءِ لَضَاۤلُّوْنَۙ",
      "latin": "Wa iżā ra'auhum qālū inna hā'ulā'i laḍāllūn(a).",
      "translation": "Apabila melihat (orang-orang mukmin), mereka mengatakan, “Sesungguhnya mereka benar-benar orang-orang sesat,”",
      "footnotes": null
    },
    {
      "ayah": 33,
      "quarter_hizb": 59.5,
      "juz": 30,
      "manzil": 7,
      "arabic": "وَمَآ اُرْسِلُوْا عَلَيْهِمْ حٰفِظِيْنَۗ",
      "latin": "Wa mā ursilū ‘alaihim ḥāfiẓīn(a). ",
      "translation": "padahal mereka (orang-orang yang berdosa itu) tidak diutus sebagai penjaga (orang-orang mukmin). ",
      "footnotes": null
    },
    {
      "ayah": 34,
      "quarter_hizb": 59.5,
      "juz": 30,
      "manzil": 7,
      "arabic": "فَالْيَوْمَ الَّذِيْنَ اٰمَنُوْا مِنَ الْكُفَّارِ يَضْحَكُوْنَۙ",
      "latin": "Fal-yaumal-lażīna āmanū minal kuffāri yaḍḥakūn(a).",
      "translation": "Pada hari ini (hari Kiamat), orang-orang yang berimanlah yang mentertawakan orang-orang kafir.",
      "footnotes": null
    },
    {
      "ayah": 35,
      "quarter_hizb": 59.5,
      "juz": 30,
      "manzil": 7,
      "arabic": "عَلَى الْاَرَاۤىِٕكِ يَنْظُرُوْنَۗ",
      "latin": "‘Alal-arā'iki yanẓurūn(a).",
      "translation": "Mereka (duduk) di atas dipan-dipan (sambil) melepas pandangan.",
      "footnotes": null
    },
    {
      "ayah": 36,
      "quarter_hizb": 59.5,
      "juz": 30,
      "manzil": 7,
      "arabic": "هَلْ ثُوِّبَ الْكُفَّارُ مَا كَانُوْا يَفْعَلُوْنَ ࣖ",
      "latin": "Hal ṡuwwibal-kuffāru mā kānū yaf‘alūn(a).",
      "translation": "Apakah orang-orang kafir itu telah diberi balasan (hukuman) terhadap apa yang selalu mereka perbuat?",
      "footnotes": null
    }
  ]
}