{
  "arabic": " الانشقاق",
  "latin": "Al-Insyiqāq",
  "transliteration": "Al-Insyiqaq",
  "translation": "Terbelah",
  "num_ayah": 25,
  "location": "Makkiyah",
  "ayah": [
    {
      "ayah": 1,
      "quarter_hizb": 59.75,
      "juz": 30,
      "manzil": 7,
      "arabic": "اِذَا السَّمَاۤءُ انْشَقَّتْۙ ",
      "latin": "Iżas-samā'unsyaqqat.",
      "translation": "Apabila langit terbelah",
      "footnotes": null
    },
    {
      "ayah": 2,
      "quarter_hizb": 59.75,
      "juz": 30,
      "manzil": 7,
      "arabic": "وَاَذِنَتْ لِرَبِّهَا وَحُقَّتْۙ ",
      "latin": "Wa ażinat lirabbihā wa ḥuqqat.",
      "translation": "serta patuh kepada Tuhannya dan sudah semestinya patuh.",
      "footnotes": null
    },
    {
      "ayah": 3,
      "quarter_hizb": 59.75,
      "juz": 30,
      "manzil": 7,
      "arabic": "وَاِذَا الْاَرْضُ مُدَّتْۙ ",
      "latin": "Wa iẓal-arḍu muddat. ",
      "translation": "Apabila bumi diratakan,",
      "footnotes": null
    },
    {
      "ayah": 4,
      "quarter_hizb": 59.75,
      "juz": 30,
      "manzil": 7,
      "arabic": "وَاَلْقَتْ مَا فِيْهَا وَتَخَلَّتْۙ ",
      "latin": "Wa alqat mā fīhā wa takhallat. ",
      "translation": "memuntahkan apa yang ada di dalamnya dan menjadi kosong,",
      "footnotes": null
    },
    {
      "ayah": 5,
      "quarter_hizb": 59.75,
      "juz": 30,
      "manzil": 7,
      "arabic": "وَاَذِنَتْ لِرَبِّهَا وَحُقَّتْۗ ",
      "latin": "Wa ażinat lirabbihā wa ḥuqqat. ",
      "translation": "serta patuh kepada Tuhannya, dan sudah semestinya patuh.",
      "footnotes": null
    },
    {
      "ayah": 6,
      "quarter_hizb": 59.75,
      "juz": 30,
      "manzil": 7,
      "arabic": "يٰٓاَيُّهَا الْاِنْسَانُ اِنَّكَ كَادِحٌ اِلٰى رَبِّكَ كَدْحًا فَمُلٰقِيْهِۚ ",
      "latin": "Yā ayyuhal-insānu innaka kādiḥun ilā rabbika kadḥan fa mulāqīh(i). ",
      "translation": "Wahai manusia, sesungguhnya engkau telah bekerja keras menuju (pertemuan dengan) Tuhanmu. Maka, engkau pasti menemui-Nya.751)",
      "footnotes": "751) Manusia di dunia ini, baik disadari maupun tidak, sedang dalam perjalanan menuju Tuhannya. Pasti dia akan bertemu dengan Tuhannya untuk menerima balasan atas perbuatannya yang buruk dan yang baik."
    },
    {
      "ayah": 7,
      "quarter_hizb": 59.75,
      "juz": 30,
      "manzil": 7,
      "arabic": "فَاَمَّا مَنْ اُوْتِيَ كِتٰبَهٗ بِيَمِيْنِهٖۙ ",
      "latin": "Fa ammā man ūtiya kitābahū biyamīnih(ī). ",
      "translation": "Adapun orang yang catatannya diberikan dari sebelah kanannya, ",
      "footnotes": null
    },
    {
      "ayah": 8,
      "quarter_hizb": 59.75,
      "juz": 30,
      "manzil": 7,
      "arabic": "فَسَوْفَ يُحَاسَبُ حِسَابًا يَّسِيْرًاۙ ",
      "latin": "Fa saufa yuḥāsabu ḥisābay yasīrā(n).",
      "translation": "dia akan dihisab dengan pemeriksaan yang mudah",
      "footnotes": null
    },
    {
      "ayah": 9,
      "quarter_hizb": 59.75,
      "juz": 30,
      "manzil": 7,
      "arabic": "وَّيَنْقَلِبُ اِلٰٓى اَهْلِهٖ مَسْرُوْرًاۗ ",
      "latin": "Wa yanqalibu ilā ahlihī masrūrā(n).",
      "translation": "dan dia akan kembali kepada keluarganya (yang sama-sama beriman) dengan gembira.",
      "footnotes": null
    },
    {
      "ayah": 10,
      "quarter_hizb": 59.75,
      "juz": 30,
      "manzil": 7,
      "arabic": "وَاَمَّا مَنْ اُوْتِيَ كِتٰبَهٗ وَرَاۤءَ ظَهْرِهٖۙ ",
      "latin": "Wa ammā man ūtiya kitābahū warā'a ẓahrih(ī).",
      "translation": "Adapun orang yang catatannya diberikan dari belakang punggungnya, ",
      "footnotes": null
    },
    {
      "ayah": 11,
      "quarter_hizb": 59.75,
      "juz": 30,
      "manzil": 7,
      "arabic": "فَسَوْفَ يَدْعُوْا ثُبُوْرًاۙ ",
      "latin": "Fa saufa yad‘ū ṡubūrā(n).",
      "translation": "dia akan berteriak, “Celakalah aku!” ",
      "footnotes": null
    },
    {
      "ayah": 12,
      "quarter_hizb": 59.75,
      "juz": 30,
      "manzil": 7,
      "arabic": "وَّيَصْلٰى سَعِيْرًاۗ ",
      "latin": "Wa yaṣlā sa‘īrā(n).",
      "translation": "Dia akan memasuki (neraka) Sa‘ir (yang menyala-nyala).",
      "footnotes": null
    },
    {
      "ayah": 13,
      "quarter_hizb": 59.75,
      "juz": 30,
      "manzil": 7,
      "arabic": "اِنَّهٗ كَانَ فِيْٓ اَهْلِهٖ مَسْرُوْرًاۗ ",
      "latin": "Innahū kāna fī ahlihī masrūrā(n).",
      "translation": "Sesungguhnya dia dahulu (di dunia) bergembira di kalangan keluarganya (yang sama-sama kafir). ",
      "footnotes": null
    },
    {
      "ayah": 14,
      "quarter_hizb": 59.75,
      "juz": 30,
      "manzil": 7,
      "arabic": "اِنَّهٗ ظَنَّ اَنْ لَّنْ يَّحُوْرَ ۛ ",
      "latin": "Innahū ẓanna allay yaḥūr(a).",
      "translation": "Sesungguhnya dia mengira bahwa dia tidak akan kembali (kepada Tuhannya). ",
      "footnotes": null
    },
    {
      "ayah": 15,
      "quarter_hizb": 59.75,
      "juz": 30,
      "manzil": 7,
      "arabic": "بَلٰىۛ اِنَّ رَبَّهٗ كَانَ بِهٖ بَصِيْرًاۗ ",
      "latin": "Balā, inna rabbahū kāna bihī baṣīrā(n).",
      "translation": "Tidak demikian. Sesungguhnya Tuhannya selalu melihatnya. ",
      "footnotes": null
    },
    {
      "ayah": 16,
      "quarter_hizb": 59.75,
      "juz": 30,
      "manzil": 7,
      "arabic": "فَلَآ اُقْسِمُ بِالشَّفَقِۙ ",
      "latin": "Falā uqsimu bisy-syafaq(i).",
      "translation": "Aku bersumpah demi cahaya merah pada waktu senja, ",
      "footnotes": null
    },
    {
      "ayah": 17,
      "quarter_hizb": 59.75,
      "juz": 30,
      "manzil": 7,
      "arabic": "وَالَّيْلِ وَمَا وَسَقَۙ ",
      "latin": "Wal-laili wa mā wasaq(a).",
      "translation": "demi malam dan apa yang diselubunginya,",
      "footnotes": null
    },
    {
      "ayah": 18,
      "quarter_hizb": 59.75,
      "juz": 30,
      "manzil": 7,
      "arabic": "وَالْقَمَرِ اِذَا اتَّسَقَۙ ",
      "latin": "Wal-qamari iżattasaq(a).",
      "translation": "dan demi bulan apabila jadi purnama,",
      "footnotes": null
    },
    {
      "ayah": 19,
      "quarter_hizb": 59.75,
      "juz": 30,
      "manzil": 7,
      "arabic": "لَتَرْكَبُنَّ طَبَقًا عَنْ طَبَقٍۗ ",
      "latin": "Latarkabunna ṭabaqan ‘an ṭabaq(in).",
      "translation": "sungguh, kamu benar-benar akan menjalani tingkat demi tingkat (dalam kehidupan).752)",
      "footnotes": "752) Yang dimaksud dengan tingkat demi tingkat adalah perkembangan dari setetes mani menuju kelahiran, kanak-kanak, remaja, dewasa, dan tua atau perkembangan dari hidup menuju mati, kemudian dibangkitkan kembali."
    },
    {
      "ayah": 20,
      "quarter_hizb": 59.75,
      "juz": 30,
      "manzil": 7,
      "arabic": "فَمَا لَهُمْ لَا يُؤْمِنُوْنَۙ ",
      "latin": "Famā lahum lā yu'minūn(a).",
      "translation": "Maka, mengapa mereka tidak mau beriman?",
      "footnotes": null
    },
    {
      "ayah": 21,
      "quarter_hizb": 59.75,
      "juz": 30,
      "manzil": 7,
      "arabic": "وَاِذَا قُرِئَ عَلَيْهِمُ الْقُرْاٰنُ لَا يَسْجُدُوْنَ ۗ ۩ ",
      "latin": "Wa iżā quri'a ‘alaihimul-qur'ānu lā yasjudūn(a).",
      "translation": "Apabila Al-Qur’an dibacakan kepada mereka, mereka tidak (mau) bersujud,",
      "footnotes": null
    },
    {
      "ayah": 22,
      "quarter_hizb": 59.75,
      "juz": 30,
      "manzil": 7,
      "arabic": "بَلِ الَّذِيْنَ كَفَرُوْا يُكَذِّبُوْنَۖ ",
      "latin": "Balil-lażīna kafarū yukażżibūn(a).",
      "translation": "bahkan orang-orang yang kufur itu mendustakan(-nya).",
      "footnotes": null
    },
    {
      "ayah": 23,
      "quarter_hizb": 59.75,
      "juz": 30,
      "manzil": 7,
      "arabic": "وَاللّٰهُ اَعْلَمُ بِمَا يُوْعُوْنَۖ ",
      "latin": "Wallāhu a‘lamu bimā yū‘ūn(a).",
      "translation": "Allah lebih mengetahui apa yang mereka sembunyikan (dalam hati mereka).",
      "footnotes": null
    },
    {
      "ayah": 24,
      "quarter_hizb": 59.75,
      "juz": 30,
      "manzil": 7,
      "arabic": "فَبَشِّرْهُمْ بِعَذَابٍ اَلِيْمٍۙ ",
      "latin": "Fa basysyirhum bi‘ażābin alīm(in).",
      "translation": "Maka, berilah mereka kabar ‘gembira’ dengan azab yang pedih,",
      "footnotes": null
    },
    {
      "ayah": 25,
      "quarter_hizb": 59.75,
      "juz": 30,
      "manzil": 7,
      "arabic": "اِلَّا الَّذِيْنَ اٰمَنُوْا وَعَمِلُوا الصّٰلِحٰتِ لَهُمْ اَجْرٌ غَيْرُ مَمْنُوْنٍ ࣖ ",
      "latin": "Illal-lażīna āmanū wa ‘amiluṣ-ṣāliḥāti lahum ajrun gairu mamnūn(in).",
      "translation": "Kecuali orang-orang yang beriman dan mengerjakan kebajikan. Bagi merekalah pahala yang tidak putus-putus.",
      "footnotes": null
    }
  ]
}