{
  "arabic": " البروج",
  "latin": "Al-Burūj",
  "transliteration": "Al-Buruj",
  "translation": "Gugusan Bintang",
  "num_ayah": 22,
  "location": "Makkiyah",
  "ayah": [
    {
      "ayah": 1,
      "quarter_hizb": 59.75,
      "juz": 30,
      "manzil": 7,
      "arabic": "وَالسَّمَاۤءِ ذَاتِ الْبُرُوْجِۙ ",
      "latin": "Was-samā'i żātil-burūj(i).",
      "translation": "Demi langit yang mempunyai gugusan bintang,",
      "footnotes": null
    },
    {
      "ayah": 2,
      "quarter_hizb": 59.75,
      "juz": 30,
      "manzil": 7,
      "arabic": "وَالْيَوْمِ الْمَوْعُوْدِۙ ",
      "latin": "Wal-yaumil-mau‘ūd(i).",
      "translation": "demi hari yang dijanjikan,",
      "footnotes": null
    },
    {
      "ayah": 3,
      "quarter_hizb": 59.75,
      "juz": 30,
      "manzil": 7,
      "arabic": "وَشَاهِدٍ وَّمَشْهُوْدٍۗ ",
      "latin": "Wa syāhidiw wa masyhūd(in).",
      "translation": "demi yang menyaksikan dan yang disaksikan,",
      "footnotes": null
    },
    {
      "ayah": 4,
      "quarter_hizb": 59.75,
      "juz": 30,
      "manzil": 7,
      "arabic": "قُتِلَ اَصْحٰبُ الْاُخْدُوْدِۙ ",
      "latin": "Qutila aṣḥābul-ukhdūd(i).",
      "translation": "binasalah orang-orang yang membuat parit (tempat menyiksa orang mukmin)",
      "footnotes": null
    },
    {
      "ayah": 5,
      "quarter_hizb": 59.75,
      "juz": 30,
      "manzil": 7,
      "arabic": "النَّارِ ذَاتِ الْوَقُوْدِۙ ",
      "latin": "An-nāri żātil-waqūd(i).",
      "translation": "(yang dikobarkan) api penuh kayu bakar.",
      "footnotes": null
    },
    {
      "ayah": 6,
      "quarter_hizb": 59.75,
      "juz": 30,
      "manzil": 7,
      "arabic": "اِذْ هُمْ عَلَيْهَا قُعُوْدٌۙ ",
      "latin": "Iż hum ‘alaihā qu‘ūd(un).",
      "translation": "Ketika (itu) mereka (hanya) duduk di sekitarnya. ",
      "footnotes": null
    },
    {
      "ayah": 7,
      "quarter_hizb": 59.75,
      "juz": 30,
      "manzil": 7,
      "arabic": "وَّهُمْ عَلٰى مَا يَفْعَلُوْنَ بِالْمُؤْمِنِيْنَ شُهُوْدٌ  ۗ ",
      "latin": "Wa hum ‘alā mā yaf‘alūna bil-mu'minīna syuhūd(un).",
      "translation": "Mereka menyaksikan apa yang mereka perbuat terhadap orang-orang mukmin.",
      "footnotes": null
    },
    {
      "ayah": 8,
      "quarter_hizb": 59.75,
      "juz": 30,
      "manzil": 7,
      "arabic": "وَمَا نَقَمُوْا مِنْهُمْ اِلَّآ اَنْ يُّؤْمِنُوْا بِاللّٰهِ الْعَزِيْزِ الْحَمِيْدِۙ ",
      "latin": "Wa mā naqamū minhum illā ay yu'minū billāhil-‘azīzil-ḥamīd(i).",
      "translation": "Tidaklah mereka menyiksa (membakar) orang-orang mukmin itu, kecuali karena mereka beriman kepada Allah Yang Maha Perkasa lagi Maha Terpuji,",
      "footnotes": null
    },
    {
      "ayah": 9,
      "quarter_hizb": 59.75,
      "juz": 30,
      "manzil": 7,
      "arabic": "الَّذِيْ لَهٗ مُلْكُ السَّمٰوٰتِ وَالْاَرْضِ ۗوَاللّٰهُ عَلٰى كُلِّ شَيْءٍ شَهِيْدٌ  ۗ ",
      "latin": "Allażī lahū mulkus-samāwāti wal-arḍ(i), wallāhu ‘alā kulli syai'in syahīd(un).",
      "translation": "yang memiliki kerajaan langit dan bumi. Allah Maha Menyaksikan segala sesuatu.",
      "footnotes": null
    },
    {
      "ayah": 10,
      "quarter_hizb": 59.75,
      "juz": 30,
      "manzil": 7,
      "arabic": "اِنَّ الَّذِيْنَ فَتَنُوا الْمُؤْمِنِيْنَ وَالْمُؤْمِنٰتِ ثُمَّ لَمْ يَتُوْبُوْا فَلَهُمْ عَذَابُ جَهَنَّمَ وَلَهُمْ عَذَابُ الْحَرِيْقِۗ ",
      "latin": "Innal-lażīna fatanul-mu'minīna wal-mu'mināti ṡumma lam yatūbū fa lahum ‘ażābu jahannama wa lahum ‘ażābul-ḥarīq(i).",
      "translation": "Sesungguhnya, orang-orang yang menimpakan cobaan (siksa) terhadap mukmin laki-laki dan perempuan, lalu mereka tidak bertobat, mereka akan mendapat azab Jahanam dan mereka akan mendapat azab (neraka) yang membakar.",
      "footnotes": null
    },
    {
      "ayah": 11,
      "quarter_hizb": 59.75,
      "juz": 30,
      "manzil": 7,
      "arabic": "اِنَّ الَّذِيْنَ اٰمَنُوْا وَعَمِلُوا الصّٰلِحٰتِ لَهُمْ جَنّٰتٌ تَجْرِيْ مِنْ تَحْتِهَا الْاَنْهٰرُ ەۗ ذٰلِكَ الْفَوْزُ الْكَبِيْرُۗ",
      "latin": "Innal-lażīna āmanū wa ‘amiluṣ-ṣāliḥāti lahum jannātun tajrī min taḥtihal-anhār(u), żālikal-fauzul-kabīr(u).",
      "translation": "Sesungguhnya, orang-orang yang beriman dan mengerjakan kebajikan, mereka akan mendapat surga yang mengalir di bawahnya sungai-sungai. Itulah kemenangan yang besar.",
      "footnotes": null
    },
    {
      "ayah": 12,
      "quarter_hizb": 59.75,
      "juz": 30,
      "manzil": 7,
      "arabic": "اِنَّ بَطْشَ رَبِّكَ لَشَدِيْدٌ ۗ ",
      "latin": "Inna baṭsya rabbika lasyadīd(un).",
      "translation": "Sesungguhnya azab Tuhanmu sangat keras.",
      "footnotes": null
    },
    {
      "ayah": 13,
      "quarter_hizb": 59.75,
      "juz": 30,
      "manzil": 7,
      "arabic": "اِنَّهٗ هُوَ يُبْدِئُ وَيُعِيْدُۚ ",
      "latin": "Innahū huwa yubdi'u wa yu‘īd(u).",
      "translation": "Sesungguhnya Dialah yang memulai (penciptaan makhluk) dan yang mengembalikan (hidup setelah mati).",
      "footnotes": null
    },
    {
      "ayah": 14,
      "quarter_hizb": 59.75,
      "juz": 30,
      "manzil": 7,
      "arabic": "وَهُوَ الْغَفُوْرُ الْوَدُوْدُۙ ",
      "latin": "Wa huwal-gafūrul-wadūd(u).",
      "translation": "Dialah Yang Maha Pengampun lagi Maha Pengasih,",
      "footnotes": null
    },
    {
      "ayah": 15,
      "quarter_hizb": 59.75,
      "juz": 30,
      "manzil": 7,
      "arabic": "ذُو الْعَرْشِ الْمَجِيْدُۙ ",
      "latin": "Żul-‘arsyil-majīd(i).",
      "translation": "Pemilik ʻArasy lagi Maha Mulia, ",
      "footnotes": null
    },
    {
      "ayah": 16,
      "quarter_hizb": 59.75,
      "juz": 30,
      "manzil": 7,
      "arabic": "فَعَّالٌ لِّمَا يُرِيْدُۗ ",
      "latin": "Fa‘‘ālul limā yurīd(u).",
      "translation": "Maha Kuasa berbuat apa saja yang Dia kehendaki.",
      "footnotes": null
    },
    {
      "ayah": 17,
      "quarter_hizb": 59.75,
      "juz": 30,
      "manzil": 7,
      "arabic": "هَلْ اَتٰىكَ حَدِيْثُ الْجُنُوْدِۙ ",
      "latin": "Hal atāka ḥadīṡul-junūd(i).",
      "translation": "Sudahkah sampai kepadamu berita tentang bala tentara,",
      "footnotes": null
    },
    {
      "ayah": 18,
      "quarter_hizb": 59.75,
      "juz": 30,
      "manzil": 7,
      "arabic": "فِرْعَوْنَ وَثَمُوْدَۗ ",
      "latin": "Fir‘auna wa ṡamūd(a).",
      "translation": "(yaitu bala tentara) Fir‘aun dan Samud?",
      "footnotes": null
    },
    {
      "ayah": 19,
      "quarter_hizb": 59.75,
      "juz": 30,
      "manzil": 7,
      "arabic": "بَلِ الَّذِيْنَ كَفَرُوْا فِيْ تَكْذِيْبٍۙ ",
      "latin": "Balil-lażīna kafarū fī takżīb(in).",
      "translation": "Memang orang-orang kafir (selalu) mendustakan,",
      "footnotes": null
    },
    {
      "ayah": 20,
      "quarter_hizb": 59.75,
      "juz": 30,
      "manzil": 7,
      "arabic": "وَّاللّٰهُ مِنْ وَّرَاۤىِٕهِمْ مُّحِيْطٌۚ ",
      "latin": "Wallāhu miw warā'ihim muḥīṭ(un).",
      "translation": "padahal Allah mengepung dari belakang mereka.",
      "footnotes": null
    },
    {
      "ayah": 21,
      "quarter_hizb": 59.75,
      "juz": 30,
      "manzil": 7,
      "arabic": "بَلْ هُوَ قُرْاٰنٌ مَّجِيْدٌۙ ",
      "latin": "Bal huwa qur'ānum majīd(un).",
      "translation": "Bahkan, (yang didustakan itu) Al-Qur’an yang mulia",
      "footnotes": null
    },
    {
      "ayah": 22,
      "quarter_hizb": 59.75,
      "juz": 30,
      "manzil": 7,
      "arabic": "فِيْ لَوْحٍ مَّحْفُوْظٍ ࣖ ",
      "latin": "Fī lauḥim maḥfūẓ(in).",
      "translation": "yang (tersimpan) dalam (tempat) yang terjaga (Lauhulmahfuz).",
      "footnotes": null
    }
  ]
}