{
  "arabic": "الطّارق",
  "latin": "Aṭ-Ṭāriq",
  "transliteration": "At-Tariq",
  "translation": "Yang Datang Pada Malam Hari",
  "num_ayah": 17,
  "location": "Makkiyah",
  "ayah": [
    {
      "ayah": 1,
      "quarter_hizb": 59.75,
      "juz": 30,
      "manzil": 7,
      "arabic": "وَالسَّمَاۤءِ وَالطَّارِقِۙ ",
      "latin": "Was-samā'i waṭ-ṭāriq(i).",
      "translation": "Demi langit dan yang datang pada malam hari.",
      "footnotes": null
    },
    {
      "ayah": 2,
      "quarter_hizb": 59.75,
      "juz": 30,
      "manzil": 7,
      "arabic": "وَمَآ اَدْرٰىكَ مَا الطَّارِقُۙ ",
      "latin": "Wa mā adrāka maṭ-ṭāriq(u).",
      "translation": "Tahukah kamu apakah yang datang pada malam hari itu?",
      "footnotes": null
    },
    {
      "ayah": 3,
      "quarter_hizb": 59.75,
      "juz": 30,
      "manzil": 7,
      "arabic": "النَّجْمُ الثَّاقِبُۙ ",
      "latin": "An-najmuṡ-ṡāqib(u).",
      "translation": "(Itulah) bintang yang bersinar tajam.",
      "footnotes": null
    },
    {
      "ayah": 4,
      "quarter_hizb": 59.75,
      "juz": 30,
      "manzil": 7,
      "arabic": "اِنْ كُلُّ نَفْسٍ لَّمَّا عَلَيْهَا حَافِظٌۗ ",
      "latin": "In kullu nafsil lammā ‘alaihā ḥāfiẓ(un).",
      "translation": "Setiap orang pasti ada penjaganya.",
      "footnotes": null
    },
    {
      "ayah": 5,
      "quarter_hizb": 59.75,
      "juz": 30,
      "manzil": 7,
      "arabic": "فَلْيَنْظُرِ الْاِنْسَانُ مِمَّ خُلِقَ ",
      "latin": "Falyanẓuril-insānu mimma khuliq(a).",
      "translation": " Hendaklah manusia memperhatikan dari apa dia diciptakan.",
      "footnotes": null
    },
    {
      "ayah": 6,
      "quarter_hizb": 59.75,
      "juz": 30,
      "manzil": 7,
      "arabic": "خُلِقَ مِنْ مَّاۤءٍ دَافِقٍۙ ",
      "latin": "Khuliqa mim mā'in dāfiq(in).",
      "translation": "Dia diciptakan dari air (mani) yang memancar,",
      "footnotes": null
    },
    {
      "ayah": 7,
      "quarter_hizb": 59.75,
      "juz": 30,
      "manzil": 7,
      "arabic": "يَّخْرُجُ مِنْۢ بَيْنِ الصُّلْبِ وَالتَّرَاۤىِٕبِۗ ",
      "latin": "Yakhruju mim bainiṣ-ṣulbi wat-tarā'ib(i).",
      "translation": "yang keluar dari antara tulang sulbi (punggung) dan tulang dada.",
      "footnotes": null
    },
    {
      "ayah": 8,
      "quarter_hizb": 59.75,
      "juz": 30,
      "manzil": 7,
      "arabic": "اِنَّهٗ عَلٰى رَجْعِهٖ لَقَادِرٌۗ ",
      "latin": "Innahū ‘alā raj‘ihī laqādir(un).",
      "translation": "Sesungguhnya Dia (Allah) benar-benar kuasa untuk mengembalikannya (hidup setelah mati)",
      "footnotes": null
    },
    {
      "ayah": 9,
      "quarter_hizb": 59.75,
      "juz": 30,
      "manzil": 7,
      "arabic": "يَوْمَ تُبْلَى السَّرَاۤىِٕرُۙ ",
      "latin": "Yauma tublas-sarā'ir(u).",
      "translation": "pada hari ditampakkan segala rahasia.",
      "footnotes": null
    },
    {
      "ayah": 10,
      "quarter_hizb": 59.75,
      "juz": 30,
      "manzil": 7,
      "arabic": "فَمَا لَهٗ مِنْ قُوَّةٍ وَّلَا نَاصِرٍۗ ",
      "latin": "Famā lahū min quwwatiw wa lā nāṣir(in).",
      "translation": "Maka, baginya (manusia) tidak ada lagi kekuatan dan tidak (pula) ada penolong.",
      "footnotes": null
    },
    {
      "ayah": 11,
      "quarter_hizb": 59.75,
      "juz": 30,
      "manzil": 7,
      "arabic": "وَالسَّمَاۤءِ ذَاتِ الرَّجْعِۙ ",
      "latin": "Was-samā'i żātir-raj‘(i).",
      "translation": "Demi langit yang mengandung hujan753)",
      "footnotes": "753) Raj‘ berarti ‘kembali berputar’. Hujan dinamakan raj‘ karena berasal dari uap yang naik dari bumi ke udara, kemudian turun ke bumi, kemudian menguap kembali ke atas, lalu turun kembali ke bumi, dan begituseterusnya."
    },
    {
      "ayah": 12,
      "quarter_hizb": 59.75,
      "juz": 30,
      "manzil": 7,
      "arabic": "وَالْاَرْضِ ذَاتِ الصَّدْعِۙ ",
      "latin": "Wal-arḍi żātiṣ-ṣad‘(i).",
      "translation": "dan bumi yang memiliki rekahan (tempat tumbuhnya pepohonan),",
      "footnotes": null
    },
    {
      "ayah": 13,
      "quarter_hizb": 59.75,
      "juz": 30,
      "manzil": 7,
      "arabic": "اِنَّهٗ لَقَوْلٌ فَصْلٌۙ ",
      "latin": "Innahū laqaulun faṣl(un).",
      "translation": "sesungguhnya (Al-Qur’an) itu benar-benar firman pemisah (antara yang hak dan yang batil)",
      "footnotes": null
    },
    {
      "ayah": 14,
      "quarter_hizb": 59.75,
      "juz": 30,
      "manzil": 7,
      "arabic": "وَّمَا هُوَ بِالْهَزْلِۗ ",
      "latin": "Wa mā huwa bil-hazl(i).",
      "translation": "dan ia (Al-Qur’an) sama sekali bukan perkataan senda gurau.",
      "footnotes": null
    },
    {
      "ayah": 15,
      "quarter_hizb": 59.75,
      "juz": 30,
      "manzil": 7,
      "arabic": "اِنَّهُمْ يَكِيْدُوْنَ كَيْدًاۙ ",
      "latin": "Innahum yakīdūna kaidā(n).",
      "translation": "Sesungguhnya mereka (orang kafir) melakukan tipu daya.",
      "footnotes": null
    },
    {
      "ayah": 16,
      "quarter_hizb": 59.75,
      "juz": 30,
      "manzil": 7,
      "arabic": "وَّاَكِيْدُ كَيْدًاۖ ",
      "latin": "Wa akīdu kaidā(n).",
      "translation": "Aku pun membalasnya dengan tipu daya.",
      "footnotes": null
    },
    {
      "ayah": 17,
      "quarter_hizb": 59.75,
      "juz": 30,
      "manzil": 7,
      "arabic": "فَمَهِّلِ الْكٰفِرِيْنَ اَمْهِلْهُمْ رُوَيْدًا ࣖ ",
      "latin": "Fa mahhilil-kāfirīna amhilhum ruwaidā(n).",
      "translation": "Maka, tangguhkanlah orang-orang kafir itu. Biarkanlah mereka sejenak (bersenang-senang).",
      "footnotes": null
    }
  ]
}