{
  "arabic": " الاعلى",
  "latin": "Al-A‘lā",
  "transliteration": "Al-A‘la",
  "translation": "Yang Maha Tinggi",
  "num_ayah": 19,
  "location": "Makkiyah",
  "ayah": [
    {
      "ayah": 1,
      "quarter_hizb": 60,
      "juz": 30,
      "manzil": 7,
      "arabic": "سَبِّحِ اسْمَ رَبِّكَ الْاَعْلَىۙ ",
      "latin": "Sabbiḥisma rabbikal-a‘lā.",
      "translation": "Sucikanlah nama Tuhanmu Yang Maha Tinggi,",
      "footnotes": null
    },
    {
      "ayah": 2,
      "quarter_hizb": 60,
      "juz": 30,
      "manzil": 7,
      "arabic": "الَّذِيْ خَلَقَ فَسَوّٰىۖ ",
      "latin": "Allażī khalaqa fasawwā.",
      "translation": "yang menciptakan, lalu menyempurnakan (ciptaan-Nya),",
      "footnotes": null
    },
    {
      "ayah": 3,
      "quarter_hizb": 60,
      "juz": 30,
      "manzil": 7,
      "arabic": "وَالَّذِيْ قَدَّرَ فَهَدٰىۖ ",
      "latin": "Wal-lażī qaddara fahadā.",
      "translation": "yang menentukan kadar (masing-masing) dan memberi petunjuk,",
      "footnotes": null
    },
    {
      "ayah": 4,
      "quarter_hizb": 60,
      "juz": 30,
      "manzil": 7,
      "arabic": "وَالَّذِيْٓ اَخْرَجَ الْمَرْعٰىۖ ",
      "latin": "Wal-lażī akhrajal-mar‘ā.",
      "translation": "dan yang menumbuhkan (rerumputan) padang gembala,",
      "footnotes": null
    },
    {
      "ayah": 5,
      "quarter_hizb": 60,
      "juz": 30,
      "manzil": 7,
      "arabic": "فَجَعَلَهٗ غُثَاۤءً اَحْوٰىۖ ",
      "latin": "Fa ja‘alahū guṡā'an aḥwā.",
      "translation": "lalu menjadikannya kering kehitam-hitaman.",
      "footnotes": null
    },
    {
      "ayah": 6,
      "quarter_hizb": 60,
      "juz": 30,
      "manzil": 7,
      "arabic": "سَنُقْرِئُكَ فَلَا تَنْسٰىٓ  ۖ ",
      "latin": "Sanuqri'uka falā tansā.",
      "translation": "Kami akan membacakan (Al-Qur’an) kepadamu (Nabi Muhammad) sehingga engkau tidak akan lupa,",
      "footnotes": null
    },
    {
      "ayah": 7,
      "quarter_hizb": 60,
      "juz": 30,
      "manzil": 7,
      "arabic": "اِلَّا مَا شَاۤءَ اللّٰهُ ۗاِنَّهٗ يَعْلَمُ الْجَهْرَ وَمَا يَخْفٰىۗ ",
      "latin": "Illā mā syā'allāh(u), innahū ya‘lamul-jahra wa mā yakhfā.",
      "translation": "kecuali jika Allah menghendaki. Sesungguhnya Dia mengetahui yang terang dan yang tersembunyi.",
      "footnotes": null
    },
    {
      "ayah": 8,
      "quarter_hizb": 60,
      "juz": 30,
      "manzil": 7,
      "arabic": "وَنُيَسِّرُكَ لِلْيُسْرٰىۖ ",
      "latin": "Wa nuyassiruka lil-yusrā.",
      "translation": "Kami akan melapangkan bagimu jalan kemudahan (dalam segala urusan).",
      "footnotes": null
    },
    {
      "ayah": 9,
      "quarter_hizb": 60,
      "juz": 30,
      "manzil": 7,
      "arabic": "فَذَكِّرْ اِنْ نَّفَعَتِ الذِّكْرٰىۗ ",
      "latin": "Fa żakkir in nafa‘atiż-żikrā.",
      "translation": "Maka, sampaikanlah peringatan jika peringatan itu bermanfaat.",
      "footnotes": null
    },
    {
      "ayah": 10,
      "quarter_hizb": 60,
      "juz": 30,
      "manzil": 7,
      "arabic": "سَيَذَّكَّرُ مَنْ يَّخْشٰىۙ ",
      "latin": "Sayażżakkaru may yakhsyā.",
      "translation": "Orang yang takut (kepada Allah) akan mengambil pelajaran,",
      "footnotes": null
    },
    {
      "ayah": 11,
      "quarter_hizb": 60,
      "juz": 30,
      "manzil": 7,
      "arabic": "وَيَتَجَنَّبُهَا الْاَشْقَىۙ ",
      "latin": "Wa yatajannabuhal-asyqā.",
      "translation": "sedangkan orang-orang yang celaka (kafir) akan menjauhinya,",
      "footnotes": null
    },
    {
      "ayah": 12,
      "quarter_hizb": 60,
      "juz": 30,
      "manzil": 7,
      "arabic": "الَّذِيْ يَصْلَى النَّارَ الْكُبْرٰىۚ ",
      "latin": "Allażī yaṣlan-nāral-kubrā.",
      "translation": "(yaitu) orang yang akan memasuki api (neraka) yang besar.",
      "footnotes": null
    },
    {
      "ayah": 13,
      "quarter_hizb": 60,
      "juz": 30,
      "manzil": 7,
      "arabic": "ثُمَّ لَا يَمُوْتُ فِيْهَا وَلَا يَحْيٰىۗ ",
      "latin": "Ṡumma lā yamūtu fīhā wa lā yaḥyā.",
      "translation": "Selanjutnya, dia tidak mati dan tidak (pula) hidup di sana.",
      "footnotes": null
    },
    {
      "ayah": 14,
      "quarter_hizb": 60,
      "juz": 30,
      "manzil": 7,
      "arabic": "قَدْ اَفْلَحَ مَنْ تَزَكّٰىۙ ",
      "latin": "Qad aflaḥa man tazakkā.",
      "translation": "Sungguh, beruntung orang yang menyucikan diri (dari kekafiran)",
      "footnotes": null
    },
    {
      "ayah": 15,
      "quarter_hizb": 60,
      "juz": 30,
      "manzil": 7,
      "arabic": "وَذَكَرَ اسْمَ رَبِّهٖ فَصَلّٰىۗ ",
      "latin": "Wa żakarasma rabbihī fa ṣallā.",
      "translation": "dan mengingat nama Tuhannya, lalu dia salat.",
      "footnotes": null
    },
    {
      "ayah": 16,
      "quarter_hizb": 60,
      "juz": 30,
      "manzil": 7,
      "arabic": "بَلْ تُؤْثِرُوْنَ الْحَيٰوةَ الدُّنْيَاۖ ",
      "latin": "Bal tu'ṡirūnal-ḥayātad-dun-yā.",
      "translation": "Adapun kamu (orang-orang kafir) mengutamakan kehidupan dunia,",
      "footnotes": null
    },
    {
      "ayah": 17,
      "quarter_hizb": 60,
      "juz": 30,
      "manzil": 7,
      "arabic": "وَالْاٰخِرَةُ خَيْرٌ وَّاَبْقٰىۗ ",
      "latin": "Wal-ākhiratu khairuw wa abqā.",
      "translation": "padahal kehidupan akhirat itu lebih baik dan lebih kekal.",
      "footnotes": null
    },
    {
      "ayah": 18,
      "quarter_hizb": 60,
      "juz": 30,
      "manzil": 7,
      "arabic": "اِنَّ هٰذَا لَفِى الصُّحُفِ الْاُوْلٰىۙ ",
      "latin": "Inna hāżā lafiṣ-ṣuḥufil-ūlā.",
      "translation": "Sesungguhnya (penjelasan) ini terdapat dalam suhuf (lembaran-lembaran) yang terdahulu,",
      "footnotes": null
    },
    {
      "ayah": 19,
      "quarter_hizb": 60,
      "juz": 30,
      "manzil": 7,
      "arabic": "صُحُفِ اِبْرٰهِيْمَ وَمُوْسٰى ࣖ ",
      "latin": "Ṣuḥufi ibrāhīma wa mūsā.",
      "translation": "(yaitu) suhuf (yang diturunkan kepada) Ibrahim dan Musa.",
      "footnotes": null
    }
  ]
}