{
  "arabic": " الغاشية",
  "latin": "Al-Gāsyiyah",
  "transliteration": "Al-Gasyiyah",
  "translation": "Hari Kiamat Yang Menghilangkan Kesadaran",
  "num_ayah": 26,
  "location": "Makkiyah",
  "ayah": [
    {
      "ayah": 1,
      "quarter_hizb": 60,
      "juz": 30,
      "manzil": 7,
      "arabic": "هَلْ اَتٰىكَ حَدِيْثُ الْغَاشِيَةِۗ",
      "latin": "Hal atāka ḥadīṡul-gāsyiyah(ti).",
      "translation": "Sudahkah sampai kepadamu berita tentang al-Gāsyiyah (hari Kiamat yang menutupi kesadaran manusia dengan kedahsyatannya)?",
      "footnotes": null
    },
    {
      "ayah": 2,
      "quarter_hizb": 60,
      "juz": 30,
      "manzil": 7,
      "arabic": "وُجُوْهٌ يَّوْمَىِٕذٍ خَاشِعَةٌ  ۙ",
      "latin": "Wujūhuy yauma'iżin khāsyi‘ah(tun).",
      "translation": "Pada hari itu banyak wajah yang tertunduk hina",
      "footnotes": null
    },
    {
      "ayah": 3,
      "quarter_hizb": 60,
      "juz": 30,
      "manzil": 7,
      "arabic": "عَامِلَةٌ نَّاصِبَةٌ  ۙ",
      "latin": "‘Amilatun nāṣibah(tun).",
      "translation": "(karena) berusaha keras (menghindari azab neraka) lagi kepayahan (karena dibelenggu).",
      "footnotes": null
    },
    {
      "ayah": 4,
      "quarter_hizb": 60,
      "juz": 30,
      "manzil": 7,
      "arabic": "تَصْلٰى نَارًا حَامِيَةً  ۙ",
      "latin": "Taṣlā nāran ḥāmiyah(tan).",
      "translation": "Mereka memasuki api (neraka) yang sangat panas.",
      "footnotes": null
    },
    {
      "ayah": 5,
      "quarter_hizb": 60,
      "juz": 30,
      "manzil": 7,
      "arabic": "تُسْقٰى مِنْ عَيْنٍ اٰنِيَةٍ ۗ",
      "latin": "Tusqā min ‘ainin āniyah(tin).",
      "translation": "(Mereka) diberi minum dari sumber mata air yang sangat panas.",
      "footnotes": null
    },
    {
      "ayah": 6,
      "quarter_hizb": 60,
      "juz": 30,
      "manzil": 7,
      "arabic": "لَيْسَ لَهُمْ طَعَامٌ اِلَّا مِنْ ضَرِيْعٍۙ",
      "latin": "Laisa lahum ṭa‘āmun illā min ḍarī‘(in).",
      "translation": "Tidak ada makanan bagi mereka selain dari pohon yang berduri,",
      "footnotes": null
    },
    {
      "ayah": 7,
      "quarter_hizb": 60,
      "juz": 30,
      "manzil": 7,
      "arabic": "لَّا يُسْمِنُ وَلَا يُغْنِيْ مِنْ جُوْعٍۗ",
      "latin": "Lā yusminu wa lā yugnī min jū‘(in).",
      "translation": "yang tidak menggemukkan dan tidak pula menghilangkan lapar.",
      "footnotes": null
    },
    {
      "ayah": 8,
      "quarter_hizb": 60,
      "juz": 30,
      "manzil": 7,
      "arabic": "وُجُوْهٌ يَّوْمَىِٕذٍ نَّاعِمَةٌ  ۙ",
      "latin": "Wujūhuy yauma'iżin nā‘imah(tun).",
      "translation": "Pada hari itu banyak (pula) wajah yang berseri-seri,",
      "footnotes": null
    },
    {
      "ayah": 9,
      "quarter_hizb": 60,
      "juz": 30,
      "manzil": 7,
      "arabic": "لِّسَعْيِهَا رَاضِيَةٌ  ۙ ",
      "latin": "Lisa‘yihā rāḍiyah(tun).",
      "translation": "merasa puas karena usahanya.",
      "footnotes": null
    },
    {
      "ayah": 10,
      "quarter_hizb": 60,
      "juz": 30,
      "manzil": 7,
      "arabic": "فِيْ جَنَّةٍ عَالِيَةٍۙ",
      "latin": "Fī jannatin ‘āliyah(tin).",
      "translation": "(Mereka) dalam surga yang tinggi. ",
      "footnotes": null
    },
    {
      "ayah": 11,
      "quarter_hizb": 60,
      "juz": 30,
      "manzil": 7,
      "arabic": "لَّا تَسْمَعُ فِيْهَا لَاغِيَةً ۗ",
      "latin": "Lā tasama‘u fīhā lāgiyah(tan).",
      "translation": "Di sana kamu tidak mendengar (perkataan) yang tidak berguna.",
      "footnotes": null
    },
    {
      "ayah": 12,
      "quarter_hizb": 60,
      "juz": 30,
      "manzil": 7,
      "arabic": "فِيْهَا عَيْنٌ جَارِيَةٌ  ۘ",
      "latin": "Fīhā ‘ainun jāriyah(tun).",
      "translation": "Di sana ada mata air yang mengalir.",
      "footnotes": null
    },
    {
      "ayah": 13,
      "quarter_hizb": 60,
      "juz": 30,
      "manzil": 7,
      "arabic": "فِيْهَا سُرُرٌ مَّرْفُوْعَةٌ  ۙ",
      "latin": "Fīhā sururum marfū‘ah(tun).",
      "translation": "Di sana ada (pula) dipan-dipan yang ditinggikan,",
      "footnotes": null
    },
    {
      "ayah": 14,
      "quarter_hizb": 60,
      "juz": 30,
      "manzil": 7,
      "arabic": "وَّاَكْوَابٌ مَّوْضُوْعَةٌ  ۙ",
      "latin": "Wa akwābum mauḍū‘ah(tun).",
      "translation": "gelas-gelas yang tersedia (di dekatnya),",
      "footnotes": null
    },
    {
      "ayah": 15,
      "quarter_hizb": 60,
      "juz": 30,
      "manzil": 7,
      "arabic": "وَّنَمَارِقُ مَصْفُوْفَةٌ  ۙ ",
      "latin": "Wa namāriqu maṣfūfah(tun).",
      "translation": "bantal-bantal sandaran yang tersusun,",
      "footnotes": null
    },
    {
      "ayah": 16,
      "quarter_hizb": 60,
      "juz": 30,
      "manzil": 7,
      "arabic": "وَّزَرَابِيُّ مَبْثُوْثَةٌ  ۗ",
      "latin": "Wa zarābiyyu mabṡūṡah(tun).",
      "translation": "dan permadani-permadani yang terhampar.",
      "footnotes": null
    },
    {
      "ayah": 17,
      "quarter_hizb": 60,
      "juz": 30,
      "manzil": 7,
      "arabic": "اَفَلَا يَنْظُرُوْنَ اِلَى الْاِبِلِ كَيْفَ خُلِقَتْۗ",
      "latin": "Afalā yanẓurūna ilal-ibili kaifa khuliqat.",
      "translation": "Tidakkah mereka memperhatikan unta, bagaimana ia diciptakan?",
      "footnotes": null
    },
    {
      "ayah": 18,
      "quarter_hizb": 60,
      "juz": 30,
      "manzil": 7,
      "arabic": "وَاِلَى السَّمَاۤءِ كَيْفَ رُفِعَتْۗ",
      "latin": "Wa ilas-samā'i kaifa rufi‘at.",
      "translation": "Bagaimana langit ditinggikan?",
      "footnotes": null
    },
    {
      "ayah": 19,
      "quarter_hizb": 60,
      "juz": 30,
      "manzil": 7,
      "arabic": "وَاِلَى الْجِبَالِ كَيْفَ نُصِبَتْۗ",
      "latin": "Wa ilal-jibāli kaifa nuṣibat.",
      "translation": "Bagaimana gunung-gunung ditegakkan?",
      "footnotes": null
    },
    {
      "ayah": 20,
      "quarter_hizb": 60,
      "juz": 30,
      "manzil": 7,
      "arabic": "وَاِلَى الْاَرْضِ كَيْفَ سُطِحَتْۗ ",
      "latin": "Wa ilal-arḍi kaifa suṭiḥat.",
      "translation": "Bagaimana pula bumi dihamparkan?",
      "footnotes": null
    },
    {
      "ayah": 21,
      "quarter_hizb": 60,
      "juz": 30,
      "manzil": 7,
      "arabic": "فَذَكِّرْۗ اِنَّمَآ اَنْتَ مُذَكِّرٌۙ",
      "latin": "Fa żakkir, innamā anta mużakkir(un).",
      "translation": "Maka, berilah peringatan karena sesungguhnya engkau (Nabi Muhammad) hanyalah pemberi peringatan.",
      "footnotes": null
    },
    {
      "ayah": 22,
      "quarter_hizb": 60,
      "juz": 30,
      "manzil": 7,
      "arabic": "لَّسْتَ عَلَيْهِمْ بِمُصَيْطِرٍۙ",
      "latin": "Lasta ‘alaihim bimusaiṭir(in). ",
      "translation": "Engkau bukanlah orang yang berkuasa atas mereka.",
      "footnotes": null
    },
    {
      "ayah": 23,
      "quarter_hizb": 60,
      "juz": 30,
      "manzil": 7,
      "arabic": "اِلَّا مَنْ تَوَلّٰى وَكَفَرَۙ",
      "latin": "Illā man tawallā wa kafar(a).",
      "translation": "Akan tetapi, orang yang berpaling dan kufur,",
      "footnotes": null
    },
    {
      "ayah": 24,
      "quarter_hizb": 60,
      "juz": 30,
      "manzil": 7,
      "arabic": "فَيُعَذِّبُهُ اللّٰهُ الْعَذَابَ الْاَكْبَرَۗ",
      "latin": "Fa yu‘ażżibuhullāhul-‘ażābal-akbar(a).",
      "translation": "Allah akan mengazabnya dengan azab yang paling besar.",
      "footnotes": null
    },
    {
      "ayah": 25,
      "quarter_hizb": 60,
      "juz": 30,
      "manzil": 7,
      "arabic": "اِنَّ اِلَيْنَآ اِيَابَهُمْ",
      "latin": "Inna ilainā iyābahum.",
      "translation": "Sesungguhnya kepada Kamilah mereka kembali.",
      "footnotes": null
    },
    {
      "ayah": 26,
      "quarter_hizb": 60,
      "juz": 30,
      "manzil": 7,
      "arabic": "ثُمَّ اِنَّ عَلَيْنَا حِسَابَهُمْ ࣖ",
      "latin": "Ṡumma inna ‘alainā ḥisābahum.",
      "translation": "Kemudian, sesungguhnya Kamilah yang berhak melakukan hisab (perhitungan) atas mereka.",
      "footnotes": null
    }
  ]
}