{
  "arabic": " الفجر",
  "latin": "Al-Fajr",
  "transliteration": "Al-Fajr",
  "translation": "Fajar",
  "num_ayah": 30,
  "location": "Makkiyah",
  "ayah": [
    {
      "ayah": 1,
      "quarter_hizb": 60,
      "juz": 30,
      "manzil": 7,
      "arabic": "وَالْفَجْرِۙ",
      "latin": "Wal-fajr(i).",
      "translation": "Demi waktu fajar,",
      "footnotes": null
    },
    {
      "ayah": 2,
      "quarter_hizb": 60,
      "juz": 30,
      "manzil": 7,
      "arabic": "وَلَيَالٍ عَشْرٍۙ",
      "latin": "Wa layālin ‘asyr(in).",
      "translation": "demi malam yang sepuluh,754)",
      "footnotes": "754) Yang dimaksud dengan malam yang sepuluh adalah sepuluh malam terakhir bulan Ramadan. Ada pula yang mengatakan sepuluh pertama dari bulan Muharam, termasuk di dalamnya hari Asyura, dan ada pula yang mengatakan sepuluh malam pertama dari bulan Zulhijah."
    },
    {
      "ayah": 3,
      "quarter_hizb": 60,
      "juz": 30,
      "manzil": 7,
      "arabic": "وَّالشَّفْعِ وَالْوَتْرِۙ",
      "latin": "Wasy-syaf‘i wal-watr(i).",
      "translation": "demi yang genap dan yang ganjil,",
      "footnotes": null
    },
    {
      "ayah": 4,
      "quarter_hizb": 60,
      "juz": 30,
      "manzil": 7,
      "arabic": "وَالَّيْلِ اِذَا يَسْرِۚ",
      "latin": "Wal-laili iżā yasr(i).",
      "translation": "dan demi malam apabila berlalu.",
      "footnotes": null
    },
    {
      "ayah": 5,
      "quarter_hizb": 60,
      "juz": 30,
      "manzil": 7,
      "arabic": "هَلْ فِيْ ذٰلِكَ قَسَمٌ لِّذِيْ حِجْرٍۗ",
      "latin": "Hal fī żālika qasamul liżī ḥijr(in).",
      "translation": "Apakah pada yang demikian itu terdapat sumpah (yang dapat diterima) oleh (orang) yang berakal?",
      "footnotes": null
    },
    {
      "ayah": 6,
      "quarter_hizb": 60,
      "juz": 30,
      "manzil": 7,
      "arabic": "اَلَمْ تَرَ كَيْفَ فَعَلَ رَبُّكَ بِعَادٍۖ",
      "latin": "Alam tara kaifa fa‘ala rabbuka bi‘ād(in).",
      "translation": "Tidakkah engkau (Nabi Muhammad) memperhatikan bagaimana Tuhanmu berbuat terhadap (kaum) ‘Ad,",
      "footnotes": null
    },
    {
      "ayah": 7,
      "quarter_hizb": 60,
      "juz": 30,
      "manzil": 7,
      "arabic": "اِرَمَ ذَاتِ الْعِمَادِۖ",
      "latin": "Irama żātil-‘imād(i).",
      "translation": "(yaitu) penduduk Iram (ibu kota kaum ‘Ad) yang mempunyai bangunan-bangunan yang tinggi",
      "footnotes": null
    },
    {
      "ayah": 8,
      "quarter_hizb": 60,
      "juz": 30,
      "manzil": 7,
      "arabic": "الَّتِيْ لَمْ يُخْلَقْ مِثْلُهَا فِى الْبِلَادِۖ",
      "latin": "Allatī lam yukhlaq miṡluhā fil-bilād(i).",
      "translation": "yang sebelumnya tidak pernah dibangun (suatu kota pun) seperti itu di negeri-negeri (lain)?",
      "footnotes": null
    },
    {
      "ayah": 9,
      "quarter_hizb": 60,
      "juz": 30,
      "manzil": 7,
      "arabic": "وَثَمُوْدَ الَّذِيْنَ جَابُوا الصَّخْرَ بِالْوَادِۖ",
      "latin": "Wa ṡamūdal-lażīna jābuṣ-ṣakhra bil-wād(i).",
      "translation": "(Tidakkah engkau perhatikan pula kaum) Samud yang memotong batu-batu besar di lembah755)",
      "footnotes": "755) Lembah ini terletak di bagian utara Jazirah Arab, antara kota Madinah dan Syam. Mereka memotong-motong batu gunung untuk membangun gedung-gedung tempat tinggal dan ada pula yang melubangi gunung-gunung untuk tempat tinggal dan tempat berlindung."
    },
    {
      "ayah": 10,
      "quarter_hizb": 60,
      "juz": 30,
      "manzil": 7,
      "arabic": "وَفِرْعَوْنَ ذِى الْاَوْتَادِۖ",
      "latin": "Wa fir‘auna żil-autād(i). ",
      "translation": "dan Fir‘aun yang mempunyai pasak-pasak (bangunan yang besar)",
      "footnotes": null
    },
    {
      "ayah": 11,
      "quarter_hizb": 60,
      "juz": 30,
      "manzil": 7,
      "arabic": "الَّذِيْنَ طَغَوْا فِى الْبِلَادِۖ",
      "latin": "Allażīna ṭagau fil-bilād(i).",
      "translation": "yang berbuat sewenang-wenang dalam negeri,",
      "footnotes": null
    },
    {
      "ayah": 12,
      "quarter_hizb": 60,
      "juz": 30,
      "manzil": 7,
      "arabic": "فَاَكْثَرُوْا فِيْهَا الْفَسَادَۖ",
      "latin": "Fa akṡarū fīhal-fasād(a).",
      "translation": "lalu banyak berbuat kerusakan di dalamnya (negeri itu),",
      "footnotes": null
    },
    {
      "ayah": 13,
      "quarter_hizb": 60,
      "juz": 30,
      "manzil": 7,
      "arabic": "فَصَبَّ عَلَيْهِمْ رَبُّكَ سَوْطَ عَذَابٍۖ",
      "latin": "Fa ṣabba ‘alaihim rabbuka sauṭa ‘ażāb(in).",
      "translation": "maka Tuhanmu menimpakan cemeti azab (yang dahsyat) kepada mereka?",
      "footnotes": null
    },
    {
      "ayah": 14,
      "quarter_hizb": 60,
      "juz": 30,
      "manzil": 7,
      "arabic": "اِنَّ رَبَّكَ لَبِالْمِرْصَادِۗ",
      "latin": "Inna rabbaka labil-mirṣād(i).",
      "translation": "Sesungguhnya Tuhanmu benar-benar mengawasi.",
      "footnotes": null
    },
    {
      "ayah": 15,
      "quarter_hizb": 60,
      "juz": 30,
      "manzil": 7,
      "arabic": "فَاَمَّا الْاِنْسَانُ اِذَا مَا ابْتَلٰىهُ رَبُّهٗ فَاَكْرَمَهٗ وَنَعَّمَهٗۙ فَيَقُوْلُ رَبِّيْٓ اَكْرَمَنِۗ",
      "latin": "Fa ammal-insānu iżā mabtalāhu rabbuhū fa akramahū wa na‘‘amah(ū), fa yaqūlu rabbī akraman(i).",
      "translation": "Adapun manusia, apabila Tuhan mengujinya lalu memuliakannya dan memberinya kenikmatan, berkatalah dia, “Tuhanku telah memuliakanku.”",
      "footnotes": null
    },
    {
      "ayah": 16,
      "quarter_hizb": 60,
      "juz": 30,
      "manzil": 7,
      "arabic": "وَاَمَّآ اِذَا مَا ابْتَلٰىهُ فَقَدَرَ عَلَيْهِ رِزْقَهٗ ەۙ فَيَقُوْلُ رَبِّيْٓ اَهَانَنِۚ",
      "latin": "Wa ammā iżā mabtalāhu fa qadara ‘alaihi rizqah(ū), fa yaqūlu rabbī ahānan(i).",
      "translation": "Sementara itu, apabila Dia mengujinya lalu membatasi rezekinya, berkatalah dia, “Tuhanku telah menghinaku.”756)",
      "footnotes": "756) Allah menyalahkan orang yang mengatakan bahwa kekayaan itu adalah suatu kemuliaan dan kemiskinan adalah suatu kehinaan, seperti yang tersebut pada ayat 15 dan 16. Sebenarnya, kekayaan dan kemiskinan adalah ujian Allah bagi hamba-hamba-Nya."
    },
    {
      "ayah": 17,
      "quarter_hizb": 60,
      "juz": 30,
      "manzil": 7,
      "arabic": "كَلَّا بَلْ لَّا تُكْرِمُوْنَ الْيَتِيْمَۙ",
      "latin": "Kallā bal lā tukrimūnal-yatīm(a).",
      "translation": "Sekali-kali tidak! Sebaliknya, kamu tidak memuliakan anak yatim,757)",
      "footnotes": "757) Maksudnya adalah tidak memberikan hak-hak anak yatim dan tidak berbuat baik kepadanya."
    },
    {
      "ayah": 18,
      "quarter_hizb": 60,
      "juz": 30,
      "manzil": 7,
      "arabic": "وَلَا تَحٰۤضُّوْنَ عَلٰى طَعَامِ الْمِسْكِيْنِۙ",
      "latin": "Wa lā taḥāḍḍūna ‘alā ṭa‘āmil-miskīn(i).",
      "translation": "tidak saling mengajak memberi makan orang miskin,",
      "footnotes": null
    },
    {
      "ayah": 19,
      "quarter_hizb": 60,
      "juz": 30,
      "manzil": 7,
      "arabic": "وَتَأْكُلُوْنَ التُّرَاثَ اَكْلًا لَّمًّاۙ",
      "latin": "Wa ta'kulūnat-turāṡa aklal lammā(n).",
      "translation": "memakan harta warisan dengan cara mencampurbaurkan (yang halal dan yang haram),",
      "footnotes": null
    },
    {
      "ayah": 20,
      "quarter_hizb": 60,
      "juz": 30,
      "manzil": 7,
      "arabic": "وَّتُحِبُّوْنَ الْمَالَ حُبًّا جَمًّاۗ",
      "latin": "Wa tuḥibbūnal-māla ḥubban jammā(n).",
      "translation": "dan mencintai harta dengan kecintaan yang berlebihan.",
      "footnotes": null
    },
    {
      "ayah": 21,
      "quarter_hizb": 60,
      "juz": 30,
      "manzil": 7,
      "arabic": "كَلَّآ اِذَا دُكَّتِ الْاَرْضُ دَكًّا دَكًّاۙ",
      "latin": "Kallā iżā dukkatil-arḍu dakkan dakkā(n).",
      "translation": "Jangan sekali-kali begitu! Apabila bumi diguncangkan berturut-turut (berbenturan),",
      "footnotes": null
    },
    {
      "ayah": 22,
      "quarter_hizb": 60,
      "juz": 30,
      "manzil": 7,
      "arabic": "وَّجَاۤءَ رَبُّكَ وَالْمَلَكُ صَفًّا صَفًّاۚ",
      "latin": "Wa jā'a rabbuka wal-malaku ṣaffan ṣaffā(n).",
      "translation": "Tuhanmu datang, begitu pula para malaikat (yang datang) berbaris-baris,",
      "footnotes": null
    },
    {
      "ayah": 23,
      "quarter_hizb": 60,
      "juz": 30,
      "manzil": 7,
      "arabic": "وَجِايْۤءَ يَوْمَىِٕذٍۢ بِجَهَنَّمَۙ يَوْمَىِٕذٍ يَّتَذَكَّرُ الْاِنْسَانُ وَاَنّٰى لَهُ الذِّكْرٰىۗ",
      "latin": "Wa jī'a yauma'iżim bijahannam(a), yauma'iżiy yatażakkarul-insānu wa annā lahuż-żikrā.",
      "translation": "dan pada hari itu (neraka) Jahanam didatangkan, sadarlah manusia pada hari itu juga. Akan tetapi, bagaimana bisa kesadaran itu bermanfaat baginya?",
      "footnotes": null
    },
    {
      "ayah": 24,
      "quarter_hizb": 60,
      "juz": 30,
      "manzil": 7,
      "arabic": "يَقُوْلُ يٰلَيْتَنِيْ قَدَّمْتُ لِحَيَاتِيْۚ",
      "latin": "Yaqūlu yā laitanī qaddamtu liḥayātī.",
      "translation": "Dia berkata, “Oh, seandainya dahulu aku mengerjakan (kebajikan) untuk hidupku ini!”",
      "footnotes": null
    },
    {
      "ayah": 25,
      "quarter_hizb": 60,
      "juz": 30,
      "manzil": 7,
      "arabic": "فَيَوْمَىِٕذٍ لَّا يُعَذِّبُ عَذَابَهٗٓ اَحَدٌ ۙ",
      "latin": "Fa yauma'iżil lā yu‘ażżibu ‘ażābahū aḥad(un).",
      "translation": "Pada hari itu tidak ada seorang pun yang mampu mengazab (seadil) azab-Nya.",
      "footnotes": null
    },
    {
      "ayah": 26,
      "quarter_hizb": 60,
      "juz": 30,
      "manzil": 7,
      "arabic": "وَّلَا يُوْثِقُ وَثَاقَهٗٓ اَحَدٌ ۗ",
      "latin": "Wa lā yūṡiqu waṡāqahū aḥad(un).",
      "translation": "Tidak ada seorang pun juga yang mampu mengikat (sekuat) ikatan-Nya.",
      "footnotes": null
    },
    {
      "ayah": 27,
      "quarter_hizb": 60,
      "juz": 30,
      "manzil": 7,
      "arabic": "يٰٓاَيَّتُهَا النَّفْسُ الْمُطْمَىِٕنَّةُۙ",
      "latin": "Yā ayyatuhan-nafsul-muṭma'innah(tu).",
      "translation": "Wahai jiwa yang tenang,",
      "footnotes": null
    },
    {
      "ayah": 28,
      "quarter_hizb": 60,
      "juz": 30,
      "manzil": 7,
      "arabic": "ارْجِعِيْٓ اِلٰى رَبِّكِ رَاضِيَةً مَّرْضِيَّةً ۚ",
      "latin": "Irji‘ī ilā rabbiki rāḍiyatam marḍiyyah(tan).",
      "translation": "kembalilah kepada Tuhanmu dengan rida dan diridai.",
      "footnotes": null
    },
    {
      "ayah": 29,
      "quarter_hizb": 60,
      "juz": 30,
      "manzil": 7,
      "arabic": "فَادْخُلِيْ فِيْ عِبٰدِيْۙ",
      "latin": "Fadkhuli fī ‘ibādī.",
      "translation": "Lalu, masuklah ke dalam golongan hamba-hamba-Ku",
      "footnotes": null
    },
    {
      "ayah": 30,
      "quarter_hizb": 60,
      "juz": 30,
      "manzil": 7,
      "arabic": "وَادْخُلِيْ جَنَّتِيْ ࣖࣖ",
      "latin": "Wadkhulī jannatī.",
      "translation": "dan masuklah ke dalam surga-Ku!",
      "footnotes": null
    }
  ]
}