{
  "arabic": " البلد",
  "latin": "Al-Balad",
  "transliteration": "Al-Balad",
  "translation": "Negeri",
  "num_ayah": 20,
  "location": "Makkiyah",
  "ayah": [
    {
      "ayah": 1,
      "quarter_hizb": 60.25,
      "juz": 30,
      "manzil": 7,
      "arabic": "لَآ اُقْسِمُ بِهٰذَا الْبَلَدِۙ",
      "latin": "Lā uqsimu bihāżal-balad(i).",
      "translation": "Aku bersumpah demi negeri ini (Makkah),",
      "footnotes": null
    },
    {
      "ayah": 2,
      "quarter_hizb": 60.25,
      "juz": 30,
      "manzil": 7,
      "arabic": "وَاَنْتَ حِلٌّۢ بِهٰذَا الْبَلَدِۙ",
      "latin": "Wa anta ḥillum bihāżal-balad(i).",
      "translation": "sedangkan engkau (Nabi Muhammad) bertempat tinggal di negeri (Makkah) ini.",
      "footnotes": null
    },
    {
      "ayah": 3,
      "quarter_hizb": 60.25,
      "juz": 30,
      "manzil": 7,
      "arabic": "وَوَالِدٍ وَّمَا وَلَدَۙ",
      "latin": "Wa wālidiw wa mā walad(a).",
      "translation": "(Aku juga bersumpah) demi bapak dan anaknya,",
      "footnotes": null
    },
    {
      "ayah": 4,
      "quarter_hizb": 60.25,
      "juz": 30,
      "manzil": 7,
      "arabic": "لَقَدْ خَلَقْنَا الْاِنْسَانَ فِيْ كَبَدٍۗ",
      "latin": "Laqad khalaqnal-insāna fī kabad(in).",
      "translation": "sungguh, Kami benar-benar telah menciptakan manusia dalam keadaan susah payah.",
      "footnotes": null
    },
    {
      "ayah": 5,
      "quarter_hizb": 60.25,
      "juz": 30,
      "manzil": 7,
      "arabic": "اَيَحْسَبُ اَنْ لَّنْ يَّقْدِرَ عَلَيْهِ اَحَدٌ ۘ",
      "latin": "Ayaḥsabu allay yaqdira ‘alaihi  aḥad(un).",
      "translation": "Apakah dia (manusia) itu mengira bahwa tidak ada seorang pun yang berkuasa atasnya?",
      "footnotes": null
    },
    {
      "ayah": 6,
      "quarter_hizb": 60.25,
      "juz": 30,
      "manzil": 7,
      "arabic": "يَقُوْلُ اَهْلَكْتُ مَالًا لُّبَدًاۗ",
      "latin": "Yaqūlu ahlaktu mālal lubadā(n).",
      "translation": "Dia mengatakan, “Aku telah menghabiskan harta yang banyak.”",
      "footnotes": null
    },
    {
      "ayah": 7,
      "quarter_hizb": 60.25,
      "juz": 30,
      "manzil": 7,
      "arabic": "اَيَحْسَبُ اَنْ لَّمْ يَرَهٗٓ اَحَدٌۗ",
      "latin": "Ayaḥsabu allam yarahū aḥad(un).",
      "translation": "Apakah dia mengira bahwa tidak ada seorang pun yang melihatnya?",
      "footnotes": null
    },
    {
      "ayah": 8,
      "quarter_hizb": 60.25,
      "juz": 30,
      "manzil": 7,
      "arabic": "اَلَمْ نَجْعَلْ لَّهٗ عَيْنَيْنِۙ",
      "latin": "Alam naj‘al lahū ‘ainain(i).",
      "translation": "Bukankah Kami telah menjadikan untuknya sepasang mata,",
      "footnotes": null
    },
    {
      "ayah": 9,
      "quarter_hizb": 60.25,
      "juz": 30,
      "manzil": 7,
      "arabic": "وَلِسَانًا وَّشَفَتَيْنِۙ",
      "latin": "Wa lisānaw wa syafatain(i).",
      "translation": "lidah, dan sepasang bibir,",
      "footnotes": null
    },
    {
      "ayah": 10,
      "quarter_hizb": 60.25,
      "juz": 30,
      "manzil": 7,
      "arabic": "وَهَدَيْنٰهُ النَّجْدَيْنِۙ",
      "latin": "Wa hadaināhun-najdain(i).",
      "translation": "serta Kami juga telah menunjukkan kepadanya dua jalan (kebajikan dan kejahatan)?",
      "footnotes": null
    },
    {
      "ayah": 11,
      "quarter_hizb": 60.25,
      "juz": 30,
      "manzil": 7,
      "arabic": "فَلَا اقْتَحَمَ الْعَقَبَةَ ۖ",
      "latin": "Falaqtaḥamal-‘aqabah(ta).",
      "translation": "Maka, tidakkah sebaiknya dia menempuh jalan (kebajikan) yang mendaki dan sukar?",
      "footnotes": null
    },
    {
      "ayah": 12,
      "quarter_hizb": 60.25,
      "juz": 30,
      "manzil": 7,
      "arabic": "وَمَآ اَدْرٰىكَ مَا الْعَقَبَةُ ۗ",
      "latin": "Wa mā adrāka mal-‘aqabah(tu).",
      "translation": "Tahukah kamu apakah jalan yang mendaki dan sukar itu?",
      "footnotes": null
    },
    {
      "ayah": 13,
      "quarter_hizb": 60.25,
      "juz": 30,
      "manzil": 7,
      "arabic": "فَكُّ رَقَبَةٍۙ",
      "latin": "Fakku raqabah(tin).",
      "translation": "(Itulah upaya) melepaskan perbudakan",
      "footnotes": null
    },
    {
      "ayah": 14,
      "quarter_hizb": 60.25,
      "juz": 30,
      "manzil": 7,
      "arabic": "اَوْ اِطْعَامٌ فِيْ يَوْمٍ ذِيْ مَسْغَبَةٍۙ",
      "latin": "Au iṭ‘āmun fī yaumin żī masgabah(tin).",
      "translation": "atau memberi makan pada hari terjadi kelaparan",
      "footnotes": null
    },
    {
      "ayah": 15,
      "quarter_hizb": 60.25,
      "juz": 30,
      "manzil": 7,
      "arabic": "يَّتِيْمًا ذَا مَقْرَبَةٍۙ",
      "latin": "Yatīman żā maqrabah(tin).",
      "translation": "(kepada) anak yatim yang memiliki hubungan kekerabatan",
      "footnotes": null
    },
    {
      "ayah": 16,
      "quarter_hizb": 60.25,
      "juz": 30,
      "manzil": 7,
      "arabic": "اَوْ مِسْكِيْنًا ذَا مَتْرَبَةٍۗ",
      "latin": "Au miskīnan żā matrabah(tin).",
      "translation": "atau orang miskin yang sangat membutuhkan.",
      "footnotes": null
    },
    {
      "ayah": 17,
      "quarter_hizb": 60.25,
      "juz": 30,
      "manzil": 7,
      "arabic": "ثُمَّ كَانَ مِنَ الَّذِيْنَ اٰمَنُوْا وَتَوَاصَوْا بِالصَّبْرِ وَتَوَاصَوْا بِالْمَرْحَمَةِۗ",
      "latin": "Ṡumma kāna minal-lażīna āmanū wa tawāṣau biṣ-ṣabri wa tawāṣau bil-marḥamah(ti). ",
      "translation": "Kemudian, dia juga termasuk orang-orang yang beriman dan saling berpesan untuk bersabar serta saling berpesan untuk berkasih sayang.",
      "footnotes": null
    },
    {
      "ayah": 18,
      "quarter_hizb": 60.25,
      "juz": 30,
      "manzil": 7,
      "arabic": "اُولٰۤىِٕكَ اَصْحٰبُ الْمَيْمَنَةِۗ",
      "latin": "Ulā'ika aṣḥābul-maimanah(ti).",
      "translation": "Mereka itulah golongan kanan. ",
      "footnotes": null
    },
    {
      "ayah": 19,
      "quarter_hizb": 60.25,
      "juz": 30,
      "manzil": 7,
      "arabic": "وَالَّذِيْنَ كَفَرُوْا بِاٰيٰتِنَا هُمْ اَصْحٰبُ الْمَشْـَٔمَةِۗ",
      "latin": "Wal-lażīna kafarū bi'āyātinā hum aṣḥābul-masy'amah(ti).",
      "translation": "Adapun orang-orang yang kufur pada ayat-ayat Kami, merekalah golongan kiri.",
      "footnotes": null
    },
    {
      "ayah": 20,
      "quarter_hizb": 60.25,
      "juz": 30,
      "manzil": 7,
      "arabic": "عَلَيْهِمْ نَارٌ مُّؤْصَدَةٌ ࣖ",
      "latin": "‘Alaihim nārum mu'ṣadah(tun).",
      "translation": "Mereka berada dalam neraka yang ditutup rapat.",
      "footnotes": null
    }
  ]
}