{
  "arabic": "الشّمس",
  "latin": "Asy-Syams",
  "transliteration": "Asy-Syams",
  "translation": "Matahari",
  "num_ayah": 15,
  "location": "Makkiyah",
  "ayah": [
    {
      "ayah": 1,
      "quarter_hizb": 60.25,
      "juz": 30,
      "manzil": 7,
      "arabic": "وَالشَّمْسِ وَضُحٰىهَاۖ",
      "latin": "Wasy-syamsi wa ḍuḥāhā.",
      "translation": "Demi matahari dan sinarnya pada waktu duha (ketika matahari naik sepenggalah),",
      "footnotes": null
    },
    {
      "ayah": 2,
      "quarter_hizb": 60.25,
      "juz": 30,
      "manzil": 7,
      "arabic": "وَالْقَمَرِ اِذَا تَلٰىهَاۖ",
      "latin": "Wal-qamari iżā talāhā.",
      "translation": "demi bulan saat mengiringinya,",
      "footnotes": null
    },
    {
      "ayah": 3,
      "quarter_hizb": 60.25,
      "juz": 30,
      "manzil": 7,
      "arabic": "وَالنَّهَارِ اِذَا جَلّٰىهَاۖ",
      "latin": "Wan-nahāri iżā jallāhā.",
      "translation": "demi siang saat menampakkannya,",
      "footnotes": null
    },
    {
      "ayah": 4,
      "quarter_hizb": 60.25,
      "juz": 30,
      "manzil": 7,
      "arabic": "وَالَّيْلِ اِذَا يَغْشٰىهَاۖ",
      "latin": "Wal-laili iżā yagsyāhā.",
      "translation": "demi malam saat menutupinya (gelap gulita),",
      "footnotes": null
    },
    {
      "ayah": 5,
      "quarter_hizb": 60.25,
      "juz": 30,
      "manzil": 7,
      "arabic": "وَالسَّمَاۤءِ وَمَا بَنٰىهَاۖ",
      "latin": "Was-samā'i wa mā banāhā.",
      "translation": "demi langit serta pembuatannya,",
      "footnotes": null
    },
    {
      "ayah": 6,
      "quarter_hizb": 60.25,
      "juz": 30,
      "manzil": 7,
      "arabic": "وَالْاَرْضِ وَمَا طَحٰىهَاۖ",
      "latin": "Wal-arḍi wa mā ṭaḥāhā.",
      "translation": " demi bumi serta penghamparannya,",
      "footnotes": null
    },
    {
      "ayah": 7,
      "quarter_hizb": 60.25,
      "juz": 30,
      "manzil": 7,
      "arabic": "وَنَفْسٍ وَّمَا سَوّٰىهَاۖ",
      "latin": "Wa nafsiw wa mā sawwāhā.",
      "translation": "dan demi jiwa serta penyempurnaan (ciptaan)-nya,",
      "footnotes": null
    },
    {
      "ayah": 8,
      "quarter_hizb": 60.25,
      "juz": 30,
      "manzil": 7,
      "arabic": "فَاَلْهَمَهَا فُجُوْرَهَا وَتَقْوٰىهَاۖ",
      "latin": "Fa alhamahā fujūrahā wa taqwāhā.",
      "translation": "lalu Dia mengilhamkan kepadanya (jalan) kejahatan dan ketakwaannya,",
      "footnotes": null
    },
    {
      "ayah": 9,
      "quarter_hizb": 60.25,
      "juz": 30,
      "manzil": 7,
      "arabic": "قَدْ اَفْلَحَ مَنْ زَكّٰىهَاۖ",
      "latin": "Qad aflaḥa man zakkāhā.",
      "translation": "sungguh beruntung orang yang menyucikannya (jiwa itu)",
      "footnotes": null
    },
    {
      "ayah": 10,
      "quarter_hizb": 60.25,
      "juz": 30,
      "manzil": 7,
      "arabic": "وَقَدْ خَابَ مَنْ دَسّٰىهَاۗ",
      "latin": "Wa qad khāba man dassāhā.",
      "translation": "dan sungguh rugi orang yang mengotorinya.",
      "footnotes": null
    },
    {
      "ayah": 11,
      "quarter_hizb": 60.25,
      "juz": 30,
      "manzil": 7,
      "arabic": "كَذَّبَتْ ثَمُوْدُ بِطَغْوٰىهَآ  ۖ",
      "latin": "Każżabat ṡamūdu biṭagwāhā.",
      "translation": "(Kaum) Samud telah mendustakan (rasulnya) karena mereka melampaui batas ",
      "footnotes": null
    },
    {
      "ayah": 12,
      "quarter_hizb": 60.25,
      "juz": 30,
      "manzil": 7,
      "arabic": "اِذِ انْۢبَعَثَ اَشْقٰىهَاۖ",
      "latin": "Iżimba‘aṡa asyqāhā.",
      "translation": "ketika orang yang paling celaka di antara mereka bangkit (untuk menyembelih unta betina Allah).",
      "footnotes": null
    },
    {
      "ayah": 13,
      "quarter_hizb": 60.25,
      "juz": 30,
      "manzil": 7,
      "arabic": "فَقَالَ لَهُمْ رَسُوْلُ اللّٰهِ نَاقَةَ اللّٰهِ وَسُقْيٰهَاۗ",
      "latin": "Fa qāla lahum rasūlullāhi nāqatallāhi wa suqyāhā.",
      "translation": "Rasul Allah (Saleh) lalu berkata kepada mereka, “(Biarkanlah) unta betina Allah ini beserta minumannya.”",
      "footnotes": null
    },
    {
      "ayah": 14,
      "quarter_hizb": 60.25,
      "juz": 30,
      "manzil": 7,
      "arabic": "فَكَذَّبُوْهُ فَعَقَرُوْهَاۖ فَدَمْدَمَ عَلَيْهِمْ رَبُّهُمْ بِذَنْۢبِهِمْ فَسَوّٰىهَاۖ",
      "latin": "Fa każżabūhu fa ‘aqarūhā fa damdama ‘alaihim rabbuhum biżambihim fa sawwāhā.",
      "translation": "Namun, mereka kemudian mendustakannya (Saleh) dan menyembelih (unta betina) itu. Maka, Tuhan membinasakan mereka karena dosa-dosanya, lalu meratakan mereka (dengan tanah).",
      "footnotes": null
    },
    {
      "ayah": 15,
      "quarter_hizb": 60.25,
      "juz": 30,
      "manzil": 7,
      "arabic": "وَلَا يَخَافُ عُقْبٰهَا ࣖ",
      "latin": "Wa lā yakhāfu ‘uqbāhā.",
      "translation": "Dia tidak takut terhadap akibatnya.",
      "footnotes": null
    }
  ]
}