{
  "arabic": "الشّرح",
  "latin": "Asy-Syarḥ",
  "transliteration": "Asy-Syarh",
  "translation": "Pelapangan",
  "num_ayah": 8,
  "location": "Makkiyah",
  "ayah": [
    {
      "ayah": 1,
      "quarter_hizb": 60.5,
      "juz": 30,
      "manzil": 7,
      "arabic": "اَلَمْ نَشْرَحْ لَكَ صَدْرَكَۙ",
      "latin": "Alam nasyraḥ laka ṣadrak(a).",
      "translation": "Bukankah Kami telah melapangkan dadamu (Nabi Muhammad),",
      "footnotes": null
    },
    {
      "ayah": 2,
      "quarter_hizb": 60.5,
      "juz": 30,
      "manzil": 7,
      "arabic": "وَوَضَعْنَا عَنْكَ وِزْرَكَۙ",
      "latin": "Wa waḍa‘nā ‘anka wizrak(a).",
      "translation": "meringankan beban (tugas-tugas kenabian) darimu",
      "footnotes": null
    },
    {
      "ayah": 3,
      "quarter_hizb": 60.5,
      "juz": 30,
      "manzil": 7,
      "arabic": "الَّذِيْٓ اَنْقَضَ ظَهْرَكَۙ",
      "latin": "Allażī anqaḍa ẓahrak(a).",
      "translation": "yang memberatkan punggungmu,",
      "footnotes": null
    },
    {
      "ayah": 4,
      "quarter_hizb": 60.5,
      "juz": 30,
      "manzil": 7,
      "arabic": "وَرَفَعْنَا لَكَ ذِكْرَكَۗ",
      "latin": "Wa rafa‘nā laka żikrak(a).",
      "translation": "dan meninggikan (derajat)-mu (dengan selalu) menyebut-nyebut (nama)-mu?",
      "footnotes": null
    },
    {
      "ayah": 5,
      "quarter_hizb": 60.5,
      "juz": 30,
      "manzil": 7,
      "arabic": "فَاِنَّ مَعَ الْعُسْرِ يُسْرًاۙ",
      "latin": "Fa'inna ma‘al-‘usri yusrā(n).",
      "translation": "Maka, sesungguhnya beserta kesulitan ada kemudahan.",
      "footnotes": null
    },
    {
      "ayah": 6,
      "quarter_hizb": 60.5,
      "juz": 30,
      "manzil": 7,
      "arabic": "اِنَّ مَعَ الْعُسْرِ يُسْرًاۗ",
      "latin": "Inna ma‘al-‘usri yusrā(n).",
      "translation": "Sesungguhnya beserta kesulitan ada kemudahan.",
      "footnotes": null
    },
    {
      "ayah": 7,
      "quarter_hizb": 60.5,
      "juz": 30,
      "manzil": 7,
      "arabic": "فَاِذَا فَرَغْتَ فَانْصَبْۙ",
      "latin": "Fa iżā faragta fanṣab.",
      "translation": "Apabila engkau telah selesai (dengan suatu kebajikan), teruslah bekerja keras (untuk kebajikan yang lain)",
      "footnotes": null
    },
    {
      "ayah": 8,
      "quarter_hizb": 60.5,
      "juz": 30,
      "manzil": 7,
      "arabic": "وَاِلٰى رَبِّكَ فَارْغَبْ ࣖ",
      "latin": "Wa ilā rabbika fargab.",
      "translation": "dan hanya kepada Tuhanmu berharaplah!",
      "footnotes": null
    }
  ]
}