{
  "arabic": "التّين",
  "latin": "At-Tīn",
  "transliteration": "At-Tin",
  "translation": "Buah Tin",
  "num_ayah": 8,
  "location": "Makkiyah",
  "ayah": [
    {
      "ayah": 1,
      "quarter_hizb": 60.5,
      "juz": 30,
      "manzil": 7,
      "arabic": "وَالتِّيْنِ وَالزَّيْتُوْنِۙ",
      "latin": "Wat-tīni waz-zaitūn(i).",
      "translation": "Demi (buah) tin dan (buah) zaitun,",
      "footnotes": null
    },
    {
      "ayah": 2,
      "quarter_hizb": 60.5,
      "juz": 30,
      "manzil": 7,
      "arabic": "وَطُوْرِ سِيْنِيْنَۙ",
      "latin": "Wa ṭūri sīnīn(a).",
      "translation": "demi gunung Sinai,",
      "footnotes": null
    },
    {
      "ayah": 3,
      "quarter_hizb": 60.5,
      "juz": 30,
      "manzil": 7,
      "arabic": "وَهٰذَا الْبَلَدِ الْاَمِيْنِۙ",
      "latin": "Wa hāżal-baladil-amīn(i).",
      "translation": "dan demi negeri (Makkah) yang aman ini,",
      "footnotes": null
    },
    {
      "ayah": 4,
      "quarter_hizb": 60.5,
      "juz": 30,
      "manzil": 7,
      "arabic": "لَقَدْ خَلَقْنَا الْاِنْسَانَ فِيْٓ اَحْسَنِ تَقْوِيْمٍۖ",
      "latin": "Laqad khalaqnal-insāna fī aḥsani taqwīm(in).",
      "translation": "sungguh, Kami benar-benar telah menciptakan manusia dalam bentuk yang sebaik-baiknya.",
      "footnotes": null
    },
    {
      "ayah": 5,
      "quarter_hizb": 60.5,
      "juz": 30,
      "manzil": 7,
      "arabic": "ثُمَّ رَدَدْنٰهُ اَسْفَلَ سٰفِلِيْنَۙ",
      "latin": "Ṡumma radadnāhu asfala sāfilīn(a).",
      "translation": "Kemudian, kami kembalikan dia ke tempat yang serendah-rendahnya,",
      "footnotes": null
    },
    {
      "ayah": 6,
      "quarter_hizb": 60.5,
      "juz": 30,
      "manzil": 7,
      "arabic": "اِلَّا الَّذِيْنَ اٰمَنُوْا وَعَمِلُوا الصّٰلِحٰتِ فَلَهُمْ اَجْرٌ غَيْرُ مَمْنُوْنٍۗ",
      "latin": "Illal-lażīna āmanū wa ‘amiluṣ-ṣāliḥāti falahum ajrun gairu mamnūn(in).",
      "translation": "kecuali orang-orang yang beriman dan mengerjakan kebajikan. Maka, mereka akan mendapat pahala yang tidak putus-putusnya.",
      "footnotes": null
    },
    {
      "ayah": 7,
      "quarter_hizb": 60.5,
      "juz": 30,
      "manzil": 7,
      "arabic": "فَمَا يُكَذِّبُكَ بَعْدُ بِالدِّيْنِۗ",
      "latin": "Famā yukażżibuka ba‘du bid-dīn(i).",
      "translation": "Maka, apa alasanmu (wahai orang kafir) mendustakan hari Pembalasan setelah (adanya bukti-bukti) itu?",
      "footnotes": null
    },
    {
      "ayah": 8,
      "quarter_hizb": 60.5,
      "juz": 30,
      "manzil": 7,
      "arabic": "اَلَيْسَ اللّٰهُ بِاَحْكَمِ الْحٰكِمِيْنَ ࣖ",
      "latin": "Alaisallāhu bi'aḥkamil-ḥākimīn(a).",
      "translation": "Bukankah Allah hakim yang paling adil?",
      "footnotes": null
    }
  ]
}