{
  "arabic": " البيّنة",
  "latin": "Al-Bayyinah",
  "transliteration": "Al-Bayyinah",
  "translation": "Bukti Nyata",
  "num_ayah": 8,
  "location": "Madaniyah",
  "ayah": [
    {
      "ayah": 1,
      "quarter_hizb": 60.5,
      "juz": 30,
      "manzil": 7,
      "arabic": "لَمْ يَكُنِ الَّذِيْنَ كَفَرُوْا مِنْ اَهْلِ الْكِتٰبِ وَالْمُشْرِكِيْنَ مُنْفَكِّيْنَ حَتّٰى تَأْتِيَهُمُ الْبَيِّنَةُۙ",
      "latin": "Lam yakunil-lażīna kafarū min ahlil-kitābi wal-musyrikīna munfakkīna ḥattā ta'tiyahumul-bayyinah(tu).",
      "translation": "Orang-orang yang kufur dari golongan Ahlulkitab dan orang-orang musyrik tidak akan meninggalkan (kekufuran mereka) sampai datang kepada mereka bukti yang nyata,",
      "footnotes": null
    },
    {
      "ayah": 2,
      "quarter_hizb": 60.5,
      "juz": 30,
      "manzil": 7,
      "arabic": "رَسُوْلٌ مِّنَ اللّٰهِ يَتْلُوْا صُحُفًا مُّطَهَّرَةًۙ",
      "latin": "Rasūlum minallāhi yatlū ṣuḥufam muṭahharah(tan).",
      "translation": "(yaitu) seorang Rasul dari Allah (Nabi Muhammad) yang membacakan lembaran-lembaran suci (Al-Qur’an)",
      "footnotes": null
    },
    {
      "ayah": 3,
      "quarter_hizb": 60.5,
      "juz": 30,
      "manzil": 7,
      "arabic": "فِيْهَا كُتُبٌ قَيِّمَةٌ  ۗ",
      "latin": "Fīhā kutubun qayyimah(tun).",
      "translation": "yang di dalamnya terdapat (isi) kitab-kitab yang lurus (benar).",
      "footnotes": null
    },
    {
      "ayah": 4,
      "quarter_hizb": 60.5,
      "juz": 30,
      "manzil": 7,
      "arabic": "وَمَا تَفَرَّقَ الَّذِيْنَ اُوْتُوا الْكِتٰبَ اِلَّا مِنْۢ بَعْدِ مَا جَاۤءَتْهُمُ الْبَيِّنَةُ ۗ",
      "latin": "Wa mā tafarraqal-lażīna ūtul-kitāba illā mim ba‘di mā jā'athumul-bayyinah(tu).",
      "translation": "Tidaklah terpecah-belah orang-orang Ahlulkitab, melainkan setelah datang kepada mereka bukti yang nyata. ",
      "footnotes": null
    },
    {
      "ayah": 5,
      "quarter_hizb": 60.5,
      "juz": 30,
      "manzil": 7,
      "arabic": "وَمَآ اُمِرُوْٓا اِلَّا لِيَعْبُدُوا اللّٰهَ مُخْلِصِيْنَ لَهُ الدِّيْنَ ەۙ حُنَفَاۤءَ وَيُقِيْمُوا الصَّلٰوةَ وَيُؤْتُوا الزَّكٰوةَ وَذٰلِكَ دِيْنُ الْقَيِّمَةِۗ",
      "latin": "Wa mā umirū illā liya‘budullāha mukhliṣīna lahud-dīn(a), ḥunafā'a wa yuqīmuṣ-ṣalāta wa yu'tuz-zakāta  wa żālika dīnul-qayyimah(ti).",
      "translation": "Mereka tidak diperintah, kecuali untuk menyembah Allah dengan mengikhlaskan ketaatan kepada-Nya lagi hanif (istikamah), melaksanakan salat, dan menunaikan zakat. Itulah agama yang lurus (benar).",
      "footnotes": null
    },
    {
      "ayah": 6,
      "quarter_hizb": 60.5,
      "juz": 30,
      "manzil": 7,
      "arabic": "اِنَّ الَّذِيْنَ كَفَرُوْا مِنْ اَهْلِ الْكِتٰبِ وَالْمُشْرِكِيْنَ فِيْ نَارِ جَهَنَّمَ خٰلِدِيْنَ فِيْهَاۗ اُولٰۤىِٕكَ هُمْ شَرُّ الْبَرِيَّةِۗ",
      "latin": "Innal-lażīna kafarū min ahlil-kitābi wal-musyrikīna fī nāri jahannama khālidīna fīhā, ulā'ika hum syarrul-bariyyah(ti).",
      "translation": "Sesungguhnya orang-orang yang kufur dari golongan Ahlulkitab dan orang-orang musyrik (akan masuk) neraka Jahanam. Mereka kekal di dalamnya. Mereka itulah seburuk-buruk makhluk.",
      "footnotes": null
    },
    {
      "ayah": 7,
      "quarter_hizb": 60.5,
      "juz": 30,
      "manzil": 7,
      "arabic": "اِنَّ الَّذِيْنَ اٰمَنُوْا وَعَمِلُوا الصّٰلِحٰتِ اُولٰۤىِٕكَ هُمْ خَيْرُ الْبَرِيَّةِۗ",
      "latin": "Innal-lażīna āmanū wa ‘amiluṣ-ṣāliḥāti ulā'ika hum khairul-bariyyah(ti).",
      "translation": "Sesungguhnya orang-orang yang beriman dan mengerjakan kebajikan, mereka itulah sebaik-baik makhluk.",
      "footnotes": null
    },
    {
      "ayah": 8,
      "quarter_hizb": 60.5,
      "juz": 30,
      "manzil": 7,
      "arabic": "جَزَاۤؤُهُمْ عِنْدَ رَبِّهِمْ جَنّٰتُ عَدْنٍ تَجْرِيْ مِنْ تَحْتِهَا الْاَنْهٰرُ خٰلِدِيْنَ فِيْهَآ اَبَدًا ۗرَضِيَ اللّٰهُ عَنْهُمْ وَرَضُوْا عَنْهُ ۗ ذٰلِكَ لِمَنْ خَشِيَ رَبَّهٗ ࣖ",
      "latin": "Jazā'uhum ‘inda rabbihim jannātu ‘adnin tajrī min taḥtihal-anhāru khālidīna fīhā abadā(n), raḍiyallāhu ‘anhum wa raḍū ‘anh(u), żālika liman khasyiya rabbah(ū).",
      "translation": "Balasan mereka di sisi Tuhannya adalah surga ‘Adn yang mengalir di bawahnya sungai-sungai. Mereka kekal di dalamnya selama-lamanya. Allah rida terhadap mereka dan mereka pun rida kepada-Nya. Itu adalah (balasan) bagi orang yang takut kepada Tuhannya.",
      "footnotes": null
    }
  ]
}