{
  "arabic": "الزّلزلة",
  "latin": "Az-Zalzalah",
  "transliteration": "Az-Zalzalah",
  "translation": "Guncangan",
  "num_ayah": 8,
  "location": "Madaniyah",
  "ayah": [
    {
      "ayah": 1,
      "quarter_hizb": 60.5,
      "juz": 30,
      "manzil": 7,
      "arabic": "اِذَا زُلْزِلَتِ الْاَرْضُ زِلْزَالَهَاۙ",
      "latin": "Iżā zulzilatil-arḍu zilzālahā.",
      "translation": "Apabila bumi diguncangkan dengan guncangan yang dahsyat,",
      "footnotes": null
    },
    {
      "ayah": 2,
      "quarter_hizb": 60.5,
      "juz": 30,
      "manzil": 7,
      "arabic": "وَاَخْرَجَتِ الْاَرْضُ اَثْقَالَهَاۙ",
      "latin": "Wa akhrajatil-arḍu aṡqālahā.",
      "translation": "bumi mengeluarkan isi perutnya,",
      "footnotes": null
    },
    {
      "ayah": 3,
      "quarter_hizb": 60.5,
      "juz": 30,
      "manzil": 7,
      "arabic": "وَقَالَ الْاِنْسَانُ مَا لَهَاۚ",
      "latin": "Wa qālal-insānu mā lahā.",
      "translation": "dan manusia bertanya, “Apa yang terjadi dengannya (bumi)?”",
      "footnotes": null
    },
    {
      "ayah": 4,
      "quarter_hizb": 60.5,
      "juz": 30,
      "manzil": 7,
      "arabic": "يَوْمَىِٕذٍ تُحَدِّثُ اَخْبَارَهَاۙ",
      "latin": "Yauma'iżin tuḥaddiṡu akhbārahā.",
      "translation": "Pada hari itu (bumi) menyampaikan berita (tentang apa yang diperbuat manusia di atasnya)",
      "footnotes": null
    },
    {
      "ayah": 5,
      "quarter_hizb": 60.5,
      "juz": 30,
      "manzil": 7,
      "arabic": "بِاَنَّ رَبَّكَ اَوْحٰى لَهَاۗ",
      "latin": "Bi'anna rabbaka auḥā lahā.",
      "translation": "karena sesungguhnya Tuhanmu telah memerintahkan (yang demikian itu) kepadanya.",
      "footnotes": null
    },
    {
      "ayah": 6,
      "quarter_hizb": 60.5,
      "juz": 30,
      "manzil": 7,
      "arabic": "يَوْمَىِٕذٍ يَّصْدُرُ النَّاسُ اَشْتَاتًا ەۙ لِّيُرَوْا اَعْمَالَهُمْۗ",
      "latin": "Yauma'iżiy yaṣdurun-nāsu asytātā(n), liyurau a‘mālahum.",
      "translation": "Pada hari itu manusia keluar (dari kuburnya) dalam keadaan terpencar untuk diperlihatkan kepada mereka (balasan) semua perbuatan mereka.",
      "footnotes": null
    },
    {
      "ayah": 7,
      "quarter_hizb": 60.5,
      "juz": 30,
      "manzil": 7,
      "arabic": "فَمَنْ يَّعْمَلْ مِثْقَالَ ذَرَّةٍ خَيْرًا يَّرَهٗۚ",
      "latin": "Famay ya‘mal miṡqāla żarratin khairay yarah(ū).",
      "translation": "Siapa yang mengerjakan kebaikan seberat zarah, dia akan melihat (balasan)-nya.",
      "footnotes": null
    },
    {
      "ayah": 8,
      "quarter_hizb": 60.5,
      "juz": 30,
      "manzil": 7,
      "arabic": "وَمَنْ يَّعْمَلْ مِثْقَالَ ذَرَّةٍ شَرًّا يَّرَهٗ ࣖ",
      "latin": "Wa may ya‘mal miṡqāla żarratin syarray yarah(ū).",
      "translation": "Siapa yang mengerjakan kejahatan seberat zarah, dia akan melihat (balasan)-nya.",
      "footnotes": null
    }
  ]
}